key,bk_name,matched_mohw,type,norm_group
6b62c138-0d3d-43d3-ba4f-c09a5e4a2957,100年宮廟_福清宮,福興宮,巷弄長照站,福興宮
5828b374-ec43-4086-b24f-31223e039e69,100年宮廟_福清宮,福興宮,巷弄長照站,福興宮
b6e4dbfd-ce61-458d-a539-acea7e168d52,福興宮_福興宮,福興宮,巷弄長照站,福興宮
d347b8ea-83b1-4d89-919f-08ce9ec99c47,福興宮-台中市_福興宮-台中市,福興宮,巷弄長照站,福興宮
ca74d362-d28b-4431-8912-d9310bd45e9e,福興宮-雲林縣_福興宮-雲林縣,福興宮,巷弄長照站,福興宮
471d2470-5dbf-4883-b5fd-e6cd511b9f92,洗腎中心_連江縣立醫院,連江縣大同之家,交通接送服務(DA01),連江縣立醫院
5a424e26-eb35-4987-ae20-8db4dfc4daa9,連江縣立醫院_連江縣立醫院,連江縣大同之家,交通接送服務(DA01),連江縣立醫院
dc45448b-deeb-4ee8-bd13-29722d76f8b8,洗腎中心_衛生福利部玉里醫院洗腎室,衛生福利部澎湖老人之家,日間照顧服務(BB),玉里醫院洗腎室
71b0534e-ddc2-49a9-ad1e-139d5abcfc79,交通接送單位_元三租車股份有限公司,中華民國紅十字會台灣省分會(社照C),個案管理服務,中華民國紅十字會台灣省南投縣支會
5fb5e044-1193-4ad5-af95-6e7812944e35,交通接送單位_元三租車股份有限公司,中華民國紅十字會台灣省分會(社照C),個案管理服務,中華民國紅十字會台灣省南投縣支會
442cf076-c5be-4176-bd43-c61d36c50c89,洗腎中心_衛生福利部桃園醫院,衛生福利部東區老人之家,交通接送服務,桃園醫院
e755ad85-6e0f-40e1-adf9-1aa89bf45fbd,100年宮廟_清水巖寺,測試,居家服務,測試
07aa47b1-4fb2-4dae-881e-2aca6ff892b9,台北市_測試,測試,居家服務,測試
c159eb76-8979-41f4-b020-752ad6162ebc,台南市_測試,測試,居家服務,測試
81df9373-1ded-4f04-963b-75449f21fc9f,1000大企業_三芳化學工業股份有限公司,世界潘氏宗親總會,巷弄長照站,世界先進積體電路股份有限公司
9fbeef38-1573-4a9e-8128-7a15c3394c81,宮廟_青龍宮,屏東縣內埔鄉青龍宮,巷弄長照站,青龍宮
ba2c1640-aff5-477c-8af5-c4dc8e14b13e,醫療單位_聖馬爾定醫院,達伊醫療器材行,巷弄長照站,達仁鄉衛生所
f4b38574-2518-480f-b4c6-c7c2857f24c3,100年宮廟_甘泉寺,璽安康輔具醫材館,輔具及居家無障礙環境改善服務,甘泉寺
d69e7c0f-e27e-4270-addb-12a02c5c663d,100年宮廟_鎮南宮,鎮北宮,巷弄長照站,鎮南宮
e50761d6-0ccf-4556-a395-831b8434c069,中彰投 宮廟_彰化市南瑤路 鎮南宮,鎮北宮,巷弄長照站,鎮南宮
9b92b48d-4eb4-4c35-917f-ce77eab439bb,彰化基督教醫院鹿基分院_彰化基督教醫院鹿基分院,鎮北宮,巷弄長照站,鎮南宮
85b6cc8a-20a5-43e3-9ad9-5cca302d33c2,團體_北台灣無障礙運輸產業工會,北台灣無障礙運輸產業工會,社區式交通接送服務(BD03),北台灣無障礙運輸產業工會
0e1248ef-7645-499d-89e8-b064de5d1c5c,長照2.0服務資源_衛生福利部南區老人之家,衛生福利部南區老人之家,日間照顧服務(BB),衛生福利部南區老人之家
e8791f81-6103-4b38-9349-6e998b177e65,100年宮廟_風神廟,顧德醫療器材行,輔具及居家無障礙環境改善服務,風神廟
d5b6d295-038d-4328-a921-7a939604a186,永耕老人養護中心_永耕老人養護中心,永茂醫療用品社,輔具及居家無障礙環境改善服務,永茂醫療用品社
8add678e-9168-4b11-8950-36ed67b37c81,永耕老人養護中心_永耕老人養護中心,永茂醫療用品社,輔具及居家無障礙環境改善服務,永茂醫療用品社
f088dcd4-1ec4-4e68-be5b-c83394a4f596,佑安老人長期照顧中心_佑安老人長期照顧中心,安順醫療器材行,輔具及居家無障礙環境改善服務,佑安老人長期照顧中心
a6668291-7b3b-4e2e-b08e-4a38cfc0d25c,1000大企業_住華科技股份有限公司,你好醫療器材行,輔具及居家無障礙環境改善服務,佰鴻工業股份有限公司
ee1da2b8-c063-45e1-b89e-9d18a065e0ba,1000大企業_大統益股份有限公司,大立康常春醫療用品,輔具及居家無障礙環境改善服務,大統益股份有限公司
46c0ef5c-e57d-49ea-b4cd-0b6018fd0fee,1000大企業_永冠能源科技集團股份有限公司,永全醫療儀器行,輔具及居家無障礙環境改善服務,永冠能源科技集團股份有限公司
c1177b01-fb26-4bc2-b4a5-be5e08b1fc61,1000大企業_維翰實業股份有限公司,維盛醫療器材行,輔具及居家無障礙環境改善服務,維翰實業股份有限公司
f7aee298-8ec8-4ddb-aa5e-1b8b4fd1c074,100年宮廟_孔子廟-彰化市,子芫醫療器材行,輔具及居家無障礙環境改善服務,孔子廟
d116ad72-5202-45a9-a4af-135291b555c6,100年宮廟_媽宮城隍廟,子芫醫療器材行,輔具及居家無障礙環境改善服務,孔子廟
618da2cc-093e-40b0-aa60-cbcd03016be2,孔子廟-彰化市_孔子廟-彰化市,子芫醫療器材行,輔具及居家無障礙環境改善服務,孔子廟
5954bfa3-830e-4a1b-8087-9bb474a442c4,車體廠_大吉汽車企業有限公司,大友醫療器材行,輔具及居家無障礙環境改善服務,大吉汽車企業有限公司
76273a32-2ee5-4ae8-93f3-10fbd8565b2e,車體廠_大吉汽車企業有限公司,大友醫療器材行,輔具及居家無障礙環境改善服務,大吉汽車企業有限公司
93c3d813-4056-43f3-af8e-a29254e4dfdf,1000大企業_技嘉科技股份有限公司,承發儀器行,輔具及居家無障礙環境改善服務,技嘉科技股份有限公司
9c38a944-5a1b-40a0-a658-1a8f35b40190,00維修離島_社團法人澎湖照顧服務協會,三泰汽車行,交通接送服務(DA01),三福氣體股份有限公司
e987e81b-f270-4d3b-a95e-e657d62173c8,洗腎中心_德埔診所,德和醫療器材行,輔具及居家無障礙環境改善服務,德埔診所
83d88c58-d8c9-4d6b-a384-963df18dccb8,台中安養機構_德康長照中心,德康醫療儀器行,輔具及居家無障礙環境改善服務,德康長照中心
929235c6-0721-489c-be45-54494c312c56,大有巴士新莊站_大有巴士,大東醫療器材行,輔具及居家無障礙環境改善服務,大東醫療器材行
16a1e6d3-782f-45fb-9db2-d5a2974721f1,復健機構_得揚工作坊,得安醫療器材行,輔具及居家無障礙環境改善服務,得揚工作坊
a3acd840-f5d6-45b0-9ab2-ed43767c11be,永耕基金會附設 老人養護中心_永耕基金會附設 老人養護中心,永茂醫療器材行,輔具及居家無障礙環境改善服務,永茂醫療器材行
bee5be4a-f740-4f9e-aeb8-43ce772e40d1,00維修北（新竹以北）_大園五權社區長照,大新醫療器材行,輔具及居家無障礙環境改善服務,大易樂活事業有限公司
4b5dc5ba-54f2-4b8a-9de3-28628f7662ed,100年宮廟_潮和宮,濟世醫療器材行,輔具及居家無障礙環境改善服務,濟公堂
43e0280a-3c8a-4071-b049-22ba42bac97c,100年宮廟_大溪仁和宮,大福屋健康一館,輔具及居家無障礙環境改善服務,大稻埕慈聖宮
61418777-7979-40dd-a62a-24cc6d6bed09,康義勝_康義勝,康興醫療器材行,輔具及居家無障礙環境改善服務,康興醫療器材行
dacdc27f-9e28-47ce-80c3-d09c733f9fef,長照2.0服務資源_天心物理治療所,天心醫療器材行,巷弄長照站,天慈護理之家
e2cc2a66-313f-481d-9873-4eff811c0e6b,1000大企業_嘉新水泥股份有限公司,嘉惠醫療器材行,輔具及居家無障礙環境改善服務,嘉新水泥股份有限公司
cb55134c-4346-41ba-a34f-c89bbc0b2a56,1000大企業_崧騰企業股份有限公司,崙得儀器(股)公司,輔具及居家無障礙環境改善服務,崧騰企業股份有限公司
d81f0b30-3a63-40b5-8e25-52ba9858ae0a,日照中心_長青園,長青不銹鋼工業社,輔具及居家無障礙環境改善服務,長青園
75b21442-72f9-4c22-b6af-ec71b2eb7a8c,東鋼鋼結構股份有限公司_東鋼鋼結構股份有限公司,東陽醫療器材用品行,輔具及居家無障礙環境改善服務,東陽醫療器材用品行
022ed5e3-1084-4c46-a6ed-44abbc750a77,上立汽車_上立汽車,上立醫療器材,輔具及居家無障礙環境改善服務,上立汽車
a2845320-2441-4f7b-9c79-b61463f72493,上立汽車_上立汽車-崇德(展示中心),上立醫療器材,輔具及居家無障礙環境改善服務,上立汽車
32d410db-b3d2-45c2-a221-d3f846ee7a6b,上立汽車_上立汽車-崇德(展示中心),上立醫療器材,輔具及居家無障礙環境改善服務,上立汽車
71c72c18-6564-4c2d-b5de-efd35cba4814,上立汽車_上立汽車-文心(展示中心),上立醫療器材,輔具及居家無障礙環境改善服務,上立汽車
8ce6e2a2-00fb-458d-bb21-189073fbbd86,上立汽車_上立汽車-文心(展示中心),上立醫療器材,輔具及居家無障礙環境改善服務,上立汽車
e16b57cf-998d-43d3-8580-b4286144cb43,上立汽車_上立汽車-豐原(展示中心),上立醫療器材,輔具及居家無障礙環境改善服務,上立汽車
470111f3-7c17-48d3-b44b-a6f671d99708,上立汽車_上立汽車-豐原(展示中心),上立醫療器材,輔具及居家無障礙環境改善服務,上立汽車
a488e41a-8000-4e31-b374-f52f91857d72,租賃_和運租賃,和逸醫療器材行,輔具及居家無障礙環境改善服務,和運租賃
f59ae055-3c8f-402f-b164-e6b5d2297052,100年宮廟_三元宮,三井電動代步車行,輔具及居家無障礙環境改善服務,三元宮
4121cd93-a7cb-42d4-85ad-72bd2bc41fea,廖秀茹_廖秀茹,三井電動代步車行,輔具及居家無障礙環境改善服務,三元宮
20f2adc6-1d2c-4473-99f9-54c4d70c7123,1000大企業_友嘉實業股份有限公司,友善的手醫療器材,輔具及居家無障礙環境改善服務,友嘉實業股份有限公司
8f2b5ddb-593f-460f-92c3-77a03d6eddee,00維修離島_社團法人澎湖縣社會扶助關懷協會,三盛醫療器材行,輔具及居家無障礙環境改善服務,三義鋼鐵股份有限公司
787136ac-0472-4909-982a-c0073a5d8f6c,1000大企業_高鋒工業股份有限公司,高銓醫療器材行通霄分店,輔具及居家無障礙環境改善服務,高鋒工業股份有限公司
7488162f-87ed-492d-af9a-8067fc31e952,1000大企業_東豐纖維企業股份有限公司,東芳醫療器材行,輔具及居家無障礙環境改善服務,東豐纖維企業股份有限公司
17164ce3-e213-4699-90a4-c508349c434f,1000大企業_立德電子股份有限公司,立康醫療器材行,輔具及居家無障礙環境改善服務,立德電子股份有限公司
8f6f9f42-3ba0-472b-a126-586f9e26821b,洗腎中心_嘉義基督教醫院,嘉瑞醫療器材行,輔具及居家無障礙環境改善服務,嘉義基督教醫院
76231df4-0218-44b0-a105-c6483425f2c8,復健機構_信德社區復健中心,元氣展業社,輔具及居家無障礙環境改善服務,元氣康復之家
fba43fa8-f8bb-4d1e-bad8-9a00ff120ebd,日照中心_東門日間照顧中心,東裕鋁門窗行,輔具及居家無障礙環境改善服務,東門日間照顧中心
487b94eb-9c66-4dd2-903a-1671c951790a,100年宮廟_霞海城隍廟,霖森土木包工業,輔具及居家無障礙環境改善服務,霞海城隍廟
8a938a22-d9c9-488e-b3a1-4ba5fe2c7a43,長照2.0服務資源_永伈居家護理所,永一醫療器材行,輔具及居家無障礙環境改善服務,永伈居家護理所
f636fdba-cabf-4938-93fa-104f2775bd9a,1000大企業_川湖科技股份有限公司,嶸源工程行,輔具及居家無障礙環境改善服務,川湖科技股份有限公司
94ca4c10-fb41-4dfe-853f-621ec1747ad9,1000大企業_達成聚化股份有限公司,達成醫療器材行,輔具及居家無障礙環境改善服務,達成聚化股份有限公司
b51000f3-97f4-4c5c-a117-7e23bca3e6fa,醫院_陽明醫院嘉義,馬偕工程行,輔具及居家無障礙環境改善服務,馬偕紀念醫院新竹分院
0c5304e6-8549-43a2-b87b-e266e60cb4d5,洗腎中心_敏盛綜合醫院,敏盛醫療器材行,輔具及居家無障礙環境改善服務,敏盛醫院龍潭分院
8fd3e663-804d-4eb8-bb69-6843da634a81,1000大企業_全漢企業股份有限公司,全民醫療器材行,輔具及居家無障礙環境改善服務,全漢企業股份有限公司
968fdce4-7bea-4c74-b92a-ba58df6a167b,安養機構_長園老人照顧中心,長和醫療器材行,輔具及居家無障礙環境改善服務,長園老人照顧中心
0feacb35-b341-405f-9898-52a57902f173,1000大企業_威盛電子股份有限公司,威盛玻璃工程行,輔具及居家無障礙環境改善服務,威盛電子股份有限公司
46e8bdce-0e3b-4b19-9fd9-cfc67d54bd24,中彰投 基金會_康家社會福利慈善基金會,康如意醫療器材行,輔具及居家無障礙環境改善服務,康家社會福利慈善基金會
4599bef9-26d9-4c2b-bd53-5425ea70186c,長照2.0服務資源_禮安國際生技有限公司附設私立樂活苓雅社區長照機構,禾豫醫療器材行,輔具及居家無障礙環境改善服務,禾馨護理之家
c51b71cb-b7ee-42a5-a831-03a6ed69d1c7,1000大企業_力成科技股份有限公司,力安無障礙宅修工程行,輔具及居家無障礙環境改善服務,力成科技股份有限公司
cca377ed-899d-4a8d-9d4f-9154ba461937,洗腎中心_上順診所,上飛醫療器材,輔具及居家無障礙環境改善服務,上順診所
4a5a979a-5008-4836-b31f-ef820b6f502c,基金會_財團法人台南市私立億群社會福利慈善事業基金會,財團法人台南市基督教青年會社會福利慈善事業基金會附設臺南市私立YMCA居家式服務類長期照顧服務機構,居家服務,億群社會福利慈善事業基金會
111f89f2-b9ab-43ce-a9e8-3c3820b2c106,長照2.0服務資源_安定老人日間照顧中心,高雄市私立安泰老人長期照顧中心(養護型),輔具及居家無障礙環境改善服務,安泰老人長期照顧中心
bd9c9fa1-e24d-488a-a897-ada81fdfd0f5,財團法人台灣省私立金石醫療慈善基金會_財團法人台灣省私立金石醫療慈善基金會,財團法人台灣省私立高雄仁愛之家,居家服務,台灣省私立高雄仁愛之家
80a3c2f0-c2fd-4a5b-a67a-252a9a2db2c4,00維修北（新竹以北）_吉盛交通,和興護理之家,喘息服務,和記大樓常小姐
b256824d-3428-4036-b4e8-c9cf0b34b545,護理之家_和欣護理之家,護祐護理之家,喘息服務,護祐護理之家
dc82030e-3c55-4ca2-8f86-98e663917bb3,長照2.0服務資源_橙田護理之家,橙田護理之家,個案管理服務,橙田護理之家
c6fd87eb-3d72-47a9-a445-a6c265a35110,租賃_惠心租車,惠川醫院附設護理之家,喘息服務,惠心租車
728c3e0c-0cad-40cf-ab95-33e0d84d6187,日照中心_福松園日間照顧中心,福東護理之家,喘息服務,福松園日間照顧中心
1d2adfc5-8cf9-444d-8d55-90c4e9e39570,佳里興震興宮_佳里興震興宮,佳馨居家護理所,個案管理服務,佳馨居家護理所
176bb03c-ea5b-494b-a616-f0e53d863331,天主教聖功醫療財團法人聖功醫院_天主教聖功醫療財團法人聖功醫院,天主教聖功醫療財團法人聖功醫院,個案管理服務,天主教聖功醫療財團法人聖功醫院
b88d68b2-1a23-43e9-ad86-d11dadab3c67,長照2.0服務資源_天主教耕莘醫院烏來復健中心,天主教聖功醫療財團法人聖功醫院,個案管理服務,天主教聖功醫療財團法人聖功醫院
300c146f-f618-49b1-a221-59c0e8dab968,長照2.0服務資源_高雄市燭光協會,社團法人高雄市燭光協會,巷弄長照站,高雄市燭光協會
24475bdf-feb5-45e8-bbf7-71daaee997cd,長照2.0服務資源_社團法人高雄市春陽協會,社團法人高雄市活泉愛鄰社區服務協會,營養餐飲服務,社團法人高雄市活泉愛鄰社區服務協會
084af787-f74d-422a-9d0a-cc8aea6b92fd,1000大企業_朋程科技股份有限公司,有限責任高雄市育成照顧服務勞動合作社,個案管理服務,朋程科技股份有限公司
68242dfc-388b-42c2-a98f-ee2f89456394,日照中心_東門失智日間照顧中心,東華醫院附設南投縣私立東華居家式長期照顧服務機構,到宅沐浴車服務,東門失智日間照顧中心
21e9d686-b6d0-40d2-adde-f417faaebd26,長照2.0服務資源_國軍花蓮總醫院,埔基醫療財團法人埔里基督教醫院,交通接送服務(DA01),埔基醫療財團法人埔里基督教醫院
1e842164-28f7-4526-bf04-7867979bf579,埔基醫療財團法人埔里基督教醫院(樂智據點)_埔基醫療財團法人埔里基督教醫院(樂智據點),埔基醫療財團法人埔里基督教醫院,交通接送服務(DA01),埔基醫療財團法人埔里基督教醫院
732a9d80-f049-414b-93d6-e337fc50dacd,長照2.0服務資源_南基醫院-龍南路,南基醫院,專業照護服務,南基醫院
0bdd458c-ba78-49aa-b0ea-af45e8a04c08,醫院_佛教慈濟醫療財團法人台中慈濟醫院,南基醫院,專業照護服務,南基醫院
55fd17d2-22c3-499c-a38c-a3f5ae99267d,財團法人花蓮縣私立瑪拉社會福利慈善基金會_財團法人花蓮縣私立瑪拉社會福利慈善基金會,財團法人苗栗縣私立大千社會福利慈善事業基金會私立大千居家式長照機構,個案管理服務,苗栗縣私立大千社會福利慈善事業基金會
b1146695-176e-463a-98ea-fd6a856a3c35,財團法人苗栗縣私立大千社會福利慈善事業基金會_財團法人苗栗縣私立大千社會福利慈善事業基金會,財團法人苗栗縣私立大千社會福利慈善事業基金會私立大千居家式長照機構,個案管理服務,苗栗縣私立大千社會福利慈善事業基金會
edfd14ac-c7b6-4717-b5a6-34eadeb1a4d8,財團法人苗栗縣私立大千社會福利慈善事業基金會(大千綜合醫院)_財團法人苗栗縣私立大千社會福利慈善事業基金會(大千綜合醫院),財團法人苗栗縣私立大千社會福利慈善事業基金會私立大千居家式長照機構,個案管理服務,苗栗縣私立大千社會福利慈善事業基金會
0cd3b2ef-7ebb-4df3-89ec-2d8712fe52d5,基金會_財團法人苗栗縣私立大千社會福利慈善事業基金會,財團法人苗栗縣私立大千社會福利慈善事業基金會私立大千居家式長照機構,個案管理服務,苗栗縣私立大千社會福利慈善事業基金會
ccb4c7f5-3bd1-4071-8f15-3b29e07b460c,洗腎中心_李綜合醫院大甲分院,李綜合醫療社團法人附設私立中華居家長照機構,居家服務,李綜合醫院大甲分院
1797374d-6868-490e-8338-a02aacb97224,財團法人台灣省私立毓得社會福利基金會_財團法人台灣省私立毓得社會福利基金會,財團法人台灣省私立桃園仁愛之家附設苗栗老人養護中心,交通接送服務(DA01),台灣省私立毓得社會福利基金會
cb7829fb-9e79-400a-9482-e0778bbb300f,基金會_財團法人台灣省私立基益社會福利慈善事業基金會,財團法人台灣省私立桃園仁愛之家附設苗栗老人養護中心,交通接送服務(DA01),台灣省私立毓得社會福利基金會
27d86b49-d5c8-424e-8066-62d64903d5e7,洗腎中心_大川醫院,大川護理之家,喘息服務,大川醫院
215ac4fb-e373-4ce7-aed7-7aadb5c4008e,洗腎中心_大千醫院,大千綜合醫院附設居家護理所,專業照護服務,大千醫院
c6e55edb-573d-477e-85a9-460395d75d8a,1000大企業_頎邦科技股份有限公司,順馨居家護理所,專業照護服務,頎邦科技股份有限公司
d3f99408-334c-41e3-9c04-7d3fee243d76,00維修-中區_竹南診所,竹南診所,專業照護服務,竹南診所
eb7b9512-6b9e-46be-94f1-a8c026d16ee2,醫院_衛生福利部花蓮醫院,衛生福利部苗栗醫院,個案管理服務,衛生福利部苗栗醫院
f85df857-b723-4175-a395-79bd8bfd6480,洗腎中心_衛生福利部桃園新屋分院,衛生福利部朴子醫院附設居家式服務類長期照顧服務機構,居家服務,桃園新屋分院
c18989e1-52e3-48cc-a930-535d0a821308,洗腎中心_成民內科診所,戴德森醫療財團法人附設嘉義縣私立太保社區式服務類長期照顧服務機構,社區式,戴良恭診所
7c1b6424-e691-4730-944d-dfdd77296743,安養機構_嘉義縣私立一心教養院,嘉義縣私立大林老人養護中心,巷弄長照站,大林老人養護中心
dc56b6ae-6534-4d00-81b3-5cc6719a6699,長照2.0服務資源_財團法人嘉義縣私立開元殿福松老人養護中心,財團法人嘉義縣私立瑞泰社會福利基金會附設嘉義縣私立幸福老人長期照顧中心(養護型),喘息服務,嘉義縣私立開元殿福松老人養護中心
bcf8d1a4-58a7-43b8-af5a-3674abfa22c8,台北長庚醫院_台北長庚醫院,長庚醫療財團法人附設嘉義長庚護理之家,社區式,長庚醫院
c7c46bb3-888b-45f6-9702-3c400f92e193,陽明復健科診所_陽明復健科診所,陽明醫院附設護理之家,巷弄長照站,陽明醫院附設護理之家
56ba4e0b-9db4-4799-9eb7-4ab57a73f8a8,長照2.0服務資源_嘉義縣布袋鎮東港社區發展協會,嘉義縣太保市衛生所,巷弄長照站,東港社區發展協會
551b385d-c1f8-43f5-ae64-1fc3b6170a4f,長照2.0服務資源_南投縣國姓鄉衛生所,嘉義縣六腳鄉衛生所,專業照護服務,衛生所
b899d774-6bc7-4c75-880c-814fd0baf69f,長照2.0服務資源_新竹市東區衛生所,嘉義縣六腳鄉衛生所,專業照護服務,衛生所
cd1879d2-0c6a-4d11-8398-47f35acf789c,長照2.0服務資源_臺中市大甲區衛生所,嘉義縣六腳鄉衛生所,專業照護服務,衛生所
e8341042-8a7f-4047-9885-2246ae9d92fa,臺中市大甲區衛生所_臺中市大甲區衛生所,嘉義縣六腳鄉衛生所,專業照護服務,衛生所
d587244a-a3b5-4a1c-865f-da619f900fdb,1000大企業_嘉彰股份有限公司,嘉安藥局,專業照護服務,嘉彰股份有限公司
1b335739-4898-4eef-9b67-bc8d050d8a8e,基金會_財團法人張添永慈善基金會,財團法人弘道老人福利基金會附設臺北市私立弘道居家式服務類長期照顧服務機構,居家服務,張添永慈善基金會
7ebf6e4c-1556-4807-a942-460bc12dec75,基金會_財團法人台北市素香慈善事業基金會,財團法人台北市立心慈善基金會附設臺北市私立立心居家式服務類長期照顧服務機構,居家服務,素香慈善事業基金會
0e489824-d603-4e46-a1d8-d0fe814886da,00新北市_姜永品,宏十字護理之家,喘息服務,宏十字護理之家
6f88bdbb-8d8d-4786-ad3e-f7f97435866b,勵鑫公司_勵鑫公司,包子居家護理所,專業照護服務,包子居家護理所
e497323a-12ae-40f4-9ca8-71e0d6e038de,1000大企業_同亨科技股份有限公司,吉馨安居家護理所,專業照護服務,同亨科技股份有限公司
9e7224a8-1e4e-4199-b31b-7ee56eb4fd57,臺北市立陽明教養院_臺北市立陽明教養院,臺北市立聯合醫院(中興院區),居家服務,聯合醫院
17a2bf91-4801-493c-a19c-440b2f57bad8,高雄市立聯合醫院_高雄市立聯合醫院,臺北市立聯合醫院(中興院區),居家服務,聯合醫院
83c025f1-d855-44cf-be82-1856dd36c826,新北市立聯合醫院_新北市立聯合醫院,臺北市立聯合醫院(中興院區),居家服務,聯合醫院
6d43a6ef-b0ee-43f7-bc46-9619655f960a,臺北市立聯合醫院_臺北市立聯合醫院,臺北市立聯合醫院(中興院區),居家服務,聯合醫院
f1121d44-c7bf-4a5e-bc72-ede15ad408b0,臺北市立聯合醫院心湖職能工作坊_臺北市立聯合醫院心湖職能工作坊,臺北市立聯合醫院(中興院區),居家服務,聯合醫院
0b5fdaf5-a4e0-4720-b816-57ca3840fb94,臺北市立聯合醫院文山職能工作坊_臺北市立聯合醫院文山職能工作坊,臺北市立聯合醫院(中興院區),居家服務,聯合醫院
26003aa7-d545-4a19-9951-942eac6ab89e,臺北市立聯合醫院福中職能工作坊_臺北市立聯合醫院福中職能工作坊,臺北市立聯合醫院(中興院區),居家服務,聯合醫院
b8f102ce-df34-4d14-9907-9ec2f64d6a07,臺北市立聯合醫院陽明院區_臺北市立聯合醫院陽明院區,臺北市立聯合醫院(中興院區),居家服務,聯合醫院
23e47ec9-3bb4-4658-a1e2-1d0e4b305f45,臺北市立萬芳醫院_臺北市立萬芳醫院,臺北市立聯合醫院(中興院區),居家服務,聯合醫院
e04e7137-5240-457b-b03e-0b281c1a9ddd,中彰投 特約車隊_台灣大車隊,台灣基督長老教會馬偕醫療財團法人馬偕紀念醫院,個案管理服務,台灣大車隊
198b9079-1239-43e5-8883-746a0898dd8b,公民營客運業_台灣大車隊,台灣基督長老教會馬偕醫療財團法人馬偕紀念醫院,個案管理服務,台灣大車隊
836e7391-4a93-4958-91f4-25176535af5b,復健機構_柏拉圖康復之家,柏愛藥局-永和光復據點(醫事C),專業照護服務,柏拉圖康復之家
8ff42594-0f8d-49ad-87fa-0769eaf199e0,長照2.0服務資源_財團法人台北市中國基督教靈糧世界佈道會士林靈糧堂辦理臺北市社區整合照顧服務(石頭湯),C+-財團法人台北市中華基督教浸信會慈光堂,營養餐飲服務,財團法人台北市中華基督教浸信會慈光堂
fe226459-3921-43be-ae4a-09623c1d8e36,其它_基隆市立醫院,基隆市立醫院,專業照護服務,基隆市立醫院
d6b0d47f-436a-42cf-b230-e09102e94438,長照2.0服務資源_基隆市新豐愛鄉協會,基隆市立醫院,專業照護服務,基隆市立醫院
a28dfeb3-adbc-42b0-9956-568f777f2837,台中安養機構_長庚養護中心,長庚醫療財團法人附設基隆居家護理所,專業照護服務,長庚養護中心
50ab4357-7ca1-471d-951d-4ba1e53f1abe,財團法人伊甸社會福利基金會附設新北市私立三峽身心障礙福利服務中心(好鄰居俱樂部)_財團法人伊甸社會福利基金會附設新北市私立三峽身心障礙福利服務中心(好鄰居俱樂部),財團法人切膚之愛社會福利慈善事業基金會附設彰化縣私立魏愛倫學苑綜合式服務類長期照顧服務機構,到宅沐浴車服務,伊甸社會福利基金會
cf11edee-3780-4e3c-b611-729b606ab3ef,財團法人佛光山慈悲社會福利基金會_財團法人佛光山慈悲社會福利基金會,財團法人切膚之愛社會福利慈善事業基金會附設彰化縣私立魏愛倫學苑綜合式服務類長期照顧服務機構,到宅沐浴車服務,伊甸社會福利基金會
48882d5a-3f8f-42d4-90b1-a36e4109a4ed,財團法人佛教慈恩育幼基金會_財團法人佛教慈恩育幼基金會,財團法人切膚之愛社會福利慈善事業基金會附設彰化縣私立魏愛倫學苑綜合式服務類長期照顧服務機構,到宅沐浴車服務,伊甸社會福利基金會
caaf67dd-e289-4b98-8b26-0f449f9e6da3,財團法人侯政廷公益事業基金會_財團法人侯政廷公益事業基金會,財團法人切膚之愛社會福利慈善事業基金會附設彰化縣私立魏愛倫學苑綜合式服務類長期照顧服務機構,到宅沐浴車服務,伊甸社會福利基金會
ae500550-d736-4618-8bc5-b78f08f88d0e,財團法人傳咸慈善公益基金會_財團法人傳咸慈善公益基金會,財團法人切膚之愛社會福利慈善事業基金會附設彰化縣私立魏愛倫學苑綜合式服務類長期照顧服務機構,到宅沐浴車服務,伊甸社會福利基金會
97ecd6fc-0bae-454a-931e-f3169e28aa0f,財團法人傳愛社會福利慈善基金會_財團法人傳愛社會福利慈善基金會,財團法人切膚之愛社會福利慈善事業基金會附設彰化縣私立魏愛倫學苑綜合式服務類長期照顧服務機構,到宅沐浴車服務,伊甸社會福利基金會
550bf12a-4a8e-437d-93a5-4eb058848ee3,財團法人兆豐慈善基金會_財團法人兆豐慈善基金會,財團法人切膚之愛社會福利慈善事業基金會附設彰化縣私立魏愛倫學苑綜合式服務類長期照顧服務機構,到宅沐浴車服務,伊甸社會福利基金會
4fd41a64-72a2-4187-945a-ffc778e44f36,財團法人全聯慶祥慈善事業基金會_財團法人全聯慶祥慈善事業基金會,財團法人切膚之愛社會福利慈善事業基金會附設彰化縣私立魏愛倫學苑綜合式服務類長期照顧服務機構,到宅沐浴車服務,伊甸社會福利基金會
4a97fd0f-e905-4bd5-8bd9-b3aa6583b9f7,財團法人再好社會福利事業基金會_財團法人再好社會福利事業基金會,財團法人切膚之愛社會福利慈善事業基金會附設彰化縣私立魏愛倫學苑綜合式服務類長期照顧服務機構,到宅沐浴車服務,伊甸社會福利基金會
5b1b7b52-34a3-4562-bef2-888c9d6f6911,財團法人切膚之愛基金會連瑪玉學苑_財團法人切膚之愛基金會連瑪玉學苑,財團法人切膚之愛社會福利慈善事業基金會附設彰化縣私立魏愛倫學苑綜合式服務類長期照顧服務機構,到宅沐浴車服務,伊甸社會福利基金會
460920dc-c681-427c-b861-5fd97b106764,財團法人利河伯社會福利基金會_財團法人利河伯社會福利基金會,財團法人切膚之愛社會福利慈善事業基金會附設彰化縣私立魏愛倫學苑綜合式服務類長期照顧服務機構,到宅沐浴車服務,伊甸社會福利基金會
85b6a4ea-fa89-4bb3-add1-bb18d2ca6eb4,財團法人創世社會福利基金會_財團法人創世社會福利基金會,財團法人切膚之愛社會福利慈善事業基金會附設彰化縣私立魏愛倫學苑綜合式服務類長期照顧服務機構,到宅沐浴車服務,伊甸社會福利基金會
c53a2026-e2bb-4f33-b072-842c7b12c1f8,財團法人創世社會福利基金會嘉義分事務所_財團法人創世社會福利基金會嘉義分事務所,財團法人切膚之愛社會福利慈善事業基金會附設彰化縣私立魏愛倫學苑綜合式服務類長期照顧服務機構,到宅沐浴車服務,伊甸社會福利基金會
14d270b4-32ac-454a-8c88-b3a9444f7d39,財團法人力鋼社會福利慈善基金會_財團法人力鋼社會福利慈善基金會,財團法人切膚之愛社會福利慈善事業基金會附設彰化縣私立魏愛倫學苑綜合式服務類長期照顧服務機構,到宅沐浴車服務,伊甸社會福利基金會
0b7846d8-07b7-4f5d-a11c-9698185f2a9f,財團法人功學社關係企業社會福利基金會_財團法人功學社關係企業社會福利基金會,財團法人切膚之愛社會福利慈善事業基金會附設彰化縣私立魏愛倫學苑綜合式服務類長期照顧服務機構,到宅沐浴車服務,伊甸社會福利基金會
a73a8174-2bf9-463b-b76d-fd6b11a4303e,財團法人勵馨社會福利事業基金會_財團法人勵馨社會福利事業基金會,財團法人切膚之愛社會福利慈善事業基金會附設彰化縣私立魏愛倫學苑綜合式服務類長期照顧服務機構,到宅沐浴車服務,伊甸社會福利基金會
f3c53b59-1bf4-47a0-bfae-b76bdef38a8b,基金會_財團法人伊甸社會福利基金會,財團法人切膚之愛社會福利慈善事業基金會附設彰化縣私立魏愛倫學苑綜合式服務類長期照顧服務機構,到宅沐浴車服務,伊甸社會福利基金會
062519c0-433c-4b90-ab1b-e64bdc41b2f1,基金會_財團法人伊甸社會福利基金會 三峽,財團法人切膚之愛社會福利慈善事業基金會附設彰化縣私立魏愛倫學苑綜合式服務類長期照顧服務機構,到宅沐浴車服務,伊甸社會福利基金會
21ad5b88-44cd-479c-b30b-3e2f5f1bcc46,00維修-南區_財團法人伊甸社會福利基金會-燕巢家園,財團法人切膚之愛社會福利慈善事業基金會附設彰化縣私立魏愛倫學苑綜合式服務類長期照顧服務機構,到宅沐浴車服務,伊甸社會福利基金會
007e9146-80f9-42ac-907e-009bfe494d73,車體廠_禾盛汽車,禾田護理之家,喘息服務,禾盛汽車
0d6a6d6a-6bb6-46f7-926c-1f32cc886f9e,醫院_臺中榮民總醫院臺中總院,臺北榮民總醫院鳳林分院附設甜心園日間照顧社區式服務類長期照顧服務機構,社區式,臺北醫學大學附設醫院
ca780317-f132-4c8d-a70c-03e5017c7e84,基金會_財團法人關聖恩公慈善事業基金會,財團法人門諾社會福利慈善事業基金會附設花蓮縣私立花蓮綜合長照機構,居家服務,關聖恩公慈善事業基金會
ec183856-14d6-46e1-abdc-974980354302,基金會_財團法人關懷成長基金會,財團法人門諾社會福利慈善事業基金會附設花蓮縣私立玉里綜合長照機構,居家服務,關懷成長基金會
a2ed09db-10ba-47ee-8b10-f63afa3300e6,基金會_財團法人花蓮縣私立明星慈善基金會,財團法人花蓮縣私立博愛居安廬老人長期照顧中心(養護型),喘息服務,花蓮縣私立明星慈善基金會
f24c32ad-0897-40e7-b766-8be1e900c15e,基金會_財團法人花蓮縣私立瑪拉社會福利慈善基金會,財團法人花蓮縣私立吉豐老人養護所,喘息服務,花蓮縣私立瑪拉社會福利慈善基金會
3a6ccee5-f216-4286-a375-c84da51a29c1,復健機構_同心圓社區復健中心,名揚護理之家,喘息服務,名恩療養院附設社區復健中心
4754ff0a-99ec-4d6c-99e4-af9873bc21f7,財團法人桃園市私立怡德老人長期照顧中心承辦怡仁居照顧日間中心_財團法人桃園市私立怡德老人長期照顧中心承辦怡仁居照顧日間中心,財團法人桃園市私立怡德老人長期照顧中心(養護型)附設桃園市私立怡德綜合長照機構,綜合式,桃園市私立怡德老人長期照顧中心
7a145221-2950-419d-b028-516e1053002e,交通接送單位_倫永衛星大車隊,世豪小客車租賃有限公司,交通接送服務,世豪小客車租賃有限公司
11ed5aa6-0002-455e-bc40-a5bc3b88e1dd,廟宇_福元宮,福倫交通股份有限公司,交通接送服務,福元宮
50843a97-46f8-48b0-9a40-b0925f3c52e6,租賃_康健小客車租賃有限公司,康健小客車租賃有限公司,交通接送服務(DA01),康健小客車租賃有限公司
da1c3613-e019-476f-b27a-8543432b2931,100年宮廟_天顯宮,奇美醫療財團法人附設臺南市私立奇美綜合長照機構,居家服務,奉天宮
b906dafc-e23a-441c-9f83-a8132e04dc3b,社團法人臺南市容愛關懷服務協會_社團法人臺南市容愛關懷服務協會,社團法人臺南市容愛關懷服務協會附設臺南市私立容愛居家式服務類長期照顧服務機構,居家服務,臺南市常青樹協會
c7ca08fc-d71a-48b5-9f5d-acaf61a366e8,社團法人臺南市福慧社區照護關懷協會_社團法人臺南市福慧社區照護關懷協會,社團法人臺南市社區照顧協會附設臺南市私立長老居家式服務類長期照顧服務機構,交通接送服務(DA01),臺南市臺南都志願服務協會
f6bb8743-89f5-42f1-8ecf-c481a050de00,社團法人臺南市弘福社區關懷照顧服務協會_社團法人臺南市弘福社區關懷照顧服務協會,社團法人臺南市常青樹協會附設臺南市私立常青樹居家長照機構,個案管理服務,臺南市弘福社區關懷照顧服務協會
5052181e-b697-4c8f-b9ad-04f0951ebd87,社團法人臺南市佳里區漳洲社區發展協會_社團法人臺南市佳里區漳洲社區發展協會,社團法人臺南市全人照護協會附設臺南市私立南梓社區式服務類長期照顧服務機構,個案管理服務,臺南市全人照護協會
cf77bd2f-fd35-4440-9f4e-9cef747b7e77,社團法人臺南市全人照護協會-新營區_社團法人臺南市全人照護協會-新營區,社團法人臺南市全人照護協會附設臺南市私立南梓社區式服務類長期照顧服務機構,個案管理服務,臺南市全人照護協會
73ca112e-34ba-4c8c-9e6d-f731df682235,社團法人臺南市全人照護協會-麻豆區_社團法人臺南市全人照護協會-麻豆區,社團法人臺南市全人照護協會附設臺南市私立南梓社區式服務類長期照顧服務機構,個案管理服務,臺南市全人照護協會
cbb6afb7-567b-4686-a669-feacb4f9f9f6,基金會_財團法人台南市私立博愛社會福利慈善基金會,財團法人台南市基督教青年會社會福利慈善事業基金會附設臺南市私立東門社區式服務類長期照顧服務機構,社區式,博愛社會福利慈善基金會
e4995fae-c6b6-480c-b209-9ea447054ff4,基金會_財團法人花蓮縣私立丞昇社會福利慈善基金會,財團法人臺灣省臺南市臺灣首廟天壇附設臺南市私立天壇老人養護中心,營養餐飲服務,花蓮縣私立丞昇社會福利慈善基金會
3febbf4b-106c-4313-b81a-2bd6cbbecd08,洗腎中心_台南市立醫院,台南市私立長佳老人養護中心,喘息服務,台南市立醫院
0daa6a92-cbfe-41e3-ae51-9e5db8a031d7,醫院_台中榮總合作員生醫院,台南市私立長佳老人養護中心,喘息服務,台南市立醫院
4efb8662-6718-42ba-b953-a1d1ec804c42,基金會_財團法人台南市私立世寰社會福利慈善事業基金會,財團法人台南市基督教青年會社會福利慈善事業基金會附設台南市私立臨安老人養護中心,居家服務,世寰社會福利慈善事業基金會
877c2f49-be4d-475c-aea2-0dd37ce3845d,長照2.0服務資源_慈安老人長期照顧中心,臺南市私立慈安老人長期照顧中心(養護型),居家服務,慈安老人長期照顧中心
859fce29-1ad7-41fd-850c-fe8f2d7d94f8,慈安老人長期照顧中心_慈安老人長期照顧中心,臺南市私立慈安老人長期照顧中心(養護型),居家服務,慈安老人長期照顧中心
a4bdcaad-ce9e-4e83-b1df-95c9a24d20d3,基金會_財團法人臺南縣私立萬安社會福利慈善事業基金會,財團法人台南市私立萬安社會福利慈善事業基金會,個案管理服務,萬安社會福利慈善事業基金會
4073bf3b-f42e-4571-a03e-ad328ed1f4f3,溫本通_溫本通,溫馨護理之家,喘息服務,溫馨護理之家
f5291985-b726-48d6-8077-db57eede2f66,洗腎中心_國泰綜合醫院新竹分院,國欣護理之家,喘息服務,國泰綜合醫院新竹分院
9944f2c5-7b1d-4b89-bbf2-572aa52567f9,長照2.0服務資源_德濟護理之家,德濟護理之家,喘息服務,德濟護理之家
2a7423be-226b-4636-b956-6cbc4a3d7e44,長照2.0服務資源_聖公護理之家,聖公護理之家,喘息服務,聖公護理之家
8e51224c-e71e-427b-b40b-4341eed79c6f,台南長照_如新護理之家,如新護理之家,喘息服務,如新護理之家
86cad9bd-321f-4c7a-9f98-f117cbb52fa8,洗腎中心_德全醫院,德光護理之家,喘息服務,德全醫院
e1568503-9233-46ee-8600-318c38bc3204,長照2.0服務資源_台南市私立有德老人長期照顧中心,台南市私立康寧護理之家,居家服務,有德老人長期照顧中心
7b50a0aa-b365-4dfe-9bb4-92c445e9fdc3,和欣護理之家_和欣護理之家,和欣護理之家,居家服務,和欣護理之家
a8b84026-f9e4-4614-af4e-b9bd7e583ae3,洗腎中心_永康榮民醫院,永康廣善護理之家,喘息服務,永康榮民醫院
9954c671-4a2f-4a68-bfab-13ceac8c41c8,1000大企業_奇菱光電股份有限公司,奇美醫療財團法人附設柳營奇美居家護理所,專業照護服務,奇菱光電股份有限公司
ba4f2838-6019-4f8b-a9fd-23470b489ec1,醫院_衛生福利部臺南醫院：新化分院,衛生福利部臺南醫院,個案管理服務,衛生福利部臺南醫院
a20ac8ba-7f37-4359-8d2d-3579cd5c38aa,長照2.0服務資源_國立成功大學醫學院附設醫院,國立成功大學醫學院附設醫院,個案管理服務,國立成功大學醫學院附設醫院
58d839f4-c129-42e2-860f-08bb67ef65b8,洗腎中心_國立成功大學醫學院附設醫院,國立成功大學醫學院附設醫院,個案管理服務,國立成功大學醫學院附設醫院
ea34ffbf-207e-4e84-9495-51bafd3f29f6,台南市安南醫院_台南市安南醫院,臺南市立安南醫院-委託中國醫藥大學興建經營,個案管理服務,安南醫院
2911a7a0-8afe-4c3a-98a5-bb151a8e78a6,安南醫院_安南醫院,臺南市立安南醫院-委託中國醫藥大學興建經營,個案管理服務,安南醫院
daf91899-e914-463e-a932-0af1907c9b3a,洗腎中心_安南醫院,臺南市立安南醫院-委託中國醫藥大學興建經營,個案管理服務,安南醫院
5f25aa95-b0a9-4e2a-88fd-a063a382fcda,社團法人臺南市社區照顧協會_社團法人臺南市社區照顧協會,社團法人臺南市社區照顧協會,個案管理服務,臺南市福樂社區關懷協會
fd572f94-a3ee-41fe-bbf0-30cefff5ca83,長照2.0服務資源_國立成功大學醫學院附設醫院斗六分院-中山路,國立成功大學醫學院附設醫院斗六分院,個案管理服務,國立成功大學醫學院附設醫院斗六分院
ddcdc589-39d7-428a-aae5-2e34a4a43d53,基金會_財團法人雲林縣私立許曾春秋社會福利慈善事業基金會,財團法人雲林縣同仁仁愛之家附設雲林縣私立同仁老學堂社區式服務類長期照顧服務機構,社區式,雲林縣私立許曾春秋社會福利慈善事業基金會
c6585018-2df4-44c9-a54b-d1801e1e0faa,醫院_天主教若瑟醫院,天主教若瑟醫療財團法人附設雲林縣私立玫瑰社區長照機構,社區式,天主教若瑟醫院
f059c43e-11c9-4a03-882c-3288a2746dd6,台北市脊髓損傷者協會_台北市脊髓損傷者協會,雲林縣聖心社會關懷協會(土庫第一據點),家庭托顧服務(BC),脊髓損傷者協會
90e95b8e-25d2-4f57-a016-bdd391fd3075,宜蘭縣脊髓損傷者協會_宜蘭縣脊髓損傷者協會,雲林縣聖心社會關懷協會(土庫第一據點),家庭托顧服務(BC),脊髓損傷者協會
176fef7a-e756-40d3-8cbe-5aa0c30566b7,高雄市脊髓損傷者協會_高雄市脊髓損傷者協會,雲林縣聖心社會關懷協會(土庫第一據點),家庭托顧服務(BC),脊髓損傷者協會
1c8c5d16-9d36-4d44-ad0c-0edcbc78b1bc,高雄市脊髓損傷者協會_高雄市脊髓損傷者協會,雲林縣聖心社會關懷協會(土庫第一據點),家庭托顧服務(BC),脊髓損傷者協會
a9cd0223-6741-44bb-849e-3ca92355d600,新北市脊髓損傷者協會_新北市脊髓損傷者協會,雲林縣聖心社會關懷協會(土庫第一據點),家庭托顧服務(BC),脊髓損傷者協會
1b17cfd6-70d3-442b-9652-7174b568357f,特殊教育學校_國立花蓮特殊教育學校,國立臺灣大學醫學院附設醫院雲林分院附設護理之家,喘息服務,國立花蓮特殊教育學校
f74c6a77-9754-4bbc-b8ad-0d63f84d3df9,中國端子電業股份有限公司_中國端子電業股份有限公司,中國醫藥大學北港附設醫院附設護理之家,喘息服務,中國醫藥大學北港附設醫院附設護理之家
286cfd00-59cb-4d6c-9d60-a88e353f307f,洗腎中心_育堂診所,育仁醫院附設護理之家,喘息服務,育堂診所
758b5b9d-0790-47cd-a483-a2afe4b4c50a,長照2.0服務資源_財團法人天主教主顧修女會,財團法人天主教中華道明修女會附設私立福安老人療養所,喘息服務,天主教主顧修女會
17bb4025-610c-498c-af81-cb5f70a94995,中國砂輪企業股份有限公司_中國砂輪企業股份有限公司,中國醫藥大學北港附設醫院附設居家護理所,專業照護服務,中國醫藥大學北港附設醫院附設居家護理所
77b81623-2c85-431d-b9e2-d558bd5134f9,租賃_雅峰小客車租賃有限公司,順順居家護理所,個案管理服務,順風小客車租賃
27a05a3b-34b3-4c4f-8ac0-5d72b1b7ea5d,社團法人中華民國五福社會服務協會_社團法人中華民國五福社會服務協會,社團法人中華民國五福社會服務協會附設新竹縣私立五福居家式服務類長期照顧服務機構,個案管理服務,中華民國五福社會服務協會
803bf79c-808f-4d77-9806-1ea354edd452,長照2.0服務資源_財團法人台灣省台南市天主教仁愛修女會,財團法人台灣省天主教會新竹教區附設新竹縣私立長安老人養護中心,居家服務,財團法人台灣省天主教會新竹教區附設新竹縣私立長安老人養護中心
ae85f0b1-3774-43c6-ad22-9414401497ee,財團法人新竹縣天主教世光教養院(承辦新埔小規機服務中心)_財團法人新竹縣天主教世光教養院(承辦新埔小規機服務中心),財團法人新竹縣天主教世光教養院附設新竹縣私立橫山社區式服務類長期照顧服務機構,社區式,新竹縣天主教世光教養院
3bafb8d0-554f-41ce-9288-fef931f6cccc,基金會_財團法人嘉宜社會福利基金會,財團法人喜憨兒社會福利基金會桃竹事務所附設新竹縣私立喜歡你社區式服務類長期照顧服務機構,社區式,嘉宜社會福利基金會
b83029d4-1663-493e-87b1-26bc7a02c951,長照2.0服務資源_臺北榮民總醫院桃園分院,臺北榮民總醫院新竹分院附設社區式長期照顧服務機構,社區式,桃園分院
a9cec366-ef72-445d-922b-54b55e368d96,長照2.0服務資源_新仁醫院,新仁醫院,輔具及居家無障礙環境改善服務,新仁醫院
5d2453ab-a36c-496b-9ca3-9f496d63226f,洗腎中心_新仁內科診所,新仁醫院,輔具及居家無障礙環境改善服務,新仁醫院
947b4130-0c94-4fd4-ba3a-0cfc9d3276e1,醫院_衛生福利部雙和醫院委託台北醫學大學經營管理,財團法人天主教靈醫會附設宜蘭縣私立聖嘉民老人長期照顧中心(養護型),到宅沐浴車服務,天主教靈醫會羅東聖母醫院
3209a892-2389-4555-b110-6497323e93fc,洗腎中心_國立陽明大學附設醫院,國立陽明交通大學附設醫院護理之家,喘息服務,國立陽明大學附設醫院
cbd124b2-b34d-4e4f-a61c-e7f8b48fced8,00維修北（新竹以北）_旭登護理之家,旭登護理之家,營養餐飲服務,旭登護理之家
17d659dd-d412-4cea-afa7-7d596973f7bb,00維修北（新竹以北）_旭登護理之家,旭登護理之家,營養餐飲服務,旭登護理之家
40157967-ea8d-4a70-8931-958d2698a9ed,安養機構_旭登護理之家,旭登護理之家,營養餐飲服務,旭登護理之家
615e3c61-4765-447d-b86b-025b9c0aef78,護理之家_健德護理之家,旭登護理之家,營養餐飲服務,旭登護理之家
8971797a-78c3-41a2-96ab-7c005e3378b7,1000大企業_敦南科技股份有限公司,敦仁診所附設居家護理所,專業照護服務,敦南科技股份有限公司
35b556f3-cb82-4705-9637-c94717d928bb,長照2.0服務資源_財團法人天主教德來會附設德來日間照顧中心,財團法人天主教德來會,巷弄長照站,天主教德來會附設德來日間照顧中心
da5f9f91-373a-4b3f-abce-a6b44a6ff2c9,醫院_童綜合醫療社團法人童綜合醫院梧棲院區,義大醫療財團法人義大醫院,個案管理服務,義大醫療財團法人義大醫院
3513375e-2366-45c8-9c28-9fdf5110b5f9,財團法人台南市聖功社會福利慈善事業基金會_財團法人台南市聖功社會福利慈善事業基金會,財團法人台南市私立聖功社會福利慈善事業基金會,營養餐飲服務,聖功社會福利慈善事業基金會
7c655f7d-234f-450c-b826-6d2afb380aa5,00維修-南區_晶晶復康巴士,高雄市立旗津醫院(委託財團法人私立高雄醫學大學經營),交通接送服務(DA01),旗津醫院
1cd10af6-77e1-4cea-aa26-37748b010d79,高雄市立旗津醫院_高雄市立旗津醫院,高雄市立旗津醫院(委託財團法人私立高雄醫學大學經營),交通接送服務(DA01),旗津醫院
bdef56d6-8a9d-4c62-96b5-ca25f640e053,旗津醫院_旗津醫院,高雄市立旗津醫院(委託財團法人私立高雄醫學大學經營),交通接送服務(DA01),旗津醫院
86d82dfb-99e8-4912-9ec0-5f287c31922a,洗腎中心_建佑醫院,建佑醫院,個案管理服務,建佑醫院
f00b9965-c19a-418a-b6f5-feabe1bd8656,高雄市立鳳山醫院_高雄市立鳳山醫院,高雄市立鳳山醫院(委託長庚醫療財團法人經營),專業照護服務,鳳山醫院
03a1ad05-e9c5-48d2-9104-31c6a2066f15,高雄市立鳳山醫院（委託長庚醫療財團法人經營)_高雄市立鳳山醫院（委託長庚醫療財團法人經營),高雄市立鳳山醫院(委託長庚醫療財團法人經營),專業照護服務,鳳山醫院
1d1b0780-c4da-44d7-a1ad-590c7b9340fb,長照2.0服務資源_爵嘉居家護理所,爵嘉居家護理所,個案管理服務,爵嘉居家護理所
7f5b2112-6564-4220-9ee9-8b080f318636,有限責任高雄市安祥照顧服務勞動合作社-澎湖縣_有限責任高雄市安祥照顧服務勞動合作社-澎湖縣,有限責任高雄市安祥照顧服務勞動合作社,居家服務,高雄市安祥照顧服務勞動合作社
52b610a7-ba93-4973-8924-052e39f3cc8e,長照2.0服務資源_高雄市那瑪夏區衛生所,高雄市那瑪夏區衛生所,個案管理服務,高雄市那瑪夏區衛生所
e4204e53-307d-41f0-8943-1570cc97f271,重安新據點_重安新據點,重安醫院,個案管理服務,重安醫院
43fc0636-5eb6-465f-a987-bc1eeef7f00a,長照2.0服務資源_財團法人台灣省私立桃園仁愛之家,財團法人台灣省私立桃園仁愛之家,居家服務,台灣省私立桃園仁愛之家
a70c8153-b03b-49a6-a2ac-1e93b115bd43,財團法人台灣省私立板信社會福利慈善事業基金會_財團法人台灣省私立板信社會福利慈善事業基金會,財團法人台灣省私立桃園仁愛之家,居家服務,台灣省私立桃園仁愛之家
c6c42e2f-e8bf-4191-8fd1-7d972f245c71,財團法人台灣省私立桃園仁愛之家_財團法人台灣省私立桃園仁愛之家,財團法人台灣省私立桃園仁愛之家,居家服務,台灣省私立桃園仁愛之家
f6d9707f-f2e0-44b8-a740-8f04516f4ad1,中彰投 醫院_中山醫院,全人護理之家,喘息服務,全佑聯合診所
95e31a89-772d-469f-991f-cec076414efd,長照2.0服務資源_美佑護理之家,美佑護理之家,喘息服務,美佑護理之家
aef9bd6d-7c5e-4305-a7a4-420869954bb3,日照中心_連江縣大同之家,連江縣南竿鄉山隴社區發展協會(社照C),巷弄長照站,連江縣大同之家
cc630ed9-a6bb-4a78-acb4-451d994fb81f,社團法人澎湖縣照顧服務協會(北寮村巷弄長照站)_社團法人澎湖縣照顧服務協會(北寮村巷弄長照站),社團法人澎湖縣照顧服務協會(A-8),社區式,澎湖縣照顧服務協會
244bd5af-e083-47d4-bdf9-eb983c067db2,社團法人澎湖縣照顧服務協會(鎖港里巷弄長照站)_社團法人澎湖縣照顧服務協會(鎖港里巷弄長照站),社團法人澎湖縣照顧服務協會(A-8),社區式,澎湖縣照顧服務協會
2dc2fc08-01d1-4a5c-810d-9719e83e6a4e,社團法人澎湖縣照顧服務協會(隘門村巷弄長照站)_社團法人澎湖縣照顧服務協會(隘門村巷弄長照站),社團法人澎湖縣照顧服務協會(A-8),社區式,澎湖縣照顧服務協會
dcacaa99-b61f-48af-8eb0-28878118f4d7,社團法人澎湖縣照顧服務協會-馬公市介壽路_社團法人澎湖縣照顧服務協會-馬公市介壽路,社團法人澎湖縣照顧服務協會(A-8),社區式,澎湖縣照顧服務協會
0bea4744-9779-4966-aefd-acb0945267b6,社團法人澎湖縣照顧服務協會-馬公市同和路_社團法人澎湖縣照顧服務協會-馬公市同和路,社團法人澎湖縣照顧服務協會(A-8),社區式,澎湖縣照顧服務協會
fb5f257c-87c3-4c4e-9886-88c13479816c,7-ELEVEN 國和門市_7-ELEVEN 國和門市,財團法人平安社會福利慈善事業基金會,個案管理服務,財團法人平安社會福利慈善事業基金會
dd562cfc-27bd-425e-b788-5bf447fb11ac,基金會_財團法人康寧社會福利慈善事業基金會,財團法人平安社會福利慈善事業基金會附設澎湖縣私立平安望安社區式服務類長期照顧服務機構,社區式,康寧社會福利慈善事業基金會
eb3055f1-ca4e-47f3-b10b-b4d22b1319a6,天主教中華聖母修女會醫療財團法人天主教聖馬爾定醫院_天主教中華聖母修女會醫療財團法人天主教聖馬爾定醫院,天主教中華聖母修女會醫療財團法人天主教聖馬爾定醫院,專業照護服務,天主教中華聖母修女會醫療財團法人天主教聖馬爾定醫院
69be5965-8953-459a-85f0-1fec45ac869b,醫院_天主教中華聖母修女會醫療財團法人天主教聖馬爾定醫院,天主教中華聖母修女會醫療財團法人天主教聖馬爾定醫院,專業照護服務,天主教中華聖母修女會醫療財團法人天主教聖馬爾定醫院
9fc69035-c78f-4441-a9a7-045d4a249916,長照2.0服務資源_王國哲診所,王國哲診所,專業照護服務,王國哲診所
bf955d54-c249-4b58-90a5-0d1f03d3b092,基金會_財團法人台灣時報社會服務基金會,財團法人台灣省私立嘉義仁愛之家,喘息服務,台灣省私立基益社會福利慈善事業基金會
86abefc5-1e26-47fa-832f-ce546f2bc114,財團法人台灣省私立基益社會福利慈善事業基金會_財團法人台灣省私立基益社會福利慈善事業基金會,財團法人台灣省私立嘉義濟美仁愛之家,喘息服務,台灣省私立孝愛仁愛之家
c7d1bedd-3492-4058-9774-a5d1b1d932f5,社團法人雲林縣復健青年協進會-北港鎮新東街_社團法人雲林縣復健青年協進會-北港鎮新東街,社團法人雲林縣復健青年協進會,交通接送服務,雲林縣復健青年協進會
5e22e62f-bf08-437a-85a5-fd5b4155b019,社團法人雲林縣復健青年協進會-北港鎮穎寧街_社團法人雲林縣復健青年協進會-北港鎮穎寧街,社團法人雲林縣復健青年協進會,交通接送服務,雲林縣復健青年協進會
287aa96d-6411-4aad-895d-c9e9c86bcd57,社團法人雲林縣復健青年協進會東勢鄉_社團法人雲林縣復健青年協進會東勢鄉,社團法人雲林縣復健青年協進會,交通接送服務,雲林縣復健青年協進會
53d23c5d-f017-4d4a-994d-8d59a9f6045a,長照2.0服務資源_荷園居家護理所,荷園居家護理所,專業照護服務,荷園居家護理所
5705dfb1-aaef-4a93-9bb5-34fea1bb14a9,全豪小客車租賃有限公司_全豪小客車租賃有限公司,全豪小客車租賃有限公司,社區式交通接送服務(BD03),十全居家長照機構
16f20f56-60f8-4e37-acc9-66c152d5652d,基金會_財團法人國泰人壽慈善基金會,財團法人嘉義縣私立開元殿福松老人養護中心,個案管理服務,國泰人壽慈善基金會
e7542d80-501d-4e80-8ac5-8cef21616c1f,宜蘭縣冬山鄉武淵社區發展協會_宜蘭縣冬山鄉武淵社區發展協會,宜蘭縣冬山鄉珍珠社區發展協會,營養餐飲服務,宜蘭縣冬山鄉珍珠社區發展協會
e5f20616-a6b3-4b4c-8602-d440becc6fb1,長照2.0服務資源_屏東縣車城鄉海口社區發展協會,桃園市大園區海口社區發展協會,巷弄長照站,海口社區發展協會
b6943020-7e5c-45bd-ae33-450f68808f85,長照2.0服務資源_新竹縣竹北市中興社區發展協會,桃園市大溪區中興社區發展協會,綜合式,中興社區發展協會
7f4d854f-391a-468e-b0e2-2e3820553e69,長照2.0服務資源_臺中市石岡區龍興社區發展協會,桃園市中壢區龍興社區發展協會,巷弄長照站,龍興社區發展協會
ad214c23-3743-4c36-8ce1-79e7839a6616,長照2.0服務資源_財團法人桃園市私立怡德老人長期照顧中心承辦怡仁居照顧日間中心,財團法人桃園市護國宮愛心基金會,巷弄長照站,桃園市護國宮愛心基金會
5af93393-0566-4b3f-bc8b-8b9f7f374673,基金會_財團法人桃園縣忠義社會福利慈善事業基金會,財團法人桃園縣中華基督教中壢浸信會,巷弄長照站,桃園縣忠義社會福利慈善事業基金會
ddb7b9a8-bb36-4de1-bb60-3138503adabf,社團法人中華民國基督教女青年會協會台灣省台南市支會_社團法人中華民國基督教女青年會協會台灣省台南市支會,社團法人中華民國國際慈善文教協會,巷弄長照站,中華民國基督教女青年會協會台灣省台南市支會
3015509a-3eae-4420-a593-a029153ed847,其他_慶旺建設公司,慶成診所,巷弄長照站,慶旺建設公司
3e15bc1b-12aa-4caa-b76a-bbf29100b28f,基金會_財團法人台灣基督教福利會,財團法人台灣基督長老教會泰雅爾中會義興教會,交通接送服務,台灣林登山社會福利基金會
73a103b8-c283-4375-a16b-eada1aeecd02,社團法人臺南市車仔寮關懷協會_社團法人臺南市車仔寮關懷協會,社團法人臺南市車仔寮關懷協會,巷弄長照站,臺東縣南迴健康促進關懷服務協會
bda3ec67-e9e6-42b7-9744-c7d289456985,社團法人臺南市南區國宅社區發展協會_社團法人臺南市南區國宅社區發展協會,社團法人臺南市南區國宅社區發展協會,巷弄長照站,臺南市基督教新興牧鄰協會
b3e83a52-b61b-47b5-bbb2-933e7370658f,臺南市新營區護鎮社區發展協會_臺南市新營區護鎮社區發展協會,臺南市東區富強社區發展協會,巷弄長照站,臺南市東區富強社區發展協會
d1f54242-c55b-498e-a021-2c90878caba3,臺南市學甲區大灣社區發展協會_臺南市學甲區大灣社區發展協會,臺南市學甲區大灣社區發展協會,巷弄長照站,臺南市學甲區大灣社區發展協會
e6d7d7a0-075b-45f6-8a0b-66482096a695,財團法人善慧恩社會慈善基金會_財團法人善慧恩社會慈善基金會,財團法人喜憨兒社會福利基金會,巷弄長照站,喜憨兒社會福利基金會桃竹事務所
6f596bbd-d460-46a2-8a5a-7b33203ae2f9,財團法人喜憨兒社會福利基金會_財團法人喜憨兒社會福利基金會,財團法人喜憨兒社會福利基金會,巷弄長照站,喜憨兒社會福利基金會桃竹事務所
fe83ba8a-30d1-449a-b022-50f7f89a4ae7,長照2.0服務資源_受恩社區關懷協會,高雄市原住民關懷協會,居家失能個案家庭醫師照護服務,受恩社區關懷協會
43caaf78-8cff-4aa8-b693-67bfef480982,高雄市苓雅區民主社區發展協會(民主社區照顧關懷據點)_高雄市苓雅區民主社區發展協會(民主社區照顧關懷據點),高雄市苓雅區民主社區發展協會,巷弄長照站,苓雅區民主社區發展協會
d7e4d49f-0e9b-48ed-879a-aef28358f8c3,長照2.0服務資源_財團法人嘉義市私立瑞泰老人長期照護中心,財團法人嘉義市私立瑞泰老人長期照護中心,巷弄長照站,嘉義市私立瑞泰老人長期照護中心
c7ab33b5-32f6-4de8-8ddb-97364c6b8345,長照2.0服務資源_社團法人臺灣高齡照顧協會,社團法人花蓮縣婦女公共事務發展協會,巷弄長照站,社團法人花蓮縣婦女公共事務發展協會
825fa190-e241-4542-8855-fd492ea7afad,長照2.0服務資源_花蓮縣光復鄉砂荖社區發展協會,花蓮縣光復鄉砂荖社區發展協會,巷弄長照站,花蓮縣光復鄉砂荖社區發展協會
fff057db-c00a-4926-879f-6cf56aca84de,社福團體_花蓮老人協會,花蓮縣鶴岡社區營照協會,巷弄長照站,花蓮老人協會
e397d853-ca24-40ba-bd09-3890b260a93f,醫療單位_僾彼醫療股份有限公司,屏東縣泰武鄉平和社區發展協會(平和文健站),巷弄長照站,泰武鄉衛生所
6a05bec2-f268-4e34-a96f-da647954156f,00維修-南區_泰武鄉衛生所,屏東縣泰武鄉平和社區發展協會(平和文健站),巷弄長照站,泰武鄉衛生所
0bb4c105-e4bb-4ec9-a767-b907abe62c61,長照2.0服務資源_社團法人屏東縣屏東市長青學苑服務協會,社團法人屏東縣屏東市長青學苑服務協會,巷弄長照站,社團法人屏東縣屏東市長青學苑服務協會
bfa45962-c686-45ef-ac4f-eeb10f6c1598,長照2.0服務資源_屏東縣屏東市信和社區發展協會,屏東縣屏東市信和社區發展協會,巷弄長照站,信和社區發展協會
08284b6d-052f-4f1d-b9ee-2259df6b1951,長照2.0服務資源_社團法人屏東縣失智症服務協會,社團法人屏東縣失智症服務協會,巷弄長照站,社團法人屏東縣失智症服務協會
ad2651a0-cd1f-45cb-920c-a613ed991e1c,長照2.0服務資源_屏東縣屏東市大洲社區發展協會,屏東縣屏東市北興社區發展協會,巷弄長照站,大洲社區發展協會
e02bcc31-e645-4721-a449-808c9cafb3d3,長照2.0服務資源_屏東縣屏東市北興社區發展協會,屏東縣屏東市前進社區發展協會,巷弄長照站,北興社區發展協會
10aba1b6-7659-4e63-a0a3-06e8c199b270,彰化縣長照協會_彰化縣長照協會,社團法人中華詠愛全人關懷協會,個案管理服務,長照協會
5f8a3ed1-e253-47e7-bce7-27591941036c,有限責任新竹市清安照顧服務勞動合作社_有限責任新竹市清安照顧服務勞動合作社,有限責任新竹市清安照顧服務勞動合作社（新光里）,巷弄長照站,新竹市清安照顧服務勞動合作社
0ceee3d3-2139-453b-8998-49471030c2d4,社團法人新竹市福祿壽長青協會(社區照顧關懷據點)_社團法人新竹市福祿壽長青協會(社區照顧關懷據點),社團法人新竹市福祿壽長青協會,巷弄長照站,新竹市福祿壽長青協會
a8d9596d-6c07-4dc5-bbc0-79702c404cd3,社團法人雲林縣圓夢協會_社團法人雲林縣圓夢協會,社團法人雲林縣圓夢協會(三平里),巷弄長照站,雲林縣圓夢協會
836a6c47-b93b-4724-8bed-eca79f91a695,長照2.0服務資源_雲林縣斗六市溝埧社區發展協會,雲林縣斗六市梅林社區發展協會,巷弄長照站,雲林縣斗六市溝埧社區發展協會
6886001a-b96e-40ee-af35-ff690a462ad7,00維修-中區_雲林縣政府,雲林縣家園關懷協會,巷弄長照站,雲林縣政府
18e257e2-c7ea-48d0-9b0e-101c92c383b9,縣市政府_桃園市政府,雲林縣家園關懷協會,巷弄長照站,雲林縣政府
e8c55fb0-b69d-4683-bc81-e45aadec66c0,長照2.0服務資源_雲林縣鄉土人文關懷協會,雲林縣鄉土人文關懷協會,巷弄長照站,雲林縣鄉土人文關懷協會
b08418c7-3703-4d90-9095-5f241c1f9534,00維修-中區_雲林老人福利,雲林縣麥寮鄉楊厝社區發展協會,巷弄長照站,雲林老人福利
29502b47-2bb2-4cdb-96d5-111caaaf6bac,長照2.0服務資源_宜蘭縣頭城鎮衛生所,宜蘭縣頭城鎮大坑社區發展協會,巷弄長照站,頭城鎮衛生所
1e9daf8d-4850-49bc-b590-d78d15ea685e,長照2.0服務資源_宜蘭縣三星鄉衛生所,宜蘭縣冬山鄉東城社區發展協會,巷弄長照站,宜蘭縣冬山鄉武淵社區發展協會
a7edbdbd-b6cb-47fc-8ec2-edaf3c0a22b2,長照2.0服務資源_宜蘭縣蘇澳鎮衛生所,宜蘭縣蘇澳鎮蘇西社區發展協會,巷弄長照站,蘇澳鎮衛生所
2a01cd69-9d73-4792-9d4c-c41bbfa53d30,長照2.0服務資源_宜真宜長照,宜蘭縣三星鄉老人福利協會,巷弄長照站,宜蘭縣三星鄉老人福利協會
bc6d81ae-25e7-46e3-b328-f58f21c0997c,長照2.0服務資源_宜蘭縣門諾漾文化推展協會,宜蘭縣長青關懷照顧協會(五結成興站),巷弄長照站,門諾漾文化推展協會
1ad71509-0f27-48dd-a80a-9d861ec759d6,00維修北（新竹以北）_礦工醫院,礁溪鄉時潮社區發展協會,巷弄長照站,礦工醫院
3c66d9df-9101-4152-906a-ecf99eadb9a5,其他_礦工醫院,礁溪鄉時潮社區發展協會,巷弄長照站,礦工醫院
7e06a2a4-efcc-4424-9e7d-4fecde6ccaee,00維修北（新竹以北）_礦工醫院,礁溪鄉時潮社區發展協會,巷弄長照站,礦工醫院
69781b90-c5b0-404c-9999-e1c021b10616,長照2.0服務資源_宜蘭縣冬山鄉武淵社區發展協會,宜蘭縣冬山鄉清溝社區發展協會,個案管理服務,宜蘭縣冬山鄉衛生所
6dd888ec-b4a2-4fdd-ae0f-4d9a5fe44222,宜蘭縣蘇澳鎮長安社區發展協會_宜蘭縣蘇澳鎮長安社區發展協會,宜蘭縣蘇澳鎮龍德社區發展協會,社區式交通接送服務(BD03),長青關懷照顧協會
92823f78-55d7-4431-b3b7-f1a3091703d7,長照2.0服務資源_財團法人基督教芥菜種會,財團法人基督教芥菜種會,巷弄長照站,基督教芥菜種會
c595e6af-8090-4d08-98f2-54ad5f626ae1,基金會_財團法人基督教芥菜種會,財團法人基督教芥菜種會,巷弄長照站,基督教芥菜種會
dfde9de8-33ff-4d10-9dad-38c5ab4a4473,長照2.0服務資源_花蓮縣新城鄉樹林腳社區發展協會,花蓮縣新城鄉樹林腳社區發展協會,巷弄長照站,花蓮縣新城鄉樹林腳社區發展協會
54b51dfa-d2f7-405a-ada6-3b7dad56a71d,基隆市中正區正砂社區發展協會_基隆市中正區正砂社區發展協會,南投縣竹山鎮社寮社區發展協會,巷弄長照站,社寮社區發展協會
a2606f3a-8325-4bbc-b6e5-dafc33a9b24e,長照2.0服務資源_南投縣樂齡生活關懷協會,南投縣埔里鎮良善社區發展協會,巷弄長照站,樂齡生活關懷協會
297a12a5-64da-4e8e-b798-720d2e4f57da,長照2.0服務資源_苗栗縣大湖鄉南湖社區發展協會,苗栗縣大湖鄉南湖社區發展協會,巷弄長照站,苗栗縣大湖鄉南湖社區發展協會
787dc9c4-16a3-4c69-8011-906ffa4acba9,長照2.0服務資源_屏東縣高樹鄉東興社區發展協會,桃園市中壢區東興社區發展協會,巷弄長照站,東興社區發展協會
f151d92f-4160-4421-9694-8bbfdc74d4ac,長照2.0服務資源_臺南市北區東興社區發展協會,桃園市中壢區東興社區發展協會,巷弄長照站,東興社區發展協會
fed2e4a1-d155-4afa-bede-8562fe973ecf,長照2.0服務資源_臺中市霧峰區五福社區發展協會,基隆市安樂區七賢社區發展協會,巷弄長照站,五福社區發展協會
198b1020-51d8-4720-b5f2-445e9d11bf79,長照2.0服務資源_雲林縣林內鄉九芎社區發展協會,雲林縣斗六市長安社區發展協會,巷弄長照站,雲林縣林內鄉九芎社區發展協會
ee74800e-0808-4d77-b108-34aae808dc4d,長照2.0服務資源_雲林縣林內鄉坪頂社區發展協會,雲林縣斗南鎮新光社區發展協會,巷弄長照站,雲林縣林內鄉坪頂社區發展協會
ab0d8506-b769-4223-bb0f-4183c643179f,安養機構_健順養護中心,嘉義縣溪口鄉林腳社區發展協會,巷弄長照站,嘉義縣私立一心教養院
fd0437ab-104a-4348-8e82-8955f17c608b,長照2.0服務資源_臺中市大甲區頂店社區發展協會,臺中市大甲區頂店社區發展協會,巷弄長照站,頂店社區發展協會
db4e6181-878e-416d-9b35-f887402a0b20,基金會_財團法人善慧恩社會慈善基金會,財團法人向上社會福利基金會,巷弄長照站,善慧恩社會慈善基金會
37a4ec18-629e-43a1-bfa6-8d1dfb4a16b2,臺中市東勢區石城社區發展協會_臺中市東勢區石城社區發展協會,臺中市太平區新高社區發展協會,巷弄長照站,福隆社區發展協會
776f74fc-8a06-481c-93c6-e55d5b1fe76f,長照2.0服務資源_臺中市石岡區萬興社區發展協會,臺中市石岡區萬安社區發展協會,巷弄長照站,萬興社區發展協會
fd2de69e-019a-4aec-b149-09ed8cdd060a,長照2.0服務資源_台中市西屯區福瑞社區發展協會,臺中市西屯區福瑞社區發展協會,巷弄長照站,西屯區福瑞社區發展協會
07a5812e-af42-4b36-8c11-9fc3cd3133bd,長照2.0服務資源_臺中市東勢區石城社區發展協會,臺中市東勢區石城社區發展協會,巷弄長照站,石城社區發展協會
a6529bab-ac58-4159-8609-60f0682e5656,長照2.0服務資源_臺中市梧棲區草湳社區發展協會,臺中市梧棲區草湳社區發展協會,巷弄長照站,草湳社區發展協會
806687d5-5cf7-4839-a8c7-43a95ef2a099,臺中市梧棲區草湳社區發展協會_臺中市梧棲區草湳社區發展協會,臺中市梧棲區草湳社區發展協會,巷弄長照站,草湳社區發展協會
cd0b7746-8961-4ec1-b67d-7975d1f02dba,00維修北（新竹以北）_台北郭先生,台灣健康社區自主發展協會,巷弄長照站,台灣優質生命
2a50ff37-451d-495a-a01b-428d1db58b87,基金會_財團法人天主教華光社會福利基金會,財團法人天主教遣使會-聖文生之友社區關懷據點,巷弄長照站,天主教華光社會福利基金會
d6cb9ef1-70ae-435c-94c7-ade54410e923,基金會_財團法人政慧發展社會福利慈善事業基金會,財團法人政慧發展社會福利慈善事業基金會,巷弄長照站,政慧發展社會福利慈善事業基金會
c5865ebf-108a-4c81-8ea5-7e6aa12f886b,基金會_財團法人喜憨兒社會福利基金會,財團法人味全文化教育基金會,巷弄長照站,喜憨兒社會福利基金會
f69bcb53-3219-4a5e-b14f-6536ae50ba21,1000大企業_台灣村田股份有限公司,台灣旺齡協會,巷弄長照站,台灣村田股份有限公司
66af1c3c-e871-4e3d-82eb-6d35b18036d5,長照2.0服務資源_臺北市內湖永續發展協會,台北市內湖永續發展協會,巷弄長照站,內湖永續發展協會
abc0aff4-e5a6-454c-9209-0ee9b58c219f,臺北市內湖永續發展協會_臺北市內湖永續發展協會,台北市內湖永續發展協會,巷弄長照站,內湖永續發展協會
64aed889-ac05-4c5b-af63-00ea87dbaba7,TOYOTA_土城,(臺北市C+)中華民國天使之家全人關懷協會,巷弄長照站,土城
cbb8779d-fc9d-4e79-adb7-18841e86d193,匯豐汽車_土城,(臺北市C+)中華民國天使之家全人關懷協會,巷弄長照站,土城
fa6a3441-f4bb-4054-b7fc-c497c26938be,福特汽車_台北九和汽車-南港(展示中心/忠孝服務廠),(臺北市C+)中華民國天使之家全人關懷協會,巷弄長照站,土城
18e21bbd-60db-4bcb-9661-50184e949b85,福特汽車_台北九和汽車-南港(展示中心/忠孝服務廠),(臺北市C+)中華民國天使之家全人關懷協會,巷弄長照站,土城
3c7f4def-fc84-41bd-8249-cc6590583709,福特汽車_瑞特汽車-東台南(展示中心/服務廠),(臺北市C+)中華民國天使之家全人關懷協會,巷弄長照站,土城
cc99b2bb-e308-47de-a438-072c7573bb88,福特汽車_瑞特汽車-東台南(展示中心/服務廠),(臺北市C+)中華民國天使之家全人關懷協會,巷弄長照站,土城
c5e8721e-3e88-40e0-a67c-4647eb290da4,福特汽車_瑞特汽車-東台南(展示中心/服務廠),(臺北市C+)中華民國天使之家全人關懷協會,巷弄長照站,土城
855b1ab7-f6e3-4a77-ba6e-f2c327296d3a,TOYOTA土城_TOYOTA土城,(臺北市C+)中華民國天使之家全人關懷協會,巷弄長照站,土城
b0cd5d8e-88f1-4996-8a1c-7b1689daf6bf,社團法人中華民國照顧服務員專業發展協會_社團法人中華民國照顧服務員專業發展協會,社團法人中華民國沐光家園癌友關懷協會,巷弄長照站,照顧服務員專業發展協會
31c33f5b-42f4-439b-8279-1680448b6ff3,財團法人中華民國大同老人福利基金會_財團法人中華民國大同老人福利基金會,財團法人中華民國大同老人福利基金會,巷弄長照站,大同老人福利基金會
5eba93c1-27e7-4c55-abba-8dbcdbd6a1a1,長照2.0服務資源_澎湖縣馬公市興仁社區發展協會,澎湖縣馬公市興仁社區發展協會,巷弄長照站,澎湖縣馬公市興仁社區發展協會
cc83a415-2457-492f-86b1-bafde4cc2e03,財團法人臺南縣私立萬安社會福利慈善事業基金會_財團法人臺南縣私立萬安社會福利慈善事業基金會,財團法人臺安基金會,巷弄長照站,臺安基金會
fd6de7bc-e1de-497d-bc2f-67e113d77bf5,基金會_財團法人臺安基金會,財團法人臺安基金會,巷弄長照站,臺安基金會
e037ea6d-4ab0-4d01-8dfc-f4843ccb0ea9,財團法人鄭俊生社會福利慈善事業基金會_財團法人鄭俊生社會福利慈善事業基金會,財團法人門諾社會福利慈善事業基金會附設花蓮居家式服務類長期照顧服務機構財團法人門諾社會福利慈善事業基金會附設花蓮居家式服務類長期照顧服務機構(壽豐區),交通接送服務(DA01),門諾社會福利慈善事業基金會
fcb5b533-2686-48d3-a12e-b768b2c6bd0f,財團法人鄭火田慈善基金會_財團法人鄭火田慈善基金會,財團法人門諾社會福利慈善事業基金會附設花蓮居家式服務類長期照顧服務機構財團法人門諾社會福利慈善事業基金會附設花蓮居家式服務類長期照顧服務機構(壽豐區),交通接送服務(DA01),門諾社會福利慈善事業基金會
bf0a8871-8f7f-495f-b075-b88edefabad7,財團法人長思社會福利慈善事業基金會_財團法人長思社會福利慈善事業基金會,財團法人門諾社會福利慈善事業基金會附設花蓮居家式服務類長期照顧服務機構財團法人門諾社會福利慈善事業基金會附設花蓮居家式服務類長期照顧服務機構(壽豐區),交通接送服務(DA01),門諾社會福利慈善事業基金會
a87820a4-e336-4d8c-8cce-527fffbe642f,財團法人門諾社會福利慈善事業基金會_財團法人門諾社會福利慈善事業基金會,財團法人門諾社會福利慈善事業基金會附設花蓮居家式服務類長期照顧服務機構財團法人門諾社會福利慈善事業基金會附設花蓮居家式服務類長期照顧服務機構(壽豐區),交通接送服務(DA01),門諾社會福利慈善事業基金會
02aad978-a3ae-4406-8927-f9c2eb8c33de,基金會_財團法人門諾社會福利慈善事業基金會,財團法人門諾社會福利慈善事業基金會附設花蓮居家式服務類長期照顧服務機構財團法人門諾社會福利慈善事業基金會附設花蓮居家式服務類長期照顧服務機構(壽豐區),交通接送服務(DA01),門諾社會福利慈善事業基金會
959d1f34-1df8-4933-b075-5cd76742dc5e,長照2.0服務資源_有限責任台中市居家照顧服務勞動合作社,有限責任南投縣原住民愛鄰照顧服務勞動合作社,巷弄長照站,有限責任台中市居家照顧服務勞動合作社
34e5db44-cc17-4f3b-9c84-765cadb2ec70,社團法人苗栗縣全人關懷協會_社團法人苗栗縣全人關懷協會,社團法人苗栗縣全人關懷協會,巷弄長照站,苗栗縣全人關懷協會
dd2f2d56-543c-4e28-a9d4-2fb260d8be11,100年宮廟_都城隍廟,郭豐演中醫診所,巷弄長照站,都城隍廟
538ea42a-aa95-4013-96e8-4fe44b57ca8a,社團法人桃園市幸福家庭培力協會_社團法人桃園市幸福家庭培力協會,社團法人桃園市復興區爺亨部落多元產業發展協會,巷弄長照站,桃園市愛鄰舍協會
90a42c69-e1d9-47c2-9033-37e6b7dbfb03,社團法人桃園市復興區爺亨部落多元產業發展協會_社團法人桃園市復興區爺亨部落多元產業發展協會,社團法人桃園市復興區爺亨部落多元產業發展協會,巷弄長照站,桃園市愛鄰舍協會
a44d961b-5c65-4eab-a4a4-8296ffa850f1,社團法人桃園市愛鄰舍協會（幸福日間照顧中心）_社團法人桃園市愛鄰舍協會（幸福日間照顧中心）,社團法人桃園市復興區爺亨部落多元產業發展協會,巷弄長照站,桃園市愛鄰舍協會
87c69842-fb80-4610-883e-ee9fea005b2b,00維修-南區_中華家庭暨社區展望協會,社團法人中華家庭暨社區展望協會復興文化健康站,交通接送服務(DA01),中華家庭暨社區展望協會
84f7555f-a005-41c6-8915-1c2d50a3213b,1000大企業_良維科技股份有限公司,艾樂健有限公司附設嘉義縣私立樂健居家長照機構,居家服務,艾笛森光電股份有限公司
84986236-2614-4ccd-92b4-286c429420af,基金會_畢嘉士基金會,番路鄉逐鹿社區發展協會,巷弄長照站,畢嘉士基金會
c5633622-e25b-41e7-9b69-a7b43a80ab80,長照2.0服務資源_頂安診所,頂安診所,居家失能個案家庭醫師照護服務,頂安診所
bd657ccf-b178-463e-8e99-50f8f6c5ae23,長照2.0服務資源_財團法人中華民國佛教慈濟慈善事業基金會,財團法人中華民國佛教慈濟慈善事業基金會,個案管理服務,財團法人中華民國佛教慈濟慈善事業基金會
9e894773-c016-4a2e-ad82-890d98e6c2da,長照2.0服務資源_臺南市新營區姑爺里辦公處,臺南市新營區姑爺社區發展協會,巷弄長照站,臺南市新營區姑爺里辦公處
60072184-0e62-4f42-8cbb-bd27d948bdb6,長照2.0服務資源_臺南市新營區新東里辦公處,臺南市新營區新東社區發展協會,巷弄長照站,臺南市新營區新東里辦公處
52ed9944-01f4-4861-bf8a-49758cc80e2e,佳佳綜合長照機構_佳佳綜合長照機構,苗栗縣私立佳凰社區長照機構,家庭托顧服務(BC),佳凰社區長照機構
0bb1999f-ea51-4be9-9250-122f83209b9e,長照2.0服務資源_財團法人天主教曉明社會福利基金會,財團法人天主教德來會附設桃園市私立德來綜合長照機構,居家服務,天主教曉明社會福利基金會
140df994-8642-47e1-bf10-ac79ffba78c1,基金會_財團法人天主教曉明社會福利基金會,財團法人天主教德來會附設桃園市私立德來綜合長照機構,居家服務,天主教曉明社會福利基金會
9da4f258-caa3-4889-a11f-dd90522dfc86,長照2.0服務資源_台南市私立菩提林綜合長照機構,台南市私立祥允泰護理之家,喘息服務,菩提林綜合長照機構
6e6ef037-afcf-4153-8c42-9228944856d0,基金會_財團法人廖有章社會福利慈善基金會,財團法人平安社會福利慈善事業基金會附設澎湖縣私立平安白沙社區式服務類長期照顧服務機構,社區式,廖有章社會福利慈善基金會
24a1f95d-5823-4440-890c-0a149ad3a9d6,長照2.0服務資源_新竹縣知心會社區照顧關懷據點,新竹縣照顧服務人員協會,營養餐飲服務,知心會社區照顧關懷據點
529c76a8-1cad-4f05-9245-cbd18889b800,中彰投 基金會_奧莉赫慈善發展協會,臺中市太平區長億社區發展協會,居家服務,奧莉赫慈善發展協會
e62f4d07-eda3-4763-8d91-a17c86cc9481,長照2.0服務資源_屏基醫療財團法人屏東基督教醫院,屏基醫療財團法人屏東基督教醫院-屏東市A,居家服務,屏東基督教醫院
d2c79f26-e99f-4964-b7e0-397018ec705c,屏基醫療財團法人屏東基督教醫院(三地門鄉日照中心)_屏基醫療財團法人屏東基督教醫院(三地門鄉日照中心),屏基醫療財團法人屏東基督教醫院-屏東市A,居家服務,屏東基督教醫院
ced84efd-2d98-45fb-872b-eeaaeb3df51f,洗腎中心_屏東基督教醫院,屏基醫療財團法人屏東基督教醫院-屏東市A,居家服務,屏東基督教醫院
9b97574c-1798-4805-b3e0-f8bb134edef9,財團法人薛長興慈善文教基金會_財團法人薛長興慈善文教基金會,財團法人蘇天生文教基金會,個案管理服務,蘇天生文教基金會
26c90c1b-18f4-41ee-9ac7-900c5329d504,基金會_財團法人台灣省私立板信社會福利慈善事業基金會,財團法人台灣省私立永信社會福利基金會,巷弄長照站,台灣省私立金石醫療慈善基金會
a69f406c-b981-47fb-84f7-7e25f15bac1d,日照中心_慈慧居家式長照,慈愛居家護理所,專業照護服務,慈慧居家式長照
31a118c6-c2cc-48b1-94c6-72aaaccba014,長照2.0服務資源_屏東縣車城鄉興安社區發展協會,臺中市沙鹿區清泉社區發展協會,巷弄長照站,興安社區發展協會
c1e55d37-bd2a-4f7b-889c-0de8de59256c,台灣基督長老教會馬偕醫療財團法人新竹馬偕紀念醫院_台灣基督長老教會馬偕醫療財團法人新竹馬偕紀念醫院,台灣基督長老教會馬偕醫療財團法人附設臺北市私立大同昌吉社區長照機構,社區式,馬偕紀念醫院
b3625328-d661-4302-a458-9bdf048174ae,社團法人桃園市社會服務關懷協會_社團法人桃園市社會服務關懷協會,社團法人桃園市社會服務關懷協會附設桃園市私立愈安社區式服務類長期照顧服務機構,社區式,橘色科技照顧推廣協會
1f8c84c8-cd8a-4b2d-acd0-d7a49f401054,臺灣中華化學工業股份有限公司_臺灣中華化學工業股份有限公司,臺灣原住民族部落終身學習發展協會嘉蘭(社照C),巷弄長照站,臺灣原住民族部落終身學習發展協會
d505d6e0-9161-44ff-a3d2-9997fb06c511,天成醫院_天成醫院,天成醫院平鎮區,綜合式,天成醫院
2962df5d-3fc7-4609-9728-78b216a17576,天晟醫院_天晟醫院,天成醫院平鎮區,綜合式,天成醫院
b2b8287b-8707-4eb0-a73b-61d8422eefe5,洗腎中心_天成醫院,天成醫院平鎮區,綜合式,天成醫院
96a6581b-c93c-46ce-af6b-7f10040a025b,基金會_財團法人基督教都市人工作群社會福利事業基金會,財團法人基督教蘭恩文教基金會漁人(社照C),巷弄長照站,基督教都市人工作群社會福利事業基金會
30ce73bb-7340-4450-8ce7-69dea7de2bb3,基金會_財團法人蘭智社會福利基金會,財團法人蘭嶼部落文化基金會朗島(社照C),巷弄長照站,蘭智社會福利基金會
fb1d6379-ce85-4e20-b49a-0e44a84fec4b,基金會_財團法人英業達集團公益慈善基金會,財團法人苗栗縣私立海青老人養護中心,個案管理服務,英業達集團公益慈善基金會
edbecd7e-43bb-4a99-943b-9e618464bc2e,天成醫療社團法人天晟醫院_天成醫療社團法人天晟醫院,天成醫療社團法人天晟醫院中壢區,個案管理服務,天成醫療社團法人天晟醫院
4306c800-aabe-4716-8e97-a23947b4f2cf,長照2.0服務資源_天慈護理之家,天成醫療社團法人天晟醫院中壢區,個案管理服務,天成醫療社團法人天晟醫院
bddf63e4-40d9-4699-aec5-445a1768fd44,洗腎中心_財團法人同仁院萬華醫院,財團法人台灣聖公會牧愛堂,營養餐飲服務,同仁院萬華醫院
0efe87cb-73b6-4cd0-94c8-ccee4491ba3a,長照2.0服務資源_財團法人新竹縣天主教世光教養院(承辦新埔小規機服務中心),財團法人柴林腳教育基金會,營養餐飲服務,柴林腳教育基金會
330692c8-e283-415a-82a3-09d6b6e4684a,長照2.0服務資源_南投縣中寮鄉和興社區發展協會,嘉義縣中埔鄉和興社區發展協會,巷弄長照站,和興社區發展協會
a025df33-f04d-4ca2-aa20-dda2a0a53591,長照2.0服務資源_嘉義縣民雄鄉福興社區發展協會,嘉義縣民雄鄉文隆社區發展協會,巷弄長照站,嘉義縣民雄鄉福興社區發展協會
891a3882-d2d7-4019-9b7f-d39c028029b0,長照2.0服務資源_雲林縣林內鄉林中社區發展協會,雲林縣斗南鎮舊社社區發展協會,巷弄長照站,雲林縣林內鄉林中社區發展協會
1d46c12c-ffde-4f27-bbd3-1b996891786b,其他_馬仲租賃,馬仲小客車租賃有限公司,社區式交通接送服務(BD03),馬仲租賃
c494c5a1-0e00-4360-96fc-87baae3ac79c,嘉義縣新港鄉大潭社區發展協會_嘉義縣新港鄉大潭社區發展協會,嘉義縣新港鄉大潭社區發展協會,巷弄長照站,嘉義縣新港鄉大潭社區發展協會
b4d313ce-f827-4d0a-a5b0-efcb804cdb75,財團法人中華基督教福音信義傳道會_財團法人中華基督教福音信義傳道會,財團法人中華基督教福音信義傳道會-新社長青快樂學堂,個案管理服務,中華基督教福音信義傳道會
3e51be67-9f92-430c-8f85-7d4b5b77c1a7,財團法人中華基督教福音信義傳道會辦理信義長青快樂學堂_財團法人中華基督教福音信義傳道會辦理信義長青快樂學堂,財團法人中華基督教福音信義傳道會-新社長青快樂學堂,個案管理服務,中華基督教福音信義傳道會
d11712ad-09d0-4d0d-90d1-283bd462f058,長照2.0服務資源_台灣基督長老教會馬偕醫療財團法人新竹馬偕紀念醫院,台灣基督長老教會馬偕醫療財團法人淡水馬偕紀念醫院八里區龍源里(醫事C),巷弄長照站,新竹馬偕紀念醫院
9b9e8b67-a2bc-4597-94be-45f7b638777f,長照2.0服務資源_財團法人弘道老人福利基金會-新北服務處,財團法人弘道老人福利基金會-後龍社區照顧關懷據點,巷弄長照站,弘道老人福利基金會-總會
10a881be-46e5-4117-b6d6-c5b6e1e8803a,護理之家_享溫心護理之家,寬福護理之家蘆竹區,個案管理服務,寶仁護理之家
b15e08d6-e2aa-4e1d-8bc5-1becbf54ee9a,財團法人天主教社會慈善福利基金會_財團法人天主教社會慈善福利基金會,財團法人天主教社會慈善福利基金會,巷弄長照站,天主教社會慈善福利基金會
79337b34-c227-4b44-8c0e-56487033b13a,基金會_財團法人天主教社會慈善福利基金會,財團法人天主教社會慈善福利基金會,巷弄長照站,天主教社會慈善福利基金會
436f4146-cd26-4161-95e8-3b6faea887d2,社團法人中華民國紅十字會台灣省台中市支會_社團法人中華民國紅十字會台灣省台中市支會,社團法人中華民國紅十字會桃園市分會附設桃園市私立福喜緣社區長照機構,居家式,紅心字會
bbdaaff3-5cfc-486a-9ad0-4777dd1ac3f0,社團法人中華民國紅十字會台灣省新竹縣支會-新竹市_社團法人中華民國紅十字會台灣省新竹縣支會-新竹市,社團法人中華民國紅十字會桃園市分會附設桃園市私立福喜緣社區長照機構,居家式,紅心字會
fa80638e-9af3-4127-abe8-86c903a2e450,社團法人中華民國紅十字會台灣省新竹縣支會-新竹縣_社團法人中華民國紅十字會台灣省新竹縣支會-新竹縣,社團法人中華民國紅十字會桃園市分會附設桃園市私立福喜緣社區長照機構,居家式,紅心字會
7fb331ed-238c-4d1d-93e3-5973b3a33620,社團法人中華民國紅心字會_社團法人中華民國紅心字會,社團法人中華民國紅十字會桃園市分會附設桃園市私立福喜緣社區長照機構,居家式,紅心字會
5b591326-a3a1-4908-a85c-d8b560d5f80b,長照2.0服務資源_東城社區老來寶健康促進家園站,東明護理之家,喘息服務,東明護理之家
de36eb96-0f10-4548-a3a2-9f937f1e970a,100年宮廟_仁壽宮,仁堡護理之家,日間照顧服務(BB),仁壽宮
22efe11e-4471-4fdb-a970-afc25e6aa738,其他_五股建富,仁堡護理之家,日間照顧服務(BB),仁壽宮
a160859c-d3c6-46a7-8825-df13224f0641,其他_五股建富,仁堡護理之家,日間照顧服務(BB),仁壽宮
f8d545cf-34fd-49e6-9de4-bec9b05b7e53,洗腎中心_員林何醫院,員林何醫院(長照),交通接送服務(DA01),員林何醫院
08111214-70c9-4bc7-a4e3-e474ddb35b85,員林何醫院_員林何醫院,員林何醫院(長照),交通接送服務(DA01),員林何醫院
102bfd14-4fe7-4807-ba65-06a09f06ce89,員林匯豐_員林匯豐,員林何醫院(長照),交通接送服務(DA01),員林何醫院
4198a2cc-c20a-4618-a923-00f579880940,基金會_財團法人臺灣省私立鮑朝雲慈善事業基金會,財團法人臺灣省私立臺中仁愛之家附設彰化縣私立慈惠老人養護中心,喘息服務,臺灣省私立鮑朝雲慈善事業基金會
526e6ac6-39d5-41b8-a424-567bd3129f12,吉祥老人養護中心_吉祥老人,彰化縣私立吉祥老人養護中心,社區式,吉祥老人養護中心
c888f5a0-b35f-40d9-aa7b-a57c6b605ee9,財團法人華科事業群慈善基金會_財團法人華科事業群慈善基金會,財團法人彰化縣私立茉莉園社會福利慈善事業基金會附設彰化縣私立茉莉園老人長期照顧中心(養護型),交通接送服務,葳群公益慈善事業基金會
0246e11c-9617-447e-b2ae-246f44aac2f5,基金會_財團法人彰化縣私立葳群公益慈善事業基金會,財團法人彰化縣私立茉莉園社會福利慈善事業基金會附設彰化縣私立茉莉園老人長期照顧中心(養護型),交通接送服務,葳群公益慈善事業基金會
8fbefb81-9715-46f4-914a-1dcd4480837b,洗腎中心_傑安內科診所,健馨護理之家,喘息服務,傑安內科診所
783c72f1-f956-49d1-969f-74754edab2c9,財團法人柴林腳教育基金會_財團法人柴林腳教育基金會,財團法人桃園市亮詮公益慈善基金會,巷弄長照站,桃園市亮詮公益慈善基金會
5bed776b-63e1-4ff0-bfb4-e1a69e20b0e4,慈光護理之家_慈光護理之家,慈光護理之家,巷弄長照站,慈光護理之家
a5f78caf-97f1-448b-b254-5a52ac5e1f69,慈光護理之家附設日間照護_慈光護理之家附設日間照護,慈光護理之家,巷弄長照站,慈光護理之家
2823698b-2bc4-4ec8-8b18-4e145372547a,馨園護理之家_馨園護理之家,財團法人青山社會福利慈善事業基金會附設彰化縣私立銀彩社區式服務類長期照顧服務機構,社區式,馨園護理之家
009b59e8-3234-49ef-b7e1-ad63acc5c2e0,賴朝國議員服務處_賴朝國議員服務處,賴政光耳鼻喉科診所,居家失能個案家庭醫師照護服務,贏養食沛有限公司
d2349236-e982-432a-b770-a95640f4ce85,賴映儒家_賴映儒,賴政光耳鼻喉科診所,居家失能個案家庭醫師照護服務,贏養食沛有限公司
91b4b751-080c-4bde-8242-bba9f657550f,00基隆市_贏養食沛有限公司,賴政光耳鼻喉科診所,居家失能個案家庭醫師照護服務,贏養食沛有限公司
31cc812f-bb91-4230-9f26-3e0fce8d5e13,台中護理之家_台中護理之家,護康護理之家,巷弄長照站,台中護理之家
23862fc4-b367-4341-ae62-8308c94122ca,1000大企業_宜聯鋼鐵股份有限公司,宜禾診所,居家失能個案家庭醫師照護服務,宜聯鋼鐵股份有限公司
83868e2c-2f35-4557-a078-d8baaaf85e66,日照中心_寶山金鎮學堂,寶仁護理之家,喘息服務,寶山金鎮學堂
cd2d2afe-1fba-45df-9311-734c709ea21f,個人自用_雲林張先生,張仲達診所,居家失能個案家庭醫師照護服務,張先生
1fc3ee48-a092-4c43-b35f-e7ec1ba1fabd,個人自購_南澳張先生,張仲達診所,居家失能個案家庭醫師照護服務,張先生
df4bbc46-c2ae-4b7e-83bd-6b49ecfaad35,個人自購_張先生,張仲達診所,居家失能個案家庭醫師照護服務,張先生
57d16374-aedc-4dd0-bbd0-1a6cf6cb9b0e,TOYOTA_彰化,(臺北市C+)財團法人弘道老人福利基金會,巷弄長照站,彰化
0574fc01-e963-4b13-bde5-98d4fa5ab3e7,匯豐汽車_彰化,(臺北市C+)財團法人弘道老人福利基金會,巷弄長照站,彰化
153b1d79-87aa-4554-baa5-31f89fa3fa06,福特汽車_桃園經國,(臺北市C+)財團法人弘道老人福利基金會,巷弄長照站,彰化
0e50f5a6-c0a1-4c11-9c8e-a41b664a9026,福特汽車_桃園經國,(臺北市C+)財團法人弘道老人福利基金會,巷弄長照站,彰化
6c1cfe4c-9fb7-4fde-9ec2-a40c587affd3,福特汽車_桃園經國,(臺北市C+)財團法人弘道老人福利基金會,巷弄長照站,彰化
ab823c4c-aa26-4690-b777-372cd45aa85f,匯豐汽車_彰化,(臺北市C+)財團法人弘道老人福利基金會,巷弄長照站,彰化
1b570fcb-0761-4506-8315-86151470a787,彰化_彰化,(臺北市C+)財團法人弘道老人福利基金會,巷弄長照站,彰化
db984b7e-0de0-4a3d-967e-299e49f5a5ac,同仁醫院_同仁醫院,同仁醫療財團法人萬華醫院,專業照護服務,同仁醫院
5d007f77-0e3f-4300-9658-8c253f6a31e4,洗腎中心_同仁醫院,同仁醫療財團法人萬華醫院,專業照護服務,同仁醫院
3da0342c-e136-4aae-ba71-1c916df6d7a5,長照2.0服務資源_國立臺中科技大學老人服務事業管理系,國立臺灣大學醫學院附設醫院北護分院,個案管理服務,國立臺灣大學醫學院附設醫院北護分院
21bc5d86-66f2-400f-9816-df0d10709ca3,中彰投 安養機構_佳醫護理之家,佳醫護理之家,個案管理服務,佳醫護理之家
e17359de-d92f-4079-b370-d52ac254da13,長照2.0服務資源_苗栗縣大湖鄉靜湖社區發展協會,苗栗縣大湖鄉衛生所,個案管理服務,苗栗縣大湖鄉靜湖社區發展協會
d6f9e8f5-7569-41f7-8dce-a912693ac0e1,社團法人台灣愛鄰社區服務協會_社團法人台灣愛鄰社區服務協會,社團法人台灣愛鄰社區服務協會(信義區),營養餐飲服務,台灣我愛大寶貝慈善協會
adaa3b18-a518-4639-8276-f45149b9873d,彰化東明養護中心_彰化東明養護中心,玉樹診所,交通接送服務,玉樹診所
7764777b-3dc8-4e46-aeeb-fac887720c63,醫院_澄清醫院：平等院區,玉樹診所,交通接送服務,玉樹診所
436a3e09-d1af-4ea6-9b4d-a17d66c548f1,基金會_財團法人台南市私立吳珍長老社會福利慈善事業基金會,財團法人台南市基督教青年會社會福利慈善事業基金會附設臺南市私立東門身障社區長照機構,社區式,吳珍長老社會福利慈善事業基金會
05f7d08e-1527-4391-ad27-84c148eb1c00,潮州車站_潮州車站,澄歆居家護理所,專業照護服務,澄歆居家護理所
d91a6840-ee52-4fba-bc67-8e7f09abdea1,明德聯合診所_明德聯合診所,明德聯合診所,居家失能個案家庭醫師照護服務,明德聯合診所
bd0aa0c8-ca31-4964-8139-872e21f20544,洗腎中心_明德聯合診所,明德聯合診所,居家失能個案家庭醫師照護服務,明德聯合診所
bebf283c-6cda-4152-84dc-6e554cc4a46e,個人捐贈_劉銀惠,劉泰成診所,居家失能個案家庭醫師照護服務,劉銀惠
f366aa6e-f856-4500-b790-dbc39d0e9e58,洗腎中心_洪永祥診所,洪揚醫院附設護理之家,喘息服務,洪永祥診所
ad5b9b1e-2d40-4322-9236-c4c6ec4987ac,醫院_臺北榮民總醫院新竹分院,臺灣基督教門諾會醫療財團法人門諾醫院,居家服務,臺灣基督教門諾會醫療財團法人門諾醫院
f726fa20-60a4-4038-a31f-a3e5c1bdc036,基金會_財團法人雲林縣私立民眾服務社會福利慈善事業基金會,財團法人雙福社會褔利慈善事業基金會,交通接送服務,雲林縣私立民眾服務社會福利慈善事業基金會
6e4602cb-90e4-4afb-9c1d-0ac9ce911189,長照2.0服務資源_財團法人基督教中華協力會附設新竹市私立伯大尼老人養護中心,財團法人基督復臨安息日會台灣原住民教會雙崎教會,巷弄長照站,基督教中華協力會附設新竹市私立伯大尼老人養護中心
7ed76e22-2712-484c-b6af-7b07de2d13a0,展示廠_宗承福斯,宗展股份有限公司附設臺北市私立辰心居家長照機構,居家服務,宗承福斯
2c1923bd-e68a-4bd9-94db-6e399c510574,松竹福德祠_松竹福德祠,松鶴社區發展協會,巷弄長照站,松鶴社區發展協會
cebad3eb-3aeb-45cb-b42c-7ec3a5803765,洗腎_禾安診所,禾安診所,居家失能個案家庭醫師照護服務,禾安診所
ebe44d49-a883-4238-b006-93820acaf345,洗腎中心_福民內科診所,禾安診所,居家失能個案家庭醫師照護服務,禾安診所
8e1841a8-41cf-4981-8adb-7348db4c3f60,診所_禾安診所,禾安診所,居家失能個案家庭醫師照護服務,禾安診所
830602d6-fa4f-431e-8ce5-50af57c89ff5,基金會_財團法人許加紀念基金會,財團法人蘭嶼鄉部落文化基金會椰油(文健C),巷弄長照站,許加紀念基金會
63880bef-89f9-47da-b7a3-4e55a687188a,財團法人台中縣私立公老坪社會福利慈善基金會_財團法人台中縣私立公老坪社會福利慈善基金會,財團法人原鄉部落重建文教基金會新香蘭(文健C),巷弄長照站,博愛社會福利慈善事業基金會
08c2862c-2174-4271-ae9d-73f1ee4a1442,基金會_財團法人博幼社會福利基金會,財團法人原鄉部落重建文教基金會新香蘭(文健C),巷弄長照站,博愛社會福利慈善事業基金會
1dde9c32-5d92-4054-9a7a-42ff3fc36760,基金會_財團法人台中縣私立博愛社會福利慈善事業基金會,財團法人原鄉部落重建文教基金會新香蘭(文健C),巷弄長照站,博愛社會福利慈善事業基金會
21924089-165f-4be4-9c74-7e0578d724a7,長照2.0服務資源_花蓮縣後山人文發展協會,花蓮縣太魯閣社會關懷協會(克尼布教會),巷弄長照站,花蓮縣後山人文發展協會
f86cf1c9-04b7-4d2b-8b67-9978eb659e66,長照2.0服務資源_財團法人天主教會花蓮教區附設花蓮縣私立聲遠老人養護之家,財團法人天主教會花蓮教區附設花蓮縣私立聲遠老人養護之家,巷弄長照站,天主教會花蓮教區附設花蓮縣私立聲遠老人養護之家
635b7836-fa51-4f31-b80e-f8294a8d491b,財團法人天主教會花蓮教區附設花蓮縣私立聲遠老人養護之家_財團法人天主教會花蓮教區附設花蓮縣私立聲遠老人養護之家,財團法人天主教會花蓮教區附設花蓮縣私立聲遠老人養護之家,巷弄長照站,天主教會花蓮教區附設花蓮縣私立聲遠老人養護之家
9b10e314-bffe-4c53-b4ad-8abf5745c9c8,花蓮縣富里鄉衛生所附設居家護理所_花蓮縣富里鄉衛生所附設居家護理所,花蓮縣托瓦本全人關懷發展協會,巷弄長照站,花蓮縣托瓦本全人關懷發展協會
5dcdbf56-af2f-4e31-a631-a432fd7fb630,長照2.0服務資源_花蓮縣富里鄉衛生所附設居家護理所,花蓮縣太魯閣社會關懷協會,巷弄長照站,花蓮縣富里鄉衛生所附設居家護理所
05210b47-3794-4e08-9ff4-c7996cf2e8cc,長照2.0服務資源_花蓮縣卓溪鄉社區發展協會,花蓮縣卓溪鄉崙山社區發展協會,巷弄長照站,花蓮縣卓溪鄉社區發展協會
d87dbf6d-940b-4ecb-8407-d097dfb8c1ea,洗腎中心_高雄市立小港醫院,高雄市立小港醫院,巷弄長照站,高雄市立小港醫院
83d85c7e-d21a-4b9a-a00d-1d8a359a314f,醫院_高雄市立大同醫院,高雄市立小港醫院,巷弄長照站,高雄市立小港醫院
e991bc35-6944-4208-9f53-a63774e79019,屏東縣三地門鄉馬兒社區發展協會_屏東縣三地門鄉馬兒社區發展協會,屏東縣三地門鄉達瓦達旺部落人文關懷協會(達瓦旺文健站),巷弄長照站,屏東縣三地門鄉馬兒社區發展協會
f98c6e11-81e5-4dc6-abac-de00b6316ae0,醫院_國軍桃園總醫院附設民眾診療服務處,國軍桃園總醫院附設民眾診療服務處,個案管理服務,國軍桃園總醫院附設民眾診療服務處
d4a0792d-b51f-4197-b82e-e5b4a2e5e952,00維修-南區_春日老人照顧中心,新總爺護理之家,喘息服務,新總爺護理之家
592b1fd8-3638-4b64-821b-f45d676e6c76,長照2.0服務資源_財團法人天主教耶穌會新竹社會服務中心,財團法人天主教耶穌會新竹社會服務中心(社區式服務交通接送),交通接送服務,天主教耶穌會新竹社會服務中心
1f3d9b86-43bc-43eb-a90e-d51ca7366f5a,財團法人天主教耶穌會新竹社會服務中心_財團法人天主教耶穌會新竹社會服務中心,財團法人天主教耶穌會新竹社會服務中心(社區式服務交通接送),交通接送服務,天主教耶穌會新竹社會服務中心
aafb0055-3ab7-4300-8c6a-1616bbf5c45f,長照2.0服務資源_財團法人天主教聖母聖心會(萬華小德蘭堂),財團法人天主教臺南市私立德蘭啟智中心,巷弄長照站,天主教聖母聖心會(萬華小德蘭堂)
c1dec328-36ca-424c-bc30-ad21bd74e73a,00維修-中區_南投老五老,南投縣魚池鄉邵族文化發展協會伊達邵文化健康站,巷弄長照站,南投老五老
13a850ce-843c-4dba-a7f5-656f0f0553db,00維修-中區_南投老五老,南投縣魚池鄉邵族文化發展協會伊達邵文化健康站,巷弄長照站,南投老五老
aafbfb14-65a5-4ec4-962b-1c64a75726fd,基金會_財團法人台灣兒童暨家庭扶助基金會嘉義分事務所,財團法人台灣基督長老教會泰雅爾中會碧候教會(碧候文化健康站),巷弄長照站,台灣時報社會服務基金會
8dae89c0-9cdd-454d-b9bd-17096069dc0e,洗腎中心_財團法人天主教聖功醫院,財團法人天主教聖心基金會,巷弄長照站,天主教聖功醫院
478272b5-40ad-4687-a0e6-93176a8382da,100年宮廟_馬鳴山鎮安宮,馬遠成診所,居家失能個案家庭醫師照護服務,馬鳴山鎮安宮
76c45042-260b-4dfc-b34f-935138506c89,醫院_吉安醫院,嘉義市西區鳳梨會社社區發展協會,巷弄長照站,嘉義慶昇醫院
a9d86edb-9d3f-4035-a483-044db6a2c639,縣市政府_台東縣政府社會處,嘉義市國華杏福檜樂福利協會,巷弄長照站,嘉義市政府
7b60f7d9-4b5d-4420-86cc-4b4e203dec2f,基金會_財團法人雲林縣私立長春社會福利基金會,財團法人雲林縣私立同仁仁愛之家,營養餐飲服務,雲林縣私立長春社會福利基金會
4d79d25d-54f4-4a2c-9bcc-95b295afb8f4,日照中心_原動力托老中心,原力復健科診所,25.0269737244,原動力托老中心
0ba6822b-0a12-4414-8d90-f1dd2c4ffdfc,100年宮廟_開化寺,開元護理之家,喘息服務,開化寺
6040a28b-a35c-4a6c-9222-1c22ef3d3de3,長照2.0服務資源_花蓮縣原住民新部落發展協會-佳民據點,花蓮縣卓溪鄉衛生所,居家失能個案家庭醫師照護服務,花蓮縣原住民新部落發展協會
59bb4b04-cbba-4480-b7b6-30a82d30b8a6,花蓮縣後山人文發展協會_花蓮縣後山人文發展協會,花蓮縣新城鄉衛生所,居家失能個案家庭醫師照護服務,花蓮縣新城鄉衛生所
2e51e3c3-fd7b-4c96-be19-388aa2c45446,長照2.0服務資源_花蓮縣新城鄉衛生所,花蓮縣新城鄉衛生所,居家失能個案家庭醫師照護服務,花蓮縣新城鄉衛生所
6f2d9ed3-ba99-4f01-ac79-a1147a204afd,洗腎中心_中庚診所,中心診所,居家失能個案家庭醫師照護服務,中心診所
1926a11c-0125-4184-a67b-a7a42e372edc,1000大企業_尚多企業股份有限公司,尙語身心診所,居家失能個案家庭醫師照護服務,尚多企業股份有限公司
56092d4f-8326-495e-b016-e3ac2f440ac4,1000大企業_儒億科技股份有限公司,億安診所,居家失能個案家庭醫師照護服務,儒鴻企業股份有限公司
99dc68d6-2a4c-421f-b3e8-4ce4b8cee219,康寧醫療財團法人康寧醫院_康寧醫療財團法人康寧醫院,康德診所,居家失能個案家庭醫師照護服務,康德診所
e9ddb98a-095a-4b3e-85d3-bbab434c9529,1000大企業_富味鄉食品股份有限公司,富原診所,居家失能個案家庭醫師照護服務,富味鄉食品股份有限公司
2a28e3b1-424e-4584-b097-230becb967d7,00維修北（新竹以北）_泰安診所,泰千診所,居家失能個案家庭醫師照護服務,泰安診所
9dc42fc0-b55a-4d20-a33b-a2e9e4ef01f4,長照2.0服務資源_敦仁診所附設居家護理所,敦仁診所,居家失能個案家庭醫師照護服務,敦仁診所附設居家護理所
80a4ab72-8684-44b9-935e-22e5e2ee90b6,100年宮廟_龍山寺-台北市,龍和診所,居家失能個案家庭醫師照護服務,龍山寺
387a5e21-7cb1-4dc1-81c5-bac4e6221830,100年宮廟_龍山寺-台南市,龍和診所,居家失能個案家庭醫師照護服務,龍山寺
d873166d-f923-4925-887c-3c35d994b62c,100年宮廟_龍山寺-彰化縣,龍和診所,居家失能個案家庭醫師照護服務,龍山寺
1b424d29-38c8-4b40-bf5d-58525e3da0e6,100年宮廟_龍山寺-新北市,龍和診所,居家失能個案家庭醫師照護服務,龍山寺
b32abd65-cdd1-4ae8-a336-8d99124d60ba,廟宇_頂泰山巖,龍和診所,居家失能個案家庭醫師照護服務,龍山寺
7e174637-fe47-428f-bde3-d400e006f3fd,1000大企業_華亞科技股份有限公司,菩心居家護理所,個案管理服務,華亞科技股份有限公司
3942d26f-59b8-4594-8a58-d7177237367d,洗腎_安慎診所,安慎診所,個案管理服務,安慎診所
5dd1bfc4-85dc-4d09-8d60-8abba4a9c30d,洗腎中心_安慎診所,安慎診所,個案管理服務,安慎診所
1f8cf6b4-2996-443d-ac10-a35351add9a3,洗腎中心_門諾會醫院,長鴻診所,居家失能個案家庭醫師照護服務,門諾會醫院
048af5a7-15ae-4f59-8126-a95fa4d08338,羅東青商會_羅東青商會,羅興邦家庭醫學科診所,居家失能個案家庭醫師照護服務,羅興邦家庭醫學科診所
6551ef70-2d61-4d31-bf82-f6432c551467,100年宮廟_長福巖,長益長照事業有限公司附設臺南市私立長益居家長照機構,輔具及居家無障礙環境改善服務,長福巖
e88503b4-5fdd-47be-b885-804b71619bdc,100年宮廟_福仁宮,禎祿診所,居家失能個案家庭醫師照護服務,福仁宮
58bfb91a-98b7-4a23-96a1-5e354787a86b,廟宇_福泰宮,福氣銀髮事業有限公司附設私立福氣居家長照機構,居家服務,福泰宮
92743fe6-8432-4b1c-89ca-7baf5ae75c0b,台南長照_宏瑋養護院,臺南市私立宏瑋養護院,喘息服務,宏瑋養護院
8b2a1476-90f5-431c-be99-b078016085af,洗腎中心_元林診所,元成診所,居家失能個案家庭醫師照護服務,元林診所
fc293a66-f821-4044-93c5-e5ff285c73a5,復健機構_衛生福利部桃園療養院附設康復之家,衛生福利部朴子醫院附設社區長照機構,社區式,桃園療養院附設康復之家
cde98f9d-17b1-439b-8c3f-773ddfc88d5d,社團法人花蓮縣老人暨家庭關懷協會_社團法人花蓮縣老人暨家庭關懷協會,社團法人花蓮縣老人暨家庭關懷協會,交通接送服務,花蓮縣老人暨家庭關懷協會
f83ddaad-9593-46c4-82be-fb359387e0c5,復健機構_大道診所,大道診所,居家失能個案家庭醫師照護服務,大道診所
30917fd0-7c33-4f2f-9a0c-d8ecbe14de94,復健機構_臺中榮民總醫院嘉義分院附設住宿型機構,臺中榮民總醫院嘉義分院-中庄,巷弄長照站,嘉義分院附設住宿型機構
499eef35-5dac-41cb-840a-0cd7aa9acb0e,洗腎中心_彰化基督教醫院,彰化基督教醫療財團法人二林基督教醫院(大城鄉老人文康中心),巷弄長照站,彰化基督教醫院
7280f5ad-ac59-4fed-a9bf-1e4b2bcefaa4,00維修-中區_彰化基督教醫院,彰化基督教醫療財團法人二林基督教醫院(大城鄉老人文康中心),巷弄長照站,彰化基督教醫院
432e77b5-e098-4775-ad2d-7dccd1fa5b49,00維修-中區_彰化基督教醫院,彰化基督教醫療財團法人二林基督教醫院(大城鄉老人文康中心),巷弄長照站,彰化基督教醫院
a38adcab-eb8b-4cc7-ba1b-5ecc9add3161,00維修-中區_彰化基督教醫院,彰化基督教醫療財團法人二林基督教醫院(大城鄉老人文康中心),巷弄長照站,彰化基督教醫院
059646f6-9def-4c80-9d22-ea4a078c1570,洗腎中心_財團法人彰濱秀傳紀念醫院,彰濱秀傳紀念醫院(伸港鄉七嘉村),巷弄長照站,彰濱秀傳紀念醫院
dae2db55-8ce4-4b6f-9f63-7e8d9275090c,財團法人彰化縣私立鹿港金長順泉郊慈善基金會_財團法人彰化縣私立鹿港金長順泉郊慈善基金會,彰濱秀傳紀念醫院(伸港鄉七嘉村),巷弄長照站,彰濱秀傳紀念醫院
4c7e0348-f044-4eec-90c3-f9e9dc503760,南投縣脊髓損傷者協會_南投縣脊髓損傷者協會,社團法人南投縣脊髓損傷者協會,社區式交通接送服務(BD03),南投縣脊髓損傷者協會
b915b922-f8dc-4729-98ac-53ca0714dd20,脊髓損傷協會_中華民國脊髓損傷者聯合會,社團法人南投縣脊髓損傷者協會,社區式交通接送服務(BD03),南投縣脊髓損傷者協會
38f755e2-44e6-4ec4-a95d-9c8a0601acc1,1000大企業_東鋼鋼結構股份有限公司,東華醫院,交通接送服務(DA01),東鋼鋼結構股份有限公司
009a6a47-82a2-4ee9-bd73-911cd397d90d,交通接送單位_財團法人愚人之友社會福利慈善事業基金會,財團法人愚人之友社會福利慈善事業基金會,個案管理服務,愚人之友社會福利慈善事業基金會
d8756da3-b4c5-4f6d-a7af-20c40172a629,交通接送單位_財團法人愚人之友社會福利慈善事業基金會,財團法人愚人之友社會福利慈善事業基金會,個案管理服務,愚人之友社會福利慈善事業基金會
acb151ea-f1f3-4799-ba07-b026d38247c1,交通接送單位_財團法人愚人之友社會福利慈善事業基金會,財團法人愚人之友社會福利慈善事業基金會,個案管理服務,愚人之友社會福利慈善事業基金會
359e3b04-5d1a-4bdb-bb8a-43f31ca38bf7,基金會_財團法人愚人之友社會福利慈善事業基金會,財團法人愚人之友社會福利慈善事業基金會,個案管理服務,愚人之友社會福利慈善事業基金會
00914ef5-06ce-453f-b744-2c78c3e313d0,安養機構_彰化老人養護中心,衛生福利部彰化老人養護中心,日間照顧服務(BB),彰化老人養護中心
576e92ef-cf3f-437b-9dfd-a0924ae9b15c,00維修-南區_屏東萬丹紅日照,屏東縣麟洛鄉麟頂社區發展協會,巷弄長照站,屏東翊莘居家
6cfc2f40-8dbb-4034-9467-be461d3464a6,日照中心_愛活樂園日間照顧中心,愛欣診所,居家失能個案家庭醫師照護服務,愛活樂園日間照顧中心
8d2b368a-213b-45d0-9650-74d1a3bfd699,長照2.0服務資源_南投縣信義鄉原住民生活美學協會,南投縣原住民生活美學協會,巷弄長照站,原住民生活美學協會
edbe95f2-7c56-4c14-9d9a-3407da4efe5c,鄞山寺_鄞山寺,鄭建輝婦產科診所,居家失能個案家庭醫師照護服務,鄭建輝婦產科診所
04d09f63-0003-438e-842e-b2189ef40d7e,基金會_財團法人廣源慈善基金會,財團法人平安社會福利慈善事業基金會附設澎湖縣私立馬公社區式服務類長期照顧服務機構,社區式,廣源慈善基金會
1df927c4-dc90-4621-b2c0-4c3ff398dfe9,長照2.0服務資源_新竹縣蒲公英關懷弱勢權益促進協會,新竹縣竹東鎮軟橋社區發展協會,巷弄長照站,蒲公英關懷弱勢權益促進協會
59e47c7a-a16c-4c26-8d4f-df2767f6f785,日照中心_官田日間照顧中心,宗詰診所,居家失能個案家庭醫師照護服務,官田日間照顧中心
346a7ef4-dd37-482a-ba08-926add7160dd,長照2.0服務資源_恆基醫療財團法人恆春基督教醫院,恆基醫療財團法人恆春基督教醫院,專業照護服務,恆基醫療財團法人恆春基督教醫院
bfd4dedf-de1e-4930-9f0d-4fbbbfb07019,醫院_彰化基督教醫院雲林分院,恆基醫療財團法人恆春基督教醫院,專業照護服務,恆基醫療財團法人恆春基督教醫院
ff55d50c-ceb2-48f6-b58f-86b173ac5ba2,洗腎中心_衛生福利部朴子醫院,衛生福利部旗山醫院居家式服務類長期照顧服務機構,居家服務,朴子醫院
58657ce9-2748-448c-b45c-44553d13ffe4,長照2.0服務資源_花蓮縣光復鄉衛生所附設居家護理所,花蓮縣光復鄉衛生所,個案管理服務,花蓮縣光復鄉衛生所附設居家護理所
cf08eee1-125c-476a-8d2a-c93d8e2d6f96,謝豐隆._謝豐隆,元培健康診所,居家失能個案家庭醫師照護服務,元大證券
0159ae1f-7c0e-4d0d-b345-6153d89f965b,auto_auto,吳震世診所,營養餐飲服務,吳震世診所
74a53714-7823-4b4f-b073-0b190ad7c0b1,長照2.0服務資源_台灣健康社區自主發展協會,台灣促進社會發展協會附設高雄市私立以安居家長照機構,居家服務,台灣健康社區自主發展協會
56584a92-81ba-4c31-9d73-1bdc38aa1aad,1000大企業_朝友工業股份有限公司,有限責任高雄市興義照顧服務勞動合作社附設高雄市私立陽明居家式服務類長期照顧服務機構,居家服務,朝友工業股份有限公司
d387f76e-fd50-4b6f-b938-7eb711b37925,1000大企業_聯德電子股份有限公司-嘉義,聯心診所,居家失能個案家庭醫師照護服務,聯成化學科技股份有限公司
35d58e05-ac55-45eb-a843-381a224e8791,1000大企業_元山科技工業股份有限公司,元愷有限公司附設臺北市私立安愷居家長照機構,居家服務,元晶太陽能科技股份有限公司
9615fe14-b227-4e7e-974b-634d23fa6e4f,長照2.0服務資源_彰化基督教醫療財團法人鹿港基督教醫院,彰化基督教醫療財團法人雲林基督教醫院(西螺鎮福田里醫事C),巷弄長照站,鹿港基督教醫院
63286581-78cb-4853-bce9-52b42e358234,1000大企業_慧友電子股份有限公司,慕姸居家護理所,居家失能個案家庭醫師照護服務,慧友電子股份有限公司
831795b1-6d1a-4345-bd19-0d48016d51a7,基金會_財團法人張雲罔雀慈善事業基金會,財團法人弘道老人福利基金會附設高雄市私立弘道居家式服務類長期照顧服務機構,居家服務,張雲罔雀慈善事業基金會
ec042a49-64ad-4db0-9462-db01a3fa034e,100年宮廟_朝元宮,有限責任高雄市至上照顧服務勞動合作社附設高雄市私立至上居家長照機構,居家服務,朝元宮
55c232ed-9590-4694-a763-daab74d4667d,1000大企業_德寶光學儀器股份有限公司,德宥福祉事業有限公司高雄市私立德宥居家長照機構,居家服務,德寶光學儀器股份有限公司
c2db277d-9284-4c7c-aba1-3c86b70b6902,長照2.0服務資源_戴德森醫療財團法人嘉義基督教醫院-祈樂園,戴德森醫療財團法人嘉義基督教醫院-營養餐飲,營養餐飲服務,戴德森醫療財團法人嘉義基督教醫院-祈樂園
fda803cd-c82a-4de0-a3fe-5bbe0e4c3f8c,1000大企業_嘉澤端子工業股份有限公司,嘉樂泰千診所,居家失能個案家庭醫師照護服務,嘉澤端子工業股份有限公司
8ed656a3-c191-42aa-95d9-679d9f45f66c,長照2.0服務資源_真善美長照,真善美診所(屏東縣),居家失能個案家庭醫師照護服務,真善美長照
d363b58c-9ddc-4008-a02c-5e424fc7240d,洗腎中心_上安診所,上好診所,居家失能個案家庭醫師照護服務,上安診所
2cbf0a51-e6d0-43be-9e28-023aca2827c3,00維修-南區_共樂居家護理所,共樂居家護理所,個案管理服務,共樂居家護理所
c4b45ff8-71bc-4630-b616-ec0bf868fa5c,00維修-中區_黃國昌,黃啓明診所,居家失能個案家庭醫師照護服務,黃國昌
c69f52b5-b902-4b06-bb4f-675c0ea0990a,1000大企業_大田精密股份有限公司,大瑩長照服務股份有限公司附設彰化縣私立秀家人居家長照機構,居家服務,大田精密股份有限公司
7cc95bc9-5eea-42bb-bd71-a1123b81b057,洗腎中心_陳相國聯合診所,陳相國聯合診所,居家失能個案家庭醫師照護服務,陳相國聯合診所
68612739-983a-49e5-9498-9575c0c5d9ba,基金會_財團法人忠義社會福利事業基金會,財團法人志浩慈善基金會(社照C),巷弄長照站,忠義社會福利事業基金會
74d4afa3-ccac-4843-9133-4c119eeaa8ad,社團法人中華培愛全人關懷協會_社團法人中華培愛全人關懷協會,社團法人中華培愛全人關懷協會中華培愛全人關懷協會(社照C),巷弄長照站,中華培愛全人關懷協會
cd820f40-17a8-4bca-9cf1-a87d7f0845cf,新北市新莊區牡丹心社區發展協會_新北市新莊區牡丹心社區發展協會,新北市新莊區牡丹心社區發展協會-新莊雙鳳據點(社照C),營養餐飲服務,板橋區大後埔文化關懷協進會
80b6308f-dd93-48e8-9ea8-21711f20d287,三元宮。_三元宮。,(巷弄長照站臨托)社團法人中華民國五福社會服務協會,社區式,三合利計程車客運有限公司
2b9275ee-515d-4790-85a2-f7486ced6519,全翔_全翔,臺南市私立全能居家長照機構,居家服務,全能居家長照機構
4c26f204-ca56-4449-8049-4a3b8495d7b6,供應商_永立汽車,永益診所,居家失能個案家庭醫師照護服務,永立汽車百貨
776affeb-9fd8-4f8c-a1ac-32273d308ffe,00維修-中區_好伴照顧協會,奕雄診所,居家失能個案家庭醫師照護服務,好伴照顧協會
9cb9152f-7757-4b89-b976-9f576f3dc8dd,00維修-中區_好伴照顧協會,奕雄診所,居家失能個案家庭醫師照護服務,好伴照顧協會
9a5ba53b-55a9-4d45-9e9c-4647e84e6304,基金會_安道基金會,安行國際租賃有限公司,交通接送服務,安道基金會
ec8138dc-2437-4184-b45c-ce459a4c6aed,維修客戶_安道基金會,安行國際租賃有限公司,交通接送服務,安道基金會
9d0d92e2-82c3-4791-a381-a75782fd5e19,交通接送單位_新媳婦關懷協會,晁翊行動服務有限公司,交通接送服務(DA01),晁翊行動服務有限公司
a5b7698c-6c64-4ea1-8c41-336c9f33f3f9,1000大企業_崑洲實業股份有限公司,崇祐護理之家,喘息服務,崑洲實業股份有限公司
da0e6de4-fae1-40cd-934b-f4e6d8cd5b75,洗腎中心_尚群診所,尚毅牙醫診所(民強站醫事C),巷弄長照站,尚群診所
40b7159b-1c0c-4fe5-b3e2-4f75d48607bb,店仔街福德宮_店仔街福德宮,臺南市私立府前社區長照機構,社區式,府前社區長照機構
94f11c5a-8538-4b31-8d6f-16515ff01da7,長照2.0服務資源_府前社區長照機構,臺南市私立府前社區長照機構,社區式,府前社區長照機構
a055daed-b9e1-41c8-83f5-07c70d181c42,社團法人臺南市新營區民榮社區發展協會_社團法人臺南市新營區民榮社區發展協會,社團法人臺南市東山區高原社區發展協會,巷弄長照站,臺南市灣港照顧關懷協會
065171d3-92d2-4ef2-84a1-3222f24f6c8b,租賃_嘉義伯捷租賃,嘉澤居家長照有限公司附設嘉義市私立嘉澤居家長照機構,居家服務,嘉義伯捷租賃
2d9e4fff-8bb0-4310-ac4e-e5a39cf828ff,台中安養機構_永安護理之家,永安健康事業有限公司附設雲林縣私立永安居家長照機構,居家服務,永安護理之家
2ab83616-1efc-4f25-8489-741b61f512e2,南投永安護理之家_南投永安護理之家,永安健康事業有限公司附設雲林縣私立永安居家長照機構,居家服務,永安護理之家
690c134c-f5a3-441a-a0fa-4334a8108e85,蔗廍社區發展協會_蔗廍社區發展協會,臺中市大肚區萬興社區發展協會,巷弄長照站,蔗廍社區發展協會
1bfb488b-42a6-415b-879c-8e53647624b8,台中市議員羅廷瑋服務處_台中市議員羅廷瑋服務處,台中市黎明城鄉發展協會,巷弄長照站,台中市黎明城鄉發展協會
4755aab7-50fd-4d68-8de8-7961d900e6ac,洗腎中心_文賢內科診所,文華耳鼻喉科診所,居家失能個案家庭醫師照護服務,文雄醫院
7a211edc-e91f-449b-883d-69c3de402c80,台北青商會_台北青商會,青年診所,綜合式,青商會
50aba0c5-0ce9-4b7e-ac31-24b21509d0ed,青商會_一德青商會,青年診所,綜合式,青商會
69fa01d2-ec6b-4661-8b0f-f54c855ebb72,青商會_二林青商會,青年診所,綜合式,青商會
70557ded-acd7-4a73-b343-eee9a4467200,青商會_八德青商會,青年診所,綜合式,青商會
b0b496e2-aafc-4fe4-b595-eeb36070a40f,青商會_力行青商會,青年診所,綜合式,青商會
8164e1df-a5e6-48b3-b55a-d81ac521a152,青商會_三重青商會,青年診所,綜合式,青商會
e5be2444-c0c6-4cae-9309-a07f8ca5afb0,青商會_土城青商會,青年診所,綜合式,青商會
7bd6f80b-58cc-4f7e-8ba5-8b24947f0ec1,青商會_士林青商會,青年診所,綜合式,青商會
b8abe812-e1dc-421b-99cb-675a1f60a01b,青商會_大同青商會,青年診所,綜合式,青商會
d4a917ca-6923-44ae-8adb-b08ae0a746e1,青商會_大園青商會,青年診所,綜合式,青商會
59bbe8e8-8727-46bd-81ef-683922430263,青商會_大墩青商會,青年診所,綜合式,青商會
c76d2eca-b709-4707-b17a-c57c35a50a04,青商會_大崗山青商會,青年診所,綜合式,青商會
ba433a86-9c92-40e6-bcf2-b329b98b4662,青商會_大彰青商會,青年診所,綜合式,青商會
3013a3a1-9dfc-45cb-90f5-685381dd7237,青商會_大松山青商會,青年診所,綜合式,青商會
baa5dead-63d6-4ca5-84e2-e168fd056c2e,青商會_大林青商會,青年診所,綜合式,青商會
bc157918-5388-4d08-85d7-c412abf0e2ef,青商會_大甲青商會,青年診所,綜合式,青商會
a4671a75-b3da-4ea7-8a75-359e3e5f365e,青商會_大里青商會,青年診所,綜合式,青商會
ae5a6181-9744-418c-bc48-adeefa52c4fa,青商會_大雅青商會,青年診所,綜合式,青商會
0f1a1beb-0a49-4f1a-85e6-9a2f7407640c,青商會_山城青商會,青年診所,綜合式,青商會
e5a5c77b-6e30-4735-a75e-f54b51fed99b,青商會_中友青商會,青年診所,綜合式,青商會
519f011a-af25-4654-ade4-3e4472b365b9,青商會_中和青商會,青年診所,綜合式,青商會
625abe5b-5f99-4a4f-afbd-e470dacb412c,青商會_中壢青商會,青年診所,綜合式,青商會
efd98f45-f2e3-4c2f-9de1-607bbeb89b97,青商會_中山青商會,青年診所,綜合式,青商會
133892ca-907e-4aab-b446-18a3f5f73030,青商會_中正青商會,青年診所,綜合式,青商會
bc4bb000-f6d8-4664-8230-c1f0108ad5bd,青商會_五股青商會,青年診所,綜合式,青商會
78ed63a3-27b9-4cc3-b7ef-079ccde7b106,青商會_仁德青商會,青年診所,綜合式,青商會
bce1e0dc-8fd8-4196-b8b9-f5d11bc9d0e6,青商會_太平女青商會,青年診所,綜合式,青商會
9455df94-bfa1-4236-be12-9317a1fe68d8,青商會_太平青商會,青年診所,綜合式,青商會
75370b31-a700-4a57-b0d2-8f8f5cd10190,青商會_太陽城青商會,青年診所,綜合式,青商會
ec6d95e3-3b9b-4f8d-8206-9b2723844160,青商會_文化城青商會,青年診所,綜合式,青商會
c113ac8a-6acf-4510-aa28-eb499937a4e4,青商會_文山青商會,青年診所,綜合式,青商會
69629ad6-a218-44c4-94ad-3d3122deb5a9,青商會_文心青商會,青年診所,綜合式,青商會
b6c97811-57da-450b-b8dd-872ee1b9dc46,青商會_水里青商會,青年診所,綜合式,青商會
d4747c0f-b915-46fe-8b76-b73e7c5927e8,青商會_北投青商會,青年診所,綜合式,青商會
7fc0fd0c-67cc-49b2-8e51-4cc7e2abf6c9,青商會_北斗青商會,青年診所,綜合式,青商會
24640e65-5475-4201-9f47-cb985bf502a8,青商會_北港青商會,青年診所,綜合式,青商會
193fe007-b4c5-48c0-baae-54c27be5d089,青商會_半屏山青商會,青年診所,綜合式,青商會
a8141d2a-9a27-433f-a868-58cf84e6c7f0,青商會_古都青商會,青年診所,綜合式,青商會
51528c2b-873c-4ed4-b289-73edd8d96555,青商會_台中女青商會,青年診所,綜合式,青商會
fde1f5b8-2f8b-4ead-9f7e-b9e0b7123163,青商會_台中港青商會,青年診所,綜合式,青商會
06afa358-2fa8-4ae8-b093-9930b521c245,青商會_台中青商會,青年診所,綜合式,青商會
fc890e18-d0d9-4cf0-bda3-2c463bc8327b,青商會_台北女青商會,青年診所,綜合式,青商會
ce6a10f4-7162-445a-be72-7e6b1f257d32,青商會_台北青商會,青年診所,綜合式,青商會
adc41dc3-79ef-4e9f-ad75-3ed01bca9ac6,青商會_台南女青商會,青年診所,綜合式,青商會
e5be6786-ac5a-40bf-a383-08839a52dfb5,青商會_台南青商會,青年診所,綜合式,青商會
444fd362-221a-407c-9c18-1d54560082cf,青商會_台東青商會,青年診所,綜合式,青商會
c6291f9d-7963-4ca6-97ca-eaeb5e97356d,青商會_四海青商會,青年診所,綜合式,青商會
80f79790-1e8c-4276-a495-09fb3afdfebe,青商會_四維青商會,青年診所,綜合式,青商會
2ebe8b6d-ae60-432c-b6e4-a33910967fdc,青商會_外埔青商會,青年診所,綜合式,青商會
60cc9b7a-eccd-4d81-bbc4-42abfafbc5ad,青商會_巨港青商會,青年診所,綜合式,青商會
2f653b5f-32ab-4d1f-8c3f-f4b76fb9e222,青商會_左營青商會,青年診所,綜合式,青商會
e70842e6-3add-495a-96de-d43f25d3bbc1,青商會_平鎮青商會,青年診所,綜合式,青商會
491ac3d7-747c-4b37-8566-bec98350f450,青商會_民雄青商會,青年診所,綜合式,青商會
8776ad4c-3e76-4dcc-a4b6-7f72231bbe32,青商會_永和青商會,青年診所,綜合式,青商會
7b3b8e42-859b-4dfc-bc5a-c3b9a85d970d,青商會_永康青商會,青年診所,綜合式,青商會
d385d906-a294-421b-8b82-0e2399313a5d,青商會_玉山青商會,青年診所,綜合式,青商會
9b7c1841-6f8b-4011-b19b-e68ad83da17e,青商會_田中青商會,青年診所,綜合式,青商會
ebb00bd3-c748-4b43-891d-745188dde342,青商會_立人青商會,青年診所,綜合式,青商會
3fba7904-19c1-4232-b12e-9d35313dd569,青商會_名間青商會,青年診所,綜合式,青商會
8bbfd8e5-870d-4754-871c-1cfc71cf1cdf,青商會_合作青商會,青年診所,綜合式,青商會
060eacaa-b057-4ee9-9fd8-42e31171e93e,青商會_后里青商會,青年診所,綜合式,青商會
3b42cf3b-1ad5-47a1-adfb-cd39c7da5d14,青商會_安南青商會,青年診所,綜合式,青商會
1ca1a39c-ee23-432e-b636-e751f0d1351b,青商會_成功青商會,青年診所,綜合式,青商會
7558bbc0-58d8-49fa-8ce2-51a0e5397898,青商會_汐止青商會,青年診所,綜合式,青商會
a97defe5-f079-4fd2-8ffb-e1f287ebf94c,青商會_汐科青商會,青年診所,綜合式,青商會
62cf136e-23db-4777-b038-2909f4998402,青商會_竹北青商會,青年診所,綜合式,青商會
348517d7-5989-471e-9a6f-cc6e1988dfbf,青商會_竹山青商會,青年診所,綜合式,青商會
a108996d-9f0e-4a16-915a-052d3c68eed3,青商會_竹東青商會,青年診所,綜合式,青商會
4dfd1da8-479e-43a1-b463-7e338b582966,青商會_西子灣青商會,青年診所,綜合式,青商會
5e1637b5-6665-4587-aca9-a9cc4b1070aa,青商會_西螺青商會,青年診所,綜合式,青商會
e922e925-2ca3-465d-8c7f-e1fd01b9d0ba,青商會_沙鹿青商會,青年診所,綜合式,青商會
4770d5b2-b00a-407d-baac-0814c486c24f,青商會_亞哥青商會,青年診所,綜合式,青商會
addd2f43-219e-4d29-a313-02948864e636,青商會_和美青商會,青年診所,綜合式,青商會
78bb00e6-e19e-40fc-a8a0-60fe26cc8603,青商會_宜蘭青商會,青年診所,綜合式,青商會
bbcc61dd-c04a-4206-bdc0-1858dbf29bee,青商會_岡山青商會,青年診所,綜合式,青商會
7549dd84-7eb3-4b39-ab94-89fba8c02226,青商會_府城青商會,青年診所,綜合式,青商會
3183d191-710b-421e-a34c-4c6f0506088f,青商會_東勢青商會,青年診所,綜合式,青商會
b71c79a3-87ad-4264-839c-f57d19a3fdfc,青商會_東港青商會,青年診所,綜合式,青商會
e88d6d7d-26db-484b-ae49-b4193b06491d,青商會_花壇青商會,青年診所,綜合式,青商會
a3a6f00a-7726-4db7-94c8-4ed9d4aa9a42,青商會_花蓮青商會,青年診所,綜合式,青商會
9c556db9-2a0b-44f7-a403-1805febbd542,青商會_虎尾青商會,青年診所,綜合式,青商會
77387334-64f6-40ec-823b-3e04e9102090,青商會_虎頭山青商會,青年診所,綜合式,青商會
7e0c7b4c-68c3-4ae5-a0b9-f3ca42690c73,青商會_金城青商會,青年診所,綜合式,青商會
ff85a328-4f9e-47cc-8617-853bd32c363e,青商會_金山青商會,青年診所,綜合式,青商會
fa4688ca-586a-47c4-b879-b3ae344447a2,青商會_金門青商會,青年診所,綜合式,青商會
b781fea5-461c-42f3-9d63-ab92b40cd342,青商會_長春青商會,青年診所,綜合式,青商會
0deeee0f-78a7-4026-8286-76dab66c5c1a,青商會_阿公店青商會,青年診所,綜合式,青商會
a8372bb5-24bb-4220-9061-049926f3d8a8,青商會_雨港青商會,青年診所,綜合式,青商會
88a30731-4bdd-4577-b00b-cd098bb06f3d,青商會_青商會三峽,青年診所,綜合式,青商會
41708641-c7dc-495c-8b4d-2dd116a4113e,青商會_青商會板橋,青年診所,綜合式,青商會
959054c1-9154-4b1b-8fa1-ba0aa4518dc9,青商會_南崗青商會,青年診所,綜合式,青商會
71b8a426-b37a-4ded-8705-3992bc099d8c,青商會_南投女青商會,青年診所,綜合式,青商會
2681b29b-e224-4b54-b078-1588dcbd1343,青商會_南投青商會,青年診所,綜合式,青商會
4d3b18bc-79fd-474a-965a-85cc20bee1e8,青商會_南星青商會,青年診所,綜合式,青商會
f775b78b-86d1-4d30-a0b8-e832e4def9a5,青商會_南科青商會,青年診所,綜合式,青商會
f26eff11-d053-41eb-8bc7-172b2c397286,青商會_城中青商會,青年診所,綜合式,青商會
e2810937-f0c0-4a67-8b19-1494c9d6e05a,青商會_屏東青商會,青年診所,綜合式,青商會
029d8987-1704-4514-b372-13a2df77f034,青商會_春秋閣青商會,青年診所,綜合式,青商會
85e325c5-dc6c-4b26-bbcc-6e67c24ccfeb,青商會_苗栗青商會,青年診所,綜合式,青商會
7a68892f-d615-4f99-89f1-464163f4df4d,青商會_風城青商會,青年診所,綜合式,青商會
08a37dfc-773e-4ae7-8691-6bcd2874b22f,青商會_首府青商會,青年診所,綜合式,青商會
72117560-32c6-49b3-b264-06769aa94d6f,青商會_員林青商會,青年診所,綜合式,青商會
332e0649-6694-4e72-8bf8-71cc0066dc07,青商會_埔心青商會,青年診所,綜合式,青商會
4858a871-211f-44cf-9038-9fa3e74cfc25,青商會_埔里青商會,青年診所,綜合式,青商會
68079427-4ff5-472a-91c0-b7e003e1d7d8,青商會_柴山青商會,青年診所,綜合式,青商會
544b30af-8748-4d3a-9945-38943641c041,青商會_桃園女青商會,青年診所,綜合式,青商會
8fff8063-f997-48f0-97d7-2996ccd37e86,青商會_桃園青商會,青年診所,綜合式,青商會
d580cab7-5aee-4e48-aeec-823d71a41c46,青商會_泰山青商會,青年診所,綜合式,青商會
d1533a13-3ab0-4de7-830f-e2b080247a74,青商會_神岡青商會,青年診所,綜合式,青商會
97a1f8c0-8d58-474f-9044-994389a09267,青商會_草屯青商會,青年診所,綜合式,青商會
32ca0406-5a45-455c-9b40-3adf4199d416,青商會_高都青商會,青年診所,綜合式,青商會
5fc8bec3-2278-4629-858f-c711461a253f,青商會_高雄女青商會,青年診所,綜合式,青商會
e5587efe-fedc-48c2-8bce-7b49dde9ae8c,青商會_高雄青商會,青年診所,綜合式,青商會
4953748d-7a26-4c86-997f-b42aadc27981,青商會_基隆青商會,青年診所,綜合式,青商會
07c0c03c-ce7a-4ca7-940a-421b6647fc0c,青商會_梧棲青商會,青年診所,綜合式,青商會
f153c32a-75ac-464e-8e65-4c57bac8e7b7,青商會_淡水青商會,青年診所,綜合式,青商會
901e9a60-e295-4a16-a59d-81835ee1755e,青商會_鹿港青商會,青年診所,綜合式,青商會
a3500c24-25c3-4b28-b056-db55ce465c70,青商會_博愛青商會,青年診所,綜合式,青商會
f796a01a-8af9-4f10-8dea-548f84545445,青商會_湖口青商會,青年診所,綜合式,青商會
c9d47076-efb6-4f0a-8317-5b029bc6c486,青商會_菁英青商會,青年診所,綜合式,青商會
5fe7271d-bd0c-4e8d-95c5-d1e9d160d80d,青商會_陽明山青商會,青年診所,綜合式,青商會
f4986583-7195-4125-aca7-084b4d92193b,青商會_雲林青商會,青年診所,綜合式,青商會
e3620761-f0b3-476a-a228-52babc9a835e,青商會_新化青商會,青年診所,綜合式,青商會
c282b878-2c77-40c1-ba39-007d4afcb9f8,青商會_新北青商會,青年診所,綜合式,青商會
7609ccef-f56a-40da-ac6d-03dea1d4de23,青商會_新店青商會,青年診所,綜合式,青商會
6270b3f6-3946-446a-b8f1-f400b7020ea6,青商會_新營青商會,青年診所,綜合式,青商會
395212a3-44f2-4cc5-ae3a-cf634c36c309,青商會_新竹女青商會,青年診所,綜合式,青商會
73a14df5-b446-4633-b9c3-cd22fe28d5a0,青商會_新竹青商會,青年診所,綜合式,青商會
5ae3a3c9-a975-40ad-a323-d7714d1bfe20,青商會_新莊青商會,青年診所,綜合式,青商會
ac097e8c-2eeb-49fc-ab8c-86a69420318f,青商會_楊梅青商會,青年診所,綜合式,青商會
3c10c574-437f-40fd-991f-25b216dd03fa,青商會_嘉義青商會,青年診所,綜合式,青商會
7aff24a8-254f-49b6-9a81-66bae6532402,青商會_彰化青商會,青年診所,綜合式,青商會
d5931312-9a3b-4906-a843-fdb1060b2cd9,青商會_漯底山青商會,青年診所,綜合式,青商會
69171ae1-dde1-4e2a-859e-3b16ef538fcd,青商會_鳳凰城青商會,青年診所,綜合式,青商會
178a5fff-1853-448a-93b5-919663f6ea0e,青商會_鳳山青商會,青年診所,綜合式,青商會
c4ed6228-9ed5-4b3c-86d7-f1435d4dec59,青商會_潭子青商會,青年診所,綜合式,青商會
9617bcba-02aa-4e5c-88ac-15cbbcc316f1,青商會_潮州青商會,青年診所,綜合式,青商會
d1891b9f-d7c1-48aa-823c-d068b7da4da7,青商會_澎湖青商會,青年診所,綜合式,青商會
a4f9dbbc-3aec-4e8a-ab65-acb5086c5561,青商會_樹林青商會,青年診所,綜合式,青商會
5db4e9ea-add1-4882-b512-f6744df6c2ab,青商會_橋頭青商會,青年診所,綜合式,青商會
a86da88d-3a0a-4535-a17e-748a9864899e,青商會_頭份青商會,青年診所,綜合式,青商會
b5a4d870-d5df-490f-a3c8-478e22d5a6cb,青商會_頭城青商會,青年診所,綜合式,青商會
0f37b24b-cdf0-453b-b57f-46642c3971a3,青商會_龍井青商會,青年診所,綜合式,青商會
73b02a3b-2b8d-4986-9750-790e6ed7e191,青商會_龍山青商會,青年診所,綜合式,青商會
e2fc1454-73c2-4b70-baa3-c76e923ba408,青商會_豐原青商會,青年診所,綜合式,青商會
2614622e-24a9-4ec9-9c00-f2e0887c00d5,青商會_雙和青商會,青年診所,綜合式,青商會
7e437aae-05bd-4810-a1a5-3c9f9bdde691,青商會_雞籠山青商會,青年診所,綜合式,青商會
1672f8be-9e01-4a58-bf3f-da108e60d74e,青商會_羅東青商會,青年診所,綜合式,青商會
e4bc77d7-d6dd-4b83-87ae-3c75c2b696c0,青商會_霧峰青商會,青年診所,綜合式,青商會
48d55e03-5759-4e7c-afb9-d97d55cd6843,青商會_蘆洲青商會,青年診所,綜合式,青商會
4083b9ee-a118-4b28-a30c-2a46dac2ac30,青商會_蘇澳港青商會,青年診所,綜合式,青商會
07064a54-4ef5-497e-9874-5195f8c13f5b,青商會_鶯歌青商會,青年診所,綜合式,青商會
d714228b-0a18-476f-a347-9cf97db0f09b,青商會_莿桐青商會,青年診所,綜合式,青商會
be5d397d-7906-43d1-94ae-6d885f14a5b6,青商會三峽_青商會三峽,青年診所,綜合式,青商會
14b37519-5809-4cc3-8a17-773ce4f29c8f,青商會板橋_青商會板橋,青年診所,綜合式,青商會
ba3c4b97-40c3-4ea0-83a1-e59ed1c571c1,青山宮_青山宮,青年診所,綜合式,青商會
34139b29-fe1f-4215-bb73-e759039b4d6d,青年體驗園區_桃園青年體驗園區,青年診所,綜合式,青商會
e1c3ed29-9e7e-40f7-b585-4f55bcca88fa,彰化青商會_彰化青商會,青年診所,綜合式,青商會
0de9b693-6e41-4cee-a204-36246f656a8f,新北育成-板橋_新北育成-板橋,青年診所,綜合式,青商會
f65fc932-b653-4f33-860e-2fcbc437c9dd,青松健康_中清綜合長照機構,青年診所,綜合式,青商會
a52f99b9-7019-49bf-9c53-da840158414f,青松健康_東栄綜合長照機構,青年診所,綜合式,青商會
a9afd5a9-a3e1-4393-900a-719e54ac6057,洗腎中心_國泰綜合醫院汐止分院,國民小兒科診所,居家失能個案家庭醫師照護服務,國泰綜合醫院汐止分院
6577c70c-8f65-4a94-b3fb-05cd9117e620,欣禾診所_欣禾診所,欣診所,居家失能個案家庭醫師照護服務,欣診所
84f9855e-68c8-4909-ae02-8cf616cede0b,醫院_恆基醫療財團法人恆春基督教醫院,戴德森醫療財團法人嘉義基督教醫院,專業照護服務,戴德森醫療財團法人嘉義基督教醫院
fa826b3f-3cdf-4376-97b1-752afb39046c,長照2.0服務資源_衛生福利部嘉義醫院,衛生福利部嘉義醫院,個案管理服務,衛生福利部嘉義醫院
ca190244-8bde-4b48-8a7c-994abc67e018,長照2.0服務資源_臺中榮民總醫院嘉義分院,臺中市龍井區田中社區發展協會,巷弄長照站,嘉義分院
f8fbcace-075a-46e8-bfb0-d06f33e96465,基金會_財團法人台中市私立大同社會福利慈善事業基金會,財團法人台中市私立宏恩社會福利慈善基金會,巷弄長照站,台中市私立天生慈益基金會
8867246c-5614-4007-af12-c84c5bd98cbf,長照2.0服務資源_臺南市北區成功社區發展協會,臺中市大肚區大肚社區發展協會,巷弄長照站,成功社區發展協會
5f148447-884d-4262-b3bd-b72da8dc7ef2,台北市監理所_台北市監理所,嘉義市東區頂庄社區發展協會,社區式交通接送服務(BD03),監理所
d781546c-565c-4ff8-9ded-81f242a41475,台北監理所_台北監理所,嘉義市東區頂庄社區發展協會,社區式交通接送服務(BD03),監理所
4fa10853-c413-4b4a-973d-5a1cecbbc66a,彰化監理所_彰化監理所,嘉義市東區頂庄社區發展協會,社區式交通接送服務(BD03),監理所
8acd9a81-1ecd-4ba8-b455-176b7f923f82,新竹市樂齡健康促進協會_新竹市樂齡健康促進協會,嘉義市東區頂庄社區發展協會,社區式交通接送服務(BD03),監理所
0e933e66-6179-4b0c-be9e-8cd1a2e33f3e,日照中心_人瑞家園,人欣健康事業有限公司附設新竹縣私立德善居家長照機構,居家服務,人瑞家園
4c75078e-8a3e-45de-8a2f-0e38d967b0b9,基金會_財團法人南投縣私立傑瑞社會福利基金會,財團法人南投縣私立南投仁愛之家,交通接送服務(DA01),南投縣私立劉秀忍社會福利基金會
8ef8d2a0-b637-4504-ad97-df97643a5df0,洪瑋玲_洪瑋玲,洪清中兒科診所,個案管理服務,洪石數位生活股份有限公司
327894e0-b67c-43cd-b7b6-9e1b2660291e,洗腎中心_仁濟醫院,仁祥診所,居家失能個案家庭醫師照護服務,仁祥診所
9a7be62d-674c-4637-8579-0a2f4c505fb7,洗腎中心_衛生福利部屏東醫院,衛生福利部屏東醫院,居家失能個案家庭醫師照護服務,屏東醫院
895f2879-e8ab-4e49-9547-fc1b086375f5,長照2.0服務資源_民眾醫院,民眾醫院,居家失能個案家庭醫師照護服務,民眾醫院
d6664bd3-88d8-4fb3-8a06-e1c35f5dee29,租賃_太豐交通有限公司,太舜健康產業股份有限公司附設雲林縣私立太舜居家長照機構(A級單位西螺區),個案管理服務,太豐交通有限公司
679a6a0f-4bfd-42b7-9ac4-a9afbd0d9521,中彰投 安養機構_華穗護理之家,華生光實業股份有限公司附設高雄市私立德貴綜合長照機構,綜合式,華穗護理之家
c2bd59ef-1b3b-4f34-a36f-106abbffd4a7,日照中心_幸福日間照顧中心,幸福居家護理所,交通接送服務,幸福日間照顧中心
3055b9ca-fcda-4120-8d5f-73b25d1ff35f,洗腎中心_員美診所,員郭醫療社團法人員郭醫院,交通接送服務(DA01),員美診所
21f4f130-cb44-4298-82ee-721a6d6fc63a,1000大企業_智易科技股份有限公司,智慧長照有限公司附設臺北市私立愛關懷居家長照機構,居家服務,智易科技股份有限公司
ec8d1ff0-6332-40eb-a51c-27fd75ee18c7,晶豪科技股份有限公司_晶豪科技股份有限公司,雲林縣私立晶鈿社區長照機構,家庭托顧服務(BC),晶鈿社區長照機構
b89a4b9c-0c7b-49a5-a092-8071027175fd,社團法人苗栗縣銀髮族照顧協會_社團法人苗栗縣銀髮族照顧協會,社團法人苗栗縣銀髮族照顧協會(頭份A),個案管理服務,苗栗縣銀髮族照顧協會
de470fd6-73ed-4854-bbbe-d58225694785,長照2.0服務資源_蘭潭家福護理之家,蘭平長照社團法人三希堂綜合長照機構(頭份A),個案管理服務,蘭潭家福護理之家
b1487573-4882-4e1a-bb69-9d79ea5c513c,日照中心_蘭湖日間照顧中心,蘭平長照社團法人三希堂綜合長照機構(竹南A),個案管理服務,蘭湖日間照顧中心
11483c8a-3475-4a11-bcb7-a0cbc3d38ce7,安養機構_台中久立居家護理所(居家服務),大吉長期照顧服務有限公司附設高雄市私立大吉社區(日間照顧)長照機構,社區式,大同公托中心
98fda5e3-4e93-435a-9b8a-e450c614bb60,基金會_財團法人台南市私立基督教青年會社會福利慈善事業基金會,財團法人台南市基督教青年會社會福利慈善事業基金會,個案管理服務,基督教青年會社會福利慈善事業基金會
17cc71f6-a7f1-4b13-9b41-d2502d4bccdf,長照2.0服務資源_社團法人中華民國五福社會服務協會,(交通接送)社團法人中華民國五福社會服務協會,交通接送服務,社團法人中華民國五福社會服務協會
f35dc845-ded7-4281-b707-030dbd79d0fb,基金會_財團法人彰化縣私立茉莉園社會福利慈善事業基金會,財團法人彰化縣私立茉莉園社會福利慈善事業基金會,交通接送服務,茉莉園社會福利慈善事業基金會
8d428605-c1e4-4829-9841-bb13c21435ec,日照中心_宏鑫老人長期照顧中心,高雄市私立宏鑫老人長期照顧中心（養護型）,喘息服務,宏鑫老人長期照顧中心
c08cbdbf-4c20-4d49-ac69-77db12a4e7d9,宏遠興業股份有限公司_宏遠興業股份有限公司,高雄市私立宏鑫老人長期照顧中心（養護型）,喘息服務,宏鑫老人長期照顧中心
9437f0f8-518b-4595-8d01-4be246e3c5b0,天主教若瑟醫療財團法人若瑟醫院_天主教若瑟醫療財團法人若瑟醫院,天主教若瑟醫療財團法人若瑟醫院,到宅沐浴車服務,天主教若瑟醫療財團法人若瑟醫院
d0a47782-07bf-4d89-8462-e0aa1990cf79,醫院_天主教若瑟醫療財團法人若瑟醫院,天主教若瑟醫療財團法人若瑟醫院,到宅沐浴車服務,天主教若瑟醫療財團法人若瑟醫院
6737c6ca-e1ca-426e-a85e-b1548221844d,脊髓損傷協會_嘉義縣脊髓損傷者協會,基隆市立醫院附設護理之家,喘息服務,基隆市脊髓損傷者協會
acf22cbe-6016-4d48-9a61-7de1b4f25d61,基金會_財團法人開證上人紀念慈善基金會,財團法人門諾社會福利慈善事業基金會附設花蓮縣私立壽豐社區長照機構,社區式,開證上人紀念慈善基金會
bee3df01-1d4c-41c2-9c69-ca38165f7606,00維修北（新竹以北）_寬福護理之家,寬福護理之家,到宅沐浴車服務,寬福護理之家
22ae1bd1-7c12-44c5-8e50-32b3328a9c2e,00維修北（新竹以北）_寬福護理之家,寬福護理之家,到宅沐浴車服務,寬福護理之家
34764f96-96ef-4ea6-a00f-32df45d982de,安養機構_大林老人養護中心,寬福護理之家,到宅沐浴車服務,寬福護理之家
fabeb98f-fb43-414a-9f6e-8a55e642b5e9,長照2.0服務資源_寬福護理之家,寬福護理之家,到宅沐浴車服務,寬福護理之家
66f795d8-a97d-4e2e-a90a-59cac784c710,日照中心_土庫樂活日間照顧中心,基隆市立醫院居家式服務類長期照顧服務機構,居家服務,基隆市立醫院附設日照中心
ffd376c8-0ca6-4b42-98ea-bd227bb2cb48,100年宮廟_朝天堂,有限責任高雄市銓寶照顧服務勞動合作社附設高雄市私立銓寶居家長照機構,居家服務,朝天堂
85f00f4d-0a5b-4612-be76-2c700b8c0047,洗腎中心_高新醫院,高揚威家醫科診所(社區式服務交通接送),社區式交通接送服務(BD03),高新醫院
42807c87-c629-4217-964f-05652d3d56d7,洗腎中心_立安診所,立榕國際有限公司,交通接送服務(DA01),立福內科診所
9edafb49-ff42-4ca2-b7cd-3f8d9c9241cd,00維修-中區_台灣家安,台灣好客來交通有限公司,交通接送服務,台灣家安
83c7ec4c-c849-481c-8fb2-92e99a11c10e,00維修-中區_台灣家安,台灣好客來交通有限公司,交通接送服務,台灣家安
6b1f020b-10dd-43c3-9e74-2f4e4a711127,社團法人南投縣中寮鄉龍眼林福利協會_社團法人南投縣中寮鄉龍眼林福利協會,社團法人南投縣中寮鄉龍眼林福利協會,交通接送服務(DA01),南投縣中寮鄉龍眼林福利協會
63fabba2-5d2d-4a45-a4cc-576cc2790b5b,租賃_駿德,中化銀髮事業股份有限公司附設臺北市私立中化銀髮居家式服務類長期照顧服務機構,居家服務,中南海小客車租賃有限公司
602ee0ed-1131-4fa7-9fd6-f0f7f280f2ac,00維修-中區_南投縣慈慧善行協會,社團法人南投縣慈慧善行協會,營養餐飲服務,南投縣慈慧善行協會
d388b071-2217-4b7b-b9f2-f8b580eddbba,長照2.0服務資源_經立老人長期照顧中心,屏東縣私立經立老人長期照顧中心(養護型),交通接送服務(DA01),經立老人長期照顧中心
de1cd66a-9c17-4348-84e4-36d9419a2969,經立老人長期照顧中心_經立老人長期照顧中心,屏東縣私立經立老人長期照顧中心(養護型),交通接送服務(DA01),經立老人長期照顧中心
495c1188-8757-4150-81a4-86080e798892,經立老人長期照顧中心_經立老人長期照顧中心,屏東縣私立經立老人長期照顧中心(養護型),交通接送服務(DA01),經立老人長期照顧中心
139bd930-6aaf-409d-9d3c-862810532b25,經立老人長期照顧中心_經立老人長期照顧中心,屏東縣私立經立老人長期照顧中心(養護型),交通接送服務(DA01),經立老人長期照顧中心
882c1313-59f7-456e-8c38-aa4a9bb909ab,長照2.0服務資源_安秀長照社團法人附設台南市私立安秀綜合長照機構,屏東縣私立宜家老人長期照顧中心(養護型),輔具及居家無障礙環境改善服務,宜家老人長期照顧中心
da03b610-bd1f-4319-bb45-041bf1b19484,100年宮廟_東獄廟-宜蘭市,東港護理之家,喘息服務,東獄廟
222ef604-929a-4a1d-bbea-d53e09e069f8,1000大企業_大連化學股份有限公司,大豐護理之家,喘息服務,大連化學股份有限公司
df53df97-7fe3-4522-98f7-4ed44faae230,復健機構_心園康復之家,德逸護理之家,喘息服務,心園康復之家
3162285a-1326-4dd9-8c28-f65ab19b08e6,00維修-南區_行政院國軍退除役官兵輔導委員會台南榮譽國民之家,衛生福利部恆春旅遊醫院附設社區長照機構,社區式,旗山醫院
0c39cd7d-904c-4f49-87b4-6e26e3f51fa7,1000大企業_台灣明尼蘇達礦業製造股份有限公司,台灣愛馨家全人關懷協會附設屏東縣私立愛馨家居家長照機構,居家服務,台灣明尼蘇達礦業製造股份有限公司
09934574-d509-4b84-87fd-3df81f65e863,租賃_小驢駒新莊,小驢駒小客車租賃有限公司(臺北市),社區式交通接送服務(BD03),小驢駒新莊
e83d15f4-ad7d-415d-9b3f-efa5fc36c753,交通接送單位_首都客運,駿德租賃有限公司,交通接送服務,駿德租賃有限公司
bf6be331-6cf9-4863-b374-f4f1ddc38162,交通接送單位_首都客運,駿德租賃有限公司,交通接送服務,駿德租賃有限公司
faa1bc58-1bcc-492a-869b-a3e481bc8839,洗腎中心_育恩診所,育安居家護理所,專業照護服務,育恩診所
89cfb76a-67af-4902-aed8-4b2956370680,雲林縣私立孝親園社區長照機構_456152,雲林縣私立孝親園社區長照機構,社區式,孝親園社區長照機構
efd4fe33-054f-4330-8b13-2cc881f070ad,1000大企業_中國化學製藥股份有限公司,中國醫藥大學北港附設醫院(水林鄉海埔村醫事C),巷弄長照站,中國鋼鐵結構股份有限公司
ca81e53b-9167-431d-9673-9bb3c0f70a13,洗腎中心_惠川醫院,惠宏藥局(斗南鎮西岐里醫事C),巷弄長照站,惠川醫院
eb6116e4-02af-4647-a255-ff8c19e3328f,長照2.0服務資源_安泰醫院社團法人安泰醫院,安生醫院附設護理之家(古坑東和村醫事C),巷弄長照站,安益居家護理所
14f82e8f-96ef-486b-a91c-c5f0691fbcee,洗腎中心_枋寮醫院,枋寮醫療社團法人附設枋醫居家護理所,專業照護服務,枋寮醫院
2b3dc6dd-4806-439d-bfe0-aca69a153872,長照2.0服務資源_臺北市梘尾關懷互助協會,台北市梘尾關懷互助協會,巷弄長照站,梘尾關懷互助協會
c4ca993c-04e2-462b-ae48-1a5c5b43b773,臺北市梘尾關懷互助協會_臺北市梘尾關懷互助協會,台北市梘尾關懷互助協會,巷弄長照站,梘尾關懷互助協會
7935e799-1d61-4d2b-b7ef-4d5b3376360b,江先生_江,江耳鼻喉科診所,居家失能個案家庭醫師照護服務,江耳鼻喉科診所
263c626c-586a-4edb-8d63-b96a8c513645,洗腎中心_郵政醫院,郭綜合醫院附設居家護理所,專業照護服務,郵政醫院
cef6c131-32ad-40b3-ac30-b387bb71e59c,100年宮廟_北極玄天宮,北港家源藥局,巷弄長照站,北港朝天宮
eccc5703-a19f-472a-9dc6-aba1a3eb5874,其他_勁好央租賃,勵昱管理顧問股份有限公司附設南投縣私立勵昱居家長照機構,居家服務,勵鑫公司
4e377140-a191-426c-b31b-da97dedfc8c2,台南市東區後甲社區發展協會(後甲社區關懷據點)_台南市東區後甲社區發展協會(後甲社區關懷據點),新竹縣關西鎮下橫坑文化產業發展協會,巷弄長照站,東光社區發展協會
43e81458-d3e9-4ee5-bfb2-fcf431aa92ce,長照2.0服務資源_台南市東區東光社區發展協會(東光社區日托站),新竹縣關西鎮下橫坑文化產業發展協會,巷弄長照站,東光社區發展協會
09de9f8d-dbb6-4303-945e-2e254fe855d6,長照2.0服務資源_南投縣魚池鄉東光社區發展協會(魚池東光活力站),新竹縣關西鎮下橫坑文化產業發展協會,巷弄長照站,東光社區發展協會
78865dd3-3c5c-4adb-98e8-4edd9f1b3174,洗腎中心_台灣基督教長老教會-麻豆區,台灣在地安老推展協會(淡水埤島站)(社照C),巷弄長照站,台灣基督教長老教會-麻豆區
dd17eb74-90b2-4fe3-b65d-d593509dad42,醫院_醫療財團法人辜公亮基金會和信治癌中心醫院,長宸護理之家,喘息服務,長庚林口
2f4e1030-85cc-4eb7-8d5b-f4b5664ac37f,社團法人桃園市濟世功德協進會_社團法人桃園市濟世功德協進會,社團法人桃園市濟世功德協進會,居家服務,桃園市照顧服務協進會
ea179213-da68-476f-8ba6-ad1221068fc9,長照2.0服務資源_新竹縣湖口老人會,新竹縣橫山鄉福興社區發展協會,巷弄長照站,湖口老人會
6e411cc6-fc4e-4f0b-b676-0726af3c38ae,安養機構_幼安教養院,幸運草居家護理所,喘息服務,幼安教養院
58371f26-a3bf-41a6-b05f-a140c7ff184f,長照2.0服務資源_財團法人新北市基督徒五股禮拜堂,財團法人新北市新莊基督教後港主恩教會(社照C),巷弄長照站,新北市私立新希望基金會
77447454-cfeb-45dc-85a8-868905583f73,長照2.0服務資源_屏東縣東港鎮下廍社區發展協會,屏東縣杜君英社區關懷協會(中林教會),巷弄長照站,下廍社區發展協會
cfe079e0-2086-45ed-8948-c3eea189a746,長照2.0服務資源_屏東縣屏東市崇蘭社區發展協會,屏東縣屏東市大湖社區發展協會,巷弄長照站,崇蘭社區發展協會
dd4e0bd3-0d59-4715-b5c7-3c3437c699ec,屏東縣屏東市崇蘭社區發展協會_屏東縣屏東市崇蘭社區發展協會,屏東縣屏東市大湖社區發展協會,巷弄長照站,崇蘭社區發展協會
85e85430-0fbf-406c-8348-37dbc2020fb0,臺中市石岡區龍興社區發展協會_臺中市石岡區龍興社區發展協會,高雄市大樹區興田社區發展協會,巷弄長照站,大社社區發展協會
1dfd5fc3-c8fb-40b7-8e8d-d4b4cb8c3ad7,基金會_財團法人張玲玉社會福利慈善事業基金會,財團法人弘道老人福利基金會附設臺北市私立西松社區長照機構,營養餐飲服務,張玲玉社會福利慈善事業基金會
c9fe25b2-bccb-45a1-a3e4-6ff5d312eb69,1000大企業_頻光半導體股份有限公司,頭城診所,居家失能個案家庭醫師照護服務,頻光半導體股份有限公司
743ea1a8-bd4c-4a32-abc2-b1f4ac3d920b,100年宮廟_興隆淨寺,芊潁顧問有限公司附設臺北市私立芊潁居家長照機構,居家服務,芝山岩惠濟宮
387b5962-e1fb-4285-b2b5-2262a1eca239,1000大企業_精成科技股份有限公司,粱耳鼻喉科診所,居家失能個案家庭醫師照護服務,精成科技股份有限公司
079dcd76-0a6a-4c81-bed5-24416a6e04f8,福安宮-新北市_福安宮-新北市,嘉義縣私立祥賀老人長期照顧中心（養護型）,社區式,福安社區長照機構
06aa6dda-22d2-487e-9372-1773f4a92076,怡仁居日間照顧中心_怡仁居日間照顧中心,怡仁綜合醫院,居家失能個案家庭醫師照護服務,怡仁綜合醫院
671112f2-cdcf-4bb3-a7c8-92cddf5eabca,洗腎中心_怡仁綜合醫院,怡仁綜合醫院,居家失能個案家庭醫師照護服務,怡仁綜合醫院
cfed1db7-9075-4b19-811b-2e6a56faecb5,基金會_財團法人台南市私立中山社會福利慈善事業基金會,財團法人台南市基督教青年會社會福利慈善事業基金會附設私立協進居家長照機構,居家服務,中山社會福利慈善事業基金會
09ec0b27-b9e4-470b-9d35-dbc1872e76f3,復健機構_臺北榮民總醫院員山分院附設鑄夢別苑康復之家,臺北榮民總醫院員山分院附設護理之家(提供日間照顧服務),社區式交通接送服務(BD03),員山分院附設鑄夢別苑康復之家
690952c0-cd09-4d15-b15c-4fbe3c7eef0e,100年宮廟_朝興宮,有限責任高雄市麗眾照顧服務勞動合作社私立麗眾居家長照機構,居家服務,朝興宮
804826dc-422d-4da7-90a3-9cd456b67edf,中彰投 宮廟_沙鹿 朝興宮,有限責任高雄市麗眾照顧服務勞動合作社私立麗眾居家長照機構,居家服務,朝興宮
b4f66e55-4216-4e27-902d-694c243b97a0,基金會_財團法人台北市聖道基金會,財團法人台北市聖佳蘭先開懷社會福利慈善基金會,巷弄長照站,聖道基金會
40b9f2cc-e658-4520-8b84-3e05d7784ecb,1000大企業_台灣通用器材股份有限公司,台灣迦美福音傳播協會,巷弄長照站,台灣通用器材股份有限公司
85d917f3-e0f3-4f20-ba57-f3af5dee8d87,廟宇_松山奉天宮,松山區建源社區發展協會,巷弄長照站,松山奉天宮
5260f80a-b910-4e18-90f0-d615288295ef,1000大企業_泰山企業股份有限公司,泰安診所,居家失能個案家庭醫師照護服務,泰山企業股份有限公司
5de02aed-3748-4072-bdf3-3fa0ba1f7be3,00維修-南區_倫達交通有限公司,倫達交通有限公司,社區式交通接送服務(BD03),倫達交通有限公司
d5b1b4b5-2efc-4efd-8df5-2a1cd9b7b9ef,安馨大溪診所_安馨大溪診所,臺南市私立安馨居家長照機構,居家服務,安馨居家長照機構
a866ab07-24c2-4cfa-995a-563ba859d00d,洗腎中心_嘉恩診所,嘉安藥局-C巷弄長照站,巷弄長照站,嘉恩診所
e9e18ea6-6d46-428b-9a29-adf42e8424c3,醫院_臺北醫學大學附設醫院,衛生福利部基隆醫院,居家失能個案家庭醫師照護服務,衛生福利部基隆醫院
ea26f617-7483-4a2a-8cc0-8f757681994f,台中安養機構_仁馨護理之家,仁邦診所,居家失能個案家庭醫師照護服務,仁馨護理之家
9c90ab0e-2add-4f10-8fb0-f0b3d4715cba,中彰投 安養機構_家園護理之家,家嘉藥局(醫事C),巷弄長照站,家園護理之家
8bab3bfb-3ceb-46b4-a741-2f8c49df3863,日照中心_湖西香柏園,湖水綠簡單生活有限公司附設新北市私立連城居家長照機構,居家服務,湖西香柏園
64aa1c1c-f473-4172-b9e4-d35561c1a155,1000大企業_台一國際股份有限公司,可馨居家護理所-樹林區(醫事C),巷弄長照站,台一國際股份有限公司
a0b2a6d6-35cd-4841-9e97-900a975faba7,社福團體_一粒麥子基金會屏東服務中心,中華無限愛關懷協會,巷弄長照站,中華熱心發展協會
b3ae4c99-e07c-413d-99d6-99560342b16b,脊髓損傷協會_臺中市山海屯脊髓損傷協會,社團法人花蓮縣脊髓損傷福利協進會,交通接送服務,花蓮縣脊髓損傷福利協進會
fe045223-4f51-4f1f-8fae-a7d6b621bbe7,基金會_財團法人台灣老人福利事業基金會,財團法人台灣聖公會,巷弄長照站,吉祥臻社會福利事業基金會
9a138d7d-cac3-4a91-af63-cfb5f8180ea8,基金會_財團法人惠昌社會福利慈善事業基金會,財團法人恆安社會福利慈善事業基金會附設臺北市私立恆安老人長期照顧中心(長期照護型),營養餐飲服務,惠昌社會福利慈善事業基金會
6977a4d1-226d-4a43-8538-f975021fc7ad,洗腎中心_慈濟醫院斗六門診部,慈田診所,居家失能個案家庭醫師照護服務,慈祐醫院
aebf74be-b8bc-468a-9537-2cc25f3aa72d,00維修_桃園市_新航國際租賃有限公司,新航國際租賃有限公司,交通接送服務(DA01),新航國際租賃有限公司
21758c75-8e5d-4a32-8902-05fb70c05a66,00維修-中區_南投脊髓損傷,南投縣鹿谷鄉竹林社區發展協會,巷弄長照站,南投脊髓損傷
c1909b05-079d-4f2c-8fd7-862bda40be7a,沙爾德聖保祿修女會醫療財團法人聖保祿醫院_沙爾德聖保祿修女會醫療財團法人聖保祿醫院,沙爾德聖保祿修女會醫療財團法人聖保祿醫院,個案管理服務,沙爾德聖保祿修女會醫療財團法人聖保祿醫院
ba28219a-2e37-4355-816b-5263439a407b,醫院_榮民員山分院,沙爾德聖保祿修女會醫療財團法人聖保祿醫院,個案管理服務,沙爾德聖保祿修女會醫療財團法人聖保祿醫院
64c57d06-3825-4c20-9d54-a4084e3c5f9c,100年宮廟_壽山巖,大仁顧問有限公司附設臺南市私立大仁居家長照機構,居家服務,大仙寺
2afe7d83-afde-46c0-9a5c-c1fcb0a08e9d,100年宮廟_金唐殿,金包里社區發展協會(社照C),巷弄長照站,金唐殿
7319e747-9ed3-48a8-9f1c-9c26308bbed4,台中安養機構_清心養護中心,清山交通有限公司,交通接送服務(DA01),清心養護中心
983d664c-2416-4748-b8dd-cac9444e9581,00維修-南區_台南榮家,新竹市香山區香村社區發展協會,巷弄長照站,榮家
adf8dce3-6924-48f8-ad5c-4157e3d6239a,1000大企業_陽光能源控股股份有限公司,陽光樂齡健康事業股份有限公司附設雲林縣私立陽光樂齡居家式長照機構,居家服務,陽光能源控股股份有限公司
f5ee3724-9161-444f-bdb1-260718627964,長春長期照顧中心_長春長期照顧中心,新竹縣私立長春長期照顧中心(養護型),喘息服務,長春長期照顧中心
87db8669-4d37-4d66-8798-5261b4ee59c8,安養機構_長春長期照顧中心,新竹縣私立長春長期照顧中心(養護型),喘息服務,長春長期照顧中心
976da311-7ed5-4279-a343-8c5936beb58f,匯豐汽車_台中,(臺北市)亞捷汽車租賃股份有限公司,社區式交通接送服務(BD03),台中
d9cc33c2-5e1a-4a8d-9618-2fa1efcc176f,匯豐汽車_台中,(臺北市)亞捷汽車租賃股份有限公司,社區式交通接送服務(BD03),台中
4d3c0dc8-7342-4e1e-ab87-ab974f365457,00維修北（新竹以北）_三商家購 心樸市集 安居店,三合利計程車客運服務有限公司,交通接送服務,三商巧福-敦北
483b8bc7-da4b-4e2b-aa55-aaccdb6e9c6c,中彰投 特約車隊_大中華總部,大中華國際租賃有限公司,交通接送服務,大中華總部
732ef029-a558-4295-a0e9-0031cf3e41cb,日照中心_平安講美日間照顧中心,平安診所-江山里,巷弄長照站,平安講美日間照顧中心
02bae595-c138-4fc0-b109-547dd037601a,基金會_財團法人彰化縣私立鹿港金長順泉郊慈善基金會,財團法人彰化縣私立青山社會福利慈善事業基金會附設彰化縣私立陳茶社區長照機構,社區式,鹿港金長順泉郊慈善基金會
eaa45986-0164-4749-83a2-02bde4d3a1f3,1000大企業_鴻準精密工業股份有限公司,鴻源長期照顧股份有限公司附設臺北市私立旭樂居家長照機構,居家服務,鴻準精密工業股份有限公司
487841ef-eeee-4550-83dc-ef323e721696,洗腎_桃安診所,桃寶事業有限公司附設桃園市私立桃寶居家長照機構,居家服務,桃安診所
ed0b3f84-fef7-4645-bd28-3bd9c9c82ffd,洗腎中心_桃安診所,桃寶事業有限公司附設桃園市私立桃寶居家長照機構,居家服務,桃安診所
15762da9-f9b7-4996-85c9-bc1c01a441a0,1000大企業_金居開發銅箔股份有限公司,金宸長照事業有限公司附設雲林縣私立金宸居家長照機構,居家服務,金居開發銅箔股份有限公司
f1526000-7ec9-42ae-b297-51fc3894cdd3,洗腎中心_健聖診所,健立有限公司附設臺南市私立健立居家長照機構,居家服務,健聖診所
1c365bda-8571-4838-8f17-6e1ab4ee24ee,00維修-南區_健聖診所,健立有限公司附設臺南市私立健立居家長照機構,居家服務,健聖診所
f17197e1-138a-423c-983a-52bfca908507,1000大企業_信昌化學工業股份有限公司,信成耳鼻喉科診所,居家失能個案家庭醫師照護服務,信昌機械廠股份有限公司
cc30d1b3-468f-487c-8730-a0d099be8f56,脊髓損傷協會_嘉義市脊髓損傷者協會,社團法人嘉義縣晶聖發展協會-獅埜站,巷弄長照站,嘉義縣脊髓損傷者協會
f1e98a09-5dfd-4fe0-9449-4287706d532b,嘉義縣脊髓損傷者協會_嘉義縣脊髓損傷者協會,社團法人嘉義縣晶聖發展協會-獅埜站,巷弄長照站,嘉義縣脊髓損傷者協會
76d4c909-6a33-4494-bd2e-c3ecd4fc4497,仁義護理之家_仁義護理之家,許順㨗診所,居家失能個案家庭醫師照護服務,仁謙診所
c9508b34-fab5-4f4e-ad7f-e42d3c560b35,洗腎中心_仁美診所-彰化市,許順㨗診所,居家失能個案家庭醫師照護服務,仁謙診所
c8d28b8d-dfd7-4674-8954-9c19fc7db23e,宏安診所_宏安診所,宏安診所,居家失能個案家庭醫師照護服務,宏安診所
4b21feaa-c602-465a-8a6b-89d149105ced,洗腎中心_宏安診所,宏安診所,居家失能個案家庭醫師照護服務,宏安診所
6aa83db5-df79-4b17-b73a-4ca59e3b5be9,大鵬福德祠_大鵬福德祠,大齡長照服務事業有限公司,交通接送服務(DA01),大齡長照服務事業有限公司
353d2fe7-9aad-4844-a277-2d9d71630697,交通接送單位_烈嶼鄉公所,眾享社會企業有限公司附設嘉義縣私立眾享居家長照機構,居家服務,眾在
7528425f-4f8e-4339-8c65-5a042006260b,交通接送單位_烈嶼鄉公所,眾享社會企業有限公司附設嘉義縣私立眾享居家長照機構,居家服務,眾在
f1603ea2-c480-480a-8aed-f14fc7b32440,中彰投 安養機構_福祿貝老老人養護中心,臺中市私立福祿貝老老人養護中心,喘息服務,福祿貝老老人養護中心
59a39281-c2d1-4401-8ff9-0ab041a7e391,福祿貝老老人養護中心_福祿貝老老人養護中心,臺中市私立福祿貝老老人養護中心,喘息服務,福祿貝老老人養護中心
4749d036-6dce-408a-ad7d-09a231e2adc6,長照2.0服務資源_厚安居家護理所,厚安居家護理所,居家失能個案家庭醫師照護服務,厚安居家護理所
86007a09-a74e-4b1b-81ab-e19ee2fa8ec0,台中安養機構_惠群長照中心,惠群護理之家,喘息服務,惠群長照中心
2816d730-9c4d-471c-864a-5064112bcb61,中彰投 特約車隊_東區 翔新診所,翔新診所,個案管理服務,翔新診所
485d6930-2aa8-43e4-9d1f-7316784aa742,東區 翔新診所_東區 翔新診所,翔新診所,個案管理服務,翔新診所
d1754bf1-bc19-44c4-9c49-a6c6ecf35f17,安銓國際租賃有限公司_安銓國際租賃有限公司,仁美護理之家,個案管理服務,仁群老人養護中心
c168e92e-85b3-4eea-903e-67b41532a282,個人自用_李小姐,李宜玲居家護理所,專業照護服務,李小姐
92d0e20e-cc30-435b-b088-5835efde1ca1,中彰投 安養機構_豐陽護理之家,豐陽護理之家,喘息服務,豐陽護理之家
be1fd029-dad9-4e80-a60b-f7f537e77207,洗腎中心_豐安醫院,豐安診所,居家失能個案家庭醫師照護服務,豐安醫院
2c2fbeff-c91e-441c-9365-fcdfcbc4420c,洗腎中心_茂田診所,茂榮家庭醫學科診所,居家失能個案家庭醫師照護服務,茂田診所
92d96f37-a80c-4ceb-826d-6be39f8d1533,1000大企業_如興股份有限公司,如沐居家護理所,專業照護服務,如興股份有限公司
eb9ae339-cdaf-4a98-af82-cc225daf4d75,日照中心_秀老朗日間照顧中心,秀傳醫療財團法人附設彰濱居家護理所,專業照護服務,秀老朗日間照顧中心
0445ca7b-735a-46cf-9aa9-3dfe065f82fd,中彰投 醫院_漢忠醫院,漢忠醫院,專業照護服務,漢忠醫院
1d17bf11-4939-42a0-a325-032070e5525e,台中安養機構_佶園護理之家,佶園護理之家,個案管理服務,佶園護理之家
fd7b281b-7a68-44e6-b965-c9181bd15e2a,童綜合醫療社團法人童綜合醫院_童綜合醫療社團法人童綜合醫院,童綜合醫療社團法人童綜合醫院,個案管理服務,童綜合醫療社團法人童綜合醫院
794ede50-ec8e-4ce9-8f3d-86036fab9591,醫院_為恭紀念醫院,童綜合醫療社團法人童綜合醫院,個案管理服務,童綜合醫療社團法人童綜合醫院
e7cd4335-65fa-4e6f-9c2a-0ec69b26cb37,府城青商會_府城青商會,庭安居家護理所,專業照護服務,庭安居家護理所
6b375e0d-c27f-40ab-83a8-998f154caaba,長照2.0服務資源_桃園市楊梅區瑞原社區發展協會,嘉義縣私立朋悅居家長照機構,居家服務,梅山護理之家
733e52c5-fbf4-4350-9f29-7371747df77e,梅山護理之家_梅山護理之家,嘉義縣私立朋悅居家長照機構,居家服務,梅山護理之家
71672b87-e404-4da2-aae6-7336c6d1cf90,長照2.0服務資源_美安居家護理所,美安居家護理所,專業照護服務,美安居家護理所
a2e8b748-62d8-4148-8211-fd8138efbb0e,府城衛星計程車_府城衛星計程車,府城國際租賃有限公司,交通接送服務(DA01),府城長照有限公司
f893e0d2-84e4-4e9c-836b-c17e1fc4d760,府城衛星計程車_府城衛星計程車,府城國際租賃有限公司,交通接送服務(DA01),府城長照有限公司
b45442fc-e277-449b-857a-bb3d0d17229e,長照2.0服務資源_東基醫療財團法人台東基督教醫院-延平鄉,東暉長照股份有限公司新竹市私立東暉居家長照機構,居家服務,東洋護理之家
11f33666-9091-4e38-84fe-b215d29c2454,1000大企業_大成不銹鋼股份有限公司,大慶居家護理所,個案管理服務,大成不銹鋼股份有限公司
c9dac86b-25eb-4c01-a31f-ade975289af1,明康居家護理所_明康居家護理所,明康居家護理所,個案管理服務,明康居家護理所
ad8b8d3b-e1ee-45e3-88c0-2ddb2a665796,1000大企業_光磊科技股份有限公司,光田醫療社團法人光田綜合醫院(龍井區),個案管理服務,光磊科技股份有限公司
e2c132f1-9cc0-4594-90a2-c5b4a783006b,1000大企業_景智電子股份有限公司,景新診所,居家失能個案家庭醫師照護服務,景智電子股份有限公司
df14c1c6-a5be-4a20-a0d3-ca7784273294,洗腎中心_長佑診所,長佑診所,居家失能個案家庭醫師照護服務,長佑診所
0e7a8a7a-60e2-408a-a152-0e7ab62edff2,1000大企業_健鼎科技股份有限公司,傑可而股份有限公司私立御歸來居家長照機構,個案管理服務,僑威科技股份有限公司
c22f9e60-53ff-4239-af02-3ec247d40bcb,1000大企業_金門酒廠實業股份有限公司,金門縣長期照顧服務關懷協會私立仁愛居家長照機構,居家服務,金門酒廠實業股份有限公司
0ed50703-417f-4ee4-a5d4-7761f6c6c076,復健機構_永吉康復之家,永吉外科診所,居家失能個案家庭醫師照護服務,永吉康復之家
a0119424-52c3-4fc1-a901-d6e5dd17bbc7,洗腎中心_衛生福利部彰化醫院,衛生福利部彰化醫院,專業照護服務,彰化醫院
4215c31b-fe83-4941-9d4d-b00508632082,00維修-中區_彰化醫院,衛生福利部彰化醫院,專業照護服務,彰化醫院
72f84ca5-e687-4251-a4f1-cc83af99b380,00維修-中區_彰化醫院,衛生福利部彰化醫院,專業照護服務,彰化醫院
2986b863-0de6-478b-a394-3c0cc2773f81,00維修-中區_南投基督教醫院,彰化基督教醫療財團法人二林基督教醫院,專業照護服務,南投基督教醫院
342b0ea6-e650-4a6d-848f-e719877504d1,00維修-中區_南投基督教醫院,彰化基督教醫療財團法人二林基督教醫院,專業照護服務,南投基督教醫院
b3c718e7-77df-45c3-9179-92827886e8ca,1000大企業_台翰精密科技股份有限公司,台積福互聯網股份有限公司附設高雄市私立台積福居家長照機構,居家服務,台翰精密科技股份有限公司
89a167a5-a12d-4a03-b67a-62eab4ce611e,光田醫療社團法人光田綜合醫院：沙鹿總院_光田醫療社團法人光田綜合醫院：沙鹿總院,光田醫療社團法人附設光田護理之家,日間照顧服務(BB),光田醫療社團法人附設光田護理之家
345526e5-ffa2-445d-953e-97f775d74d4a,長照2.0服務資源_臺南市新營區護鎮社區發展協會,臺南市新營區衛生所,居家失能個案家庭醫師照護服務,臺南市新營區護鎮社區發展協會
29a4621d-0970-48cd-9e79-e2bdc2a88e0a,1000大企業_葡萄王生技股份有限公司,葡萄園護理之家,喘息服務,葡萄王生技股份有限公司
745206d2-9fd6-4d17-b59e-5910b4bd6c0c,1000大企業_艾訊股份有限公司,芯薏企業有限公司附設桃園市私立芯薏居家長照機構,居家服務,花王(台灣)股份有限公司
9aa4e59c-b7ef-4023-b7c9-a0095dbf6084,1000大企業_友信國際股份有限公司,友伴長照服務股份有限公司附設私立友伴居家長照機構,居家服務,友信國際股份有限公司
ef96eb31-e9f0-471d-a56c-f0cbf46b6a24,長照2.0服務資源_新竹縣竹北市隘口社區發展協會,新竹縣竹北市竹北社區發展協會,巷弄長照站,隘口社區發展協會
0bb29e37-bd23-42db-a6f8-5305654f26d6,長照2.0服務資源_新竹縣竹北市新國社區發展協會,新竹縣竹北市大眉社區發展協會,巷弄長照站,新國社區發展協會
dd27d771-4fb6-4fda-8005-eecd8308d3ca,醫院_衛生福利部苗栗醫院,衛生福利部豐原醫院,個案管理服務,衛生福利部豐原醫院
5af8a33a-9e62-44c5-bf85-7f2bde9228ac,1000大企業_崇友實業股份有限公司,崇仁長照股份有限公司私立元泰社區長照機構,社區式,崇友實業股份有限公司
cdb22456-6496-4b15-b1b1-0a0abe71cc33,杏豐護理之家_杏豐護理之家,杏豐護理之家,喘息服務,杏豐護理之家
2af9cc17-1844-4980-aaa4-70ecc61c5fe4,永承社區長照機構_永承社區長照機構,私立永承社區長照機構,社區式,永承社區長照機構
05fb03a5-f9c3-41e7-b7a9-3a8141ee5763,台中安養機構_松群護理之家,松群護理之家,喘息服務,松群護理之家
8c81e050-027b-4693-b38f-35bff29172e0,松柏長照_松柏長照,松群護理之家,喘息服務,松群護理之家
ee9ab496-76ec-4a8e-b301-266debd4fc9d,100年宮廟_祭典武廟,祥賀健康事業有限公司附設雲林縣私立平安居家長照機構,居家服務,祭典武廟
ce345026-d5b1-4d30-87a3-27b7b00a1a6c,醫院_敏盛綜合醫院,李綜合醫療社團法人大甲李綜合醫院,個案管理服務,李綜合醫療社團法人李綜合醫院
47a7a2f3-4dfd-4f2f-9077-e8ebc4a71912,雲林縣東勢鄉東南社區發展協會_雲林縣東勢鄉東南社區發展協會,雲林縣斗南鎮衛生所,巷弄長照站,雲林縣林內鄉衛生所
c70b2a08-2c8d-4c2d-bdf1-fa9f2871acd6,1000大企業_中興電工機械股份有限公司,中豪交通有限公司,交通接送服務(DA01),中鋼機械股份有限公司
afa0c935-fee9-425b-a35b-eebf8991946e,豐年豐和企業股份有限公司_豐年豐和企業股份有限公司,豐恩健康事業有限公司附設屏東縣私立豐恩居家長照機構,居家服務,豐恩健康事業有限公司
5ac6ad56-6d0d-486a-9fb4-31c2488bdd5a,安養機構_頤園護理之家,頤和園康養事業股份有限公司附設私立大大人居家長照機構,居家服務,頤園護理之家
3d117b98-c9da-416f-9173-5215332c7aea,長照2.0服務資源_頤園護理之家,頤和園康養事業股份有限公司附設私立大大人居家長照機構,居家服務,頤園護理之家
2bddf025-7055-4938-adf6-0174ff4fc7e1,長照2.0服務資源_新竹市樂齡健康促進協會,新竹市柴橋人文關懷協會,巷弄長照站,樂齡健康促進協會
e8b22fd4-599c-454a-9d8e-9be446c34403,護山宮_護山宮,勤英護理之家,喘息服務,勤英護理之家
aa08f4cc-fd35-48df-b721-21f0b5236f60,基金會_財團法人台灣兒童暨家庭扶助基金會,財團法人台灣基督教福利會,營養餐飲服務,台灣基督教福利會
0eb66a9a-3f64-418c-a4c4-64f5a4b1185f,脊髓損傷協會_桃園縣脊髓損傷者協會,澎湖縣私立泓光社區長照機構,家庭托顧服務(BC),澎湖縣脊髓損傷者協會
22525930-c557-45f6-85c5-e7e0dd909f8e,長照2.0服務資源_東基醫療財團法人台東基督教醫院-鹿野鄉,松德長照事業有限公司附設臺北市私立松德居家長照機構,居家服務,松林護理之家
8692fd4e-c39c-46db-9ce5-23fdbf06d87f,洪子淇_洪子淇,洪宗鄰醫療社團法人洪宗鄰醫院,居家失能個案家庭醫師照護服務,洪宗鄰醫院
74ca26b5-1b91-406a-9f3a-b8fa1110ef92,基金會_財團法人雲林縣私立慈天慈善事業基金會,財團法人雙福社會福利慈善事業基金會附設臺南市私立雙福居家長照機構,居家服務,雲林縣私立慈天慈善事業基金會
b2e53176-f449-4de9-afd7-045cc910d955,中彰投 安養機構_長青老人養護中心,嘉義縣私立長青居家長照機構,交通接送服務(DA01),長青老人養護中心
53fbe91e-dcb0-428d-aa02-ede234a36a54,交通接送單位_台灣復康巴士有限公司,台灣康復促進協會附設澎湖縣私立菊光居家長照機構,居家服務,台灣復康巴士有限公司
7bdd87eb-633b-4423-b897-cfb1d7c54b14,交通接送單位_台灣復康巴士有限公司,台灣康復促進協會附設澎湖縣私立菊光居家長照機構,居家服務,台灣復康巴士有限公司
4645c86d-86a3-4fe1-97c3-9371a0faf492,100年宮廟_竹林觀音寺,紫軒醫療資訊科技有限公司附設高雄市私立紫軒社區長照機構,社區式,紫雲巖
2bd073a0-6785-495c-bbef-d3787318a62f,復健機構_臺中榮民總醫院嘉義分院附設日間型機構,臺中榮民總醫院嘉義分院-南和,巷弄長照站,嘉義分院附設日間型機構
44dec4cb-a024-411c-a0bc-983f1b8647ea,1000大企業_力山工業股份有限公司,力倫診所,居家失能個案家庭醫師照護服務,力山工業股份有限公司
331b3eca-3206-41a9-b393-1e2bc42b5022,1000大企業_緯創資通股份有限公司,緯久有限公司附設高雄市私立健樂綜合長照機構,綜合式,緯創資通股份有限公司
79c54075-7808-4403-9506-605c784f9afe,1000大企業_友聯車材製造股份有限公司,友瑞居服有限公司附設桃園市私立友瑞居家長照機構,居家服務,友聯車材製造股份有限公司
3ee6dd43-4b1a-41f1-8e1f-820fe20c3739,年興紡織股份有限公司_年興紡織股份有限公司,年瑞健康有限公司附設高雄市私立年瑞社區長照機構,社區式,幸安診所
4a7c801d-cd96-44c2-96ac-bfab38957578,洗腎_幸安診所,年瑞健康有限公司附設高雄市私立年瑞社區長照機構,社區式,幸安診所
f5140c63-9984-4eeb-a41f-abcf46c67582,洗腎中心_幸安診所-新北市,年瑞健康有限公司附設高雄市私立年瑞社區長照機構,社區式,幸安診所
488c4b14-f752-4ecc-9b4a-a37c7a8e268b,洗腎中心_幸安診所-高雄市,年瑞健康有限公司附設高雄市私立年瑞社區長照機構,社區式,幸安診所
3a998088-fee2-47d4-bf7f-3637c08a2a5d,洗腎中心_崇仁內科診所,峰正藥局,輔具及居家無障礙環境改善服務,崇仁內科診所
563b50fd-1696-4003-92f5-94f636357e1e,交通接送單位_順緣租賃,馨香有限公司附設桃園市私立馨香居家長照機構,居家服務,馬仲
d8ee919f-47a7-46ab-aa76-8d1b9c99557e,玉玄宮_玉玄宮,玉百成有限公司,輔具及居家無障礙環境改善服務,玉百成有限公司
562d3963-1009-43fc-a2aa-6ce89807828e,1000大企業_奇美材料科技股份有限公司,奇立強國際有限公司,輔具及居家無障礙環境改善服務,奇美材料科技股份有限公司
d47958fe-a480-48b6-8820-65fc30ba3c44,租賃_新保生活關懷股份有限公司,新保生活關懷股份有限公司,輔具及居家無障礙環境改善服務,新保生活關懷股份有限公司
dd9c30c3-8f54-4dfc-91c8-175a7710c6cb,新人長照機構_新人長照機構,新保生活關懷股份有限公司,輔具及居家無障礙環境改善服務,新保生活關懷股份有限公司
0c638d36-a638-4f28-8380-eb32ed171c87,洗腎中心_長清診所,長洲醫療儀器有限公司,輔具及居家無障礙環境改善服務,長清診所
88a0c9f7-ec89-4df1-bab7-23d407b97647,富樂社區長照機構_富樂社區長照機構,臺中市私立家沛居家長照機構,居家服務,富樂社區長照機構
7821c7f7-a9af-42ee-b784-2965ceba177a,洗腎中心_懷德內科診所,懷寧護理之家,日間照顧服務(BB),懷德診所
f9572a99-9282-4d18-a492-0905dde38c63,1000大企業_華美電子股份有限公司,華生光實業股份有限公司附設高雄市私立鼓山社區長照機構,社區式,華美電子股份有限公司
d00e6bf1-a8ed-4cca-bda7-25abe711364d,交通接送單位_金門縣政府,長安健照事業股份有限公司附設臺北市私立長安健照事業居家長照機構,居家服務,長安復康巴士
cc969c7f-8c85-4140-94e1-5d0f1d633e90,交通接送單位_金門縣政府,長安健照事業股份有限公司附設臺北市私立長安健照事業居家長照機構,居家服務,長安復康巴士
6227f855-4941-4c99-949f-b19b4ee78351,三軍總醫院北投分院附設社區復健中心_三軍總醫院北投分院附設社區復健中心,御廣有限公司附設雲林縣私立樂慈居家長照機構,居家服務,三軍總醫院北投分院附設社區復健中心
cef1c439-796b-4819-bb82-d86ccb2c5d43,洗腎中心_仁美診所-新北市,以佳為銘有限公司附設臺中市私立佳韻居家長照機構,居家服務,以琳內科診所
9e3d9f1d-efd3-4271-8232-0275dbb9bc63,1000大企業_大立光電股份有限公司,大穎國際企業有限公司附設高雄市私立大穎居家長照機構,居家服務,大立光電股份有限公司
7f64527a-51d1-4ac8-a5cc-7b1fd1b24853,1000大企業_產協企業股份有限公司,用心呵護有限公司附設臺南市私立大樹居家長照機構,居家服務,產協企業股份有限公司
16dac84d-c1e5-401b-b413-a2738d0bc455,1000大企業_愛地雅工業股份有限公司,愛喜樂有限公司附設高雄市私立愛喜樂社區長照機構,社區式,愛地雅工業股份有限公司
cec7ffdf-8da0-4203-927b-4d4b5c625273,振樺電子股份有限公司_振樺電子股份有限公司,振興醫療財團法人振興醫院,專業照護服務,振興醫療財團法人振興醫院
35fe0d73-f9cc-4068-ba45-ec25f4d4f914,醫院_戴德森醫療財團法人嘉義基督教醫院,振興醫療財團法人振興醫院,專業照護服務,振興醫療財團法人振興醫院
d7b56012-eec7-4a3e-af24-379fd350957b,長照2.0服務資源_康園護理之家,康和文山樂活股份有限公司附設臺北市私立杏花學塾社區長照機構,社區式,康園護理之家
0a7c9f05-49fb-4c14-a54c-8765de0674dc,洗腎中心_佳屏診所,佳恩長照股份有限公司附設高雄市私立佳恩居家長照機構,居家服務,佳新診所
e0779268-a88f-429d-b933-82e2ca069ada,日照中心_愛德日間照顧中心,愛得康企業有限公司附設高雄市私立愛得康居家長照機構,居家服務,愛德日間照顧中心
c3704888-7a52-4a22-8782-514bc8ad0685,1000大企業_同致電子股份有限公司,同鑫長照國際有限公司附設高雄市私立同鑫居家長照機構,居家服務,同致電子股份有限公司
b078535a-aa56-4410-9c32-77138c0b889e,長照2.0服務資源_衛生福利部花蓮醫院,衛生福利部花蓮醫院,個案管理服務,衛生福利部花蓮醫院
86e730cf-6621-4ae5-a932-4ce353c4c98b,醫院_衛生福利部臺南醫院：臺南總院,衛生福利部花蓮醫院,個案管理服務,衛生福利部花蓮醫院
3d4d52ed-85b9-4f4d-aca4-506c36e19f10,中國醫藥大學北港附設醫院_中國醫藥大學北港附設醫院,中國醫藥大學附設醫院(豐原區南陽里),巷弄長照站,中國醫藥大學附設醫院(豐原區南陽里)
7f600df6-fe4b-4c2a-9ae4-0e9931c83549,安養機構_春柏安養中心,春暖花開健康事業有限公司附設臺中市私立牽手居家長照機構,個案管理服務,春柏安養中心
9137e345-328b-4e23-845c-14b5e5d55002,1000大企業_奇鋐科技股份有限公司,奇美醫療財團法人附設臺南市私立佳里奇美綜合長照機構,居家服務,奇鋐科技股份有限公司
80341daa-edf4-4f0e-bb49-5a38cd7f9100,王_王,王國哲診所(湖內里),巷弄長照站,王
2466db82-5790-46a2-b704-a54d1750af43,東三積體電子股份有限公司_東三積體電子股份有限公司,東元醫療社團法人附設居家護理所,專業照護服務,東元醫療社團法人附設居家護理所
031332ef-38d7-462b-bdaa-52771e08f334,嘉義市城隍廟_嘉義市城隍廟,嘉義市東區太平社區發展協會,巷弄長照站,嘉義市東區太平社區發展協會
8156b853-1ba4-45cb-9df2-5cbcec746c40,牧東光電股份有限公司_牧東光電股份有限公司,牧羊人居家服務整合有限公司附設臺中市私立牧羊人居家長照機構(北區賴厝里),個案管理服務,牧羊人居家長照機構
4be780d9-e921-4d0d-b8c7-e7b479fa0c35,100年宮廟_金山寺,金宸長照事業有限公司附設高雄市私立金宸居家長照機構,居家服務,金山寺
410e85a3-0a0b-43c3-85c3-c1067eabe02d,醫院_國軍花蓮總醫院附設民眾診療服務處,國軍花蓮總醫院附設民眾診療服務處,個案管理服務,國軍花蓮總醫院附設民眾診療服務處
eb615195-dfa5-476b-829e-22720f121252,長照2.0服務資源_新竹縣竹北市大眉社區發展協會,新竹縣竹北市十興社區發展協會,巷弄長照站,大眉社區發展協會
6fb4f086-2cf1-43bf-9400-1fcdc6d5a8a2,長照2.0服務資源_財團法人弘道老人福利基金會-彰化縣,財團法人弘道老人福利基金會-嘉西據點,巷弄長照站,弘道老人福利基金會-新北服務處
da96ebd1-c0cd-42b6-8b82-75c6f9f35a8e,日照中心_台東耆福長照機構,台灣弱勢族群就業促進協會(大城鄉上山村),巷弄長照站,台灣心方向
894542d5-88e7-4637-a2a8-e1d904c36c3e,長照2.0服務資源_彰化縣二林鎮華崙社區發展協會,彰化縣二林鎮華崙社區發展協會,巷弄長照站,二林鎮華崙社區發展協會
c9a12710-e17a-4b9e-a96d-8295b44d8709,彰化縣彰化市長樂社區發展協會_彰化縣彰化市長樂社區發展協會,彰化縣彰化市長樂社區發展協會,巷弄長照站,彰化市長樂社區發展協會
6db8b24a-d60e-48d9-ad5a-c7cf8714e06f,彰化縣彰化市西安社區發展協會_彰化縣彰化市西安社區發展協會,彰化縣彰化市西安社區發展協會,巷弄長照站,彰化市西安社區發展協會
67139ffe-73be-4615-b808-bbc14bb7d817,洗腎中心_大安醫院,大安醫院,專業照護服務,大安醫院
09b37d57-5f6c-4880-a513-c41cec9ec2b9,和春護理之家_和春護理之家,護心善循有限公司善循分公司附設臺南市私立善循居家長照機構,居家服務,和春護理之家
7f19985e-b4a6-470c-a410-0b53c5ee94b2,00維修-南區_健禾人文關懷協會,嘉義縣健禾人文關懷協會,營養餐飲服務,健禾人文關懷協會
2325a717-9cad-4776-a714-52173ef48782,洗腎中心_澄清綜合醫院中港院區,為好診所,巷弄長照站,為恭紀念醫院
c193c715-c588-492a-a30a-21bed9ed8deb,財團法人為恭紀念醫院_財團法人為恭紀念醫院,為好診所,巷弄長照站,為恭紀念醫院
357e4656-4158-4bd9-a55a-a2d578ad1cae,醫院_財團法人天主教靈醫會羅東聖母醫院,為好診所,巷弄長照站,為恭紀念醫院
24d234cd-a9f7-4fd5-8b66-62dbb21dc5aa,醫院_澄清醫院：中港院區,為好診所,巷弄長照站,為恭紀念醫院
60551767-f850-4988-a8f1-cb17209e1a45,長照2.0服務資源_富嘉居家護理所,富嘉居家護理所,巷弄長照站,富嘉居家護理所
1c015711-5e28-4c23-90c9-5f9835fb3100,富喬工業股份有限公司_富喬工業股份有限公司,富嘉居家護理所,巷弄長照站,富嘉居家護理所
4143fa39-bc79-41c0-a822-a228e157c067,日照中心_佛教慈濟綜合醫院大林分院日間照顧中心,佛光聯合診所,巷弄長照站,佛教慈濟綜合醫院大林分院日間照顧中心
f8128e7f-c2fe-414c-9981-7b70b8c84910,00維修-南區_瑞康社區長照機構,照安有限公司附設嘉義市私立瑞康社區長照機構,社區式,瑞康社區長照機構
c9c82106-aeeb-4ad2-a880-81b42e79ae97,洗腎中心_嘉美診所,嘉樂齡有限公司附設南投縣私立嘉賀居家長照機構,居家服務,嘉美診所
ddf76cd0-b369-4100-a143-71a2ef01f42d,洗腎中心_佛教普門醫院慢性病分院,佳境藥局,專業照護服務,佳安內科診所
89ba927c-b02d-412c-991e-987295d72ea5,安養機構_同德養護之家,大心長照有限公司附設宜蘭縣私立大心居家長照機構,居家服務,大愛護理之家
a5f5013e-91ab-40f0-8350-1cb3e13cf43a,長照2.0服務資源_大地居家護理所,大心長照有限公司附設宜蘭縣私立大心居家長照機構,居家服務,大愛護理之家
5fcca4d1-2182-451a-b006-ff243bbf313f,00維修-南區_屏東-大愛護理之家,大心長照有限公司附設宜蘭縣私立大心居家長照機構,居家服務,大愛護理之家
c67193ac-3834-4065-9b29-52cf0e72d1de,00維修-南區_屏東大愛護理之家,大心長照有限公司附設宜蘭縣私立大心居家長照機構,居家服務,大愛護理之家
af93cf7b-577a-44f9-a8fe-d4e5d4e8089d,100年宮廟_昭烈堂,春霖樂活有限公司附設宜蘭縣私立春霖愛照顧居家長照機構,居家服務,昭烈堂
ca83b591-be29-4f62-81e1-ba8cc06053a1,00維修-南區_艾維格林,艾樂健有限公司附設嘉義縣私立鄰聚社區長照機構,社區式,艾維格林
3c99ac6b-a301-4c85-a914-0d191c9c3e69,基金會_財團法人彰化縣私立蕭清源先生社會福利慈善事業基金會,財團法人彰化縣私立葳群公益慈善事業基金會附設彰化縣私立葳群老人長期照顧中心(養護型),喘息服務,蕭清源先生社會福利慈善事業基金會
398eff4b-2dd4-45b7-a36e-a585fa9d4db1,永愛日照_永愛日照,永成藥局,輔具及居家無障礙環境改善服務,永成藥局
0e84f523-ca77-432e-a3ed-03c2bdeffb79,上晴社區長照機構_上晴社區長照機構,上民長照社團法人附設彰化縣私立詮福莊園住宿長照機構,機構式,上民長照社團法人附設彰化縣私立詮福莊園住宿長照機構
835c1561-a7e9-4d6b-a241-ab863532910e,今國光學工業股份有限公司-562巷_今國光學工業股份有限公司-562巷,今日居家護理所,專業照護服務,今日居家護理所
8f2ca189-79c3-4b8e-be73-64b317ede702,1000大企業_中美矽晶製品股份有限公司,中華民國體育運動教練協會(社照C),巷弄長照站,中華汽車工業股份有限公司
d2eb47fa-b129-40ec-82b8-d8d09e784643,1000大企業_錸德科技股份有限公司,錸工場股份有限公司附設桃園市私立錸工場社區長照機構,社區式,錸德科技股份有限公司
8d59dcfa-7bee-4242-95f8-2a30add39fb2,個人捐贈_陳小姐 公司捐贈了解,陳智菁居家護理所,專業照護服務,陳曉妍
4b0f3df4-65f2-4315-b277-10edd3a65f09,1000大企業_穎台科技股份有限公司,稻香居家護理所(委託臺北榮民總醫院經營管理),專業照護服務,穎台科技股份有限公司
5b09237d-61ee-407f-873c-32a491a9d07f,廟宇_湧蓮寺,湧珍運有限公司,輔具及居家無障礙環境改善服務,湧蓮寺
c77efc76-6bda-4beb-baea-eb5229010423,基金會_財團法人賑災基金會,財團法人謙信社會福利慈善事業基金會私立里農社區長照機構,社區式,賑災基金會
8414caec-2f94-4fde-aa0a-94d30b590640,洗腎中心_澄清綜合醫院,澄清綜合醫院,專業照護服務,澄清綜合醫院
5df100ed-581e-4de1-a1a4-cb5720aee083,澄清綜合醫院_澄清綜合醫院,澄清綜合醫院,專業照護服務,澄清綜合醫院
74488ea8-da9e-4fb2-8e30-285198ea383b,台中安養機構_敬馨長照機構,敬嘉忻長照服務有限公司附設臺中市私立敬嘉忻居家長照機構,居家服務,敬馨長照機構
c8bf7a26-2e6b-4057-bb63-5a521c70eac7,長照2.0服務資源_永全小客車租賃有限公司,永全小客車租賃有限公司,專業照護服務,永全小客車租賃有限公司
be8bb6ce-1fce-42a2-9591-1791828acae6,長照2.0服務資源_臺中市東勢區上城社區發展協會,臺中市新福樂齡關懷協會,巷弄長照站,上城社區發展協會
8b336c1f-ef1e-4b3b-8ee3-39c7d1136e95,彰化富宇建案基地_富宇建設,臺中市東勢區詒福社區發展協會,巷弄長照站,東區衛生所
c6fa589b-93f5-4037-906e-8411f7706da1,新竹市東區立功社區發展協會_新竹市東區立功社區發展協會,臺中市東勢區詒福社區發展協會,巷弄長照站,東區衛生所
1af485d7-fa9e-4fa2-8679-8e43874e7979,洗腎中心_佳基內科診所,佳安馨有限公司附設彰化縣私立美心居家長照機構,居家服務,佳屏診所
b89f5fa6-9f77-4989-987b-b587da83a83d,100年宮廟_里港雙慈宮,里港米蘭診所,居家失能個案家庭醫師照護服務,里港雙慈宮
2de74936-90bf-453c-bd8e-36d0701cb451,長照2.0服務資源_財團法人台中市私立本堂社會福利慈善基金會,財團法人台中市私立甘霖社會福利慈善事業基金會,營養餐飲服務,財團法人台中市私立甘霖社會福利慈善事業基金會
53942780-db3e-4da5-b88e-22284903210a,長照2.0服務資源_財團法人台中市私立甘霖社會福利慈善事業基金會附設柳川家園,財團法人台中市私立甘霖社會福利慈善事業基金會,營養餐飲服務,財團法人台中市私立甘霖社會福利慈善事業基金會
b81ff264-ef93-4ad8-9778-797d231236b9,日照中心_柳川家園,柯診所,居家失能個案家庭醫師照護服務,柳川家園
6e02a155-c2d4-4f41-9bc8-437a5627d65d,洗腎_憲安診所,慷恆企業有限公司附設臺南市私立慷恆居家長照機構,居家服務,憲安診所
b67d7cfe-8bae-4298-98f5-439a65057fdf,洗腎中心_慶華診所,慷恆企業有限公司附設臺南市私立慷恆居家長照機構,居家服務,憲安診所
c1196986-c665-4297-8e38-63512b4d2379,00維修北（新竹以北）_生生光老人養護,生活交通有限公司,交通接送服務(DA01),生生光老人養護
2bc4d5db-0714-479d-88ad-4ab1e80267b6,租賃_京華小客車租賃,京安心有限公司附設高雄市私立京安心居家長照機構,居家服務,京華小客車租賃
2db17e23-3a21-4470-9f4b-38bfb95308ba,1000大企業_聯成化學科技股份有限公司,聯新國際醫院,居家失能個案家庭醫師照護服務,聯昌電子企業股份有限公司
afee0e68-7c1a-4084-be8e-ba92c42e9a6d,1000大企業_安捷管理顧問股份有限公司,安慎診所(巷弄長照站),巷弄長照站,安捷管理顧問股份有限公司
2538c028-9ccd-4965-bb72-ed75d6c6786b,長照2.0服務資源_南門綜合醫院,南門綜合醫院(復中里),巷弄長照站,南門綜合醫院
5c183dc7-293f-4620-ae32-9713a3fc543d,洗腎中心_南門綜合醫院,南門綜合醫院(復中里),巷弄長照站,南門綜合醫院
19919249-dcb8-461d-9e57-95d9a2412259,醫院_佛教慈濟醫療財團法人大林慈濟醫院,南門綜合醫院(復中里),巷弄長照站,南門綜合醫院
bc4a0c90-18df-45c2-b4f7-e88e29957f1f,00維修-中區_一嵩,一家人居家護理所(豐原區豐圳里),巷弄長照站,一嵩
ff538262-33ad-426f-8311-5de6a13f2a98,00維修-中區_一嵩,一家人居家護理所(豐原區豐圳里),巷弄長照站,一嵩
8bf8af60-2a72-4acc-a3fd-f6f9fb53250c,洗腎中心_中壢祐民醫院,中壢長榮醫院,居家失能個案家庭醫師照護服務,中壢長榮醫院
75cffaf9-4ead-4947-aa1b-7848562eb53c,日照中心_象山園日間照顧中心,豐馥居家護理所,專業照護服務,象山園日間照顧中心
e4b033a5-0196-4dcf-b7a7-769b7722e467,洗腎中心_阮綜合醫療社團法人阮綜合醫院,阮綜合醫療社團法人阮綜合醫院,專業照護服務,阮綜合醫院
825b0063-8f7b-4993-b71e-0fcbe4c3297e,醫院_關山慈濟醫院,阮綜合醫療社團法人阮綜合醫院,專業照護服務,阮綜合醫院
ff0e1ac2-b1ef-40b8-82b4-d7a31a24fbfd,李福田_李福田,李細祥內科診所,居家失能個案家庭醫師照護服務,李綜合醫療社團法人大甲李綜合醫院
8b68a68b-43ce-4c79-b3f2-86ceefc68081,長照2.0服務資源_有限責任高雄市育成照顧服務勞動合作社-高雄市鳳山區工協街,李細祥內科診所,居家失能個案家庭醫師照護服務,李綜合醫療社團法人大甲李綜合醫院
0c86f1e5-e702-42f7-9bfd-11fef5eb4881,洗腎中心_秀農診所,立安診所,居家失能個案家庭醫師照護服務,立安診所
33135e8a-087e-400f-977d-d73e9fb6e968,洗腎中心_晉安診所,晉安診所,居家失能個案家庭醫師照護服務,晉安診所
8f1eeae7-3f39-4369-b675-2b58deaff517,長照2.0服務資源_您好居家護理所,您好居家護理所,專業照護服務,您好居家護理所
3e5302c2-2063-44f4-9d81-0546860bc745,來電客戶_金門縣衛生局,上進有限公司附設臺南市私立友禾社區長照機構,社區式,上辰企業社
39f7a6c1-5fcc-4866-a03c-b1e44b51260e,1000大企業_承德油脂股份有限公司,承德居家護理所,居家失能個案家庭醫師照護服務,承德油脂股份有限公司
7bcc6382-a30f-4571-8110-5f62e8f2fa11,1000大企業_富喬工業股份有限公司,富和管理顧問有限公司附設臺南市私立富和居家長照機構,居家服務,富喬工業股份有限公司
4ca0efc7-ddde-48bc-a0d9-46def5a244f0,1000大企業_華祺工業股份有限公司,華生光實業股份有限公司附設高雄市私立德緣居家長照機構,居家服務,華祺工業股份有限公司
86d367c8-0989-46af-908d-6ee8ca1c7ecb,1000大企業_堤維西交通工業股份有限公司,堂雅國際顧問有限公司附設高雄市私立亞平居家長照機構,居家服務,堤維西交通工業股份有限公司
85c17be7-f370-4391-ab51-9437a9300762,財團法人天使社會福利慈善事業基金會_財團法人天使社會福利慈善事業基金會,財團法人天主教聖心基金會（田中鎮）,巷弄長照站,天主教聖心基金會
9780f2af-553c-4b85-81fd-5c604a40222c,枝茂社會福利慈善事業基金會_枝茂社會福利慈善事業基金會,柏威文化有限公司附設桃園市私立禾安居家長照機構,居家服務,柏威文化有限公司附設桃園市私立禾安居家長照機構
cbfc6f35-7b63-42d3-882d-2388345996ba,1000大企業_璨圓光電股份有限公司,璟昕健康事業有限公司附設臺南市私立璟沛居家長照機構,居家服務,璨圓光電股份有限公司
3427d295-a676-41ea-9768-7093f293aa14,長照2.0服務資源_馬祥長期照顧服務協會,馬德里診所,居家失能個案家庭醫師照護服務,馬祥長期照顧服務協會
3a20859f-5b23-4e30-ab93-b84ababfc387,基金會_財團法人樹河社會福利基金會-關廟區,財團法人樹河社會福利基金會,營養餐飲服務,樹河社會福利基金會
1f928b2a-f3a2-4ef3-bf51-afd8fbe0ffd0,1000大企業_鴻立鋼鐵股份有限公司,鴻秝有限公司附設高雄市私立鴻秝社區長照機構,社區式,鴻立鋼鐵股份有限公司
d1e40a20-a810-4bda-af4c-8559d61db7ae,個人_詹小姐,自由長芯診所,居家失能個案家庭醫師照護服務,詹小姐
effb2512-35df-4500-af38-8a4399be845f,客運業_基隆客運,大新醫院,居家失能個案家庭醫師照護服務,大有巴士
c442cb0d-ef72-4c03-b0ef-632a83b8efe5,客運業者_大有巴士,大新醫院,居家失能個案家庭醫師照護服務,大有巴士
825d9905-0dc7-46b4-9574-407f0dc639df,1000大企業_碩達科技股份有限公司,碩穎健康股份有限公司附設臺北市私立碩穎居家長照機構,居家服務,碩達科技股份有限公司
95f71608-80af-40bf-9657-11e368a6d616,100年宮廟_本廳大帝宮,未來家股份有限公司附設桃園市私立未來家居家長照機構,居家服務,本廳大帝宮
9ce85421-ef94-4dee-810f-ef4b4fcbe145,洗腎中心_湖口仁慈醫院,渼芯健康顧問股份有限公司附設雲林縣私立渼芯居家長照機構,居家服務,湖口仁慈醫院
f808339b-96fc-40a6-b393-21f989d5806a,長照2.0服務資源_花蓮縣卓溪鄉衛生所,花蓮縣卓溪鄉新女力公益協會,營養餐飲服務,花蓮縣卓溪鄉衛生所
0387d76c-16df-46ba-9665-c6e01b6ca022,洗腎中心_紹善聯合診所,紹捷實業有限公司,交通接送服務(DA01),紹毅內兒科診所
048a3cad-2542-408d-becf-18a0d2845b8d,中國製釉股份有限公司_中國製釉股份有限公司,中國醫藥大學北港附設醫院附設雲林縣私立元長社區長照機構,社區式,中國醫藥大學北港附設醫院附設雲林縣私立元長社區長照機構
19027ed2-1706-4071-84d4-b71d1984e504,100年宮廟_古龍山,台灣居護股份有限公司附設臺北市私立聯承居家長照機構,居家服務,台灣府城隍廟
36b916ce-4460-410e-9f18-77582cd5bfa0,00基隆市_康立日照,康禾健康長期照護有限公司附設桃園市私立康禾居家長照機構,居家服務,康立日照
41049ba1-1475-4672-ab54-fe5ad39f10af,長照2.0服務資源_嘉義縣民雄鄉衛生所,嘉義縣民雄鄉東榮社區發展協會,巷弄長照站,嘉義縣民雄鄉衛生所
1b95cd72-5cfc-4bfd-8507-621717a912ce,基金會_財團法人台灣林登山社會福利基金會,財團法人台灣省私立孝愛仁愛之家,營養餐飲服務,台灣省私立板信社會福利慈善事業基金會
5d9e2efd-3c03-4df0-87ee-8e295bd4d215,大地居家護理所_大地居家護理所,大地居家護理所,營養餐飲服務,大地居家護理所
68296aaf-49a1-44dc-b8cd-f93737c3193a,長照2.0服務資源_大同之家,大地居家護理所,營養餐飲服務,大地居家護理所
18f74035-2331-4949-9431-afe0622ac7e3,洗腎中心_福林診所,福樂診所,居家失能個案家庭醫師照護服務,福民內科診所
dc188164-cfc0-4e2c-af00-6b5bc5230042,醫院_中心診所醫療財團法人中心綜合醫院,佑民醫療社團法人佑民醫院,居家失能個案家庭醫師照護服務,佑民醫療社團法人佑民醫院
ec16e95c-fc2a-4fdd-9920-208ded90f6d4,歐克文教關懷協會_歐克文教關懷協會,南投縣埔里鎮衛生所,居家失能個案家庭醫師照護服務,歐克文教關懷協會
d5e29e13-8d81-437c-9496-ca35e3531131,1000大企業_詠星企業股份有限公司,詠恩居家有限公司附設臺南市私立詠星恩居家長照機構,居家服務,詠星企業股份有限公司
c805a075-e803-4d31-970b-0e332c951268,基金會_財團法人張榮發慈善基金會,財團法人弘道老人福利基金會附設臺中市私立西區老拾光社區長照機構,社區式,張榮發慈善基金會
0e12fc5c-45f8-4788-ba23-9b003daa859c,1000大企業_十銓科技股份有限公司,十分幸福通運有限公司,社區式交通接送服務(BD03),十銓科技股份有限公司
93aad0d5-d68a-4ed6-be66-97a6c8ed4a17,00維修-南區_高雄晉富,高雄旗心福長照有限公司附設高雄市私立旗心福居家長照機構,居家服務,晉富
6521d58a-d6e6-4d33-bc94-4aec02ceae8f,長照2.0服務資源_有限責任新竹市清安照顧服務勞動合作社,有限責任新竹市清安照顧服務勞動合作社,個案管理服務,有限責任新竹市清安照顧服務勞動合作社
77f38361-22e3-40f2-b9d1-d4ad9061a99e,1000大企業_大朋電子工業股份有限公司,大明護理之家,喘息服務,大朋電子工業股份有限公司
04dae9cb-a2bc-4ef2-b9f3-22eb37fc814a,安養機構_菩提仁愛之家,菘昌健康事業有限公司附設高雄市私立右民社區長照機構,社區式,菩提仁愛之家
0f29a6b9-7ae5-4c63-a5d9-2f43d8b0d8c8,日照中心_醫生伯的家,醫時代股份有限公司附設臺北市私立醫時代民生社區長照機構,社區式,醫生伯的家
42645227-2652-4759-9905-ff93f2a0b65f,台中安養機構_德安養護中心,德安長照事業有限公司附設彰化縣私立儀安居家長照機構,居家服務,德安養護中心
be607d09-2939-43fb-aece-b6cda29c93a7,1000大企業_上緯企業股份有限公司,世華護理之家,喘息服務,世芯電子股份有限公司
400831de-0b2d-4466-84e2-c96206dede2e,1000大企業_松翰科技股份有限公司,松柏長照社團法人附設彰化縣私立松柏住宿長照機構,機構式,松翰科技股份有限公司
1bda6c40-074f-4709-84e0-8ddacb3b4ecd,1000大企業_昱晶能源科技股份有限公司,昭安診所,居家失能個案家庭醫師照護服務,昱晶能源科技股份有限公司
b9962dd7-0ed2-4f69-b735-65a18e8966f2,洗腎中心_康明診所,康明診所,居家失能個案家庭醫師照護服務,康明診所
5249f9b2-ff1d-40c8-a7b0-5b306e1d6118,其他_全家便利超商股份有限公司,全芯瑩有限公司附設臺南市私立全芯瑩居家長照機構,居家服務,全豪
23501862-b544-43ed-9900-6990a5f0b4a4,1000大企業_台灣塑膠股份有限公司,台灣基督長老教會馬偕醫療財團法人附設馬偕居家護理所,居家失能個案家庭醫師照護服務,台灣塑膠股份有限公司
df8d7dd3-a548-4d13-970c-1c34516398e3,1000大企業_風青金屬實業股份有限公司,風鈴草股份有限公司附設苗栗縣私立同心圓居家長照機構,居家服務,風青金屬實業股份有限公司
0a9941b5-3989-4d31-87dd-cb8098a6f2ad,1000大企業_漢鐘精機股份有限公司,漢諾威家庭醫學科診所,居家失能個案家庭醫師照護服務,漢鐘精機股份有限公司
00f423b4-05d9-4b55-8534-18f13724f2bd,洗腎中心_謝智超達恩診所,謝政融診所,居家失能個案家庭醫師照護服務,謝智超達恩診所
a4dc5958-71a4-4e9a-9830-9b606f4e6408,日照中心_崗山仔中區老人活動中心附設日間照顧,崇芳小兒科家庭醫學科聯合診所,居家失能個案家庭醫師照護服務,崗山仔中區老人活動中心附設日間照顧
7a16a1b6-25f6-41e9-88bb-1130c3d2c861,1000大企業_喬山健康科技股份有限公司,喬安服務顧問有限公司附設高雄市私立喬安居家長照機構,居家服務,喬山健康科技股份有限公司
58f1c415-0304-4381-ac59-392153c6cd4c,00台北市_居達健康,張德旺耳鼻喉科診所,居家失能個案家庭醫師照護服務,張志成
718afed5-a516-423c-aa2e-e2089276e4d1,1000大企業_伍豐科技股份有限公司,伸安診所,居家失能個案家庭醫師照護服務,伸興工業股份有限公司
b0ecf1cb-517e-46ca-aa8d-a6fb7713386e,政府_新北市政府,新北市愛笑瑜伽協會(五谷站)(社照C),巷弄長照站,新北市政府
acca5c0d-2ab6-4611-a9a3-e453fdad4520,日照中心_清水區老人日照中心,清水區向陽耳鼻喉科診所,居家失能個案家庭醫師照護服務,清水區老人日照中心
11604abf-e6ae-49cc-ba84-5ced5fc5b6b9,1000大企業_德昌皮革製品股份有限公司,德昌小兒科診所,居家失能個案家庭醫師照護服務,德昌皮革製品股份有限公司
478ff08a-74bf-4b7c-938b-291f1659dbe4,洗腎中心_元福診所,元盛診所,居家失能個案家庭醫師照護服務,元福診所
45a76152-990f-4de6-8636-9013abd73cc1,洗腎中心_元福診所,元盛診所,居家失能個案家庭醫師照護服務,元福診所
5ffc323a-7c18-4f09-b51b-f1f4a29b553e,洗腎中心_板新醫院,松群診所,居家失能個案家庭醫師照護服務,板新醫院
283f64e8-6eb6-4ef3-ba9e-8bb6cb1ea38d,日照中心_士林老人服務中心附設日間照顧,大元診所,居家失能個案家庭醫師照護服務,大內日照
a0729411-1e49-4389-a78a-c3b4ac639657,洗腎中心_弘光診所,弘光診所,居家失能個案家庭醫師照護服務,弘光診所
c0561c73-ffc5-425b-89f6-ff9bbb96f4eb,100年宮廟_保西代天府,元亨診所,居家失能個案家庭醫師照護服務,元保宮
25a3ec26-defd-4657-9a92-15676a2e6a4a,洗腎_欣禾診所,欣源美診所,居家失能個案家庭醫師照護服務,欣禾診所
6db913fc-781d-407d-a8e3-6d6aed16a0f7,洗腎中心_欣禾診所,欣源美診所,居家失能個案家庭醫師照護服務,欣禾診所
eaecfa9a-6d96-4460-98b6-e5d762cc95ce,全家同安街_全家,全家診所,居家失能個案家庭醫師照護服務,全家診所
d7a177de-1841-4b35-9583-079a77f5292a,交通接送單位_富泰旅運,展弘耳鼻喉科診所,居家失能個案家庭醫師照護服務,展志興業
3b6e4270-336f-4ba7-8ad4-b2547a00622e,詹佩慈捐台中_詹佩慈,誠光耳鼻喉科診所,居家失能個案家庭醫師照護服務,誠光耳鼻喉科診所
395dc542-4758-45fa-95dd-dbdb939e4389,日照中心_牡丹鄉老人日間照顧中心,牛津樂活事業股份有限公司附設新竹縣私立牛津居家長照機構,居家服務,牡丹鄉老人日間照顧中心
75b4fc63-c0e5-4239-ab66-e3e71fe65cfc,00維修-南區_牡丹鄉老人日間照顧中心,牛津樂活事業股份有限公司附設新竹縣私立牛津居家長照機構,居家服務,牡丹鄉老人日間照顧中心
d6446190-964b-4e56-9e65-64cbece346d0,中彰投 安養機構_和美 和慷老人,和煬長照社團法人私立和煬綜合長照機構,綜合式,和美 和慷老人
11817e45-49a1-4d30-b161-e398d5524b74,基金會_郭吳麗珠基金會,郁順復健科診所,居家失能個案家庭醫師照護服務,郭吳麗珠基金會
69f7cbb3-b00f-4b5a-abf2-718198d075eb,1000大企業_慧國工業股份有限公司,慕思根專師居家護理所,專業照護服務,慧國工業股份有限公司
3fd6d4a7-bbba-447a-978d-9ce61be8a7cd,1000大企業_宇瞻科技股份有限公司,宇泰復健科診所,專業照護服務,宇瞻科技股份有限公司
2737be9b-a722-4f31-a375-e5b7a407e5a3,心樂銀日照_心樂銀日照,心美日藥局,輔具及居家無障礙環境改善服務,心美日藥局
25e7dcc1-f0ba-4a4d-8a61-391983b1863e,洗腎中心_溪洲醫院,溪南藥局,輔具及居家無障礙環境改善服務,溪洲醫院
2781590f-96ad-4058-bd74-f7800449b4de,其他_張京翼,張家有限公司附設彰化縣私立氛緣居家長照機構,居家服務,張家豪
0aadf5d9-e932-4a1a-9790-5c5200d9775f,洗腎中心_慶安診所,慶福醫養有限公司附設苗栗縣私立同心園社區長照機構,社區式,慶華診所
ad402d41-2b9f-4e25-93a5-375af6c9b765,1000大企業_國巨股份有限公司,國安漢口藥局,輔具及居家無障礙環境改善服務,國巨股份有限公司
8fde21b7-937f-4619-bf6f-711269791ad7,1000大企業_太陽光電能源科技股份有限公司,太豐交通有限公司,社區式交通接送服務(BD03),太陽光電能源科技股份有限公司
bcf9cc50-b67e-4049-8e09-f23bb7f456b5,洗腎中心_怡德診所,怡康居家護理所,專業照護服務,怡德診所
9748e1bf-a341-4506-a9ab-f0b621d497e7,財團法人台灣省私立高雄仁愛之家附設康復之家_財團法人台灣省私立高雄仁愛之家附設康復之家,財團法人台灣省私立高雄仁愛之家附設慈惠醫院,專業照護服務,台灣老人急重症基金會
914b011b-69b4-4ec5-ab84-4ac46ed16a27,100年宮廟_安德宮,安盛醫療器材有限公司,輔具及居家無障礙環境改善服務,安福宮
ae54cc70-97f0-4d21-9a77-60e5649b8776,1000大企業_健策精密工業股份有限公司,健邑有限公司,輔具及居家無障礙環境改善服務,健鼎科技股份有限公司
fca6606e-8d7d-4198-bbe8-5774da8d6be7,1000大企業_千附實業股份有限公司,千百岳大藥局,輔具及居家無障礙環境改善服務,千附實業股份有限公司
c59ccb19-9af4-447a-91ef-09eb61214e60,復健機構_唯仁康復之家,唯博長照有限公司附設高雄市私立唯博居家長照機構,居家服務,唯仁康復之家
1c5a4e49-f841-4b32-bfe0-302fdb6ed05b,1000大企業_台燿科技股份有限公司,台灣麗總生技有限公司,輔具及居家無障礙環境改善服務,台燿科技股份有限公司
35df720b-e2c0-4ab7-b97d-52ac5d943096,1000大企業_穩懋半導體股份有限公司,穗寶康股份有限公司,輔具及居家無障礙環境改善服務,穩懋半導體股份有限公司
b41dec6d-fcb5-4186-8742-3049f57c1ac2,升茂科技_升茂科技,卓蘭千百岳大藥局,輔具及居家無障礙環境改善服務,卓蘭千百岳大藥局
ce496ca8-249b-4864-873e-8dcea53437c5,升茂科技_升茂科技,卓蘭千百岳大藥局,輔具及居家無障礙環境改善服務,卓蘭千百岳大藥局
703813d0-eefa-438e-8de5-3b74f0e18808,正安診所_正安診所,正安診所,居家失能個案家庭醫師照護服務,正安診所
1f685418-22a8-422b-aebd-214e1535f8ad,洗腎中心_正安診所,正安診所,居家失能個案家庭醫師照護服務,正安診所
28ff438c-8caa-41ce-aee9-c884004fbc87,虎尾清雲宮_虎尾清雲宮,虎踞企業有限公司,輔具及居家無障礙環境改善服務,虎踞企業有限公司
7ef12da9-0af7-402c-9a19-98f29b4b8530,00維修北（新竹以北）_聖安娜之家,聖威樂活長照社團法人附設高雄市私立悅順居住宿長照機構,機構式,聖安娜之家
c83a2b56-c244-4f0d-b6ac-7339f83151b3,長照2.0服務資源_財團法人敬德基金會附設護理之家,財團法人新北市台北基督徒環西禮拜堂(社照C),巷弄長照站,新北市基督徒五股禮拜堂
9e399760-ecbe-4ab0-92c6-fdc6535c01d7,惠心租車_惠心租車,惠生永春藥局,輔具及居家無障礙環境改善服務,惠生永春藥局
f738d840-2ec8-40e2-b7b7-ed45fa6a38fd,中彰投 醫院_大里仁愛醫院,大里中興藥局,輔具及居家無障礙環境改善服務,大里仁愛醫院
77cc85c2-a265-42ab-af2b-56490e8b9744,1000大企業_波若威科技股份有限公司,泓樂樂齡事業有限公司附設高雄市私立鳳凰居居家長照機構,居家服務,波若威科技股份有限公司
57c26e1d-2ba0-4cfe-9e80-1ba2d61d1f94,復健機構_光宏康復之家,全欣醫療器材有限公司,輔具及居家無障礙環境改善服務,全民康復之家
1e732a4a-65cd-4e66-a5cb-e2bc97dc7306,1000大企業_志一企業股份有限公司,必達藥局,輔具及居家無障礙環境改善服務,志一企業股份有限公司
9e3ef63a-12ad-4a7c-8a3d-b809496eb08f,1000大企業_鼎翰科技股份有限公司,鼎燊健業有限公司附設雲林縣私立悠樂綜合式長照機構,居家服務,鼎翰科技股份有限公司
30e92bc6-7782-4751-a194-a355775ba01d,1000大企業_維輪實業股份有限公司,維美工業股份有限公司溪南分公司,輔具及居家無障礙環境改善服務,維輪實業股份有限公司
99ce3871-0ac5-4a7c-b3d2-0e91f6cb9dc9,團體_洪主委,洛泉藥局,輔具及居家無障礙環境改善服務,洪主委
c0d971f2-e0c1-4ead-8058-adada72147e8,日照中心_祈樂園,祈安聯合診所(C據點),巷弄長照站,祈樂園
86321f05-29fc-4ff0-b728-58ce8a2b4863,長照2.0服務資源_臺中市石岡區萬安社區發展協會,臺中市烏日區衛生所,巷弄長照站,萬安社區發展協會
66e45078-6965-4bd8-a971-17f0d86b5b3d,萬安社區發展協會_萬安社區發展協會,臺中市烏日區衛生所,巷弄長照站,萬安社區發展協會
594d63a1-a2eb-416c-aeb4-323840b9df9d,100年宮廟_下茄冬泰安宮,中友藥局,輔具及居家無障礙環境改善服務,中和廣濟宮
8f48ff64-3602-4340-aacd-4a31efc660bb,00維修-中區_台中國光日照（欣德長照）,台中四平藥局,輔具及居家無障礙環境改善服務,台中國光
5a52c367-32f3-4960-8153-93b3b107c37b,1000大企業_貝民股份有限公司,貝斯特醫療儀器有限公司,輔具及居家無障礙環境改善服務,貝民股份有限公司
ded92a0b-e801-4f1d-973a-49e64d9f46c2,1000大企業_全興工業股份有限公司,全能照護科技股份有限公司,輔具及居家無障礙環境改善服務,全興工業股份有限公司
69e9087d-fafc-4c0e-92ab-8d3b79d9c5fb,洗腎中心_承安診所,承慷有限公司,輔具及居家無障礙環境改善服務,承新診所
925812cc-3290-4fb3-bd75-c918ddc304a4,1000大企業_尖點科技股份有限公司,小鹿藥局,輔具及居家無障礙環境改善服務,尖點科技股份有限公司
8119257b-e7ea-4c77-8c80-86642b777173,台南長照_德光護理之家,德侑健保藥局,輔具及居家無障礙環境改善服務,德光護理之家
22cc3372-5360-43a0-a0de-82bdc42a295e,100年宮廟_神農殿,神眼醫療器材有限公司,輔具及居家無障礙環境改善服務,神農殿
72721e6a-66d0-44b5-af1c-7a0b0189b71d,00維修-中區_南投縣慈愛關懷協會,社團法人南投縣慈愛關懷協會,社區式交通接送服務(BD03),南投縣慈愛關懷協會
d3831d29-8012-4e9d-beaa-8be3e69bb66b,1000大企業_維熹科技股份有限公司,維明醫療儀器有限公司,輔具及居家無障礙環境改善服務,維熹科技股份有限公司
3339caa1-689c-4f38-ac45-4c59a666122e,力致科技股份有限公司_力致科技股份有限公司,力雲營造股份有限公司,輔具及居家無障礙環境改善服務,力雲營造股份有限公司
1ec15f3d-27eb-403d-b9c4-9724294087d5,中彰投 醫院_霧峰澄清醫院,霧峰安德藥局,輔具及居家無障礙環境改善服務,霧峰澄清醫院
034fc631-abed-477e-ad17-3e54c1b2403c,洗腎中心_霧峰澄清醫院,霧峰安德藥局,輔具及居家無障礙環境改善服務,霧峰澄清醫院
4897c0d9-90d2-4ba3-8969-b15d73a3c0a8,白沙鄉赤崁村社區發展協會_白沙鄉赤崁村社區發展協會,澎湖縣白沙鄉吉貝衛生所,居家失能個案家庭醫師照護服務,白沙鄉小赤社區發展協會
d5da77f2-d56c-4d06-b1a7-6ea55e1d04c3,長照2.0服務資源_白沙鄉小赤社區發展協會,澎湖縣白沙鄉吉貝衛生所,居家失能個案家庭醫師照護服務,白沙鄉小赤社區發展協會
1b37cef0-554f-42c8-9f73-4d081dd93e16,松禾診所_松禾診所,松青診所,居家失能個案家庭醫師照護服務,松青診所
fc9a3630-91e9-4886-a0b1-8ca0467a15f8,日照中心_高樹鄉日間照顧中心,高植澎診所,居家失能個案家庭醫師照護服務,高樹鄉日間照顧中心
82c2a32d-f135-417b-a111-f564b3a9045f,1000大企業_精聯電子股份有限公司,精武丁丁藥局,輔具及居家無障礙環境改善服務,精聯電子股份有限公司
ad80a747-f8ef-4206-a01b-8cde2d640aed,洗腎_國城診所,國光丁丁藥局,輔具及居家無障礙環境改善服務,國城診所
01215b56-e546-4e1f-91cb-18f54dea238d,洗腎中心_國城診所,國光丁丁藥局,輔具及居家無障礙環境改善服務,國城診所
5f080c32-7f4a-4aa2-b826-9273f6f151be,100年宮廟_中壢慈惠堂,中清丁丁藥局,輔具及居家無障礙環境改善服務,中港慈裕宮
55177efc-9300-4157-aac1-c739e461204f,新仁內科診所_新仁內科診所,新優建工程有限公司,輔具及居家無障礙環境改善服務,新優建工程有限公司
85db89ca-96ee-4c92-ae22-835c83b9c41e,100年宮廟_十方大覺寺,千美台安藥局,輔具及居家無障礙環境改善服務,半天岩紫雲寺
ece8b346-8d79-4728-a6ba-bb54b3747598,中彰投 基金會_林蘭生基金會,林育慶泌尿專科診所,居家失能個案家庭醫師照護服務,林蘭生基金會
d6c52b46-dd2e-47b3-8081-9b54833699e9,飯店_歐悅汽車旅館 永康,泓樂樂齡事業有限公司附設桃園市私立鳳凰居社區長照機構,個案管理服務,法藍
9add93b2-50c5-449e-834e-082e26ad23be,交通接送單位_展志興業,捷乘交通有限公司,社區式交通接送服務(BD03),捷乘交通有限公司
e6ea996f-63ee-4381-8c5f-1ed07fbd2392,洗腎中心_文冠內科診所,文昌藥局,輔具及居家無障礙環境改善服務,文林診所
73898132-bbed-4260-b5c2-f9bda816c334,其他_宜蘭衛生局,崇德藥局,輔具及居家無障礙環境改善服務,崇德護理之家
36d6e168-d0f2-4ba4-bab9-2cb4e753c251,00維修北（新竹以北）_崇德護理之家,崇德藥局,輔具及居家無障礙環境改善服務,崇德護理之家
2ed19e0c-2b1b-42e1-af67-24b016aced8b,台南長照_均安護理之家,均佳生物科技有限公司,輔具及居家無障礙環境改善服務,均安護理之家
5479bec7-779a-46bc-b80c-4a6d0813431b,特殊教育學校_德蘭啟智中心,德芳東榮藥局,輔具及居家無障礙環境改善服務,德蘭啟智中心
15f5233a-d5b5-4642-92a7-ddc254b13a3f,今國光學工業股份有限公司-466巷_今國光學工業股份有限公司-466巷,今安心有限公司附設屏東縣私立今安心居家長照機構,居家服務,今安心有限公司附設屏東縣私立今安心居家長照機構
4322489d-f797-468a-9ec3-c043cb9ef3db,1000大企業_威剛科技股份有限公司,姜封豪診所,居家失能個案家庭醫師照護服務,威剛科技股份有限公司
652d05bb-af9e-455a-b41f-6990f73bc7f2,1000大企業_振樺電子股份有限公司,拾歲居家護理所,專業照護服務,振樺電子股份有限公司
afb86c52-7bd4-4a34-a2ae-5bb308f1acbe,洗腎中心_博佑診所,博佑診所,居家失能個案家庭醫師照護服務,博佑診所
b52d819c-3b36-478c-94a5-1ab614571eba,福寧宮_福寧宮,福年醫療器材有限公司,輔具及居家無障礙環境改善服務,福年醫療器材有限公司
89d13163-23c0-49b8-a802-433a03e52bb4,洗腎中心_苑裡李綜合醫院,芽晨居家護理所,專業照護服務,苑裡李綜合醫院
18a6ecb2-1fc4-4537-a4b2-1a4644e49bec,1000大企業_洋華光電股份有限公司,泰興福有限公司附設嘉義縣私立泰興福居家長照機構,居家服務,洋華光電股份有限公司
f37f52e8-1eb7-419e-855a-2088b45524d0,瑞光護理之家_瑞光護理之家,瑞光護理之家,喘息服務,瑞光護理之家
d39499da-231d-431d-93ab-53eb4306f898,1000大企業_台灣凸版國際彩光股份有限公司,台灣元氣村長照社團法人附設臺南市私立安南翔裕園綜合長照機構,綜合式,台灣凸版國際彩光股份有限公司
186ffc96-e144-4add-8309-3c8976d940eb,洗腎中心_惠德醫院,惠山有限公司附設臺南市私立惠山新營社區長照機構,社區式,惠德醫院
081b7847-0eb1-42f5-9e9c-579d9359d709,1000大企業_永信藥品工業股份有限公司,永佳長照有限公司附設桃園市私立永佳居家長照機構,居家服務,永信藥品工業股份有限公司
7c9ff202-2753-4b7c-bb86-59e2653f8fb1,林黃美娥_林黃美娥,柏仁診所,居家失能個案家庭醫師照護服務,柏仁診所
9c54825e-d248-44ba-8749-5e9a3c03b644,100年宮廟_大觀音亭興濟宮,天勤健康生活事業有限公司附設新北市私立天勤居家長照機構,居家服務,天后宮
44fd9b04-4095-4d44-8444-b4f80d013675,100年宮廟_天后宮-台東市,天勤健康生活事業有限公司附設新北市私立天勤居家長照機構,居家服務,天后宮
785fb9c9-ee55-4f0c-b443-bedea1f756dd,100年宮廟_天后宮-彰化縣,天勤健康生活事業有限公司附設新北市私立天勤居家長照機構,居家服務,天后宮
3f8c13d9-654c-423c-9b9f-9cc4c4e68bdd,1000大企業_千興不銹鋼股份有限公司,千牧健康事業有限公司附設高雄市私立光合居家長照機構,居家服務,千興不銹鋼股份有限公司
15539d53-9ed9-458e-83f6-4d9914c3d090,洗腎中心_人晟診所,仁佑健康事業有限公司附設高雄市私立仁佑居家長照機構,居家服務,仁佑診所
be0e045a-3cc8-4487-bd66-a94193401f82,安養機構_莊敬園長照中心,荷魯斯管理顧問有限公司附設高雄市私立安懷居家長照機構,居家服務,莊敬園長照中心
5a22f713-04ef-4611-84ad-f456787809d8,1000大企業_仁寶電腦工業股份有限公司,仁宣有限公司附設桃園市私立仁宣居家長照機構,居家服務,仁寶電腦工業股份有限公司
41443c08-844c-469a-9a4b-5a277a160329,中彰投 特約車隊_大慶居家護理所,大慶健康事業股份有限公司私立大慶居家長照機構,居家服務,大慶居家護理所
a99d94f3-bd1f-4b3b-8e29-fcd36d2c9d7e,1000大企業_三福氣體股份有限公司,世國企業股份有限公司,輔具及居家無障礙環境改善服務,世全鋼鐵企業股份有限公司
873dea7a-0272-4d19-8332-cd9cd14ff546,中彰投 安養機構_長生老人,長生企業股份有限公司附設私立長生居家長照機構,居家服務,長生老人
71e24666-9c34-4b99-9839-4f3c6a9ccbaf,基金會_財團法人台中市私立甘霖社會福利慈善事業基金會,財團法人台中市私立甘霖社會福利慈善事業基金會私立利百加居家長照機構,居家服務,甘霖社會福利慈善事業基金會
2f7d96eb-4671-4d57-a98e-a4a8b9572629,1000大企業_晶睿通訊股份有限公司,晶玥居家護理所,專業照護服務,晶睿通訊股份有限公司
df3585c9-bfaa-4500-8126-3817f3443aaa,客運業_三重客運,中化銀髮事業股份有限公司附設臺中市私立中化銀髮居家式服務類長期照顧服務機構,居家服務,中南客運
f46c7f32-8fa3-434b-a8a6-83edf5c4136f,客運業者_中南客運,中化銀髮事業股份有限公司附設臺中市私立中化銀髮居家式服務類長期照顧服務機構,居家服務,中南客運
d4573bc3-439e-491f-899d-2879ca008fe8,100年宮廟_大佛禪寺,大勇藥局,輔具及居家無障礙環境改善服務,大化宮
5f77abc0-bb9f-4518-b8f3-4952f3cbc590,1000大企業_長興化學工業股份有限公司,長育有限公司附設臺南市私立金祐居家長照機構,居家服務,長興化學工業股份有限公司
b4f68ba0-bd65-4357-9b2c-78e047b26fde,佛教慈濟醫療財團法人台中慈濟醫院_佛教慈濟醫療財團法人台中慈濟醫院,佛教慈濟醫療財團法人台中慈濟醫院,個案管理服務,佛教慈濟醫療財團法人大林慈濟醫院
9d6f2a21-1b00-4a96-a643-c4cb492eebe0,醫院_仁愛醫療財團法人台中仁愛醫院：大里院區,佛教慈濟醫療財團法人台中慈濟醫院,個案管理服務,佛教慈濟醫療財團法人大林慈濟醫院
2830af7b-ad5e-49ac-8302-efe85656ef79,高雄市立聯合醫院美術館院區_高雄市立聯合醫院美術館院區,新北市立聯合醫院附設居家護理所,專業照護服務,聯合醫院附設居家護理所
bf98b247-e44e-4ee8-b6e3-127fbb5ae2e4,洗腎中心_同心診所,同心藥局,輔具及居家無障礙環境改善服務,同心診所
cf88e0bb-3805-4ee6-bd48-1d9dad51c03d,鑫科材料科技股份有限公司_鑫科材料科技股份有限公司,長?企業有限公司,輔具及居家無障礙環境改善服務,長?企業有限公司
c743357c-f3c0-4c43-8d5e-14bbfb8d8d6e,洗腎中心_三泰醫院,三木居家長照有限公司附設新北市私立三木居家長照機構,居家服務,三泰醫院
2442b4bf-0374-4084-8b16-36e9f7fa2641,基金會_財團法人道心社會福利基金會,財團法人豐榮護理之家,喘息服務,道心社會福利基金會
ee2e034a-bee8-496e-baf4-43c65cfde37d,1000大企業_全興國際水產股份有限公司,全能居家長照有限公司附設新北市私立全能居家長照機構,居家服務,全興國際水產股份有限公司
4d920149-49fe-4769-b218-27c3769abb38,客運業_大都會客運,太陽居家護理所,專業照護服務,太魯閣客運
bf386317-0c10-4564-8dbb-c67e8923d983,客運業者_太魯閣客運,太陽居家護理所,專業照護服務,太魯閣客運
7df2ed0a-c956-4ed2-8307-cc1073f8bcf1,財團法人中華基督教福音信義傳道會附設台中市私立信義老人養護中心_財團法人中華基督教福音信義傳道會附設台中市私立信義老人養護中心,財團法人中華基督教福音信義傳道會附設台中市私立信義老人養護中心,喘息服務,中華基督教福音信義傳道會附設台中市私立信義老人養護中心
19a924c0-f139-469f-9050-487ec71dfd37,100年宮廟_楊梅弘淨寺,樂意健康生活有限公司附設新北市私立樂意居家長照機構,居家服務,樂成宮
ed34684e-38fb-461f-8295-a4b7214da92f,台中樂成宮_台中樂成宮,樂意健康生活有限公司附設新北市私立樂意居家長照機構,居家服務,樂成宮
ccc9d02c-47b7-4179-8ccb-2fead4750305,台中樂成宮_台中樂成宮,樂意健康生活有限公司附設新北市私立樂意居家長照機構,居家服務,樂成宮
3bb0d5ba-9326-40ce-874f-fa8103de4ffd,長照2.0服務資源_鴻欣護理之家,鴻欣護理之家,喘息服務,鴻欣護理之家
73659a87-581e-4612-b610-5fb263cf97f0,洗腎中心_高茂診所,高美樂活居家護理所,專業照護服務,高茂診所
6ec4f25f-e079-4bf0-9474-b7df278de7d4,1000大企業_台灣國際造船股份有限公司,台灣受恩整合服務股份有限公司附設新北市私立受恩居家長照機構,居家服務,台灣國際造船股份有限公司
940b8b73-034b-49e0-85d6-9695cb705a1a,1000大企業_欣建工業股份有限公司,欣庭有限公司附設新北市私立欣庭居家長照機構,居家服務,欣建工業股份有限公司
56abcd44-4b3d-41bf-9695-913f94b3e280,永和民權公共托老中心_永和民權公共托老中心,臺中市私立永和老人長期照顧中心(養護型),喘息服務,永和老人養護中心
38d539fc-20b9-4606-833a-35f97d411757,羅振燁_羅振燁,醫療財團法人徐元智先生醫藥基金會附設亞東居家護理所,專業照護服務,羅東博愛醫院
390c5e0d-7a28-43f2-9beb-794f5ee15703,洗腎中心_羅斯福內科診所,醫療財團法人徐元智先生醫藥基金會附設亞東居家護理所,專業照護服務,羅東博愛醫院
f1c3c616-0c28-4f97-8392-1c0aafc32347,00基隆市_羅東博愛醫院,醫療財團法人徐元智先生醫藥基金會附設亞東居家護理所,專業照護服務,羅東博愛醫院
095f3257-c481-4508-a531-b916815c03b7,00宜蘭縣_羅東博愛醫院,醫療財團法人徐元智先生醫藥基金會附設亞東居家護理所,專業照護服務,羅東博愛醫院
784fc98d-cde1-4188-84e2-6342cf408c1a,基金會_財團法人天主教光仁社會福利基金會,財團法人天主教主顧修女會附設新北市私立泰山奇蹟之家綜合長照機構,綜合式,天主教光仁社會福利基金會
72876d2d-bd8b-4f6d-a488-b54f80334840,計程車_大慶,府前藥局,輔具及居家無障礙環境改善服務,府城衛星計程車
92453b83-cd74-4fe4-9026-c4736c7622c4,計程車_大慶,府前藥局,輔具及居家無障礙環境改善服務,府城衛星計程車
ce1225c6-fd8d-492d-a4d1-8a41b9fa4bfb,龍生工業股份有限公司_龍生工業股份有限公司,龍騰長期照護有限公司附設新北市私立童馨園居家長照機構,個案管理服務,龍騰長期照護有限公司附設新北市私立童馨園居家長照機構
d43bf5b6-3e43-4202-9ff6-a5b02c444d0a,台中永愛日照_台中永愛日照,永愛健康事業有限公司私立永愛社區長照機構,社區式,永愛日照
8e874ea1-7039-4bdd-8b29-5a48c1dfcf21,貢寮區衛生所_貢寮區衛生所,新北市貢寮區衛生所,個案管理服務,貢寮區衛生所
2b2e3301-ab68-4f17-91ad-69a540e772f6,00維修_桃園市_樂生療養院,樂玲社會企業股份有限公司附設新北市私立老同學社區長照機構,社區式,樂生療養院
0fec48e4-2e91-4d1c-b999-55d828378a36,洗腎中心_衛生福利部樂生療養院,樂玲社會企業股份有限公司附設新北市私立老同學社區長照機構,社區式,樂生療養院
676fbd8e-6775-4571-812b-03453beb1bbe,樂福_樂福,新北市私立樂福社區長照機構,社區式,樂福社區長照機構
31720da7-ee9c-438a-8de5-0d5cbd445ba4,洗腎中心_思源診所,思暮長期照護有限公司附設新北市私立思暮居家長照機構,居家服務,思源診所
4b79b54b-2939-4fd5-b0d0-7df3abb3d163,100年宮廟_慎德齋堂,承濤有限公司附設新北市私立承濤居家長照機構,居家服務,承福宮
18b78e80-ed29-4651-8751-801d831093a0,愛欣診所_愛欣診所,愛無限整合服務有限公司附設新北市私立愛無限居家長照機構,居家服務,愛無限整合服務有限公司附設新北市私立愛無限居家長照機構
e79c4ccd-9bcc-4535-831f-9f0bf6a6486e,1000大企業_品安科技股份有限公司,和鄰長照股份有限公司附設新北市私立土城和鄰社區長照機構,社區式,品安科技股份有限公司
56f5519d-ceca-4e56-9c91-8adc04cf1869,1000大企業_桂冠實業股份有限公司,格霖有限公司附設新北市私立格霖居家長照機構,居家服務,桂冠實業股份有限公司
1a73fac8-3978-42e3-8736-4005774b2ee2,長照2.0服務資源_李綜合醫療社團法人大甲李綜合醫院,杰瑪健康管理顧問股份有限公司臺中市私立椿萱居家長照機構,居家服務,東元綜合醫院附設崇德護理之家
eb872275-b10a-42c2-9f72-1f2d0fdac6a0,鎰勝工業股份有限公司_鎰勝工業股份有限公司,(新北)神同行小客車租賃有限公司,交通接送服務,鐵牛居家職能治療所
60cdaafa-0ff0-41aa-b133-e321d4efd103,日照中心_松柏失智日間照顧,松林護理之家,喘息服務,松柏失智日間照顧
1c004095-0223-43eb-879b-685821bb835d,安養機構_祥蕙護理之家,祥蕙護理之家,喘息服務,祥蕙護理之家
fc6d1133-5235-43e1-8676-077db2122132,100年宮廟_慈蔭亭,慈英居家護理所,專業照護服務,慈護宮
0aa35cb6-b11e-44c4-9add-a334d9899a69,三峽打卡點_三峽打卡點,縉澄居家長照有限公司附設新北市私立合禧居家長照機構,居家服務,三星衛生所
7a7afc06-0965-40bc-aa18-3786a49896ef,醫院_馬偕紀念醫院臺東分院,高雄市立大同醫院,個案管理服務,高雄市立大同醫院
d159f60c-2367-4f82-871e-73bcba5c5fb2,大黃 黃汝慶_楓樹福德廟,大齡長照服務事業有限公司私立大齡居家長照機構,居家服務,大齡長照服務事業有限公司私立大齡居家長照機構
2e12a3d2-8e5c-49ab-ad34-e46010b219d2,1000大企業_達新工業股份有限公司,達新復健科診所,專業照護服務,達新工業股份有限公司
48eb77ce-04a9-4ccb-bb9d-f8f9de542c91,交通接送單位_臺灣租車股份有限公司,(新北)財團法人伊甸社會福利基金會,交通接送服務,財團法人一粒麥子社會福利慈善事業基金會
e7753cc8-ccd1-4e2f-b2a0-142358e79364,交通接送單位_臺灣租車股份有限公司,(新北)財團法人伊甸社會福利基金會,交通接送服務,財團法人一粒麥子社會福利慈善事業基金會
e5991f7d-66af-46ae-961f-84a8a6b13b6b,長照2.0服務資源_財團法人一粒麥子社會福利慈善事業基金會(永昌老人日托站),(新北)財團法人伊甸社會福利基金會,交通接送服務,財團法人一粒麥子社會福利慈善事業基金會
0f5c5b39-9108-42d3-ba39-54a7fd3929df,長照2.0服務資源_財團法人一粒麥子社會福利慈善事業基金會(鹿野日照中心),(新北)財團法人伊甸社會福利基金會,交通接送服務,財團法人一粒麥子社會福利慈善事業基金會
e731cbf3-ad27-4bc7-b1a2-38ba0b1be346,長照2.0服務資源_財團法人一粒麥子社會福利慈善事業基金會-宜蘭縣,(新北)財團法人伊甸社會福利基金會,交通接送服務,財團法人一粒麥子社會福利慈善事業基金會
aaf70d7d-c26d-49dc-86fd-ca70d0b0296f,長照2.0服務資源_財團法人一粒麥子社會福利慈善事業基金會-臺東縣,(新北)財團法人伊甸社會福利基金會,交通接送服務,財團法人一粒麥子社會福利慈善事業基金會
39bc1408-6339-4347-9e52-f293616a3f0f,長照2.0服務資源_財團法人一粒麥子社會福利慈善事業基金會-花蓮服務中心,(新北)財團法人伊甸社會福利基金會,交通接送服務,財團法人一粒麥子社會福利慈善事業基金會
4cec214f-7c5d-47f3-a154-27068f3e65a2,長照2.0服務資源_財團法人一粒麥子社會福利慈善事業基金會-花蓮縣,(新北)財團法人伊甸社會福利基金會,交通接送服務,財團法人一粒麥子社會福利慈善事業基金會
852d6b55-a685-4858-a033-33ab2798c603,財團法人OMG關懷社會愛心基金會_財團法人OMG關懷社會愛心基金會,(新北)財團法人伊甸社會福利基金會,交通接送服務,財團法人一粒麥子社會福利慈善事業基金會
7987d231-a53a-4e93-b5cd-9b376594b96d,基金會_財團法人一粒麥子社會福利慈善事業基金會-寧波街,(新北)財團法人伊甸社會福利基金會,交通接送服務,財團法人一粒麥子社會福利慈善事業基金會
c29cb02c-e4d3-4e76-b183-b3d7c5458a10,基金會_財團法人一粒麥子社會福利慈善事業基金會-開封街,(新北)財團法人伊甸社會福利基金會,交通接送服務,財團法人一粒麥子社會福利慈善事業基金會
87eedfa7-2eed-4c25-85c2-661d140a59b5,1000大企業_台灣國際航電股份有限公司,台灣受恩整合服務股份有限公司附設新北市私立三重受恩社區長照機構,社區式,台灣國際航電股份有限公司
2113eabd-68cd-4e35-9736-e3bc95d5af0d,1000大企業_泰碩電子股份有限公司,泰康診所,居家失能個案家庭醫師照護服務,泰碩電子股份有限公司
47461415-d08b-4720-a935-5ff12d14b8b9,基金會_財團法人台中市私立素貞興慈會,財團法人台中市私立真愛社會福利慈善事業基金會附設臺中市私立真愛居家式服務類長期照顧服務機構,居家服務,素貞興慈會
5744af7f-3b83-4bbc-97fa-46794950f0e9,00維修北（新竹以北）_北投福斯原廠,新北市私立匯安老人長期照顧中心(養護型),社區式交通接送服務(BD03),匯安老人長期照顧中心
7ef890b3-d2da-4f61-83ba-0606535d9385,基金會_財團法人台北市紀恒紀念基金會,財團法人台北市立心慈善基金會附設新北市私立立心居家長照機構,居家服務,紀恒紀念基金會
49f5692a-e6aa-4968-99f7-68a9d9b63e3b,00維修-中區_優仕通（租車）,億家人股份有限公司附設新北市私立億家人居家長照機構,居家服務,優仕通（租車）
e4edacb5-0c7d-4f58-b919-f48b54658bf7,00維修北（新竹以北）_陳志銘,顧得樂長照有限公司附設桃園市私立顧得樂居家長照機構,居家服務,風均租賃
c90a615d-a072-4529-9fb6-f24b5015bbd4,1000大企業_佳世達科技股份有限公司,佳合護理之家,喘息服務,佳和實業股份有限公司
7a189658-7a2d-426e-8ba8-4c82dedb8886,1000大企業_福壽實業股份有限公司,福善有限公司附設新北市私立福善居家長照機構,居家服務,福壽實業股份有限公司
c706701e-55d0-47ee-8b0a-09c38dba387e,1000大企業_全台晶像股份有限公司,全備聖恩健康福祉股份有限公司附設新北市私立愛加倍居家長照機構,居家服務,全台晶像股份有限公司
537988ef-8273-4f34-8924-52aa52567df3,100年宮廟_廣厚宮,廣全診所,居家失能個案家庭醫師照護服務,廣厚宮
7a4d02d2-ea51-4c95-a604-bed5b20c9e2c,其他_廖玉諺,廣全診所,居家失能個案家庭醫師照護服務,廣厚宮
d0614520-2b37-49ea-a4a1-0111cb917ace,楊麒貿易_楊麒貿易,楓樹護理之家,喘息服務,楓樹護理之家
c96cfec8-c5ef-434c-96b7-030116f2f58e,租賃_安銓國際租賃有限公司,(新北)大豐國際租賃有限公司,居家服務,安銓國際租賃有限公司
6186f594-c0aa-4448-9a31-29c65a427699,00新北市_三芳護理之家,三芳護理之家,喘息服務,三芳護理之家
51cc30cb-bb8f-4282-9b4d-219e19839ae3,醫院_員郭醫院,國立臺灣大學醫學院附設醫院金山分院附設居家護理所,專業照護服務,國立臺灣大學醫學院附設醫院雲林分院：斗六院區
378d9e36-ee42-44c3-b8e3-3ed36e46dfaa,財團法人台北縣私立明倫社會福利慈善事業基金會_財團法人台北縣私立明倫社會福利慈善事業基金會,財團法人明倫社會福利慈善事業基金會附設新北市私立明倫社區長照機構,社區式,明倫社會福利慈善事業基金會
e6deac05-3c95-4e40-8055-a9c9c621be3a,財團法人明倫社會福利慈善事業基金會_財團法人明倫社會福利慈善事業基金會,財團法人明倫社會福利慈善事業基金會附設新北市私立明倫社區長照機構,社區式,明倫社會福利慈善事業基金會
e6feb497-632d-4cd3-a0d7-9bf05e987722,基金會_財團法人台北縣私立明倫社會福利慈善事業基金會,財團法人明倫社會福利慈善事業基金會附設新北市私立明倫社區長照機構,社區式,明倫社會福利慈善事業基金會
35c91e17-72db-4b88-b46d-a7baedea8f82,基金會_財團法人明倫社會福利慈善事業基金會,財團法人明倫社會福利慈善事業基金會附設新北市私立明倫社區長照機構,社區式,明倫社會福利慈善事業基金會
ca90f132-80f7-41b3-9d73-b059fc59707a,交通接送單位_豐均租賃,(新北)生通股份有限公司,交通接送服務,財團法人伊甸社會福利基金會
5adcc231-0950-4d0a-ab48-b5d309f15ea2,長照2.0服務資源_財團法人伊甸社會福利基金會-南投縣,(新北)生通股份有限公司,交通接送服務,財團法人伊甸社會福利基金會
8c50b4a7-fb72-48ff-b89f-10d9b0d9ea3e,長照2.0服務資源_財團法人伊甸社會福利基金會-台南市,(新北)生通股份有限公司,交通接送服務,財團法人伊甸社會福利基金會
e6dee0b6-1e07-4917-a8da-ce4a9a245899,長照2.0服務資源_財團法人伊甸社會福利基金會-嘉義縣,(新北)生通股份有限公司,交通接送服務,財團法人伊甸社會福利基金會
ae69c00f-fec3-4ff8-8809-2f4bd481e3ae,長照2.0服務資源_財團法人伊甸社會福利基金會-基隆市新豐街,(新北)生通股份有限公司,交通接送服務,財團法人伊甸社會福利基金會
e04a60f3-108b-4254-8b26-8a3ce0bc1793,長照2.0服務資源_財團法人伊甸社會福利基金會-基隆市東信路,(新北)生通股份有限公司,交通接送服務,財團法人伊甸社會福利基金會
52d25c71-f458-4bd0-bca9-9fc4dcde2fda,長照2.0服務資源_財團法人伊甸社會福利基金會-宜蘭縣,(新北)生通股份有限公司,交通接送服務,財團法人伊甸社會福利基金會
e1550ca3-91eb-45bf-b727-10e9b6e896e5,長照2.0服務資源_財團法人伊甸社會福利基金會-新北市三峽區,(新北)生通股份有限公司,交通接送服務,財團法人伊甸社會福利基金會
8e2de7ca-7501-41b6-bcc4-28f2f06271c3,長照2.0服務資源_財團法人伊甸社會福利基金會-新北市鶯歌區,(新北)生通股份有限公司,交通接送服務,財團法人伊甸社會福利基金會
7a40a87b-0a8c-44ad-827c-cd1a648a2cbd,長照2.0服務資源_財團法人伊甸社會福利基金會-雲林縣,(新北)生通股份有限公司,交通接送服務,財團法人伊甸社會福利基金會
bc1fc8a3-1f10-4b08-b519-70311ce8df74,100年宮廟_慈雲寺-基隆市,慈馨健康有限公司附設新北市私立康乃馨居家長照機構,居家服務,慎德齋堂
a845a338-57a6-4165-9dad-d9a35c38e519,1000大企業_幸福水泥股份有限公司,幸福時光居家護理所,專業照護服務,幸福水泥股份有限公司
d8bae0de-d944-45cd-b308-7e97d8f58400,1000大企業_台灣化學纖維股份有限公司,台灣全齡長照股份有限公司附設新北市私立禾薪居家長照機構,居家服務,台灣化學纖維股份有限公司
5d86364e-6aa3-4f45-a21d-a5ceb93ee137,天主教花蓮教區醫療財團法人台東聖母醫院_天主教花蓮教區醫療財團法人台東聖母醫院,天主教花蓮教區醫療財團法人台東聖母醫院,居家失能個案家庭醫師照護服務,天主教花蓮教區醫療財團法人台東聖母醫院
b9f2824e-43f4-4e92-90f4-7ec90844195b,長照2.0服務資源_天主教聖功醫療財團法人聖功醫院,天主教花蓮教區醫療財團法人台東聖母醫院,居家失能個案家庭醫師照護服務,天主教花蓮教區醫療財團法人台東聖母醫院
3d986ec4-b744-45da-b796-c989b581f5cb,長照2.0服務資源_尾塹社區老來寶健康促進家園站,尤憲明內科小兒科診所,居家失能個案家庭醫師照護服務,尾塹社區老來寶健康促進家園站
3f625aaf-a8f4-4161-8e92-e8880c5522c7,亞東紀念醫院_亞東紀念醫院,醫療財團法人南迴基金會附設居家護理所,專業照護服務,亞東紀念醫院
8df8a472-49b1-4f45-80d2-5467cae9d0ca,洗腎中心_亞太診所,醫療財團法人南迴基金會附設居家護理所,專業照護服務,亞東紀念醫院
f14a5581-5353-4702-ba62-b5af6a197dfe,1000大企業_致茂電子股份有限公司,臺東縣鹿野鄉衛生所附設居家護理所,專業照護服務,臺灣中華化學工業股份有限公司
c417d794-80b0-49f5-9f8e-245d42bcfb5f,1000大企業_原相科技股份有限公司,原協Nahuy居家護理所,個案管理服務,原相科技股份有限公司
1891d096-1b8f-4e78-87e9-9888e0a42462,1000大企業_路竹新益工廠股份有限公司,路瑪診所,居家失能個案家庭醫師照護服務,路竹新益工廠股份有限公司
e7e8f3c0-0cc6-45ac-9ef1-3b5a9df4bed4,100年宮廟_鄞山寺,都蘭診所,居家失能個案家庭醫師照護服務,鄞山寺
a77926d5-47e1-49d7-b6f6-d656cdf608a3,1000大企業_松普科技股份有限公司,松德租賃有限公司台東營業所,交通接送服務,松普科技股份有限公司
b6141a12-4855-45ee-874d-26529f1511d3,長照2.0服務資源_東元綜合醫院附設崇德護理之家,東基醫療財團法人台東基督教醫院,專業照護服務,東基醫療財團法人台東基督教醫院
5d057b3c-262d-4cfe-a757-d5ddebcca01b,醫院_衛生福利部臺北醫院,衛生福利部臺北醫院,個案管理服務,衛生福利部臺北醫院
10dbcfe5-662a-4231-88b5-1bf8de3e1562,00新北市_漢達交通-蘆洲,新北市私立璟馨居家長照機構,居家服務,璟馨居家長照機構
a3a172fd-84e0-42b1-b904-c3d68aa8141f,醫院_臺北榮民總醫院桃園分院,行天宮醫療志業醫療財團法人恩主公醫院,個案管理服務,行天宮醫療志業醫療財團法人恩主公醫院
744aeaa9-858a-4d53-8d77-de9517ce40da,天主教耕莘醫療財團法人耕莘醫院_天主教耕莘醫療財團法人耕莘醫院,天主教耕莘醫療財團法人耕莘醫院,個案管理服務,天主教耕莘醫療財團法人耕莘醫院
374e3b59-8eb5-43db-9619-6276fc6bcbab,長照2.0服務資源_大順醫院,天主教耕莘醫療財團法人耕莘醫院,個案管理服務,天主教耕莘醫療財團法人耕莘醫院
8b8069ba-1c29-4fbc-a825-d5c4f6b88fc5,醫院_天主教耕莘醫療財團法人耕莘醫院,天主教耕莘醫療財團法人耕莘醫院,個案管理服務,天主教耕莘醫療財團法人耕莘醫院
200acb1e-ecbc-40cf-b165-6bce300a333f,洗腎中心_蕭中正醫院,蕭中正醫院,個案管理服務,蕭中正醫院
7c502c99-df31-4f34-b925-9c983e25b8d7,南投仁愛之家_南投仁愛之家,臺中市私立鼎禎居家長照機構,居家服務,仁愛之家
67838a5b-8467-403e-9f87-4aa77df60afa,南投仁愛之家_南投仁愛之家,臺中市私立鼎禎居家長照機構,居家服務,仁愛之家
0c78d5e8-9568-4bde-bbeb-a902c800998a,00維修_桃園市_仁愛之家,臺中市私立鼎禎居家長照機構,居家服務,仁愛之家
621bf4b8-57a7-4990-892c-1cb1b80007d9,南投仁愛之家_南投仁愛之家,臺中市私立鼎禎居家長照機構,居家服務,仁愛之家
64414c25-6865-4a6f-8239-27d586207cf7,祝三停車場_祝三停車場,(新北)生活交通有限公司,交通接送服務(DA01),祝三實業股份有限公司
33dc3005-44ba-4b8e-b319-826e9e76f3da,安養機構_松和護理之家-青松健康事業,松和護理之家,喘息服務,松和護理之家
19534417-866f-40d6-bcba-70d0a6dc65f3,生命連線協會_生命連線協會,(新北)捷安租賃股份有限公司,社區式交通接送服務(BD03),生活交通有限公司
b4937d88-1342-41dd-bcd3-f3cb1bf22088,基金會_財團法人豐匙慈善公益基金會,財團法人謙信社會福利慈善事業基金會私立謙信復興社區長照機構,社區式,豐匙慈善公益基金會
f274a5de-28b1-4f7e-a768-c89811e12bb2,洗腎中心_廣泉診所,廣權護理之家,喘息服務,廣泉診所
473ecc46-dcad-4894-9bfe-93ff6f799939,日照中心_大寮老人日間照顧中心,大心居家護理所-樹林柑園據點(醫事C),居家失能個案家庭醫師照護服務,大心日照
6bd1c4dc-9a7c-4801-affb-528a9e9448e4,復健機構_佛明社區復健中心,佳和健康事業股份有限公司附設私立佳和居家長照機構,居家服務,佳園康復之家
50f8d828-1577-460a-81bb-9778b18de7bb,1000大企業_台灣富綢纖維股份有限公司,台灣家安社區關懷服務協會私立家安居家長照機構,居家服務,台灣富綢纖維股份有限公司
f3a990c5-b5a2-44bc-b758-993aea25789b,1000大企業_弘諭鋼鐵股份有限公司,弘裕長照有限公司附設臺中市私立群仁綜合長照機構,交通接送服務(DA01),弘諭鋼鐵股份有限公司
07ea0e20-88bf-4521-a6ef-ce80d9b422a6,00維修北（新竹以北）_台灣優質生命,社團法人台灣微光行動協會,交通接送服務(DA01),台灣微光行動協會
c0265457-d918-487c-853a-127aa675aaab,00維修-中區_台灣微光行動協會,社團法人台灣微光行動協會,交通接送服務(DA01),台灣微光行動協會
9a1a6215-e28b-4fe9-9582-b042b0292904,同亨科技股份有限公司_同亨科技股份有限公司,同仁康拓長照社團法人附設新北市私立土城永寧社區長照機構,社區式,同仁康拓長照社團法人
f559553e-4d0f-4903-b90d-16fa6c2485d5,00新北市_保安老人長期照顧中心,新北市私立保安老人長期照顧中心(養護型),喘息服務,保安老人長期照顧中心
eb79e14f-903a-4992-bc83-f5497d65baf1,100年宮廟_店仔街福德宮,幼恩診所,居家失能個案家庭醫師照護服務,店仔街福德宮
0a4ba5e3-2295-4529-b08a-683ef0923f85,其他_川賦商旅,幼恩診所,居家失能個案家庭醫師照護服務,店仔街福德宮
6fe6e4f4-9d54-4d2a-a630-86149e529afc,00維修北（新竹以北）_京喜旅遊,京安居家照護有限公司附設新北市私立京安居家長照機構,居家服務,京華城
0437532d-3fdb-46f8-b4c4-632664d776a6,洗腎中心_惠腎診所-雲林縣,愛樂親子診所,居家失能個案家庭醫師照護服務,愛欣診所
3bd5c65c-37d1-474b-9c2a-e1b216c37311,100年宮廟_廣慈庵,廣川醫院,專業照護服務,廣慈庵
befe00b9-41ab-4edf-bff7-646e2bde8df6,基金會_財團法人台中私立欣欣社會福利慈善事業基金會,財團法人台中市私立龍眼林社會福利慈善事業基金會附設私立龍眼林居家長照機構,個案管理服務,欣欣社會福利慈善事業基金會
3206ef3c-bb7e-456b-b0ac-bc5143357c68,台中安養機構_溫興長照中心,溫昕護理之家,喘息服務,溫興長照中心
09bb6c7e-1270-47ec-803b-aad499325d0c,長照2.0服務資源_聯安護理之家,基隆市私立聯安護理之家,喘息服務,聯安護理之家
599e4eba-0898-4713-b043-b55038124760,團體_汐止救國團,汏樹中醫診所(大樹區溪埔里C),巷弄長照站,汐止救國團
c6b555ee-4f87-403a-a974-f05fdf28e27a,日照中心_汐止佳醫公共托老中心,汏樹中醫診所(大樹區三和里C),巷弄長照站,汐止佳醫公共托老中心
dd17ddfd-261e-4149-8ccc-f10013282a6b,安養機構_佑安老人長期照顧中心,同安生命有限公司附設高雄市私立萬橙居家長照機構(楠梓區錦屏里C),喘息服務,同德養護之家
533ea241-bb34-40bb-bd63-09119e58ac1b,飯店_假期商旅,優護銀髮股份有限公司私立久美綜合長照機構,居家服務,優遊商旅
404038f8-5386-42ec-9331-e800303c083a,100年宮廟_彌陀寺,德化佶園護理之家,個案管理服務,德化堂
3811c9c6-6d9e-41f4-901c-efbd815ea36a,三軍總醫院附設基隆民眾診療服務處：正榮院區_三軍總醫院附設基隆民眾診療服務處：正榮院區,醫鄰診所,居家失能個案家庭醫師照護服務,三軍總醫院附設基隆民眾診療服務處：正榮院區
2e53f707-8226-47a3-87ae-c131371a56ad,福祉_台灣福祉,福碩護理之家,喘息服務,台灣福祉
4df64bc9-04de-4975-a835-3266b5801403,洗腎中心_劉內兒科診所,創齡健康事業有限公司附設高雄市私立創齡居家長照機構(三民區港西里C),喘息服務,劉內兒科診所
07303e22-0f2e-4da8-a982-0898694d1528,100年宮廟_配天宮,鄰好西醫診所(前鎮區民權里C),巷弄長照站,配天宮
a66c8054-25f2-4354-a3f2-869f3b4dc95f,供應商_景文汽車玻璃,永益健康生活有限公司附設高雄市私立好厝邊居家長照機構,居家服務,永立汽車
e6538413-adf2-4f95-bba0-e1b4f82dd1be,1000大企業_立錡科技股份有限公司,立蹟科技有限公司附設南投縣私立一二三居家長照機構,居家服務,立錡科技股份有限公司
8a793a69-1379-486b-bec2-c71d0d68dc0b,復健機構_心心康復之家,心安居家護理所,專業照護服務,心心康復之家
4fe9f26c-d3e1-4ec3-9706-b6d8933a4c0d,基金會_財團法人中華社會福利基金會,中華社區照顧暨健康促進協會附設私立中華居家長照機構,居家服務,中華社會福利基金會
81ff28d5-6918-4e06-883d-4c1664644d05,日日居家長照機構_日日居家長照機構,臺中市私立文心居家式服務類長期照顧服務機構,居家服務,日日居家長照機構
6602e851-c7d8-4bb0-a26a-7df3aa084bc6,基金會_財團法人新光人壽慈善基金會,財團法人敬德基金會附設護理之家,喘息服務,新光人壽慈善基金會
e2861e14-5d58-4e2a-9b71-da1411c45918,100年宮廟_永昌宮,永營股份有限公司附設臺中市私立米滿綜合長照機構,居家服務,永福巖祖師廟
8cd1d70e-149a-4247-99c6-4cbb9dbc703d,00維修_桃園市_劉麗清,劉燕玲居家護理所,專業照護服務,劉麗清
40e00d2a-156d-4b80-811f-6c0d62fbb3ba,1000大企業_華豐橡膠工業股份有限公司,華穗護理之家,日間照顧服務(BB),華豐橡膠工業股份有限公司
34b4bf4d-5576-4a3a-97d5-1d48ef3a1646,1000大企業_京元電子股份有限公司,享溫心護理之家,喘息服務,京元電子股份有限公司
3b5a2c0c-6d4b-43ea-9694-59c11dfec386,00維修-南區_千葉老人長期照顧中心,高雄市私立冠御居家長照機構(三民區鼎金里C),喘息服務,千葉老人長期照顧中心
b7498367-ff01-4f65-8966-977932feaa41,左營青商會_左營青商會,巧手國際企業有限公司,輔具及居家無障礙環境改善服務,巧手國際企業有限公司
02df098c-078d-4cac-a579-5865c88b205d,全家復興北路_全家,全家醫療器材有限公司,輔具及居家無障礙環境改善服務,全家醫療器材有限公司
fffadf02-72b0-4938-b83a-1eed377b08cf,長照2.0服務資源_芳鄰居家護理所,芳財企業有限公司,輔具及居家無障礙環境改善服務,芳鄰居家護理所
562817e7-e46a-459b-b871-58f76fdd4dec,交通接送單位_嘉義縣（嘉義縣公車處、社會局）自行辦理,多扶事業股份有限公司,輔具及居家無障礙環境改善服務,多扶事業股份有限公司
2d2dcc79-4482-46bf-94c9-b04af7d1ed92,交通接送單位_嘉義縣（嘉義縣公車處、社會局）自行辦理,多扶事業股份有限公司,輔具及居家無障礙環境改善服務,多扶事業股份有限公司
1f4057a4-c231-411f-8a39-e1132cbccb02,00維修_桃園市_愈健老人長照,桃元松藥局,輔具及居家無障礙環境改善服務,愈健老人長照
1a984173-9492-40ba-8e1a-8e73cd47d782,1000大企業_力晶科技股份有限公司,力安醫療器材有限公司,輔具及居家無障礙環境改善服務,力晶科技股份有限公司
02218103-b599-4501-bc4c-832aac23a923,飯店_彰化歐悅,伸鎂企業股份有限公司,輔具及居家無障礙環境改善服務,木子寓所
2d01d77b-d61e-4a1c-8f2d-f11153dc2a6a,建通精密工業股份有限公司_建通精密工業股份有限公司,建鵬貿易股份有限公司,輔具及居家無障礙環境改善服務,建鵬貿易股份有限公司
8fc0587a-3d4b-43e5-8ead-9f5765a80854,1000大企業_京都商務旅館股份有限公司,京紳企業有限公司,輔具及居家無障礙環境改善服務,京都商務旅館股份有限公司
fe1781ef-a639-434a-844e-2ac1b508ee64,租賃_大心小客車租賃有限公司,大心小客車租賃有限公司,輔具及居家無障礙環境改善服務,大心小客車租賃有限公司
d1776e72-81b4-4237-af92-fbd281046d96,復健機構_慷欣社區復健中心,慷侑醫療器材有限公司,輔具及居家無障礙環境改善服務,慷欣社區復健中心
1f44240e-78f7-4567-8108-8355a4454840,賴正蘭_賴正蘭,赤陽工業有限公司,輔具及居家無障礙環境改善服務,赤陽工業有限公司
37c72a4c-b6e9-4028-9b10-4b540c758103,1000大企業_兆利科技工業股份有限公司,兆謙益企業有限公司,輔具及居家無障礙環境改善服務,兆赫電子股份有限公司
e764bd6f-13ab-4b8f-92d4-0cdebd3fca2e,其他_妙雲宮,宜康實業有限公司,輔具及居家無障礙環境改善服務,宜康醫療器材
3d373dfb-db25-453c-94f7-800ab3892fe3,個人捐贈_瑞鋐儀器股份有限公司,瑞鋐儀器股份有限公司,輔具及居家無障礙環境改善服務,瑞鋐儀器股份有限公司
05c34560-5157-4e02-a31c-7ec1a3e431d8,1000大企業_康舒科技股份有限公司,康翔醫療器材有限公司,輔具及居家無障礙環境改善服務,康舒科技股份有限公司
9b74b297-5433-494a-be70-b65fbc7cd8ca,洗腎中心_弘德診所,弘康醫療器材有限公司,輔具及居家無障礙環境改善服務,弘德診所
00994a4e-608b-481e-a7f8-7e93165c1b05,南屯黃美珠_南屯黃美珠,南崁南祥藥局,輔具及居家無障礙環境改善服務,南崁南祥藥局
93d5e05f-d6c8-4e61-81cc-e052b9a84a8b,獅子會_桃園國際獅子會300 G2區,桃園南平藥局,輔具及居家無障礙環境改善服務,桃園國際獅子會300 G2區
5bb9b8c6-5b9e-4cec-93df-a63f88527ce5,1000大企業_喬鼎資訊股份有限公司,喬醫健康事業有限公司,輔具及居家無障礙環境改善服務,喬鼎資訊股份有限公司
8487edf1-ea2f-412d-89fa-6abe19997dde,洗腎中心_仁佑診所,仁安堂藥局,輔具及居家無障礙環境改善服務,仁安診所
411c6575-289e-445e-8d5c-80e856eedb06,復健機構_祐成康復之家,祐安藥局,輔具及居家無障礙環境改善服務,祐成康復之家
353c7327-d79e-450c-b403-b104f8585962,1000大企業_鴻禾軒資產管理有限公司,鴻福醫療復健器材有限公司,輔具及居家無障礙環境改善服務,鴻禾軒資產管理有限公司
1fbb26e8-c293-4649-bbb5-bef764242abe,1000大企業_智伸科技股份有限公司,智仁國際有限公司,輔具及居家無障礙環境改善服務,智伸科技股份有限公司
14c10421-20a2-43f2-816e-3182afc1bf30,1000大企業_廣明光電股份有限公司,廣慈醫材有限公司,輔具及居家無障礙環境改善服務,廣明光電股份有限公司
9995fe82-eadd-457c-a684-08f6f76be493,政府單位_左鎮區公所,左營藥局,輔具及居家無障礙環境改善服務,左鎮區公所
69deb79b-bc40-4bfb-8e69-b13f7128dd66,偉浩工程_偉浩工程,建昌藥局,輔具及居家無障礙環境改善服務,偉浩工程
ae5f4772-1023-46ea-a234-af8ba08e6684,100年宮廟_福安宮-新北市,福安藥妝有限公司,輔具及居家無障礙環境改善服務,福寧宮
648dc2d2-771b-4e80-8c92-75a6c6e5eeea,立達國際電子股份有限公司_立達國際電子股份有限公司,立鴻企業社,輔具及居家無障礙環境改善服務,立鴻企業社
f033de11-b218-4b8e-9d6c-1a3fdc046a09,洗腎中心_康健診所,康健藥局,輔具及居家無障礙環境改善服務,康健診所
f89c4072-8081-48f0-93ae-93a59b2d0e11,1000大企業_鎧勝控股股份有限公司,鎂興企業有限公司,輔具及居家無障礙環境改善服務,鎧勝控股股份有限公司
b2d80fb9-9d39-4c8d-8785-892bb3de5b45,1000大企業_達佛羅企業股份有限公司,達健儀器有限公司,輔具及居家無障礙環境改善服務,達佛羅企業股份有限公司
25fcd7a9-23ce-4c2b-b5ef-80a2e042953d,1000大企業_東三積體電子股份有限公司,杰昇儀器股份有限公司,輔具及居家無障礙環境改善服務,東三積體電子股份有限公司
53e2a2bd-d64d-4792-9805-d6c5ce881f0b,1000大企業_銘旺實業股份有限公司,銘成儀器有限公司,輔具及居家無障礙環境改善服務,銘旺實業股份有限公司
f0f7876f-2a9f-4202-9b87-d4e077ae48f7,1000大企業_禾聯碩股份有限公司,禾美醫療器材股份有限公司,輔具及居家無障礙環境改善服務,禾聯碩股份有限公司
dcfbab74-b3ee-432f-9e56-a8159029af37,詹昆翔_詹昆翔,誠大儀器有限公司,輔具及居家無障礙環境改善服務,誠大儀器有限公司
28d3f070-ca41-47e0-83a8-8b80434bc68d,1000大企業_立端科技股份有限公司,立欣醫療器材企業有限公司,輔具及居家無障礙環境改善服務,立端科技股份有限公司
6f26b296-114c-4ce2-8355-138c92cd9b05,1000大企業_茂林光電科技股份有限公司,英肯儀器有限公司,輔具及居家無障礙環境改善服務,茂林光電科技股份有限公司
cdbf6d5f-05b8-48cb-b1fe-d4dc4c60b5fd,長照2.0服務資源_頤欣居家護理所,頤康醫材有限公司,輔具及居家無障礙環境改善服務,頤欣居家護理所
063a3667-78f6-4160-8924-b01984fc9a7e,洗腎中心_心力合診所,德豪盛實業股份有限公司,輔具及居家無障礙環境改善服務,心力合診所
1db92674-3478-4c00-9ded-44ecf6027d4a,台南長照_永春護理之家,永星藥局,輔具及居家無障礙環境改善服務,永春護理之家
9827b5f6-f4d5-44e3-a49a-450ef1ccd26d,1000大企業_億泰電線電纜股份有限公司,億嘉室內裝修有限公司,輔具及居家無障礙環境改善服務,儒億科技股份有限公司
1cde9313-4d22-4ba7-a480-be8ae89cbcbe,100年宮廟_晉德宮,晉德傷殘用具製造廠有限公司,輔具及居家無障礙環境改善服務,晉德宮
6fdb210f-717c-47dd-8d70-6d4ce4dfdebd,1000大企業_弘裕企業股份有限公司,弘興藥局,輔具及居家無障礙環境改善服務,弘裕企業股份有限公司
be02f81d-c4e6-4a9a-b224-55c92b6a4a5c,台北陽明醫院_台北陽明醫院,陽明上鼎藥師健保藥局,輔具及居家無障礙環境改善服務,陽明醫院
4f034c3a-a131-4b4a-9849-9dddfe14d1bb,洗腎中心_陽明醫院,陽明上鼎藥師健保藥局,輔具及居家無障礙環境改善服務,陽明醫院
4f645eaf-a767-4aae-98ba-8176e0853796,醫院_陽大醫院新民區,陽明上鼎藥師健保藥局,輔具及居家無障礙環境改善服務,陽明醫院
a2aa36e7-c071-42cb-995e-1ccbf160275f,1000大企業_天仁茶業股份有限公司,天乙藥局,輔具及居家無障礙環境改善服務,天仁茶業股份有限公司
6415c0aa-b8cc-47e0-baed-fe7adc032d99,洗腎中心_湖康診所,湖山藥局,輔具及居家無障礙環境改善服務,湖康診所
6d05b5a0-c89e-42e1-b1c8-d6ea57f611a6,洗腎中心_田安診所,田美藥局,輔具及居家無障礙環境改善服務,田源診所
7fb2eca8-65c2-40cd-b889-c462e191e6b8,客運業_亞通客運,仁信藥局,輔具及居家無障礙環境改善服務,仁友客運
5bce55aa-d982-419b-92a7-ee996e9e5864,客運業者_仁友客運,仁信藥局,輔具及居家無障礙環境改善服務,仁友客運
07951605-d91e-4ad5-870b-18a207a847b4,天恩幼稚園_天恩幼稚園,天成生醫科技股份有限公司,輔具及居家無障礙環境改善服務,天成生醫科技股份有限公司
ec87b1f0-64ed-4c8d-a1d2-56d2c15e5773,大朋電子工業股份有限公司_大朋電子工業股份有限公司,大林崇大藥局,輔具及居家無障礙環境改善服務,大林崇大藥局
ea807562-3124-444e-be4c-1190ce6ce432,醫院_安泰醫療社團法人安泰醫院,安泰藥局新埤店,輔具及居家無障礙環境改善服務,安泰醫療社團法人安泰醫院
f73ce1f0-6748-4bc4-8951-dec56ccf0051,車體廠_鑫洲汽車企業股份有限公司,鑫德昌藥局,輔具及居家無障礙環境改善服務,鑫洲汽車企業股份有限公司
ab33ab61-095c-4c9f-9409-d91c3056ae2a,車體廠_鑫洲汽車企業股份有限公司,鑫德昌藥局,輔具及居家無障礙環境改善服務,鑫洲汽車企業股份有限公司
97ad894a-f7c5-402b-9af9-25aeb0f3ae1a,1000大企業_光洋應用材料科技股份有限公司,光星骨科復健器材股份有限公司,輔具及居家無障礙環境改善服務,光洋應用材料科技股份有限公司
ab4f38b9-3c7e-4edb-a69f-5cb4f2ba58ae,1000大企業_健和興端子股份有限公司,健爾康生活事業股份有限公司,輔具及居家無障礙環境改善服務,健策精密工業股份有限公司
a82ec4a1-1425-4a81-843f-3b3e4067270e,東華醫院_東華醫院,東門大藥局,輔具及居家無障礙環境改善服務,東門大藥局
b53a2bf0-b461-49ec-a088-71e88fb2707c,南屯陳美伶_南屯陳美伶,南崁丁丁藥局,輔具及居家無障礙環境改善服務,南崁丁丁藥局
7d05df0d-5ae3-4125-8b34-0e8814a637db,政府單位_林園區公所,林園丁丁藥局,輔具及居家無障礙環境改善服務,林園區公所
b7d9045f-047d-4d64-b380-53c2775053d4,團體_基隆身障中心,基隆藥局,輔具及居家無障礙環境改善服務,基隆身障中心
2f67a6b9-28a6-4366-9047-a57c5ac5d4eb,桃園市_中壢-滙豐,信安藥師藥局,輔具及居家無障礙環境改善服務,信安護理之家
90ddb2a4-0a64-4a49-9ab5-6214df615539,1000大企業_威致鋼鐵工業股份有限公司,威肯健康事業有限公司為恭營業所,輔具及居家無障礙環境改善服務,威致鋼鐵工業股份有限公司
0a76d1c4-e7b6-476d-87e5-53679bed81fd,泰碩電子股份有限公司_泰碩電子股份有限公司,泰馨生活醫材輔具事業有限公司,輔具及居家無障礙環境改善服務,泰馨生活醫材輔具事業有限公司
5634bac1-4eae-41af-97db-5029a5705339,100年宮廟_三山國王廟-台南市,三多藥局,輔具及居家無障礙環境改善服務,三山國王廟
5f0089de-dc7c-4fbf-b3bc-38cdb3c46db6,安養機構_台中市立仁愛之家,大德藥局,輔具及居家無障礙環境改善服務,大心
4743b427-a923-47a8-be3c-96011e2ca6eb,大豐租賃張先生龜山_大豐租賃張先生龜山,大路藥局,輔具及居家無障礙環境改善服務,大路藥局
d415e361-8651-400a-a749-807b4c00372c,台中安養機構_千恩長照中心,十興藥局,輔具及居家無障礙環境改善服務,千恩長照中心
47b0e788-dc33-45a1-8037-93e9e8c4550e,1000大企業_大山電線電纜股份有限公司,大山藥局,輔具及居家無障礙環境改善服務,大山電線電纜股份有限公司
04bfff74-3620-4ad7-9ec0-f5e59dfd6137,南投夏都_南投夏都,壽德藥局,輔具及居家無障礙環境改善服務,夏都
2f285278-7ea2-4622-8b3c-03825d49d0b5,飯店_南投飯店,壽德藥局,輔具及居家無障礙環境改善服務,夏都
effe0667-5daa-40fa-8d32-975161bce38a,1000大企業_友勁科技股份有限公司,友利藥局,輔具及居家無障礙環境改善服務,友勁科技股份有限公司
ded41d7d-ed96-494c-909c-8d8e379d6ed6,100年宮廟_濟得宮,灣裡安安藥局,輔具及居家無障礙環境改善服務,火山碧雲寺
4a9abdb2-28b6-4457-8884-5684881628ed,1000大企業_崴強科技股份有限公司,崧柏藥局,輔具及居家無障礙環境改善服務,崴強科技股份有限公司
c57d779b-0e83-44bf-8e1b-14d092e4db89,100年宮廟_士林慈誠宮,壹間藥師藥局,輔具及居家無障礙環境改善服務,壽山巖
c29aaabf-42d9-40a1-a272-aaa39eb3ad9b,長照2.0服務資源_天主教花蓮教區醫療財團法人台東聖母醫院(金峰鄉嘉蘭村健康活力站),天康醫藥生技股份有限公司,輔具及居家無障礙環境改善服務,天心物理治療所
cc13126b-803e-4148-8419-255d2a4c2ac3,復健機構_慶沅社區復健中心,慶昌藥局,輔具及居家無障礙環境改善服務,慶沅社區復健中心
3f4f77ee-b20f-4789-9fa2-b6ce8163375a,1000大企業_達方電子股份有限公司,達昌健康藥局,輔具及居家無障礙環境改善服務,達方電子股份有限公司
5024777f-0297-4434-a7e3-edb10e110bd7,1000大企業_信大水泥股份有限公司,信忠實業社,輔具及居家無障礙環境改善服務,信昌化學工業股份有限公司
ee471bff-6b73-4e2b-b581-1f4b15acff51,100年宮廟_龍德宮,龍昌藥局,輔具及居家無障礙環境改善服務,龍潭南天宮
9501763b-f3f0-4685-b9a9-6e156a96c342,洗腎中心_建安診所,建安藥局,輔具及居家無障礙環境改善服務,建安診所
4e81a02b-d468-4b51-9b21-d96c642a1590,力積電子股份有限公司_力積電子股份有限公司,力行藥局,輔具及居家無障礙環境改善服務,力行藥局
209aac4c-e3ee-4ec9-a4d3-e17cd47f8993,洗腎中心_吉泰內科診所,吉林藥局,輔具及居家無障礙環境改善服務,吉泰內科診所
2fc2b329-6bc5-456c-b4f8-76de32c9b934,一粒麥子基金會台南中心_一粒麥子基金會台南中心,社子藥局,輔具及居家無障礙環境改善服務,一粒麥子基金會屏東服務中心
5d844fa4-744f-494c-b5a9-509a26175f5f,100年宮廟_墘埤福德宮,士東藥局,輔具及居家無障礙環境改善服務,士林慈誠宮
eb1e0e59-231e-4ef7-beab-ede35ac1abde,安養機構_廣權護理之家,廣東台安藥局,輔具及居家無障礙環境改善服務,廣權護理之家
641f70c9-f7bb-49b9-8a89-6432ccb9d2fd,00台北市_璞旅集團,生詮股份有限公司,輔具及居家無障礙環境改善服務,生通
ebecbbdb-1d00-4656-8260-3afdddaf485c,00維修北（新竹以北）_生通,生詮股份有限公司,輔具及居家無障礙環境改善服務,生通
6c1822c4-3f81-4a62-bcf6-4c2b5c18ee21,00基隆市_生通-基隆,生詮股份有限公司,輔具及居家無障礙環境改善服務,生通
7d5f40be-095f-4d3b-aef2-da25a8a9152a,00宜蘭縣_生通-宜蘭,生詮股份有限公司,輔具及居家無障礙環境改善服務,生通
eb36931f-e9f1-4a70-b3ac-51fed18f01ea,租賃_洪嘉小客車租賃公司,生詮股份有限公司,輔具及居家無障礙環境改善服務,生通
1d4a19de-ed36-4ef3-bc1c-6d13415c7c37,長照2.0服務資源_福安老人長期照顧中心,福山藥局,輔具及居家無障礙環境改善服務,福康寧有限公司
3faad37a-5aa4-4022-9f45-1d73506afaa6,100年宮廟_開元寺,開元台安藥局,輔具及居家無障礙環境改善服務,開元寺
36b9a901-4b3e-4b2e-b153-1f76957d62a6,日照中心_德仁日間照顧中心,德中藥局,輔具及居家無障礙環境改善服務,德仁日間照顧中心
3ac4932d-748f-4f89-be1f-241b7645e41a,大順診所_大順診所,大順醫療輔具企業社,輔具及居家無障礙環境改善服務,大順醫院
d8b1fe91-d0d4-4540-92f1-7c292385419a,長照2.0服務資源_大都會車隊股份有限公司,大順醫療輔具企業社,輔具及居家無障礙環境改善服務,大順醫院
6a9b123c-acc7-4106-a379-af8158f604df,廟宇_三元宮。,三多藥師藥局,輔具及居家無障礙環境改善服務,三峽福安宮
c51fba6c-b25d-48d2-a59b-a2ef7e35938c,其他_山海大飯店,左營醫療用品有限公司,輔具及居家無障礙環境改善服務,左鎮睦光三官大帝廟
26e6ba99-ed67-4328-8650-b5e9124b169c,洗腎中心_桃庚聯合診所,桃康藥局,輔具及居家無障礙環境改善服務,桃庚聯合診所
e5da8c27-a1c9-4e19-865c-193015a32701,1000大企業_建大工業股份有限公司,建國藥局,輔具及居家無障礙環境改善服務,建大工業股份有限公司
cb2ebf7c-4105-4f42-944e-40643673225a,土城滙豐汽車_土城滙豐汽車,護您好健康事業有限公司,輔具及居家無障礙環境改善服務,土城護理之家
e4e80141-a0d6-47aa-8afc-b175205f43b6,安養機構_八里教養院,護您好健康事業有限公司,輔具及居家無障礙環境改善服務,土城護理之家
bb672ee2-f2b4-4e50-8cde-e9c75da8a3ff,1000大企業_美琪瑪國際股份有限公司,美濃醫療用品有限公司,輔具及居家無障礙環境改善服務,美琪瑪國際股份有限公司
1662170a-8e87-40ec-88f1-c09b4a4b5a82,1000大企業_英業達股份有限公司,英屬開曼群島商勝邦福樂智股份有限公司台灣分公司,輔具及居家無障礙環境改善服務,英業達股份有限公司
da51f34f-fd1d-4479-b1da-bf71f8134798,日照中心_平安馬公失智日間照顧中心,平安豪實業有限公司,輔具及居家無障礙環境改善服務,平安馬公失智日間照顧中心
b92091ae-2f78-4f38-ab97-08f28e54a7dc,其他_柏愛藥局,柏愛藥局,輔具及居家無障礙環境改善服務,柏愛藥局
44001cef-188c-4dba-bae3-c500eada6e75,100年宮廟_龍潭南天宮,龍泰科技有限公司,輔具及居家無障礙環境改善服務,龍潭龍元宮
cc7dd08e-b077-4271-99ff-ce7f2f245f9d,洗腎中心_台糖診所,台科精誠科技股份有限公司,輔具及居家無障礙環境改善服務,台糖診所
1f057e6d-23ed-4e66-b9fe-765d93083d89,洗腎中心_台糖診所,台科精誠科技股份有限公司,輔具及居家無障礙環境改善服務,台糖診所
86e89e02-2aae-46ed-80f3-72b8ea9f0701,德曜投資_德曜投資,德林股份有限公司,輔具及居家無障礙環境改善服務,德林股份有限公司
e2d9c0e6-34e4-4b3e-8d22-940e37f7f852,復健機構_晨曦社區復健中心,晨星藥局,輔具及居家無障礙環境改善服務,晨曦社區復健中心
05218214-5927-45d0-98cd-59aa4e8f25e6,復健機構_陽光康復之家,陽光健康藥局,輔具及居家無障礙環境改善服務,陽光康復之家
49c7f58e-9659-4e4c-b9f5-20ace6746fe0,1000大企業_晉禾企業股份有限公司,晉祥醫療器材有限公司,輔具及居家無障礙環境改善服務,晉禾企業股份有限公司
ba149fc6-c659-451e-911f-2c77c821757a,100年宮廟_永和保福宮,永和大樹藥局,輔具及居家無障礙環境改善服務,永和宮
0048087e-e07c-4f3c-ab18-e89d7173fa97,1000大企業_佳龍科技工程股份有限公司,信光藥局,輔具及居家無障礙環境改善服務,信大水泥股份有限公司
d72d5f49-9f40-4ac1-9b87-435b1918ecf3,中彰投 安養機構_名倫養護中心,名品生技開發有限公司,輔具及居家無障礙環境改善服務,名倫養護中心
5790dccc-1e15-417c-97d4-8ca6912764c8,聯昌電子企業股份有限公司_聯昌電子企業股份有限公司,聯杏股份有限公司,輔具及居家無障礙環境改善服務,聯杏股份有限公司
e32b1701-6925-4883-b5cb-f5095a0bbdbe,100年宮廟_元保宮,元健大和直販事業股份有限公司,輔具及居家無障礙環境改善服務,元和宮
dfdc5b7d-57b2-4720-b86b-c2df1384b278,洗腎中心_亞東紀念醫院,享盈股份有限公司,輔具及居家無障礙環境改善服務,京冠診所
9e9de193-996a-4c5d-9608-b79b85ee89b3,日照中心_憶樂公托老中心,憲立藥局,輔具及居家無障礙環境改善服務,憶樂公托老中心
13cac764-bc34-46cd-8375-98e7c1d5c617,1000大企業_環隆電氣股份有限公司,環球電動代步車有限公司,輔具及居家無障礙環境改善服務,環隆電氣股份有限公司
0f0004dd-4118-45da-97f6-c37bd70b4ee4,仁美診所-彰化市_仁美診所-彰化市,仁美藥局,輔具及居家無障礙環境改善服務,仁美診所
8ff5c987-2e99-40ad-8f57-369885c910e5,洗腎中心_仁禾診所,仁美藥局,輔具及居家無障礙環境改善服務,仁美診所
c269da82-389b-4b3b-87d7-5bc8e46cad2e,1000大企業_泰慶皮革塑膠工業股份有限公司,泰山藥局,輔具及居家無障礙環境改善服務,泰慶皮革塑膠工業股份有限公司
65334338-56bb-4610-be90-a53c606c7dc0,洗腎中心_重光醫院,重光義肢裝具器材有限公司,輔具及居家無障礙環境改善服務,重光醫院
ae7bda75-c8b5-46fa-a9fa-bcf302cb2f00,長照2.0服務資源_康壯長期照顧中心,康和藥局,輔具及居家無障礙環境改善服務,康壯長期照顧中心
e1c427e9-64c5-49b6-9470-4e09eeb49f42,100年宮廟_水仙宮,永吉藥局,輔具及居家無障礙環境改善服務,永和保福宮
10cc31a7-b5cc-4271-ac0c-6d87c54ab673,洗腎中心_里仁診所,里享生活股份有限公司,輔具及居家無障礙環境改善服務,里仁診所
8dc26dc6-3f2d-4a53-b65c-affc396d55b7,1000大企業_官田鋼鐵股份有限公司,宗齡藥局,輔具及居家無障礙環境改善服務,官田鋼鐵股份有限公司
85b64f6e-fddd-40b7-9104-24de1c59c752,洗腎中心_紹毅內兒科診所,羅布森股份有限公司,輔具及居家無障礙環境改善服務,羅斯福內科診所
85a933e4-19db-4833-958c-2a9662d42e09,1000大企業_立達國際電子股份有限公司,立赫景福藥局,輔具及居家無障礙環境改善服務,立達國際電子股份有限公司
a20515be-9866-4881-b829-f4b8d578aace,中彰投 醫院_東華醫院,東興藥局(大樹),輔具及居家無障礙環境改善服務,東華醫院
f8082ee8-b828-473c-ab96-a3155d939224,1000大企業_中央造幣廠股份有限公司,中港藥局(大樹),輔具及居家無障礙環境改善服務,中磊電子股份有限公司
e9493eaf-a3ea-496f-ba7c-3929eecafb4c,1000大企業_景碩科技股份有限公司,景本藥局(大樹),輔具及居家無障礙環境改善服務,景碩科技股份有限公司
e777106a-228f-4170-a860-b69aa8c72d4a,1000大企業_光環科技股份有限公司,光榮藥局(大樹),輔具及居家無障礙環境改善服務,光環科技股份有限公司
78429d13-897e-4dfe-b469-9c0bca3ee5da,左鎮區公所_左鎮區公所,巧新藥局,輔具及居家無障礙環境改善服務,巧新藥局
5a1d831b-fe07-4496-bd7a-19995ddb9de5,江明慧_江明慧,池慶藥局,輔具及居家無障礙環境改善服務,池慶藥局
9f12490f-79fa-4698-8939-22866f621729,洗腎中心_林口長庚醫院,林口藥局,輔具及居家無障礙環境改善服務,林口長庚醫院
431cba36-b15c-487d-b436-297a917a19a7,醫院_東元綜合醫院,林口藥局,輔具及居家無障礙環境改善服務,林口長庚醫院
7565d908-eefa-43da-9ad3-9496f65f7a9b,100年宮廟_奠濟宮,如音藥局,輔具及居家無障礙環境改善服務,妙壽宮
d46b70c5-2f48-4272-9fa2-8cb6eda66687,1000大企業_映泰股份有限公司,星辰藥局,輔具及居家無障礙環境改善服務,映泰股份有限公司
92cb3dba-934c-4a52-80b7-9ccff06eaec6,1000大企業_東碩資訊股份有限公司,東湖藥局,輔具及居家無障礙環境改善服務,東碩資訊股份有限公司
90cca081-0500-4be3-a459-f0df867a6a2b,1000大企業_志聖工業股份有限公司,志源企業社,輔具及居家無障礙環境改善服務,志聖工業股份有限公司
0830847c-98cd-4697-b2cf-4f9a2a91d704,1000大企業_廣泰金屬工業股份有限公司,廣欣南雅藥師藥局,輔具及居家無障礙環境改善服務,廣泰金屬工業股份有限公司
ded3467b-50c6-49d5-80b0-bedd909cb8e7,1000大企業_達輝光電股份有限公司,達遠有限公司,輔具及居家無障礙環境改善服務,達輝光電股份有限公司
573b3df8-ce09-4eeb-9462-268fb6b750ff,1000大企業_同欣電子工業股份有限公司,同榮藥局,輔具及居家無障礙環境改善服務,同欣電子工業股份有限公司
bb5f25ef-33f9-4cf3-8606-cba34a52d0e8,品安科技股份有限公司_品安科技股份有限公司,品証服務有限公司,輔具及居家無障礙環境改善服務,品証服務有限公司
d7b7012a-c2a9-4327-b4a9-77343079bfbb,洗腎_景安診所,景安大澤藥局,輔具及居家無障礙環境改善服務,景安診所
9efb3e13-636d-405f-b7a9-f4ec32afbd11,洗腎中心_景安診所,景安大澤藥局,輔具及居家無障礙環境改善服務,景安診所
66209f44-3191-40fb-a119-7969daae0553,個人_柯鈺羚,柚築股份有限公司,輔具及居家無障礙環境改善服務,柯鈺羚
39a475b3-5862-456a-8e1e-d5408bacb3b1,醫院_衛生福利部臺中醫院,衛生福利部臺中醫院,個案管理服務,衛生福利部臺中醫院
082b3df5-37c3-4e72-81c8-f47ecb020af1,1000大企業_有益鋼鐵股份有限公司,有本坊股份有限公司附設臺中市私立有本坊居家長照機構(A),個案管理服務,有益鋼鐵股份有限公司
0f6f26f2-479f-4331-b072-4d30487cc3dd,100年宮廟_佳里興震興宮,佳醫長照社團法人附設台中市私立佑全住宿長照機構(A),個案管理服務,佳里興震興宮
ab8a1b17-e000-422b-87bf-fdd57cb26609,洗腎中心_中壢長榮醫院,中山醫學大學附設醫院,個案管理服務,中山醫學大學附設醫院
f629e650-2f3d-468f-bbd8-33185f1c56eb,長照2.0服務資源_松林護理之家,林新醫療社團法人林新醫院,專業照護服務,林新醫療社團法人附設林新居家護理所
e0db0230-8565-4248-ab75-b73b13b2ac4d,洗腎中心_皇泰診所,睿庭有限公司附設臺中市私立永康綜合長照機構,居家服務,睿康診所
9348b17a-fcdd-4270-afa2-bf84a65e291b,復健機構_晴光康復之家,景順健康有限公司附設臺中市私立景后居家長照機構,居家服務,晴光康復之家
09b4c046-4861-4e1e-bada-b34711d453a8,個人捐贈_曾秋菊,李綜合醫療社團法人附設私立灣麗社區長照機構,社區式,李維昌
301c6889-f8ed-4731-a859-ff2ed0f3ec65,感恩護理之家_感恩護理之家,感恩護理之家,喘息服務,感恩護理之家
1b0c66ec-5f47-4495-a977-78285f8a4ab2,長照2.0服務資源_菩提林長照,菘羅健康事業股份有限公司附設基隆市私立長安居家長照機構,居家服務,菩提林長照
4236d18d-18e6-4db1-a794-8d4ab5ae451b,健德護理之家_健德護理之家,健揚藥局,輔具及居家無障礙環境改善服務,健揚藥局
6223aee8-c70b-497f-8e48-a72385a8afc7,台中安養機構_健民養護中心,健樂福生活事業股份有限公司國泰門市,輔具及居家無障礙環境改善服務,健民養護中心
9229d918-807a-40cd-a7ca-c2a568bc44b0,1000大企業_康全電訊股份有限公司,康元興業有限公司,輔具及居家無障礙環境改善服務,康全電訊股份有限公司
58f62127-1d4c-4546-a39b-154b5f0e5503,龍眼林基金會_龍眼林基金會,龍騰長期照護有限公司附設臺北市私立童馨園居家長照機構,居家服務,龍騰長期照護有限公司附設臺北市私立童馨園居家長照機構
e1c73de1-31bc-4727-87e6-738ac4fe2cb5,供應商_大益台北,好芝芯股份有限公司附設新北市私立好芝芯居家長照機構,居家服務,好行福祉車
63afd333-c037-4c84-9da7-13f33bf09c9d,100年宮廟_三重慈惠宮,三順居家護理所,營養餐飲服務,三鳳宮
b7714d96-5c0e-4a2f-a636-5774f8fb422a,復健機構_紫竹林康復之家,紫心長期照顧股份有限公司附設苗栗縣私立紫心居家長照機構,居家服務,紫竹林康復之家
6b479fd5-312e-4a5a-a44b-b6292fc5ee30,中彰投 醫院_本堂澄清醫院,木易居家照顧有限公司附設高雄市私立木易居家長照機構,居家服務,本堂澄清醫院
3643404b-a799-47d0-b00c-e8c6c4d57515,洗腎中心_本堂澄清醫院,木易居家照顧有限公司附設高雄市私立木易居家長照機構,居家服務,本堂澄清醫院
bd448849-8987-480e-9911-dc2252cf462f,1000大企業_鼎元光電科技股份有限公司,點墨健康事業有限公司附設高雄市私立四葉草居家長照機構,居家服務,鼎元光電科技股份有限公司
04e0d1e0-5dbc-4feb-8596-d3922522b150,1000大企業_台達電子股份有限公司,台賀長照有限公司附設高雄市私立台賀居家長照機構,居家服務,台達電子股份有限公司
4706d332-e83b-43d0-8f80-8e9774cc9c8d,00維修-南區_台南中華衛星車隊,中華藥局,輔具及居家無障礙環境改善服務,中華衛星車隊
b385ab97-373f-492c-ad4d-83555546e60e,公民營客運業_中華衛星車隊,中華藥局,輔具及居家無障礙環境改善服務,中華衛星車隊
aa41b9bf-8b20-4e48-a334-f5eb9ee8ed40,100年宮廟_霖肇宮,霖揚健康事業有限公司附設基隆市私立霖揚居家長照機構,居家服務,霖肇宮
aefa9dd4-b916-43e9-b8d1-b39dd1a83955,日照中心_愛活樂園日照中心,愛樂齡長照有限公司附設臺中市私立愛樂齡居家長照機構,居家服務,愛活樂園日照中心
9716a8b7-4e3b-49c8-9940-517125cd5a52,基金會_財團法人台南市私立國清社會福利慈善事業基金會,財團法人台南市基督教青年會社會福利慈善事業基金會附設臺南市私立水交社社區長照機構,社區式,國清社會福利慈善事業基金會
f074b004-7fc5-423a-88ea-4b3293dbb257,日照中心_台灣心方向,后譜健康整合有限公司附設彰化縣私立雲上太陽居家長照機構,居家服務,后康日照
df75cf1f-6f70-4acc-a83a-126e8e0efbe4,交通接送單位_中華民國紅十字會臺灣省嘉義縣支會,上讚健康服務股份有限公司附設臺中市私立活力讚居家長照機構,居家服務,上裕租賃股份有限公司
66528fee-f293-4101-9ca2-2a855b72d693,交通接送單位_中華民國紅十字會臺灣省嘉義縣支會,上讚健康服務股份有限公司附設臺中市私立活力讚居家長照機構,居家服務,上裕租賃股份有限公司
67e99b00-8f3a-4150-89cc-6aa9ef9d353c,洗腎中心_兆揚內科診所,兆富企業管理實業社,輔具及居家無障礙環境改善服務,兆揚內科診所
348947ac-4140-4be1-bc98-a402e6613de0,100年宮廟_海山宮,清水博佑診所,居家失能個案家庭醫師照護服務,清水寺
a65eb507-769f-47df-90c8-d594d5513a95,1000大企業_敦泰電子股份有限公司,敦富丁丁藥局,輔具及居家無障礙環境改善服務,敦泰電子股份有限公司
2260a580-9dd0-4b5e-a851-a345475cff76,1000大企業_廣宇科技股份有限公司,廣埕股份有限公司私立廣埕綜合長照機構,交通接送服務(DA01),廣宇科技股份有限公司
e8f9c7ba-5a8e-4e95-b3e0-53401e869313,南投監理站_南投監理站,台南市白河路加長照有限公司附設臺南市私立路加綜合長照機構,綜合式,監理站
d7d1d597-1848-4e79-bfd7-655ae36e6b33,南投監理站_南投監理站,台南市白河路加長照有限公司附設臺南市私立路加綜合長照機構,綜合式,監理站
43d9509a-340e-433d-a6e2-948cbd5d08af,新竹縣湖口鄉鳳山社區發展協會_新竹縣湖口鄉鳳山社區發展協會,台南市白河路加長照有限公司附設臺南市私立路加綜合長照機構,綜合式,監理站
32d05767-ef10-4aa6-80a8-d638e2f24a75,基金會_一粒麥子基金會台南中心,一祥醫療器材有限公司,輔具及居家無障礙環境改善服務,一粒麥子基金會台南中心
5832d153-102e-4dbe-a8ec-eec165878029,100年宮廟_慈生宮,慈航長照社團法人附設高雄市私立慈航住宿長照機構,機構式,慈蔭亭
e59ae2f5-43fb-4e64-8af3-cd7db45908ab,洗腎中心_尚清診所,尚毅牙醫診所(前金區博孝里C),喘息服務,尚清診所
76be416c-3d07-4d9c-8af5-02076ca49141,日照中心_台南龍崎日照中心,台東縣默善社會福利慈善協會,營養餐飲服務,台東耆福長照機構
b35b571e-35af-405d-83b7-5268ffcfb889,日照中心_台南龍崎日照中心,台東縣默善社會福利慈善協會,營養餐飲服務,台東耆福長照機構
e7838cfc-85e0-4f55-9c3c-dee55b23956d,100年宮廟_地藏王廟-台北市,土撥鼠有限公司附設臺南市私立土撥鼠居家長照機構,居家服務,地藏王廟
6e1ecb4d-b2b7-477b-a40d-006f0ac68c04,1000大企業_慶豐富實業股份有限公司,慶福醫養有限公司附設苗栗縣私立竹南社區長照機構,社區式,慶豐富實業股份有限公司
7ddc7816-88b3-4613-ab8e-cd07d51b5769,1000大企業_漢泰鋼鐵廠股份有限公司,漢昕健康股份有限公司附設私立詠心居家長照機構,居家服務,漢泰鋼鐵廠股份有限公司
f99e6ded-bd70-45d0-8a4e-6e9ed68d2f58,飯店_大坑民宿,威雄工程有限公司,輔具及居家無障礙環境改善服務,娜魯灣飯店
c257fc1f-d367-478a-8e69-57a07d2abe9d,長照2.0服務資源_嘉義縣信喬福祉協會,嘉義縣信喬福祉協會,營養餐飲服務,信喬福祉協會
0fc2e394-836d-49d8-90bd-c3e143ba3bbb,00維修-南區_信喬福祉協會,嘉義縣信喬福祉協會,營養餐飲服務,信喬福祉協會
41c5972b-ce60-4cef-ad73-66226c8352b8,洗腎中心_仁祥診所,仁祥診所附設居家護理服務部,專業照護服務,仁禾診所
b54d1fc5-132f-486f-9c05-e30ed552b30d,日照中心_誠園失智老人日照中心,詹建盛診所,居家失能個案家庭醫師照護服務,誠園失智老人日照中心
00e453ef-c883-446f-b7ae-beeb4a94986b,國安診所_國安診所,建民藥局,輔具及居家無障礙環境改善服務,國廣
4cfd64b2-21a7-48eb-9dad-ecf05fba646e,交通接送單位_世豪小客車租賃有限公司,慈懷居家護理所,專業照護服務,慈揚交車
d582f6c8-9361-4f43-b7c4-655c0d1b5e0d,交通接送單位_世豪小客車租賃有限公司,慈懷居家護理所,專業照護服務,慈揚交車
c576bb7e-58f8-4f9a-bf17-c624dd1e7d7e,長照2.0服務資源_樂格適小客車租賃,樂林銀髮事業有限公司附設私立樂林居家長照機構,居家服務,樂格適小客車租賃
09a8c7d9-9734-4436-8913-b67487fa044d,復健機構_復興診所,復興診所,居家失能個案家庭醫師照護服務,復興診所
e3f94dd0-9b12-4a91-b9e2-93e342daddf1,00維修-南區_崇陽日照,屏東藥局,輔具及居家無障礙環境改善服務,屏東長青
3b18cbab-c08c-4705-99c1-f51acf00cc43,100年宮廟_昭應宮,春霖樂活有限公司附設宜蘭縣員山鄉私立湖北社區長照機構,社區式,昭應宮
77c11904-ac9a-40c2-9686-512cea65847a,其他_昭應宮,春霖樂活有限公司附設宜蘭縣員山鄉私立湖北社區長照機構,社區式,昭應宮
c3ac0282-2737-4cc2-9e52-73d6df9fae79,00台北市_洪寅傑,璞依有限公司附設臺中市私立璞依居家長照機構,居家服務,璞旅集團
34fbc8ae-5a7b-4f23-9a6d-7a446d1b664d,1000大企業_中華紙漿股份有限公司,中馨居家護理所,專業照護服務,中鴻鋼鐵股份有限公司
be7f14cc-6cd9-41b9-a8d5-c2b1f012e4fd,長照2.0服務資源_心橋日間照顧中心,心慈診所,居家失能個案家庭醫師照護服務,心橋日間照顧中心
628ff04f-c8c5-47d6-8595-a0678bb93c2f,交通接送單位_全達,運成精密有限公司,輔具及居家無障礙環境改善服務,全達
a3c34be5-fe77-4c5e-bce9-932c5a18de83,台中安養機構_全達,運成精密有限公司,輔具及居家無障礙環境改善服務,全達
0b9554d4-7749-44f2-b268-398b568a55eb,全豪小客車租賃_全豪,運成精密有限公司,輔具及居家無障礙環境改善服務,全達
2c7e992e-1d0f-470b-b2f0-79a41d1bf144,飯店_舒蘭旅館,薇安健康事業有限公司,輔具及居家無障礙環境改善服務,薇風
c1b6fd6c-97e0-4203-a4ea-8866d70fa4a3,1000大企業_東浦精密光電股份有限公司,東林藥局,輔具及居家無障礙環境改善服務,東浦精密光電股份有限公司
252e46e4-d550-4004-9f6e-be3d15fa88b4,100年宮廟_民雄大士爺廟,民雄照安藥局,輔具及居家無障礙環境改善服務,水仙宮
331ec5d1-e032-4c67-aa15-d27500f04055,1000大企業_台灣山葉機車工業股份有限公司,台灣居護股份有限公司附設臺北市私立松山叁角梅社區長照機構,社區式,台灣山葉機車工業股份有限公司
ce3aa7af-8fcf-4073-b270-68bbbefa1962,洗腎中心_安泰診所,安泰藥局,輔具及居家無障礙環境改善服務,安泰診所
f066fc9d-ea99-416a-9a24-e36bf802f91d,長照中心_富祥老人長期照顧中心,新北市私立富祥老人長期照顧中心(養護型),喘息服務,富祥老人長期照顧中心
547fff19-8de9-4106-a806-c8dfb2c9376c,復健機構_元氣康復之家,光和福診所,居家失能個案家庭醫師照護服務,光宏康復之家
49607bca-24cf-4f95-8530-075232318b74,1000大企業_湧德電子股份有限公司,湧健生活有限公司附設臺北市私立湧健居家長照機構,居家服務,湧德電子股份有限公司
fa3a0c86-eca2-48b4-928a-edf240c8aa56,洗腎中心_福安醫院,福宜居企業社,輔具及居家無障礙環境改善服務,福平醫院
923769c3-6ff2-4647-90b0-95ceb78e1155,100年宮廟_妙雲宮,媛心有限公司附設臺中市私立媛心居家長照機構,居家服務,媽宮城隍廟
77e0ec56-0997-4035-bf94-bf6f9390860c,1000大企業_台灣電綜股份有限公司,台灣關懷弱勢家庭協會,社區式交通接送服務(BD03),台灣電綜股份有限公司
f1de08df-4df9-4dff-931a-05271a6e390d,1000大企業_力積電子股份有限公司,力沛醫療器材有限公司,輔具及居家無障礙環境改善服務,力積電子股份有限公司
5798dba1-0bb0-4a55-8f02-a37622598799,100年宮廟_埤仔頭福德宫,堅信企業社,輔具及居家無障礙環境改善服務,報恩堂
6d9deb0e-4da2-4508-8c55-19a1d2bc03aa,00中區業務起始點_00中區業務起始點,(臺北C+)財團法人一粒麥子社會福利慈善事業基金會,喘息服務,中區業務起始點
96114996-07b5-4a3d-b498-01ac253d16ea,00維修-南區_好客來,好安心關懷協會,社區式交通接送服務(BD03),好客來
8f7002a4-51fb-45df-8ff0-1d0ca0026f60,00維修-南區_好客來,好安心關懷協會,社區式交通接送服務(BD03),好客來
5605cad1-ee44-479b-ab8c-e527b4da8033,烏日 福碩護理之家_烏日 福碩護理之家,福睿得生活事業有限公司,輔具及居家無障礙環境改善服務,福碩護理之家
1132dcf7-1cfe-4e15-9467-f063bfa65fc4,100年宮廟_普濟殿,普拉斯健康管理顧問有限公司附設新北市私立尚杰居家長照機構,居家服務,普濟殿
068808d3-113c-4120-8749-c3e8a980429e,日照中心_大溪頂崎日照中心,大里大明藥局,輔具及居家無障礙環境改善服務,大里日間照顧中心
5413fae2-8f96-49c7-81b5-a14f300562d8,100年宮廟_龍元宮,龍井東海藥局,輔具及居家無障礙環境改善服務,龍元宮
15f239ae-b849-4a33-bf82-ae5ec6a4f306,其他_龍元宮,龍井東海藥局,輔具及居家無障礙環境改善服務,龍元宮
5a2727f4-a24c-4fcb-ae36-a3b81572f667,1000大企業_大展電線電纜股份有限公司,大寮藥局,輔具及居家無障礙環境改善服務,大展電線電纜股份有限公司
5a115da6-ad61-4853-9206-71cfb52d7bbc,全家便利超商股份有限公司_全家便利超商股份有限公司,全家福居家長照有限公司附設新北市私立全家福居家長照機構,居家服務,全家福居家長照有限公司附設新北市私立全家福居家長照機構
c95fdc53-10a4-4856-80ee-95495bf9b238,租賃_中租,中福藥局,輔具及居家無障礙環境改善服務,中租
d906a698-8671-4700-8add-db6fc1ea9656,供應商_上辰企業社,中福藥局,輔具及居家無障礙環境改善服務,中租
dc87e6a6-e4be-4007-886a-c4cb20bd97a5,三軍總醫院松山分院附設民眾診療服務處_三軍總醫院松山分院附設民眾診療服務處,醫行科技股份有限公司,輔具及居家無障礙環境改善服務,三軍總醫院松山分院附設民眾診療服務處
3674e1a0-e46d-4631-938c-d5ab823c5f97,三玉宮_三玉宮,三義中正藥局,輔具及居家無障礙環境改善服務,三義中正藥局
ffaa7b82-6989-4c2c-9df6-398da6c9d26c,1000大企業_廣華控股股份有限公司,廣翰實業股份有限公司,輔具及居家無障礙環境改善服務,廣華控股股份有限公司
a2a077d3-8242-48df-aafe-1d67689f02f4,1000大企業_瀚荃股份有限公司,瀚聲儀器有限公司,輔具及居家無障礙環境改善服務,瀚荃股份有限公司
fcd63953-af29-4a9e-b78f-c1d90bbb42d6,1000大企業_美生金屬工業股份有限公司,美生藥局,輔具及居家無障礙環境改善服務,美生金屬工業股份有限公司
1a4b5f45-fb95-4e41-8365-a745b90f89b6,1000大企業_威達電股份有限公司,威誠輔具醫材有限公司台南分公司,輔具及居家無障礙環境改善服務,威達電股份有限公司
0f444d2e-3adb-4cdf-a07d-de304765c4a0,100年宮廟_永福巖祖師廟,永芯健康科技有限公司附設苗栗縣私立永芯居家長照機構,居家服務,永華宮
7df1ee28-9b52-46d5-af52-fdc2b4b5d00f,100年宮廟_三泰宮,三民藥局,輔具及居家無障礙環境改善服務,三玉宮
f8d5edfd-642e-4ca8-a54e-5b1ebf38f039,台大老人長期照顧中心_台大老人長期照顧中心,桃園市私立台大老人長期照顧中心(養護型),喘息服務,台大老人長期照顧中心
be308a70-57f7-4165-855f-f08c3e5bd47c,長照2.0服務資源_台大老人長期照顧中心,桃園市私立台大老人長期照顧中心(養護型),喘息服務,台大老人長期照顧中心
2a4fc5e4-bb73-4125-a0ee-84fc3dc05fa2,長照2.0服務資源_敏盛綜合醫院附設護理之家,敏盛綜合醫院附設護理之家,喘息服務,敏盛綜合醫院附設護理之家
88a0ad6a-ca2b-4a2c-8fa3-30cd3a01fe45,1000大企業_佳和實業股份有限公司,佳德醫材科技有限公司,輔具及居家無障礙環境改善服務,佳必琪國際股份有限公司
99e9e6c2-b230-4fd1-990c-10181bbf2d70,假期商旅_假期商旅,食然農選商行,輔具及居家無障礙環境改善服務,假期商旅
b57835eb-7e78-4613-ba1f-44fc05e0037b,洗腎中心_德恩診所,德怡藥局,專業照護服務,德恩診所
97898550-766a-4fc9-acdf-58c63e50556e,洗腎中心_宏醫診所,宏達藥局,輔具及居家無障礙環境改善服務,宏醫診所
996c67f6-cfd2-4189-b7e6-93ef4805cb46,長照2.0服務資源_同仁物理治療所,同仁康拓長照社團法人附設新北市私立土城金城社區長照機構,專業照護服務,同仁物理治療所
5022b1f4-c2d5-4d58-94fd-2cddccb2cbd4,其他_宜康醫療器材,宜蘭藥局,輔具及居家無障礙環境改善服務,宜蘭衛生局
0faabfe3-60a8-48eb-b810-01d8cecbce33,縣市政府_宜蘭縣政府,宜蘭藥局,輔具及居家無障礙環境改善服務,宜蘭衛生局
f24c6b65-b85b-488d-8504-50c97d7ba59e,1000大企業_環泰企業股份有限公司,環南藥局,輔具及居家無障礙環境改善服務,環泰企業股份有限公司
575c15d7-c16d-4d23-920a-adfb9c428995,00維修-南區_臺南啟智學校,臺北醫學大學附設臺北市私立北醫創齡社區長照機構,社區式,臺南啟智學校
bf272867-919f-479a-a22c-3690013ee3f9,1000大企業_欣興電子股份有限公司,欣禾藥局,輔具及居家無障礙環境改善服務,欣興電子股份有限公司
945bad5e-3bf6-40fa-915a-cae5ac9c2a26,三軍總醫院附設基隆民眾診療服務處：孝二院區_三軍總醫院附設基隆民眾診療服務處：孝二院區,醫遊有限公司私立智能居家長照機構,居家服務,三軍總醫院附設基隆民眾診療服務處：孝二院區
cfa22e8a-cfc9-406f-923c-49c0bf51d9bd,高雄榮民之家_高雄榮民之家,台北榮民總醫院,輔具及居家無障礙環境改善服務,榮民總醫院
351ebf69-afcf-4fcc-bd46-12bc9d3e5d55,台北榮民總醫院_台北榮民總醫院,台北榮民總醫院,輔具及居家無障礙環境改善服務,榮民總醫院
f6bf7fc3-42ea-47e1-bbdf-bee5d9ab5fdb,天成醫院附設護理之家_天成醫院附設護理之家,天成醫院附設護理之家,喘息服務,天成醫院附設護理之家
bdb4a884-2d0c-4bd5-9fde-04d089f29ead,長照2.0服務資源_天成醫療社團法人天晟醫院,天成醫院附設護理之家,喘息服務,天成醫院附設護理之家
1804767d-21fc-46b2-9b9b-9472db79accb,1000大企業_光陽工業股份有限公司,光華藥局,輔具及居家無障礙環境改善服務,光陽工業股份有限公司
66113e16-9d77-42d6-918e-ac2f145215e8,00維修-南區_光陽工業股份有限公司,光華藥局,輔具及居家無障礙環境改善服務,光陽工業股份有限公司
ed340bf1-2d42-441b-a76d-11319bb221a6,1000大企業_均豪精密工業股份有限公司,均在長期照護有限公司附設新北市私立均在居家長照機構,居家服務,均豪精密工業股份有限公司
2057d070-3d74-4424-89d5-d0c70eb18f85,00維修-南區_高雄福倫交通,福仁護理之家,喘息服務,福倫交通
e8965aa0-fe6a-48bc-9bd4-ea7c2a1c8fa2,1000大企業_智原科技股份有限公司,智化護理之家,喘息服務,智原科技股份有限公司
99680843-fe82-4def-b816-541721d4c533,洗腎中心_怡仁診所,怡仁綜合醫院附設居家護理所,專業照護服務,怡仁診所
f95a6a09-39cf-44a5-bc15-46888c27a725,復健機構_龍華康復之家,龍潭敏盛醫院附設居家護理所,專業照護服務,龍華康復之家
6d96a6ba-5019-4fa4-a6b8-8a30e6704fc3,復健機構_春暉社區復健中心,春暉健康事業股份有限公司附設新北市私立三重暮光居家長照機構,居家服務,春暉社區復健中心
bd59c679-7e9f-465c-9512-25182404088b,安養機構_雲鵬長照中心,雲裔居家護理所,專業照護服務,雲鵬長照中心
12e307c0-6c14-4f0e-a4bd-00347b6e15d6,復健機構_臺北榮民總醫院玉里分院附設康復之家,臺北榮民總醫院桃園分院附設長青園護理之家,喘息服務,玉里分院附設康復之家
9abf94d1-ca8b-4858-b2a3-2e734c0259a6,1000大企業_中國鋼鐵結構股份有限公司,中敏護理之家,喘息服務,中日合成化學股份有限公司
8e966f62-0998-4fca-ae6a-0f5f3e096479,1000大企業_奇力新電子股份有限公司,太陽桃園長照社團法人附設桃園市私立龍潭住宿長照機構,機構式,奇力新電子股份有限公司
325a9167-8a3f-4d52-86e2-26937f8ac530,長照2.0服務資源_復興區衛生所附設居家護理所,桃園市復興區衛生所附設居家護理所,專業照護服務,復興區衛生所附設居家護理所
8bb104f1-95f8-49ea-b9a2-1cc25d9c8fd1,復興區衛生所附設居家護理所_復興區衛生所附設居家護理所,桃園市復興區衛生所附設居家護理所,專業照護服務,復興區衛生所附設居家護理所
aca3ee44-9232-4174-b018-960664130bd8,長照2.0服務資源_新竹縣安歆照護關懷協會,新竹縣北得拉曼人文生態觀光永續發展協會,社區式交通接送服務(BD03),安歆照護關懷協會
63c63809-d599-42a4-b06f-fecf7e0c9df6,洗腎中心_光明內科診所,光慈全人關懷股份有限公司附設新北市私立東可社區長照機構,社區式,光明內科診所
d305d059-67d3-4cb1-97f0-df45f060eb7c,基金會_三玉,三林藥局,輔具及居家無障礙環境改善服務,三玉
1f70c021-a49c-4e72-804d-b7d1be4b12fe,1000大企業_環隆科技股份有限公司,環球聯合藥局,輔具及居家無障礙環境改善服務,環隆科技股份有限公司
c1823a3e-ba6c-4d18-9e9a-df83de9ec130,洗腎中心_全生醫院洗腎中心,全球龍正藥局,輔具及居家無障礙環境改善服務,全生醫院洗腎中心
238b92e8-0c72-4f33-a6e7-c91694b576c0,長照2.0服務資源_天成醫院附設護理之家,奇美大藥局,輔具及居家無障礙環境改善服務,奇美醫療財團法人佳里奇美醫院
2ac0a15e-9fae-466b-85a0-b0ed00a453c2,00維修北（新竹以北）_全翔,全裕診所,居家失能個案家庭醫師照護服務,全豪小客車
70f260bb-8775-42fd-b6a2-a062034ea6dc,洗腎中心_佳安內科診所,佳尚好長照社團法人附設南投縣私立佳尚好住宿長照機構,機構式,佳康內科診所
b3979abb-0304-4c56-85d1-c10b0858991c,台南市私立安和康復之家_台南市私立安和康復之家,南投縣私立慈愛老人養護中心,喘息服務,慈愛老人養護中心
8a06d22e-e8e3-4efe-9639-4ea45eac27b2,100年宮廟_金華山堂,金茂長照社團法人附設南投縣私立淨元住宿長照機構,機構式,金華山堂
47648a9a-31c2-4d87-8760-13721922f12d,100年宮廟_東獄廟-苗栗縣,東華醫院附設護理之家,喘息服務,東門忠義十九公廟
90c56c5b-eff8-41eb-b5e9-560fa7cbf867,天恩至德文教基金會_天恩至德文教基金會,天成生醫科技股份有限公司天祥分公司,輔具及居家無障礙環境改善服務,天成生醫科技股份有限公司天祥分公司
9be41f26-d0e9-4307-ba3e-c6312a0a1eb8,1000大企業_宏遠興業股份有限公司,宏達益企業有限公司彰醫天使愛門市,輔具及居家無障礙環境改善服務,宏遠興業股份有限公司
bdf14095-bfd1-46aa-bb60-45b0f19eff3a,長照2.0服務資源_音悅社區長照機構,臺南市私立音悅社區長照機構,居家服務,音悅社區長照機構
7fb3d02e-19bf-45cb-92fa-e93b0dbb062a,日照中心_屏基護理之家日照中心,居達健康事業有限公司附設基隆市私立康立社區長照機構,社區式,屏基護理之家日照中心
a350436e-8db3-4a0c-ba80-6d08a1916b4d,1000大企業_元祥金屬工業股份有限公司,兆云醫療器材有限公司,輔具及居家無障礙環境改善服務,兆利科技工業股份有限公司
aa02bcd7-6e93-4424-a916-5ea9ea2e2b9f,智易科技股份有限公司_智易科技股份有限公司,智群診所,居家失能個案家庭醫師照護服務,智群診所
3d6531ae-a395-4f25-b708-a6c49828e020,洗腎中心_中慎診所,中正高齡產業研發服務股份有限公司附設嘉義縣私立中正高齡居家長照機構(A),個案管理服務,中清診所
2800dce3-6bc2-4090-9f14-3eceb0f1af5a,1000大企業_今國光學工業股份有限公司-466巷,仁馨長照社團法人附設臺中市私立仁馨綜合長照機構,個案管理服務,今國光學工業股份有限公司
9f46f182-1e2e-484a-8502-025bc00aa3e5,仁馨護理之家_仁馨護理之家,仁馨長照社團法人附設臺中市私立仁馨綜合長照機構,個案管理服務,今國光學工業股份有限公司
23bc2c6f-542b-449d-90e2-006fe210a295,100年宮廟_聖公廟,育成藥局,輔具及居家無障礙環境改善服務,育梨宮
8e534092-c73b-4840-b96c-ea17328a6fad,江啟臣立委服務處_江啟臣立委服務處,池上好診所,居家失能個案家庭醫師照護服務,池上好診所
b07602ef-1599-4f4a-89e7-f5017139b773,立銘會計師事務所_立銘,竑林興業有限公司,輔具及居家無障礙環境改善服務,竑林興業有限公司
05c27cbd-25b4-419b-bac2-6e294769eb52,立銘會計師事務所_立銘,竑林興業有限公司,輔具及居家無障礙環境改善服務,竑林興業有限公司
406002ce-34bd-4b75-a218-c09e48aaa77c,立銘會計師事務所_立銘,竑林興業有限公司,輔具及居家無障礙環境改善服務,竑林興業有限公司
66e927a0-ac94-440b-8b0c-7b997072d605,1000大企業_東訊股份有限公司,東芳傳播有限公司,輔具及居家無障礙環境改善服務,東訊股份有限公司
732c9f98-8c38-4239-aacd-540a35ddfdd2,龍門有限公司_龍門有限公司,龜山藥局,輔具及居家無障礙環境改善服務,龜山藥局
729cf24e-4b0c-4f51-91a6-ea1e493af886,財團法人覺恩慈善事業基金會_財團法人覺恩慈善事業基金會,財團法人謙信社會福利慈善事業基金會(大里服務中心),個案管理服務,謙信社會福利慈善事業基金會
73b42d77-2946-4f70-8b29-4b81a0dd5414,財團法人許加紀念基金會_財團法人許加紀念基金會,財團法人謙信社會福利慈善事業基金會(大里服務中心),個案管理服務,謙信社會福利慈善事業基金會
882fdfaf-1ad9-4ffd-b9eb-d0284122258b,財團法人許潮英社會福利慈善事業基金會_財團法人許潮英社會福利慈善事業基金會,財團法人謙信社會福利慈善事業基金會(大里服務中心),個案管理服務,謙信社會福利慈善事業基金會
0005dd74-e7b0-41eb-a494-2e09dee03e38,彰化基督教醫療財團法人二林基督教醫院_彰化基督教醫療財團法人二林基督教醫院,員林大同藥局,輔具及居家無障礙環境改善服務,員林基督教醫院
82e48416-7e77-45f7-94b6-6fbcf2af8eda,醫院_台東基督教醫院,員林大同藥局,輔具及居家無障礙環境改善服務,員林基督教醫院
c080fe5c-0c30-4fa4-a6bc-da090f310e66,1000大企業_友輝光電股份有限公司,友誠藥局,輔具及居家無障礙環境改善服務,友輝光電股份有限公司
d8471ea5-10c8-4540-8474-411e2ee77c3a,交通接送單位_日寶清事業有限公司,永昇醫療設備股份有限公司中區分公司,輔具及居家無障礙環境改善服務,永昌復康
61f6f57d-e319-460e-8823-013d79d15a0d,日照中心_春社日間照顧中心,春生藥局新庄店,輔具及居家無障礙環境改善服務,春社日間照顧中心
3acaa3b5-8618-4004-8353-67bf7ca2e940,洗腎中心_光田綜合醫院,光櫟實業有限公司附設私立森活居家長照機構,居家服務,光田綜合醫院
008c9830-f8fd-4802-8883-fa3abad3a034,洗腎中心_安聯診所-台南市,安秀長照社團法人附設臺南市私立安秀綜合長照機構,綜合式,安聯診所
7c3d8f21-fccf-401e-ab1a-d4cf78c690fd,洗腎中心_安聯診所-嘉義縣,安秀長照社團法人附設臺南市私立安秀綜合長照機構,綜合式,安聯診所
5453f5b4-6da7-4067-ba92-6b481a9dd128,日照中心_安欣居家長照,安樂藥局,輔具及居家無障礙環境改善服務,安欣居家長照
877d0ef2-1fca-4cf2-bfc4-048ef76be9cc,00台北市_南港展覽館,南榮藥局,輔具及居家無障礙環境改善服務,南港車站
e233680f-896a-4c12-87a4-6cab564c372e,基金會_財團法人雲林縣私立北港媽祖社會福利慈善事業基金會,財團法人雙福社會福利慈善事業基金會附設桃園市私立大溪興和社區長照機構,社區式,雲林縣私立北港媽祖社會福利慈善事業基金會
158a9863-3740-4256-98a4-702a87d69d9b,供應商_百順,立新藥師藥局,輔具及居家無障礙環境改善服務,立明烤漆
e5b45139-0a72-48df-922f-df21a918c699,1000大企業_得力實業股份有限公司,得力事業股份有限公司附設苗栗縣私立愛仁居家長照機構,居家服務,得力實業股份有限公司
3d9e078d-b9b6-46ca-b7c6-6f8ea4d4f29b,龍華康復之家_龍華康復之家,龔圓長照國際有限公司附設高雄市私立龔圓居家長照機構,居家服務,龔圓長照國際有限公司附設高雄市私立龔圓居家長照機構
2ebc35a0-bdcf-462b-bc3a-20067c7b378a,麥豐社區長照機構_麥豐社區長照機構,雲林縣私立麥照社區長照機構,家庭托顧服務(BC),麥豐社區長照機構
cd43c2fb-2cc8-4e82-ba1d-733eef5bc55a,復健機構_佳立健康復之家,信康藥局,輔具及居家無障礙環境改善服務,信德社區復健中心
308648f6-6cff-4675-bed8-a89afd2e7dbb,00維修-南區_蔡正倫-自用戶,蘭亭居護理之家,喘息服務,蘭亭居護理之家
d03e530a-d3f7-42e8-91d0-146c6365e580,護理之家_台中護理之家,蘭亭居護理之家,喘息服務,蘭亭居護理之家
5cb1bf2c-98f7-40b4-b144-b6762653d317,100年宮廟_妙壽宮,妙純銀髮事業股份有限公司附設私立妙純居家長照機構,居家服務,妙雲宮
f99234d4-7d18-439c-a1e5-3c9a3eac65fd,其他_大都會汽車盧洲,妙純銀髮事業股份有限公司附設私立妙純居家長照機構,居家服務,妙雲宮
73ac69c5-6f2c-42af-9b78-75ccf0d3599d,居家服務_旺福居家服務,屏東縣私立居易社區長照機構,社區式,居易社區長照機構
ad973e82-3e8b-48fd-ae01-e4e646a78a5c,洗腎中心_林建任內科診所,林康藥局,輔具及居家無障礙環境改善服務,林建任內科診所
ad23953f-8234-4f54-888b-ba4abcc2e682,復健機構_唯心康復之家,唯新婦嬰生活藥妝有限公司,輔具及居家無障礙環境改善服務,唯心康復之家
0661b5f1-fbb0-414d-b753-9b9b0deaf869,賴添華_賴添華,起初設計有限公司,輔具及居家無障礙環境改善服務,起初設計有限公司
784628e5-ceff-416a-b68a-80635f5e2d15,洗腎中心_文瑞診所,文福藥局,輔具及居家無障礙環境改善服務,文賢內科診所
92ff6353-a3cc-4b24-84c3-61a39455c38b,洗腎中心_文瑞診所,文福藥局,輔具及居家無障礙環境改善服務,文賢內科診所
14c26c57-728e-4b79-909c-27f9b209c735,台中安養機構_好耆長照中心,好緣健康股份有限公司附設台中市私立好緣社區長照機構,社區式,好耆長照中心
1458a746-3a90-489e-8ecc-be495262f9a5,100年宮廟_景美集應廟,景美醫院附設護理之家,喘息服務,景美集應廟
f9afc22f-6a20-4869-a665-44287a322435,1000大企業_中聯資源股份有限公司,中華長億藥局,輔具及居家無障礙環境改善服務,中華電線電纜股份有限公司
45e10058-e7de-4694-9d6e-9e571f35efde,1000大企業_鑫科材料科技股份有限公司,鑫畦租賃有限公司,社區式交通接送服務(BD03),鑫科材料科技股份有限公司
76882e4e-c6c6-4e10-b1e1-dfe5233172c0,00維修_桃園市_觀音愛心家園,觀雲工程企業社,輔具及居家無障礙環境改善服務,觀音愛心家園
3afb9966-4178-47a3-b1b0-1324c73c16bb,1000大企業_憶聲電子股份有限公司,憶恩企業有限公司附設東生醫療輔具分公司,輔具及居家無障礙環境改善服務,憶聲電子股份有限公司
9d536850-1e3b-4ec3-b4a4-21a3e5647ec3,1000大企業_詮欣股份有限公司,詠達室內裝修設計工程有限公司,輔具及居家無障礙環境改善服務,詮欣股份有限公司
219aaa50-2706-4960-865d-a0b46cbad8cc,暖暖國小_暖暖國小,國姓鄉衛生所附設居家護理所,專業照護服務,暖暖國小
e755d687-c750-48f1-95cf-b1598493c087,車商_金元山汽車,金佳健康股份有限公司附設新竹市私立林森綜合長照機構,綜合式,金元山汽車
2c928211-0d91-4dbf-b6e3-9be4057105d6,廟宇_南崁五福宮,壽合居家職能治療所,專業照護服務,壽山巖觀音寺
d6df42f1-ba78-412e-9bed-eb5cb1f6515c,廟宇_南崁五福宮,壽合居家職能治療所,專業照護服務,壽山巖觀音寺
008f043e-8b4d-49c7-8512-2eaefc2a1299,孝心護理之家_孝心護理之家,孝恩居家職能治療所,專業照護服務,孝恩居家職能治療所
e055a353-0652-4ac0-a58c-cbbd10a3be32,孝心護理之家_孝心護理之家,孝恩居家職能治療所,專業照護服務,孝恩居家職能治療所
840dc5e4-9fc5-40c9-a595-e8f1481b1f82,1000大企業_友華生技醫藥股份有限公司,友芯居家職能治療所,專業照護服務,友華生技醫藥股份有限公司
5e1507c9-b0d6-4ac6-a571-b5c8b9bd0004,洗腎中心_世康診所,世欣物理治療所,專業照護服務,世康診所
ac9933a7-ade5-44e6-bbe1-79016837a8e3,00維修-南區_橙田護理之家,森陽物理治療所,個案管理服務,森陽物理治療所
19b93812-55ab-4ada-88c1-9bcd9f93b848,00維修-南區_橙田護理之家,森陽物理治療所,個案管理服務,森陽物理治療所
3a50a8d1-5233-4024-9a3e-2a22d797fb6a,車體廠_三坤車體七股義和,三和語言治療所附設聽力部門,巷弄長照站,三坤車體七股義和
d14feed8-99ad-4cc3-8caf-b891769e1dd0,安養機構_長春老人養護中心,長春居家物理治療所,專業照護服務,長春老人養護中心
396411e8-ec84-4835-9549-daa593d79860,賴義鍠議員服務處_賴義鍠議員服務處,起辰物理治療所,專業照護服務,起辰物理治療所
4aeb78b3-3bb0-43b4-9f4e-a5dd4d121786,復健機構_尚安康復之家,尚好物理治療所,專業照護服務,尚安康復之家
917e3e72-9ac4-4a99-b0a5-6ebbd5dc1c18,00維修北（新竹以北）_健順安養中心,全福物理治療所,專業照護服務,全翔
d9d67bbd-37dc-4afc-9ffa-c975aa3c2d57,租賃_順風小客車租賃,駿安物理治療所(居家型),專業照護服務,駿德
fd648d3d-6212-40df-b92f-13147db16529,台南長照_永保安康護理之家,永佑居家職能治療所,專業照護服務,永保安康護理之家
03f4d791-dfcd-47f1-bcc5-1176f4fefcb0,黃志堅_黃志堅,黃志豪職能治療所(建華里),專業照護服務,黃志豪職能治療所
6a238f98-f66f-496f-8478-722b001027f0,長照2.0服務資源_黃志豪職能治療所,黃志豪職能治療所(建華里),專業照護服務,黃志豪職能治療所
158f427a-5e04-4cae-91e1-b4132d8205f4,黃志豪職能治療所_黃志豪職能治療所,黃志豪職能治療所(建華里),專業照護服務,黃志豪職能治療所
61f5121d-b215-4b2a-bbf1-1643d0220478,長春人造樹脂股份有限公司_長春人造樹脂股份有限公司,長春居家物理治療所-西崙,巷弄長照站,長春居家物理治療所-西崙
9ad7d264-6341-40ee-b427-0efec7697c84,洗腎中心_松禾大溪診所,松柏物理治療所(前鎮區盛興里C),巷弄長照站,松禾大溪診所
4056c110-b48e-487f-bae1-4ed8bfb08ff4,億光電子股份有限公司_億光電子股份有限公司,億家安居家物理治療所,專業照護服務,億家安居家物理治療所
b57239cd-dd42-4464-b29e-d1753fbc3f40,溫興長照中心_溫興長照中心,溱樂居家物理治療所,專業照護服務,溱樂居家物理治療所
49747c73-bb2a-4535-8ea2-823b6b85a770,洗腎中心_好生診所,好生活居家職能治療所,專業照護服務,好生診所
5f19551c-a089-4aa9-b596-b0b4de38b2e6,1000大企業_巧新科技工業股份有限公司,左鎮區公所,營養餐飲服務,巧新科技工業股份有限公司
e005a86f-ca88-4438-a62b-3c60dfc0322a,泰博科技股份有限公司_泰博科技股份有限公司,苗栗縣泰安鄉公所,營養餐飲服務,泰安鄉公所
00c332c7-7b91-4aaa-a04f-3ad59b39395c,00維修-中區_泰安鄉公所,苗栗縣泰安鄉公所,營養餐飲服務,泰安鄉公所
57f97997-20b3-4581-aa9e-b2a978a3cd9c,日照中心_大安區老人日間照顧中心,大家好居家物理治療所,專業照護服務,大寮老人日間照顧中心
241df807-316f-4f9e-a5a4-8ff8d7d9791a,醫院_阮綜合醫療社團法人阮綜合醫院,陽光種子職能治療所,專業照護服務,陽大醫院新民區
75a5e9de-11e5-49e0-ba32-f110a9a583cb,日照中心_光復老人日照,光廷物理治療所,專業照護服務,光復老人日照
fe804043-86bc-40a4-9149-936617b77bf8,洗腎中心_普仁健康診所,晨銨物理治療所,專業照護服務,普仁健康診所
681c3189-abaf-4ccd-8e16-76747566b051,租賃_普羅租賃,核心居家職能治療所,專業照護服務,格上租賃
d3bd5bdc-8d60-4bd4-8be8-b953b456a094,日照中心_芎林日照中心,芊卉居家職能治療所,巷弄長照站,芎林日照中心
3d286cd3-eabb-42d2-9757-504ed17a668b,1000大企業_泰豐輪胎股份有限公司,泰樂職能治療所,個案管理服務,泰豐輪胎股份有限公司
25db4aa3-0065-4754-86d1-3a74c81418e1,1000大企業_金像電子股份有限公司,量心居家職能治療所,專業照護服務,金像電子股份有限公司
946b52ce-920f-415a-8420-8c1de73f93b5,維修客戶_世豪通運-天母,世豪禮立物理治療所,專業照護服務,世豪通運-天母
2ea2f374-a151-4590-b98f-f2dde456379f,日照中心_活泉之家,活寶職能治療所,個案管理服務,活泉之家
e655b887-9bd3-4ae9-ad86-743762e66c15,長照2.0服務資源_社團法人高雄市鳳山老人健康照護協會,福安居家物理治療所,專業照護服務,福安老人長期照顧中心
e393f346-c907-4753-a029-a2c18d3468d9,台中安養機構_本堂養護之家,木棉花居家物理治療所,專業照護服務,本堂養護之家
e6a0a740-eb50-478c-8107-cc6ecb7345c8,潮州車站_潮州,澄樂物理治療所,專業照護服務,澄樂物理治療所
9cae8be9-d4a0-48a0-a32a-b9bcb148344c,1000大企業_精英電腦股份有限公司,精準物理治療所,專業照護服務,精英電腦股份有限公司
6e2e623a-437b-493c-ac10-178c82fb6b3f,1000大企業_禾昌興業股份有限公司,禾悅物理治療所,專業照護服務,禾昌興業股份有限公司
94ffb45a-4bf7-4077-9a0e-e0cceea808d3,交通接送單位_連江縣縣立醫院,重力運動恢復物理治療所,專業照護服務,重安
0e5113e3-da5d-487e-b04b-7ff899926ca3,交通接送單位_連江縣縣立醫院,重力運動恢復物理治療所,專業照護服務,重安
2e6ab71f-a392-40b5-b97c-028ec3f7bcf7,李月雲_李月雲,李子謙物理治療所,專業照護服務,李
97c0aa51-71b4-4bc2-a0bb-b14d09cc623e,本堂養護之家_本堂養護之家,李子謙物理治療所,專業照護服務,李
64ae5a79-56d0-447a-be28-496add76fb97,1000大企業_愛之味股份有限公司,惠鈞居家呼吸照護所,專業照護服務,愛之味股份有限公司
ebc9a063-d6b2-4ad2-ba2e-e8fea64fff27,捷運_永寧,永宜居家呼吸照護所,專業照護服務,永寧
6933a233-9acd-4e09-92e7-9d6bf18b9032,供應商_昇輝車體,景得居家呼吸照護所,專業照護服務,景文汽車玻璃
97e5a627-da20-443a-bfb1-b8086c671100,租賃_大立亨租賃,大福職能治療所,專業照護服務,大立亨租賃
ce6d7282-f07b-434a-a2cd-c44f4fd98cc2,1000大企業_泰銘實業股份有限公司,泰樂職能治療所(鳳山區瑞興里C),巷弄長照站,泰銘實業股份有限公司
2eb6a8fa-293c-46d8-99d7-1e49992b269b,洗腎中心_睿康診所,知足居家物理治療所,專業照護服務,石內科診所
6111f840-58a5-4c4a-953b-3cdb223802cd,1000大企業_泰金寶科技股份有限公司,泰樂職能治療所(鳳山區南和里C),巷弄長照站,泰金寶科技股份有限公司
b1c891aa-4a54-421b-9ab3-290e6231e9b6,洗腎中心_松禾診所,松柏物理治療所(楠梓區慶昌里C),巷弄長照站,松禾診所
49d951ce-3eae-4d4c-8b98-58e1a9e5736b,1000大企業_展宇科技材料股份有限公司,展大復健器材行,輔具及居家無障礙環境改善服務,展宇科技材料股份有限公司
cd28767b-0af4-4503-8850-d1a9428774e3,1000大企業_宏齊科技股份有限公司,宏陽復健器材中心,輔具及居家無障礙環境改善服務,宏齊科技股份有限公司
58b86fd1-40cf-4222-bf2f-18398056ca3a,康寧學校財團法人康寧大學承辦臺北市內湖老人服務中心_康寧學校財團法人康寧大學承辦臺北市內湖老人服務中心,康復物理治療所,專業照護服務,康復物理治療所
bcfed7a5-9c8a-417e-b580-ca3f75d6ae70,1000大企業_介面光電股份有限公司,仲暘居家物理治療所,專業照護服務,仲琦科技股份有限公司
ba09d013-6b6e-4018-a3cd-60165946c9f9,1000大企業_雷科股份有限公司,雲起居家職能治療所,專業照護服務,雷科股份有限公司
4473fb8a-7e7f-48c0-88c3-29a5c63a275e,1000大企業_美隆工業股份有限公司,美門口物理治療所,專業照護服務,美隆工業股份有限公司
e5df2742-8273-4e39-844e-7c52c4cba292,桃園市中壢區中山里辦公處_桃園市中壢區中山里辦公處,桃園市中壢區中山里辦公處,巷弄長照站,中山里辦公處
b13a201e-45ef-4d06-b327-ee64f0d5f77d,長照2.0服務資源_嘉義市東區興仁社區發展協會,桃園市中壢區自立里辦公處,巷弄長照站,興仁社區發展協會
80bdab72-d7cb-4f5f-ab44-f0c38b97eef2,交通接送單位_福田家園,第一計程車客運服務行,交通接送服務,第一計程車客運服務行
27614c88-2ff8-4d2c-a886-67888274199d,交通接送單位_福田家園,第一計程車客運服務行,交通接送服務,第一計程車客運服務行
98ea2e6a-2d94-4bb0-9de3-45bca515adb7,馬公市光明里辦公室_馬公市光明里辦公室,澎湖縣馬公市光明里辦公處,巷弄長照站,馬公市朝陽社區發展協會
d6857194-e039-42ec-adad-cba96318ba71,長照2.0服務資源_馬公市朝陽社區發展協會,澎湖縣馬公市光明里辦公處,巷弄長照站,馬公市朝陽社區發展協會
058bc532-0cf5-4fa3-a036-57200c35aada,00維修離島_澎湖伊甸,三峽區龍恩里辦公處(社照C),巷弄長照站,三星科技股份有限公司
b2601d7c-c39b-4300-be76-a56515a12b3e,中彰投 特約車隊_中華大車隊,中華國際全方位照護學會,社區式交通接送服務(BD03),中華大車隊
b3141269-bf86-451b-9ca4-ea49dfbade76,長照2.0服務資源_烏來區衛生所附設居家護理所,烏來區福山部落文化健康站,巷弄長照站,烏來區衛生所附設居家護理所
b468f4dc-1eff-47ba-932c-e8487ad04072,100年宮廟_奉天宮,奎輝文化健康站,巷弄長照站,奠安宮
8070f24c-6766-4377-a26e-8514a44242a6,車商_高都汽車三多營業所,高義文化健康站,巷弄長照站,高都汽車三多營業所
61696a2a-2043-4389-a3ae-5cebe571f3ea,00維修北（新竹以北）_桃園台聯,桃園區文化健康站,巷弄長照站,桃園台聯
b0792865-70c9-4cbf-9b8c-5f7518d884e7,洗腎中心_瑞林診所,田心文化健康站,巷弄長照站,田安診所
786212b2-5f9c-4f03-aef4-8e70e7841d72,洗腎中心_清泉醫院,清泉文化健康站,巷弄長照站,清泉醫院
254a1886-56ce-44ac-b3cf-b355d0f93679,100年宮廟_北門福德宮,十八兒文化健康站,巷弄長照站,十方大覺寺
fb486bb6-9da7-479c-88bf-1119fd2e4414,中彰投 安養機構_田園老人,田埔文化健康站,巷弄長照站,田園老人
b2d38f88-f1de-4a92-bba0-cbc02787b90b,石碧華_陳祺富,石磊文化健康站,巷弄長照站,石磊文化健康站
52c1eade-0729-4c62-a8ef-7e048d39f5e4,100年宮廟_劍潭古寺,力發文化健康站,巷弄長照站,力行福德宮
9ec5510a-3628-4d32-8577-f9264a19c037,其他_劍潭救國團,力發文化健康站,巷弄長照站,力行福德宮
f4d1d597-cbf0-446f-a1d8-34589b1a0f49,1000大企業_璋釔鋼鐵廠股份有限公司,瑪雅文化健康站,巷弄長照站,璋釔鋼鐵廠股份有限公司
d2a76327-1347-4480-b5e0-ab847ecf3f8f,洗腎中心_屏東縣琉球鄉衛生所,屏東縣獅子鄉草山部落產業促進會(南世文健站),巷弄長照站,屏東縣琉球鄉衛生所
d35548e4-4396-44ac-b3d0-0048ba4f1987,日照中心_紅蘋果日間照顧中心,紅葉文化健康站,巷弄長照站,紅蘋果日間照顧中心
f8bf771a-9c79-4a39-8aa9-738018bd4fe1,洗腎中心_宜暘診所,宜昌文化健康站,巷弄長照站,宜暘診所
c7df2b17-d6d8-40d2-ad24-b7e2d63f67c9,南港展覽館可打卡地址_南港展覽館可打卡地址,南田文化健康站,巷弄長照站,南田文化健康站
29c11470-142e-40c1-a744-7e9cc1816909,新北市三峽區原住民族發展協進會_新北市三峽區原住民族發展協進會,新北市三峽區原住民族發展協進會(社照C),巷弄長照站,三峽區原住民族發展協進會
e1b29913-1ae3-4f06-8e26-f02f801fdc79,1000大企業_豐年豐和企業股份有限公司,豐年文化藝術團-新北市樹林區豐年部落文化健康站(原民C),喘息服務,豐年豐和企業股份有限公司
