key,name,new_category
a16ca28e-2dad-4700-b8b7-a35331332c0b,00_維修起始點_土城,其他
cfb19e2e-c330-4d6f-b20c-cd48101989fe,00_維修起始點_台中2,其他
e81febbf-4480-4b6a-a84e-080965375730,00_維修起始點_台南萊茵河,其他
6c9881b1-49d3-4660-b1ef-af76fdf4ed6a,00_維修起始點_高雄維修,其他
85dd65e9-72a2-4224-a9c3-1c9df55b9760,00_維修起始點_高雄高第,其他
6d9deb0e-4da2-4508-8c55-19a1d2bc03aa,00中區業務起始點_00中區業務起始點,其他
3e35112f-9f2e-4c28-90ee-1e8b684a63d6,00台北市_生通-中山區,其他
67bdcf2c-5ceb-47b9-af87-09bcae84a842,00台北市_張伯廷,其他
9a27ca07-077b-4065-bd9c-a80e9adc579e,00台北市_TOYOTA-舒小姐,其他
5ba1827c-b610-427c-b4fd-30d80b64318e,00台北市_一個好朋友,其他
45cee783-914e-4c0d-b7fe-890f092500c6,00台北市_小驢駒,其他
dad0b16e-9850-483b-8c5f-5c5160934028,00台北市_文山國中,其他
f592739f-949d-4cab-a34e-f5aba58a8fc0,00台北市_世豪小客車-北投,其他
9b6bc899-ed99-4ec4-93b4-023fbcc5cae1,00台北市_台聯汽車-濱江,其他
68dfdb60-d327-466b-9441-1c8dcdc400cc,00台北市_生活,其他
e6774e22-77be-453e-b41a-c450587471c5,00台北市_生通-中山區,其他
f068b44f-a8ad-4ca8-b111-75e303bc1c98,00台北市_生通-內湖,其他
21c183f7-95aa-4d7d-8f35-d071fca0d7e4,00台北市_伊甸-濱江,其他
65ba14de-3ea4-43dc-afb4-1baebc461431,00台北市_共享車隊,其他
04e571c2-bc8e-4d27-992d-faf5677e6f58,00台北市_多扶事業,其他
1f0e20ea-7982-4a79-b835-dd9a642c4090,00台北市_和記大樓,其他
e7f8ae7c-f5b0-4de2-a650-9cabd9d1799b,00台北市_統一超商-世運門市,其他
b416e045-b1ca-4748-81ee-19781b8f1834,00台北市_統一超商-京育門市,其他
6fa8a7e8-e4a1-419a-be96-4f5c91bb6656,00台北市_統一超商-仁和,其他
92d85f22-1c8d-4357-b32e-fd89a76ef190,00台北市_統一超商-國賓,其他
6084cb8e-9780-4f90-a5c8-53c51e220ac4,00台北市_統一超商-康福,其他
bd9593d4-8fb2-43cc-b039-a4c2ee7f39e1,00台北市_統一超商-康葫,其他
6c4f745b-ec12-4046-afdc-7b7fe0151f3c,00台北市_統一超商-廣慈,其他
e9c245fc-82d2-4a19-a3ac-300d42a882fb,00台北市_統一超商-復興崗,其他
311b2b8b-8bed-45ac-84e8-94eb916576e1,00台北市_統一超商-愛國東,其他
73b72e25-bbe7-4faf-ab54-a75f4c463d88,00台北市_統一超商-敦南,其他
c31c42b4-4435-4435-a530-25c760e39fde,00台北市_統一超商-文大,其他
3b033547-4111-4f6b-9e17-73d2354f6eff,00台北市_統一超商-新福慶,其他
0134b8cd-68a3-41b8-b0e5-374f73795d18,00台北市_統一超商-榮總,其他
3b71f87d-1f9c-451b-933f-5f38b8f08718,00台北市_統一超商-泰利門市,其他
2447471d-af3d-4b95-9208-4ab1177e5b12,00台北市_統一超商-泰利門市,其他
560d2b31-a685-454d-9251-bed972f6c564,00台北市_統一超商-泰樂,其他
7e01d87b-77ba-40c0-aaf8-03d66bb1f185,00台北市_統一超商-統威,其他
911b902b-8bc2-4b05-9381-cc61f18306ce,00台北市_統一超商-耀港,其他
99b7cb50-6647-47eb-aa88-b69cdb2f4ab6,00台北市_統一超商-華崗,其他
32fc1a6e-30be-48e0-9d8f-2308c2a156ea,00台北市_統一超商-行天,其他
2dfc82c6-ac10-442f-a421-4d270c7d0448,00台北市_統一超商-軍總,其他
d8e7262f-ee06-4633-b4b0-9cd1ae266038,00台北市_統一超商-鑫大孝,其他
e9e84872-21ce-4c9b-9447-b05d0a33c1b8,00台北市_統一超商-隆龍江,其他
a2b6dfcb-cd76-41cf-953f-53e107574635,00台北市_陳啟能,其他
752524ef-45bb-446c-8e11-80f041ca1e17,00台北市_勝豐交通,其他
298fc48a-31b2-4815-a47e-bf25da453f15,00台北市_行無礙資源協會,其他
da0becc8-6124-4a93-8a15-7e85797f59fb,00台北市_創世基金會,其他
8406d7d1-71f9-427e-aa33-6bf390926565,00台北市_創世基金會,其他
28206642-32de-4ae3-9d32-ac2b1d8fb53f,00台北市_大都會汽車客運,其他
8ac59ef5-aaaf-4ac1-ae8e-cf11607ed988,00台北市_日豪客運,其他
6a8875f8-c5dc-45d6-a109-1aa5366e1edc,00台北市_明德老人長期照護中心,其他
251d2e4e-bb5d-45db-8462-fb696660cc8f,00台北市_大都會汽車客運,其他
f7051553-29f2-47af-9242-547c5493339f,00台北市_大都會汽車客運,其他
27187923-ea24-448e-a108-5730536f6018,00台北市_台北市社會局中正社會福利服務中心,其他
eef18db6-c147-47c4-bf41-a819fc77af3a,00基隆市_大都會-大武崙,其他
9d2088a9-dc3d-40e5-9ef5-89e13cf08bcd,00基隆市_大都會-基隆,其他
1d2555ae-15b2-4f74-bc0d-e50399d4c2a3,00基隆市_大都會-大武崙,其他
6c1822c4-3f81-4a62-bcf6-4c2b5c18ee21,00基隆市_生通-基隆,其他
e7ed8ef3-6bdb-47e9-8c39-deec5685e962,00基隆市_恩惠全人關懷,其他
eb540a77-749c-4d1d-86bf-ac0362980781,00基隆市_陳詠婕,其他
2af3d2f1-b9a9-4f34-9de5-c9986ef8b42b,00基隆市_台灣礦工醫院,其他
1c5dfbe6-6ec7-4537-be5a-e7274835f741,00基隆市_安基診所,其他
f1c3c616-0c28-4f97-8392-1c0aafc32347,00基隆市_羅東博愛醫院,其他
91b4b751-080c-4bde-8242-bba9f657550f,00基隆市_贏養食沛有限公司,其他
b40bbf77-2c05-4cff-92ee-209b195f00e4,00基隆市_基隆醫院,其他
efd10fbc-bd39-4fa1-a734-bfcf4f634057,00基隆市_勝利基金會,其他
dffc07b5-ab4e-4ace-ab28-64f7b1536120,00基隆市_基隆市政府復康巴士,其他
e6c01997-88d9-46cd-984e-7312e5f4a954,00基隆市_首都客運-八斗站,其他
f8f72dd6-5884-41c4-b2b6-ed7c03c9fb68,00宜蘭縣_宇翰,其他
5323be75-c4cd-4d60-b36a-4a3b4459580f,00宜蘭縣_杏林,其他
aa215b85-eb3e-414a-9b18-27e6715cfe7d,00宜蘭縣_崴程車隊,其他
cdd869c9-3727-4977-b77b-4ea5c4433a77,00宜蘭縣_大都會-羅東,其他
1ff2b975-5355-4d78-9a50-232cfba752dc,00宜蘭縣_伊甸,其他
fd7d37dc-18eb-4d78-a895-088205c38fda,00宜蘭縣_佳禾通業,其他
4d6503a8-7a50-4301-94ae-312c03b10a1c,00宜蘭縣_聖嘉明,其他
095f3257-c481-4508-a531-b916815c03b7,00宜蘭縣_羅東博愛醫院,其他
a95d0d33-cb64-41e3-8de2-3beb1a62f813,00宜蘭縣_羅東聖母醫院,其他
83efec25-058c-4592-8e2e-f42daaea5e2d,00宜蘭縣_蘇澳衛生所,其他
8d6c6cc8-f9f5-4432-b2c5-aa4c24ce500b,00宜蘭縣_阿寶基金會,其他
12642512-5118-4ce0-9a60-d266156e00b4,00宜蘭縣_財團法人台灣基督長老教會宜蘭教會,其他
82cd6fd7-4d95-4641-abc2-3ca713f26d3a,00宜蘭縣_創世基金會,其他
9f719e3b-173e-456f-8a2f-d790be9b3128,00宜蘭縣_喜樂學園長照,其他
25d72994-10d4-471c-b47d-45bf9873658d,00宜蘭縣_華山基金會,其他
4396f7c4-df46-4c06-8aa1-c35009ec2767,00宜蘭縣_首都客運,其他
3eb89eed-f543-42eb-b5ec-8e0fc50d1bd5,00宜蘭縣_國光客運羅東,其他
7666b37d-3eec-46dc-8edc-ab7b12b17f5f,00宜蘭縣_葛瑪蘭客運羅東站,其他
f6ec161b-1f0a-4fff-9134-0acea7e855e0,00宜蘭縣_宜蘭縣大同鄉英士文化健康站,其他
9e2bbc6e-0657-492e-9dce-be262cbea203,00新北市_小驢駒租賃,其他
5e83ad71-ae6a-45e2-88dc-7790db7f40d5,00新北市_北聯交通,其他
30d69514-7933-49a5-b98f-d843b890f911,00新北市_育成-新五,其他
d285b660-6cb4-49cd-a1e4-f7f9f47e05e1,00新北市_育成-板橋,其他
bd857fb8-a3fc-4310-905d-15d1f5b7ce22,00新北市_喬智健康,其他
c56c4efa-5074-45cb-874c-8108847467cf,00新北市_新北勝銨,其他
057cf216-1d86-4e95-ad0d-1b4726695ffe,00新北市_新北恩慈,其他
aa673894-c04b-4e7b-9860-926affb47694,00新北市_大王交通,其他
1b854c96-e423-4725-9b11-9dec4bbc3c9a,00新北市_大豐-林口,其他
ecf1ffc6-654f-412f-99cc-f228c775545d,00新北市_大豐-石碇,其他
b310691e-447f-4edf-a21c-538a7a83f032,00新北市_大豐-石碇,其他
32ed0c30-5f55-4f16-b8d1-8b24fc357408,00新北市_大都會-蘆洲,其他
be37227a-8e09-4d93-82de-cf41d6d2ce8f,00新北市_小驢駒租賃,其他
0d3ba49f-2e8a-4ea1-830a-47f75d4bc6d1,00新北市_太豐,其他
8038c7ab-ae95-493e-b176-eb4871126df5,00新北市_太豐交通,其他
fbb8a00c-9482-475b-8c8a-e52cc89842f8,00新北市_生通-三重,其他
03d3307a-cfdd-4717-8714-f2daaa763e74,00新北市_生通-中和,其他
778d2f6c-aa7d-43c8-8f6e-09a5f51b1b9f,00新北市_生通-土城,其他
9c31bb9c-0949-4478-b354-28157e5c6dcd,00新北市_生通-新店,其他
7c6354d3-f423-4b96-9408-48630b4fa10f,00新北市_生通-新店,其他
276f0e19-c528-460d-8178-7239558369c8,00新北市_生通-新莊,其他
559d577a-94e6-43b8-aa7f-0c9eb21d5a75,00新北市_生通-林口,其他
a7bbbdd9-83b5-4167-a72d-641b1b0bfd72,00新北市_生通-林口,其他
22923598-72b1-4301-a9ea-98498402c773,00新北市_生通-樹林,其他
d5d50d06-20ec-40ab-8ee4-ca8673b074fd,00新北市_生通-樹林,其他
ffdf6979-a073-4201-b378-fcd159338906,00新北市_生通-永和,其他
419c376b-cbd1-4b50-a8b1-13c736f1004f,00新北市_生通-淡水,其他
d976fe91-c140-42ba-8936-aa9326788a0f,00新北市_生通-瑞芳,其他
99f6794c-bda8-4ec7-9d08-23cf6781d10a,00新北市_西堤牛排-新莊,其他
6de63504-9bc1-4f7c-b3dc-151da61ff0e6,00新北市_育成-中和,其他
3e5e663b-8042-42d1-a428-7e8a7efd3e28,00新北市_育成-五股,其他
62b77fc8-bf67-4e38-b73e-aa7f7884f7de,00新北市_育成-新店,其他
e1a14163-60e8-4c0e-bba2-6711a5d06b2d,00新北市_育成-板橋,其他
17077a97-89f3-412a-943e-5e139db6cb7d,00新北市_育成-樹林,其他
a639e97f-f739-4a0f-90e2-89adbb5dd345,00新北市_育成-汐止,其他
ad0918a5-560b-4028-bba8-0365380f3177,00新北市_育成-泰山,其他
596ac483-eeb8-4f29-a118-c7f76e159ccc,00新北市_育成-淡水,其他
6feb5332-ae4b-420d-8773-f47d37cc8c4d,00新北市_個人陳皓力,其他
2884a8e5-9ece-4262-92ff-d63df4e89201,00新北市_泰豪,其他
4fd99470-4225-4876-8cdd-25d543b66b4a,00新北市_淡水國小輔導室,其他
289c8d28-9501-4e25-a8ee-5e08336ddccf,00新北市_統一超商-樟弘門市,其他
0f444067-16e0-47a7-8ba1-0be188878147,00新北市_愛家發展中心,其他
10dbcfe5-662a-4231-88b5-1bf8de3e1562,00新北市_漢達交通-蘆洲,其他
73575729-a8c1-486e-b518-bbf016ca6870,00新北市_龍洞直樓椅陳先生,其他
3c81829f-9cb7-4fb8-9dd0-551e3917de49,00新北市_北市私立旺福社區長照機構,其他
eeee00a1-799f-4bda-9bd4-75eb26fe912b,00新北市_台灣關愛基金會,其他
20d80365-fb16-41c6-a162-a01931a3a2ad,00新北市_宏十字護理之家,其他
b5d23985-3d41-4b3b-8e95-519aac843df7,00新北市_東暉診所,其他
755d9585-8007-4eef-8ebe-301a93ec5ad5,00新北市_財團法人新北市脊髓損傷者協會,其他
8c5e9512-9648-449d-b16b-fde154640f95,00新北市_啟動力股份有限公司,其他
1ed91c28-43ac-4a17-9954-e7893b89388c,00新北市_詠靜護理之家,其他
a604e08e-3492-4708-98fa-4f4ec2558c67,00新北市_愛鄰長照,其他
7a1bfba3-1255-4ccc-9712-043bbaaae8e8,00新北市_輪椅網球協會,其他
c3995796-e3be-48d2-92c4-69a4ec47fe5d,00新北市_中華民國身心障礙者休閒運動推廣協會,其他
05464b82-dcae-414a-a0ef-2ad0bdd415ef,00新北市_私立慈嘉老人長期照顧中心,其他
41176f8f-304f-491a-ae97-f38a5528eebb,00新竹_全豪,其他
a7bbe4ae-07aa-4187-9685-c4bc79a1ba6a,00新竹_李正生,其他
b087c836-16f6-430b-94cd-37d16d2c6530,00新竹_科誠公司,其他
da2cce02-42df-40fb-8614-58976201bc88,00新竹_胡正雄,其他
fef6f84c-3db8-4f45-8494-36469d1d608b,00新竹_張文廣,其他
df59f539-17fb-493f-969e-e7e616a92ff1,00新竹_陳宥全,其他
23c71734-7f56-475f-9ec4-551b406beb90,00新竹_黃豐仁,其他
01599164-85ae-4569-b956-b947916c8cc6,00新竹_韓巧婷,其他
7c913d0d-7b19-48f3-bd7e-b7c661f4dfd9,00新竹_生通-竹東,其他
9ff3268b-b69d-4ecc-a74c-f53580e2369b,00新竹_生通新竹,其他
3c131eda-ae4e-46c2-99b5-9e6b492e5e2c,00新竹_全豪,其他
285c1431-52d0-4a0e-83e5-1829c7e44862,00新竹_竹北日照中心,其他
5c5214c9-c2b9-4a0f-9fb8-17f542b3b7db,00新竹_伯大尼老人養護,其他
dde4f38a-24e0-4eb4-9498-ec1ead19e6fa,00新竹_崇德護理之家,其他
51510382-3581-4990-b7e4-f81867fbe863,00新竹_新埔長照,其他
fdad2dd8-a657-409a-bc47-390b7889d81e,00新竹_新竹台大醫院,其他
4aec5fab-dd86-445a-bfad-e5cd39762df7,00新竹_尖石鄉衛生所,其他
0b92fe38-dff8-4a29-89ba-56c158b6291b,00新竹_勝光長照,其他
3116d70d-f1fb-48e4-96d1-b15cddc359c9,00新竹_新竹市政府,其他
e3a94c8c-d4d6-46ba-83b8-ecdb92200afe,00新竹_恒通小客車租賃,其他
22b33cb0-3110-4f7a-8fb0-88a6c70838d3,00新竹_恒通小客車租賃,其他
bc4a0c90-18df-45c2-b4f7-e88e29957f1f,00維修-中區_一嵩,其他
ff538262-33ad-426f-8311-5de6a13f2a98,00維修-中區_一嵩,其他
36081229-45f2-45e8-a8fc-3fba61582ffd,00維修-中區_台中七十二孝,其他
884903e1-0b39-43e0-b713-cd62ef83a491,00維修-中區_台中三久建材,其他
41edc2f5-7a6d-4757-b556-1ad5e3368b7b,00維修-中區_台中伍驛,其他
cfde93c6-27a4-44bc-8457-ee453835bfae,00維修-中區_台中允智復康巴士,其他
4d2a8dd2-c104-4f72-b705-c1ed1784ee07,00維修-中區_台中劉家愷,其他
370e911f-d376-46c9-b844-a766edfa1110,00維修-中區_台中匯豐-南台中,其他
d99ee87d-1ae6-4ba4-85fc-08f88c87d606,00維修-中區_台中友愛,其他
430c2988-bf4b-4652-a379-8609ea7442cb,00維修-中區_台中同心圓,其他
1d21f58b-0693-4d6f-9386-8853d572cb31,00維修-中區_台中吳建峻,其他
38caccfb-e478-4c1a-864d-2d80761543cf,00維修-中區_台中哈妮,其他
c9eb6de6-13bf-4254-8cdc-b24b5e2ed259,00維修-中區_台中國光,其他
8115b359-72dc-4705-a216-24125c291946,00維修-中區_台中大雅TOYOTA,其他
babee08a-d8a0-4dd5-b418-068ed4ddd05d,00維修-中區_台中弘道,其他
dd0e28b5-9cfe-4e3f-89ab-e964b16085bd,00維修-中區_台中心苑日照,其他
86412d36-a538-45ec-9bd9-52f55760b1ba,00維修-中區_台中志浩,其他
5431b018-e2b7-4c8c-a23d-6d1ac0ed610a,00維修-中區_台中志浩,其他
efc74353-5bf8-4906-af1d-1e10bbbc300f,00維修-中區_台中志浩,其他
9f733ad7-a4c5-4a0b-b6c2-1987d3c8d5e5,00維修-中區_台中悠貝,其他
b7621b18-0634-4615-89a0-f1c3ebbb9d9b,00維修-中區_台中愛健康日照,其他
ba9c05c4-1592-44f8-9124-03bca3a4fa7c,00維修-中區_台中松霖居日照,其他
3bf4b52d-8732-4c38-ad55-3bfcdc3fe587,00維修-中區_台中林瑞富,其他
40c67e7d-85f9-497b-bc7f-6a818cf08429,00維修-中區_台中林瑞富,其他
8d50d3cd-0118-4364-b527-651762063b39,00維修-中區_台中榕博,其他
7b2c1653-7db0-4752-a95c-bb8b60683f61,00維修-中區_台中榕博,其他
4737a411-85d2-4829-a80b-b0fa2044d44b,00維修-中區_台中樹德日照,其他
e362d5be-739a-4554-8e1c-1d511271e5fe,00維修-中區_台中泰帥油壓,其他
e3c893ec-228a-4778-a97e-79600e497a00,00維修-中區_台中王文奎,其他
f6b3b424-b80b-4bd1-87a9-323e3b62fa98,00維修-中區_台中璦爸媽,其他
f32b90eb-2306-456f-81e5-676ec81f34d6,00維修-中區_台中盤古銀髮,其他
16ff6778-6eb4-47d7-83a4-beb55a8a30dd,00維修-中區_台中秀老郎,其他
6286fb68-6de7-4ca4-a024-596c34f4e433,00維修-中區_台中立達啟能訓練中心,其他
11425be5-bea0-4f01-a524-2fdecbfc89ad,00維修-中區_台中總達,其他
57b65902-7a62-4f7f-8876-e1e224fb8fe2,00維修-中區_台中荷韻,其他
3e09501e-c962-4d3f-82e4-5277ec7d43e3,00維修-中區_台中陳文振,其他
bf1e985f-4bdf-4c0c-98ad-c6f2b1711d6d,00維修-中區_台中陳雅琪,其他
807e2fc5-de2b-45ad-ada2-074ad36b5a99,00維修-中區_台中雙崎部落老人日間關懷站,其他
1d194ebe-0d82-4e5a-ac5f-dbf76b6f5a20,00維修-中區_台中青松護理,其他
5830d40a-cf8b-46ab-911a-b8c54f1385ff,00維修-中區_台中黃健昌,其他
c4e2056b-08d4-41f1-b129-a9e58c6d1cda,00維修-中區_台中黃國倉,其他
a26d22ff-d632-4320-b5e3-f8a6f742f830,00維修-中區_台中黃智鴻,其他
9edafb49-ff42-4ca2-b7cd-3f8d9c9241cd,00維修-中區_台灣家安,其他
ecf51318-bd28-48a7-a786-36479df9e54b,00維修-中區_四育國中,其他
19d6a04d-e2ba-411e-8e28-b7f6d4c48eba,00維修-中區_兆豐銀行台中分行,其他
6d3a6c07-6741-4d65-8602-5c1383e1b6c8,00維修-中區_佳信通運,其他
f05119d5-3025-4b34-8ae6-20f2474ed410,00維修-中區_南投伊甸,其他
5ef05673-e725-41c6-945f-385ed43b5f25,00維修-中區_南投伊甸,其他
525201aa-07cc-42df-9aaa-f49ce8da18f5,00維修-中區_南投家庭照顧,其他
c9bb58f2-1bcb-4a8b-bbac-0b8a6cf6dd9c,00維修-中區_南投家庭照顧,其他
1bfc9917-40be-4a7a-8ec4-0d7dd47ccad9,00維修-中區_南投復活啟智中心,其他
c54f9a3d-36e7-4dd5-a600-acd3fad33de6,00維修-中區_南投慈愛,其他
af6255e2-b1ce-4565-b699-77ce69902291,00維修-中區_南投懷恩,其他
1ba8d7fd-ea34-4b7e-9d8d-7376e2a382fa,00維修-中區_南投永安,其他
be49b5cb-2de2-4ccc-958a-7818c5891e1a,00維修-中區_南投生活重建,其他
6e807409-1afa-407c-9b44-6a5a71b92ae3,00維修-中區_南投生活重建,其他
96f01e2c-1797-45de-b788-5613bf4b5229,00維修-中區_南投竹山社區家庭機構,其他
c1dec328-36ca-424c-bc30-ad21bd74e73a,00維修-中區_南投老五老,其他
13a850ce-843c-4dba-a7f5-656f0f0553db,00維修-中區_南投老五老,其他
a69be298-4ddb-4ca7-a77e-212d828adef0,00維修-中區_南投莊志煌,其他
b9c659c2-951d-4414-b881-c5f74cc38347,00維修-中區_科益影像,其他
b777dbce-5cc1-4e7b-8592-ea6c4ba8be94,00維修-中區_苗栗e-go,其他
ce42e045-ed26-4d3b-8583-cafab1755361,00維修-中區_苗栗e-go,其他
fee27964-ce40-42e2-89fc-55cbfb348375,00維修-中區_苗栗丸久租賃,其他
aadda8f2-2ef7-46a5-86df-dda3b2422529,00維修-中區_苗栗初衷,其他
be0785f9-c4c4-468f-8913-cda6e44e1211,00維修-中區_苗栗大寶貝沐浴車,其他
113656bf-5682-4daa-82c1-1226c5a513be,00維修-中區_苗栗廣愛教養院,其他
f4e6f044-671f-4461-81e0-9898e6644a5d,00維修-中區_苗栗張先生,其他
5dc9f55a-8f41-4cb8-9407-162d71000737,00維修-中區_苗栗徐裕淇,其他
15d705ba-cadf-4d6a-9dbe-e99986873e7b,00維修-中區_苗栗海青,其他
b9bdf852-a903-4dbb-95d7-2d4a209459c7,00維修-中區_苗栗海青,其他
a4ad7313-c9a5-4407-ae30-da4c40f3e6a8,00維修-中區_苗栗生通,其他
feb1fba4-0f4a-4a0c-bcef-64d85b3c4e80,00維修-中區_苗栗銀髮族,其他
b6103aca-2414-4491-8443-966bd66b8b46,00維修-中區_苗栗銀髮族,其他
804c5dc6-b2c3-40d9-8eda-bf3f1a73ca6c,00維修-中區_苗栗黃金亮,其他
b645e633-885a-4573-8ad1-30c7be3a3b46,00維修-中區_徐儷珍,其他
c1904763-b41f-4a55-84ea-fd49d66af325,00維修-中區_草屯青松,其他
144b30c6-f1ac-48f4-ba29-50f6fc483e1e,00維修-中區_張詩琪,其他
070fcb5e-5fdb-4e46-84db-3b2cdd3eac22,00維修-中區_雲林佳康居家護理,其他
30775201-69a3-49ed-99d0-ec414ad5b756,00維修-中區_雲林光華日照中心,其他
0be9c661-e8af-4c24-bae7-d6b8d9ccc873,00維修-中區_雲林口湖老人,其他
ee8b5dd0-6b19-4e97-858d-a4c2666a4130,00維修-中區_雲林向陽局,其他
a305d51a-3af5-4ac1-bf5d-02e1381812e6,00維修-中區_雲林安家園,其他
f146dba5-9e44-46e0-b9ce-27a24a90885c,00維修-中區_雲林安昀,其他
097bf3bd-8165-4087-99d2-f60cd68fd5af,00維修-中區_雲林小太陽,其他
beaf4930-39b7-494f-8972-8ef923163848,00維修-中區_雲林康健老學堂,其他
65304d10-3454-4307-bad2-92dcb131d5f7,00維修-中區_雲林張健能,其他
c00a3e2a-a3ab-408f-92f3-64720fa343e7,00維修-中區_雲林明德,其他
5f4b00e7-8c9f-4f6c-8258-41ed6988b4a5,00維修-中區_雲林李溪川,其他
a7b7b2f6-6929-4509-936d-1e7b20e4f0d2,00維修-中區_雲林松德,其他
3153a252-2d5c-4de0-96d2-a9110748d96e,00維修-中區_雲林林祖旺,其他
751833e9-e3db-43dc-b6dc-01f2a9274d10,00維修-中區_雲林特殊學校,其他
eab455b0-5fa2-4c01-a7ef-fa35de2995e2,00維修-中區_雲林玫瑰日照,其他
4fa51781-f15a-4d08-969e-fa4b62380c40,00維修-中區_雲林紅十字會,其他
39cdddcc-2003-402f-be30-01ad400502f5,00維修-中區_雲林紅蘋果日照,其他
aa7c5763-a773-4209-b69d-269cad43d7b0,00維修-中區_雲林聖心,其他
91f7ec0f-019b-416d-a485-9514e4958bf4,00維修-中區_雲林隨緣,其他
e3177b40-4213-4335-9cc7-9b8f319e1680,00維修-中區_雲林靖興日照,其他
506b76b7-27c5-4976-87f1-a3078b176b06,00維修-中區_雲林顏先生,其他
c4b45ff8-71bc-4630-b616-ec0bf868fa5c,00維修-中區_黃國昌,其他
a47481ec-971d-4cee-8eaa-86931209055a,00維修-中區_彰化二林蘇,其他
c92af116-8f1f-496b-b39a-279d3ce25634,00維修-中區_彰化以樂學苑,其他
ba4850ca-f949-40ea-92e3-279d7404ddef,00維修-中區_彰化以樂學苑,其他
e8823a9a-f33a-4cdc-9aa3-612c5afb1a31,00維修-中區_彰化優美,其他
ca367854-8328-49b9-b03b-a5ccb64e02c4,00維修-中區_彰化名倫,其他
0ff12376-a99c-4aaf-8eda-0612e381e5ba,00維修-中區_彰化喜樂,其他
15bd5dcc-d7d4-4966-981c-443390e31b3f,00維修-中區_彰化喜樂,其他
f9b278ba-9d89-4f7b-bbba-76b504e8111a,00維修-中區_彰化國光,其他
d5af65e0-528e-4f86-ad47-46690b62a98a,00維修-中區_彰化國光,其他
e2404d17-b5f9-4401-a7dc-617956304f3b,00維修-中區_彰化弘道,其他
ec8eb40f-3225-46f4-8104-b7a7efa49eb8,00維修-中區_彰化慈宏日照,其他
ef2bea79-d5cc-4887-b8c6-0ec03d055097,00維修-中區_彰化慈愛,其他
00f3b4dc-f8e7-4ba7-a1b3-74926dceb982,00維修-中區_彰化樂芙,其他
258928cd-60f6-4a66-88e9-f75d1cc1d0ee,00維修-中區_彰化珍瑩老人,其他
9102c70e-7599-442f-a854-fea2f7da491b,00維修-中區_彰化生通,其他
912f48eb-8673-4608-a638-1a1d88f25a15,00維修-中區_彰化老五老,其他
4051ba22-ed49-4e32-b745-08aba70d3b1c,00維修-中區_彰化聖家,其他
601091ed-3b2b-4776-b475-4e629580cd30,00維修-中區_彰化葳群日照,其他
296adc95-97c9-48fa-947f-41bb9dd0ca46,00維修-中區_彰化葳群日照,其他
8c20b783-f960-4f35-b841-fc8391c76e8f,00維修-中區_彰化許紀為,其他
cb151530-8235-457f-abec-9045f05cc73f,00維修-中區_彰化銀之家日照中心,其他
d51ec36d-3ba5-4d52-9e7d-4326b0ceaf71,00維修-中區_彰化陳先生,其他
7f25bce6-bcac-488b-a59d-6dcc42270425,00維修-中區_彰化陳叡陞,其他
b9d66ee7-b4d8-4ab1-8e86-3dddc16403fc,00維修-中區_彰化陳龍潭,其他
5bfb2e6f-1593-4a49-92ed-96a93ba24ea7,00維修-中區_彰化順元,其他
83593a44-dda9-42f0-98b9-5ccf2a2391e4,00維修-中區_彰化順緣小客車,其他
868409ac-9f9b-489e-b13c-51e95a81a25b,00維修-中區_彰化順緣小客車,其他
c682711f-b22d-4584-ab3d-899b05ebe878,00維修-中區_蕭秀娥,其他
49f5692a-e6aa-4968-99f7-68a9d9b63e3b,00維修-中區_優仕通（租車）,其他
4b7c058b-1b7d-4fd6-a996-6e1685652286,00維修-中區_大湖日照中心,其他
191ac65f-9fdc-4688-b74c-7b5b1d843f5b,00維修-中區_台中五區,其他
db009e32-d186-4142-8381-c0ddbcecf2de,00維修-中區_台中五區,其他
554b92ef-a5c1-485c-ba54-a910d81eae16,00維修-中區_台中傳愛社區,其他
79fe2402-6619-49ee-a012-7245878747a9,00維修-中區_台中十方啟智,其他
573d2b6b-efb9-4311-aec7-9e530c9c9ac8,00維修-中區_台中國光,其他
aa43be44-8d86-46fd-9bf8-70400fc7cb30,00維修-中區_台中家康,其他
7e4d2257-c17a-4ddb-a911-7182ab8c6047,00維修-中區_台中富泰旅運,其他
9564b728-296a-44f8-a5da-6a3d109932dc,00維修-中區_台中新亞裕,其他
45dddb9f-1c78-4064-891e-e8c244001767,00維修-中區_台中林先生,其他
280dd0c7-4f3f-49ad-9016-2c86c3a5624e,00維修-中區_台中格林萊福,其他
20d589cd-33c5-4773-ad73-d9e0cf669d4a,00維修-中區_台中樂格適,其他
11d31462-6f08-4d6f-8f42-1dbe7e172c2e,00維修-中區_台中永和,其他
69874ffe-f79a-45e1-9b30-f8d0ba797b8e,00維修-中區_台中永成,其他
41b6d1e6-458f-4df9-af0d-b3a5256024ad,00維修-中區_台中溫先生,其他
0dbf66fa-2a75-40fc-9584-a2f88cc2669a,00維修-中區_台中王智信,其他
eb24d6d5-b4a1-43a1-ab3a-12788998645a,00維修-中區_台中瑞生,其他
0622e513-249c-49d0-a33b-1f295ce4cf69,00維修-中區_台中生通,其他
b5e2e2e8-cbcd-46a0-aa72-29b1bb164716,00維修-中區_台中總達,其他
29956a8f-3e5b-4fa8-b919-3fa0c99516cc,00維修-中區_台中老五老,其他
917ca192-c424-4c26-a15b-bf21b7f95778,00維修-中區_台中馨安啟智,其他
4fdaaac8-446a-4a61-bea7-7b80d3ddbaea,00維修-中區_台中黃先生,其他
83c7ec4c-c849-481c-8fb2-92e99a11c10e,00維修-中區_台灣家安,其他
fb56bf43-3bbf-46db-a8eb-1e02765a70bd,00維修-中區_宏偉租車,其他
66aaa0ca-8f11-4172-82ff-73036b1ad58a,00維修-中區_南投中台禪寺,其他
18860582-90ae-405b-a05c-d0a97e3ba329,00維修-中區_南投仁愛之家,其他
0658c833-9f9c-4b58-ae8c-ec2ece6189f7,00維修-中區_南投好媳婦,其他
c5109716-03f4-4e8c-8225-c73dcfa33fa9,00維修-中區_南投教養院,其他
541c1904-044e-4f7b-9636-24321a763f3d,00維修-中區_南投永明汽車,其他
536f25c1-7b4f-4d94-a52e-27cca252010a,00維修-中區_苗栗杏福租賃,其他
961ce926-b99a-403a-bba1-263cec06ff93,00維修-中區_雲林孝親園,其他
e80d81c4-3925-497f-9305-4d5c52c814f6,00維修-中區_雲林聖心,其他
92521c90-f8c5-4838-9335-c75118acebea,00維修-中區_黃興効,其他
379f583c-8728-4933-a0a8-153b4ca7545c,00維修-中區_傳愛日照中心,其他
120b155c-00a1-4bfb-b7fd-7ffe38c88969,00維修-中區_彰化二林德安日照,其他
811f8fdf-40f2-4e54-a9f3-88e5a5c3248a,00維修-中區_彰化老五老,其他
6a190771-3e53-4546-92cc-89dda5e467ef,00維修-中區_彰基二林分院,其他
8a70f0f1-91bc-488f-94b4-f2dd51f09d2c,00維修-中區_衛生福利部中區老人之家,其他
aab3759c-227b-465f-a725-20feb1b75942,00維修-中區_台中光田醫院,其他
c13ec898-4e91-4320-a47b-a07a05804fa8,00維修-中區_台中崇正基金會,其他
7cea4be5-efdc-4111-b91a-59c17e065a32,00維修-中區_永愛社區長照機構,其他
4436865b-3caf-4f70-a6f0-269e705d6d6c,00維修-中區_田中仁和醫院,其他
776affeb-9fd8-4f8c-a1ac-32273d308ffe,00維修-中區_好伴照顧協會,其他
2986b863-0de6-478b-a394-3c0cc2773f81,00維修-中區_南投基督教醫院,其他
dc36e08a-b068-4bf8-9ca4-83c48fcd23c2,00維修-中區_員生醫院,其他
c7271df0-4513-4b05-af73-abb293b59e74,00維修-中區_雲林媽祖醫院,其他
489d16c9-6d3a-4fd7-ac53-2daaf5149ab9,00維修-中區_雲林玉妹護理之家,其他
7280f5ad-ac59-4fed-a9bf-1e4b2bcefaa4,00維修-中區_彰化基督教醫院,其他
47f77cec-55b2-47e3-9b0b-10e41ae6ecb5,00維修-中區_彰化笑瞇瞇協會,其他
91ada5dc-c9ad-4be4-8c0d-9be35c13d674,00維修-中區_彰化道周醫院,其他
2188110c-a453-452a-a21c-7a9c5cece82c,00維修-中區_衛生部彰化醫院,其他
c0d6be95-e2a5-4156-bb4b-e3100b8a50e6,00維修-中區_台中崇正基金會,其他
3cd98554-5181-4882-a220-4615c16b0be1,00維修-中區_台中市脊髓損傷者協會,其他
9e9b54b4-912e-43b8-8aff-d5c60c26ebfc,00維修-中區_台中慈濟醫院,其他
6d479676-d5a9-4f83-b8d7-d50d35bd0eff,00維修-中區_台中杏豐醫院,其他
41efe79c-a3e0-4e3e-b49b-6d6b471b2619,00維修-中區_台中永欣老人關懷協會,其他
0eb40d0a-9a1b-4135-9a36-f0d244b6c9bd,00維修-中區_台中澄清醫院-平等院區,其他
eef4eaa4-c820-43ad-8f5f-ddff38bcf574,00維修-中區_台中瑞健診所,其他
0e157194-124c-49ba-87aa-ce3c770e2666,00維修-中區_台中福瑞社區發展協會,其他
fdb5e24f-f44b-4613-8a7b-af7946671c1f,00維修-中區_台中聯安醫院,其他
4d6cff50-47df-4c18-909e-80cb56e0307e,00維修-中區_台中豐楊護理之家,其他
4834b20d-1ab9-4d33-bbf4-bbf6b924ab1f,00維修-中區_台中達特楊明醫診所,其他
1d4fc6fe-c7dd-4dd8-8171-b88a95902c01,00維修-中區_台中長安醫院,其他
9db9b14b-40ac-431c-b001-01c60b411973,00維修-中區_台中龍安醫院,其他
2fc29c1f-61b1-4a1b-9e73-69bfc6a5d237,00維修-中區_台灣微光協會,其他
c0265457-d918-487c-853a-127aa675aaab,00維修-中區_台灣微光行動協會,其他
9cb9152f-7757-4b89-b976-9f576f3dc8dd,00維修-中區_好伴照顧協會,其他
d3f99408-334c-41e3-9c04-7d3fee243d76,00維修-中區_竹南診所,其他
fa75b507-f36b-4eb3-9546-0edb08ac7818,00維修-中區_南投中華社會福利基金會,其他
9204e0c8-164c-4950-b52f-1474d2240dc9,00維修-中區_南投友傑照顧關懷協會,其他
342b0ea6-e650-4a6d-848f-e719877504d1,00維修-中區_南投基督教醫院,其他
e4e12c86-efa9-4c38-b292-122ce41abf58,00維修-中區_南投新媳婦關懷協會,其他
594101b8-8665-4d23-827c-143237bbc98f,00維修-中區_南投新媳婦關懷協會,其他
5cc93967-9189-4ada-8e3c-99749d6ebd5f,00維修-中區_南投有愛長照交通,其他
72721e6a-66d0-44b5-af1c-7a0b0189b71d,00維修-中區_南投縣慈愛關懷協會,其他
a621f087-5fd4-43e9-8e2a-5397a137e248,00維修-中區_南投菩提關懷協會,其他
619925fa-2fa7-475a-8b65-d0755d3281ac,00維修-中區_苗栗孝親關懷協會,其他
2c0c4fcb-e0c9-43f2-9816-1dcf0b73f952,00維修-中區_苗栗弘大醫院,其他
7353f5a3-cc5c-4636-b6ef-987724fd8b61,00維修-中區_苗栗永昌動物醫院,其他
c4f554fe-15ea-41f4-ba36-515222f1fb9c,00維修-中區_苗栗聖庭長照,其他
cfa94189-2a56-4920-84eb-7290c176113c,00維修-中區_財團法人台灣基督長老教會泰雅爾中會,其他
0abe4221-0f43-4048-9533-6c89427e007e,00維修-中區_雲林大美長照,其他
9e2d9dce-e4bb-48a3-8e9a-b57f05aa017f,00維修-中區_雲林大華老人長照,其他
14bfccda-7354-42f3-b787-3a045ae56f51,00維修-中區_雲林天禧長照,其他
c4b33182-60ec-4fd8-974e-fa2508cff8c7,00維修-中區_雲林安生護理之家,其他
8efdc5cc-fc1d-4dda-9be9-ff08bccffcb3,00維修-中區_雲林恩惠長照,其他
2da4a54f-aa50-4cae-8e34-5a0d748c10f1,00維修-中區_雲林愛無礙協會,其他
ddbe2b12-1216-4d2e-9d42-1f9afad932b1,00維修-中區_雲林源春長照,其他
c87111ec-678f-4af1-bae5-705198a0e95b,00維修-中區_雲林特殊教育關懷協會,其他
9dc2a8fe-d7c4-4f95-aa9d-58f7791267c8,00維修-中區_雲林真耶穌教會,其他
7c17fd78-ccf6-4df2-baeb-5aca0e5d7c3a,00維修-中區_雲林福安醫院,其他
b08418c7-3703-4d90-9095-5f241c1f9534,00維修-中區_雲林老人福利,其他
ab71d23a-9c9e-420a-9bd3-56339b3b7ab9,00維修-中區_雲林長照,其他
3a3e1727-c047-43cf-9f1f-b9c8cdb825d0,00維修-中區_嘉民長照,其他
16560e6f-2a86-4b57-b2ac-c031d2b07472,00維修-中區_彰化仁和醫院,其他
0a8e4033-e110-4f37-9947-a806226610d7,00維修-中區_彰化和慷養護中心,其他
432e77b5-e098-4775-ad2d-7dccd1fa5b49,00維修-中區_彰化基督教醫院,其他
a38adcab-eb8b-4cc7-ba1b-5ecc9add3161,00維修-中區_彰化基督教醫院,其他
1e6d5ec1-ffd4-4748-917d-6a38985bc543,00維修-中區_彰化慈光護理之家,其他
7b79d475-9237-4a95-8487-53077833e706,00維修-中區_彰化慈光護理之家,其他
d8c0bf8e-292a-4a3d-816f-d65df5156b83,00維修-中區_彰化慈心護理之家,其他
136c1717-ecd9-4a8c-9e86-ae980add77a8,00維修-中區_彰化樂美長照,其他
1bb29eca-b315-4715-91ee-dab0a270bafe,00維修-中區_彰化玉樹診所,其他
17568ce0-ad1c-4b68-ae31-eec7f38c3402,00維修-中區_彰化玉樹診所,其他
feba9cf6-3ab5-4891-8689-1d7a880e7784,00維修-中區_彰化禾田護理之家,其他
998f93e2-0e5b-42dd-8b37-53109618390b,00維修-中區_彰化秀傳醫院,其他
b1463871-5871-4aa0-a493-0baa04490d28,00維修-中區_彰化笑瞇瞇協會,其他
050bfa17-36e9-46e8-b415-eb7d33360c24,00維修-中區_彰化老人養護,其他
5d3a1696-c4a0-4aea-bf6e-a39702dd363a,00維修-中區_彰化老人養護,其他
6fbabbf3-230d-458f-a37d-e6212b395d12,00維修-中區_臺灣計程車學院協會,其他
0b605e61-459d-4178-8c9e-8a291dfdbc56,00維修-中區_銀髮樂園社區長照機構,其他
8280cbdb-4669-4028-90d1-dd0b8eefa2ec,00維修-中區_興耀企業社,其他
44235b1a-9c27-4dc4-ab2c-f54278aea48b,00維修-中區_南投縣政府,其他
00c332c7-7b91-4aaa-a04f-3ad59b39395c,00維修-中區_泰安鄉公所,其他
6886001a-b96e-40ee-af35-ff690a462ad7,00維修-中區_雲林縣政府,其他
8d9f4f7f-f351-47fd-beb5-a3ffcd45054e,00維修-中區_彰化康合復健,其他
1d5d9cc6-07f3-4c11-898a-166fe2ac324d,00維修-中區_彰化康合復健,其他
e8ae4337-ccf6-4de2-8f25-ff775be67c48,00維修-中區_彰化縣政府,其他
8ceae0ee-90da-4854-9d3d-028eb698d382,00維修-中區_台西客運,其他
318eebf2-3eb7-48b3-9a5f-3f7521430685,00維修-中區_台西客運,其他
7477d4e3-bf49-4fa8-b3d8-99b2cbf0f575,00維修-中區_南投國光客運,其他
fa4c0f46-0093-451f-b319-27b4c474b36e,00維修-中區_彰化客運,其他
d703ca6e-cc34-4f8b-81da-5951bada6499,00維修-中區_台西客運,其他
400c7162-2e47-4744-99eb-7d898312a4fa,00維修-中區_彰化縣喜樂小兒麻痺關懷會,其他
0089ca24-3492-4c63-97db-1c01508fc75d,00維修-南區_sineta-廖自用戶,其他
01d700c2-8cf8-426b-a0d2-0dce5fa75ceb,00維修-南區_大內日間照顧中心,其他
6f935f16-2b6d-4e78-a70d-2a11502b99f7,00維修-南區_中埔日照,其他
a3806eda-5766-4b0a-ae2e-e5372bdbed0d,00維修-南區_王先生,其他
9d4adf75-d887-49e1-9496-493ea6663e5f,00維修-南區_王裕傑 自用戶,其他
ad39f529-8496-4e2d-a3ba-7f4a25263dcc,00維修-南區_王裕傑 自用戶,其他
30c02a8a-2e4b-4c65-878d-2010b765cad5,00維修-南區_王裕傑 自用戶,其他
ceb44538-b46f-44e2-a4fe-23147670010b,00維修-南區_台南-菩提林,其他
26cc495a-fc24-4927-b787-b6f72bedf97e,00維修-南區_台南一粒麥子,其他
0d358315-e71d-4f63-a59c-ac3e25461a86,00維修-南區_台南仁愛之家-康寧圓,其他
fce386de-0038-4be5-b02f-b26111dc93dc,00維修-南區_台南佳里榮家,其他
384b490a-2db9-4fa5-b4c5-24a2d83769cd,00維修-南區_台南修女會,其他
f12fc141-8d42-4639-a0da-9345649441d2,00維修-南區_台南善合日照,其他
dd182c7b-c8ce-43d8-8eff-07dabdfd8c8f,00維修-南區_台南學甲老人,其他
df5742f0-11bd-4a7d-84c9-094bd849870a,00維修-南區_台南安南日照,其他
f178ef2c-584e-4a68-89c5-4c9115a7cd91,00維修-南區_台南安寶,其他
c3861e96-63cc-4c2f-afef-8b88c2d563b4,00維修-南區_台南容愛日照,其他
8cf3833f-c2e8-49bf-8281-68d8e2037195,00維修-南區_台南府前日照,其他
fe03e497-c0bc-4847-8bf6-d2f1ee8fa5eb,00維修-南區_台南康寧,其他
ffeb3f42-72d7-4a8f-80b8-b7c50e0d0385,00維修-南區_台南弘福日照,其他
4b72345b-23b9-41ce-b6be-53e9cf41ba49,00維修-南區_台南慈惠教養院,其他
d98906bb-4889-47d9-8a23-2f7cedc2479e,00維修-南區_台南慈揚,其他
cb70c415-ee91-4433-a9fc-159eb7b03692,00維修-南區_台南新營衛服部-新營,其他
854f0c7b-0f98-47b7-9b5e-acfe7c456c20,00維修-南區_台南方全通,其他
3d25363f-b54c-49a1-95c8-e317241bcc13,00維修-南區_台南柳營-自用車,其他
983d664c-2416-4748-b8dd-cac9444e9581,00維修-南區_台南榮家,其他
235027ae-98fa-41c3-83da-66fa4de25ae0,00維修-南區_台南樂活德頂日照中心,其他
32ffc9dd-485b-4686-a1ba-61e2e351f985,00維修-南區_台南樂活德頂日照中心,其他
8bb3f39b-1cb0-460b-971f-a969e330ec80,00維修-南區_台南永春日照中心,其他
23cbb7fb-b3cb-41e9-b700-afaf0c202542,00維修-南區_台南永春日照中心,其他
08f738f6-84b4-4a80-926e-b47bc25b814c,00維修-南區_台南瑞復,其他
6bfbbd15-d585-4b12-a6b4-454c689f6c0a,00維修-南區_台南眾在,其他
3d42ccac-7668-4f8a-953d-ec5cd7e02fb2,00維修-南區_台南美善,其他
86462be4-49eb-43eb-aa16-aa8ea5564176,00維修-南區_台南老吾老,其他
0d565a79-5239-481e-8556-ad69fe239a47,00維修-南區_台南菩提林日照,其他
5d5aa5e2-99dd-4bd2-b474-99598cb27aa7,00維修-南區_台南華仁將軍日照,其他
3cf8d875-6d77-4bb9-ad21-40042f4c84ac,00維修-南區_台南華仁日間,其他
443ae2ab-eb91-4dbc-bc2f-4727b795bb07,00維修-南區_台南葉玫香,其他
66973608-3c7b-4292-883f-414b5dce9b4b,00維修-南區_台南重安,其他
b4ca6525-4eae-4a5b-b0f5-dd05c8a73de9,00維修-南區_台南重安,其他
1f3a16c5-c612-4641-b71e-1dc5221726cb,00維修-南區_台南重安,其他
143c5a10-e4e8-404a-b221-34cb4f6b0ccc,00維修-南區_台南錦龍計程車,其他
9e3e0f75-3222-4626-8b8a-cfeea10fdab4,00維修-南區_台南龍崎,其他
d5d2c362-9185-4308-a904-ea30b7c983ae,00維修-南區_台南龍崎教養院,其他
917cae4e-556b-4cbf-8b77-3517625dd7e6,00維修-南區_台灣觀光巴士,其他
80c062a4-be26-404f-9bf3-4cc82c5e611c,00維修-南區_左鎮日照中心,其他
f936cc7f-cf38-4357-9487-e30b730ea6c3,00維修-南區_佛光山,其他
ff91776c-0a90-4ec4-b60f-2af35e3ad1f3,00維修-南區_佛光山,其他
84a61b54-e5aa-4f83-a0db-67ae06590fdf,00維修-南區_私立博仁老人照顧中心,其他
ff252d4d-3831-4c1f-bad8-b66720f086f6,00維修-南區_尚愛老人,其他
edf8e376-667d-4b47-bcf8-11cd633ff10d,00維修-南區_尚愛老人,其他
7e264cf9-12cf-48a3-aab4-850cb3f917c1,00維修-南區_長祐老人照顧中心,其他
a2941b2b-4ae0-4ba7-9ee0-bc9577fbfa8d,00維修-南區_屏東中華展望,其他
7f061a37-7769-4155-abd6-4e0f954198f0,00維修-南區_屏東六堆交通,其他
bfe93de9-d696-40a9-94ba-c63d1e66e792,00維修-南區_屏東南區老人,其他
d4171a4b-8293-4fa4-b278-0be1f45d23ec,00維修-南區_屏東明正國中,其他
b8882c65-0ed9-4613-a962-eb3fb5684f53,00維修-南區_屏東春風護理,其他
f0c023a2-e71f-464a-89d5-d2af2bbfa79d,00維修-南區_屏東樂活日照中心,其他
ae032f4d-0892-430b-87b8-3241d6ab9b52,00維修-南區_屏東琉璃光,其他
01231bf7-e929-4559-af7f-cd79e1ead869,00維修-南區_屏東私立順仁老人中心,其他
aad8898e-76d9-42de-8f98-7dbb899a438d,00維修-南區_屏東縣仙吉國小,其他
2076e14e-4989-4cb8-882a-57a78e65c0a9,00維修-南區_屏東縣鹽埔國中,其他
5872af2a-eba9-4bd4-af49-d3dc4db126e6,00維修-南區_屏東翊莘居家,其他
48833de1-a76a-46a9-9c9a-64a23970dc6d,00維修-南區_屏東萬丹,其他
576e92ef-cf3f-437b-9dfd-a0924ae9b15c,00維修-南區_屏東萬丹紅日照,其他
53d2bb29-8537-4433-b037-f5cbb15cf58f,00維修-南區_屏東長治國民中學,其他
2b9cae03-b040-4e27-ad95-e5e0127f044d,00維修-南區_屏東長青,其他
7efa9d25-d2cd-407b-9a0b-7f0cb60e8780,00維修-南區_屏東關愛之家,其他
b1902c88-b423-48e4-abb3-6fdfe257d33a,00維修-南區_迦南日照,其他
8c90274d-8841-41e2-aa75-f30d2ae43f95,00維修-南區_高雄中山大學,其他
8a88bcc6-5b07-408d-94a5-d62fe3579b5a,00維修-南區_高雄伊甸,其他
cebd41f2-dfcb-46cf-92e2-9d78481dc054,00維修-南區_高雄內門日照,其他
edc5b88d-7dcd-4c79-aaff-2242f01ba703,00維修-南區_高雄內門日照,其他
7d729886-2176-4e33-b703-57a521015eb0,00維修-南區_高雄好客來車隊,其他
d54601b2-bf4f-4601-9637-679f531867bf,00維修-南區_高雄好客來車隊,其他
4916497c-05fa-4531-9239-aea772ee08c5,00維修-南區_高雄安全車隊,其他
f171fc21-d95d-4bfa-8b7e-80b1148a49a8,00維修-南區_高雄市仁武特殊教育學校,其他
93aad0d5-d68a-4ed6-be66-97a6c8ed4a17,00維修-南區_高雄晉富,其他
d54b20e2-3efa-4195-bc51-b6dcd6295605,00維修-南區_高雄松禾日照,其他
ca37bea6-17bf-4f5f-87f4-795a1cee9ade,00維修-南區_高雄松禾日照,其他
55a20a7e-eeee-477f-b559-002f513fdfc3,00維修-南區_高雄梓官老人日照,其他
21c736c0-c62a-4650-be52-186d1712e89e,00維修-南區_高雄梓官老人日照,其他
52a62a64-be49-46ba-b66a-6869bff8f7a0,00維修-南區_高雄樂遊租賃,其他
c61beba1-625f-4a36-b75d-172fdaa52219,00維修-南區_高雄王明雪,其他
76c9e0e8-2ec6-47c8-af61-479e7d710420,00維修-南區_高雄興輝交通,其他
dcda2cdd-db6f-401b-b12c-2f90f5179563,00維修-南區_高雄萬泰,其他
d242844e-f2f9-43e4-9d1c-e3e8d04913d9,00維修-南區_高雄誠恩日照,其他
92a722fd-e1cf-4c85-93e7-bdd4af4d3959,00維修-南區_高雄長青日照中心,其他
cc81d55e-579c-4d30-b8de-fe5ed95f9e59,00維修-南區_高雄阮綜合,其他
ff59bebd-43b8-4e04-aaf6-f39643ab1f73,00維修-南區_現代自用車-高雄楠梓,其他
d4bc0c46-37df-4645-a1d5-dd6cfdc67051,00維修-南區_現代自用車-高雄楠梓,其他
223c38c9-fd18-46aa-bdfb-3efa0e7dcb0c,00維修-南區_郭吳麗珠基金,其他
7c655f7d-234f-450c-b826-6d2afb380aa5,00維修-南區_晶晶復康巴士,其他
acdf5ec0-92e1-4edf-a11b-609c11bf4ffc,00維修-南區_景雲之家日照中心,其他
f9e325a3-9f90-4290-af51-212f322b66a1,00維修-南區_景雲之家日照中心,其他
72be51e9-5e1b-4ff4-8b7b-25db559d7d48,00維修-南區_菩心老人日照中心,其他
287243a6-8bdc-42bb-acca-f9f7146c794d,00維修-南區_順心老人照顧中心,其他
9ead4530-ba20-4660-a677-50ff7a2715f8,00維修-南區_新市日間照顧中心,其他
bf5dec98-e30c-43a0-a85e-b421fe03e596,00維修-南區_鼓山日照,其他
af9e5586-cfff-4984-94a2-60a7e1842500,00維修-南區_鼓山日照,其他
7c0bd75b-6876-4cc1-873c-e144b14c04da,00維修-南區_嘉義一心教養院,其他
88d2a0d3-42dd-4f3a-981f-21265016431d,00維修-南區_嘉義上億,其他
3494e95d-05fc-4b47-b508-4182e2830285,00維修-南區_嘉義大德,其他
3f8fa788-67b1-407b-bf69-8e8daaaed315,00維修-南區_嘉義張真,其他
a5a6db04-30d0-418b-9ff5-f6b9974e3587,00維修-南區_嘉義慈濟大林,其他
57ca7643-7479-46df-8641-3cd82a4b1987,00維修-南區_嘉義敏道,其他
df1c2921-0138-412c-a367-49686eb8e742,00維修-南區_嘉義水上日照,其他
4a979bde-e84b-4602-954b-23674c586d6f,00維修-南區_嘉義脊傷,其他
c7216f8a-fe04-4fdd-8896-8cce939589cc,00維修-南區_嘉義達新,其他
d246f42c-d1ba-4027-9226-e470c1ef358a,00維修-南區_嘉義銘展保修廠,其他
40b456be-eab0-44cc-b611-c8a9c14b2399,00維修-南區_嘉義陳善得,其他
1a7d0295-2d16-4692-8f91-80d1161a1a56,00維修-南區_嘉義陽嘉,其他
131dc944-5388-47d5-b64e-d0a3c74249f8,00維修-南區_嘉義雅敬日照,其他
0548ca04-1423-481e-ad71-182c8192d89b,00維修-南區_嘉義雙福,其他
55ceb7c8-f0ca-44fa-8f6a-26dbc5234da0,00維修-南區_睿祥老人照顧中心,其他
575c15d7-c16d-4d23-920a-adfb9c428995,00維修-南區_臺南啟智學校,其他
65192b5b-1626-4143-a8c5-9d58c471e498,00維修-南區_劉殿昌,其他
5a4b401c-5305-45f7-83af-1b56ab1b3702,00維修-南區_德貴日間照顧中心,其他
de3317d1-79eb-4488-8f1c-632bc8d1efba,00維修-南區_樂活東東日照中心,其他
ee03a424-da03-4c2d-9860-7f597ac8d485,00維修-南區_橋勇國小,其他
2a632c46-560d-485e-b1f6-23b73e6a51a4,00維修-南區_臨海日照中心,其他
dfd90ac5-8a9e-4b8a-8ac8-c82628b63136,00維修-南區_嚴忠豪,其他
bcd91a88-8721-4b8e-89b5-7b5bbdb36543,00維修-南區_靈雲功德會,其他
c87b6027-2f2d-46f7-a38f-bc5e4d20cd26,00維修-南區_中埔日照,其他
043cd696-151e-4d1f-930d-0fbb9202f2fa,00維修-南區_台南佳里榮家,其他
219d6a12-3c50-43fe-bd33-982b6cedcea1,00維修-南區_台南大仁日照,其他
ddd8954a-cbc1-449e-b4b0-edf1a3bc5d8f,00維修-南區_台南天主教德蘭中心,其他
ea490410-b257-42b1-ae6b-c82c8eef005f,00維修-南區_台南天壇老人,其他
403580a7-b69e-484a-8c76-4de9a3103bd9,00維修-南區_台南府城,其他
1b73c20a-9b05-4413-84d4-6f594dee2903,00維修-南區_台南營新東山日照,其他
ac3e64be-3aaf-4e11-97ee-7342e884b442,00維修-南區_台灣租車,其他
b12c8045-c704-42ce-bf74-14919110353c,00維修-南區_成功大學醫學院（小東路上守衛室進入找司機室）,其他
923e13ef-638f-43d0-8cb5-67aa2b1703ec,00維修-南區_自營-戴志勳,其他
1de816d7-2520-459f-b4fd-e55c825987a1,00維修-南區_自營塗世彬,其他
fe22f7c3-e5a3-4558-ae11-7c941a73718e,00維修-南區_自營閻銘仁,其他
75b4fc63-c0e5-4239-ab66-e3e71fe65cfc,00維修-南區_牡丹鄉老人日間照顧中心,其他
5103f454-b154-4bda-8033-8fba6c706b60,00維修-南區_私立育愛教養院,其他
cbfa1847-33e7-4d10-b1f7-6e3c8e7210e2,00維修-南區_亞昇租賃,其他
f1f1bf0d-5f5c-493e-a5c7-8f259fb61088,00維修-南區_和運大車隊,其他
932b70a8-5b99-4e3f-bcd1-887047aa8077,00維修-南區_屏東南區老人,其他
cc59fad6-8f37-4230-82a1-46883143fa0e,00維修-南區_屏東南區老人,其他
a104afed-f40c-47d1-9f6f-e1e436c3b909,00維修-南區_屏東孝愛仁愛之家,其他
477d6144-4273-4fed-aed7-ef3193b5efc6,00維修-南區_屏東殘協,其他
f6e59cef-34ea-48b0-8139-ece62cdbdf12,00維修-南區_屏東永安老人,其他
8041a33b-c994-48ca-bc89-be12184b3bd4,00維修-南區_屏東翊莘居家,其他
98f3fae4-7ed6-4fbd-9ba0-17747362a77a,00維修-南區_高雄市仁武特殊教育學校,其他
7bf4c108-d84e-409f-91c2-318295278abd,00維修-南區_高雄日新老人,其他
a3aed51f-f834-4bfc-ab5d-c2b5840e0cf8,00維修-南區_高雄永安老人,其他
ad787799-332b-403f-a74e-61229840e238,00維修-南區_高雄義大,其他
9931e48c-9d5c-49f1-b886-4264303e6569,00維修-南區_高雄郭吳麗珠,其他
21bcea1e-2312-4c01-8af3-7de87bc4d871,00維修-南區_國軍退除役官兵輔導委員會佳里榮譽國民之家,其他
1a17b5f8-6bea-4002-ac78-7b4393320595,00維修-南區_萃文書院官田日照,其他
4a37a3a9-d890-4898-a448-c71539431d29,00維修-南區_黃文祥,其他
529e8fc4-7a94-438e-9c46-99af5861eace,00維修-南區_萬金租賃,其他
50ac0cf8-dcd2-47cc-a0fc-0a032ffd2bc5,00維修-南區_嘉義慈濟大林,其他
a9a6beb1-1c08-4833-ad1e-7184f43e1df2,00維修-南區_嘉義新港國中,其他
3689ac9d-a555-452f-92ed-6c82ceda1051,00維修-南區_嘉義水上日照,其他
90262d48-6c71-42bb-9dc3-4e3baa192867,00維修-南區_蔡正倫,其他
4a8ca87d-eab8-45ae-8fef-c61cd61d4f04,00維修-南區_天主教安道社會福利慈善基金會,其他
2e034677-d57b-40dd-85ee-88d39805a6ee,00維修-南區_台南仁愛護理之家,其他
2e8f47a7-6f3c-4b1b-80cb-f1e52840385d,00維修-南區_台南仁愛護理之家,其他
4290aa05-e47f-4d99-ad4f-387259ea0397,00維修-南區_台南吉安醫院,其他
ae7cf77c-934a-40f0-be09-3f9b0f5b2097,00維修-南區_台南私立健樂老人長期照顧中心,其他
00c1b7c1-33f2-4ecd-920a-4840a08c8f73,00維修-南區_吉安醫療社團法人附設護理之家,其他
e5772f01-b47c-46f3-90b3-f1f0476a842b,00維修-南區_信義醫療財團法人高雄基督教醫院,其他
bb050993-dbe4-4a97-85f2-a96569590453,00維修-南區_屏東南門護理之家,其他
12958615-3225-428f-8e34-2fba59283a43,00維修-南區_屏東縣經立照顧服務勞動合作社,其他
9f343112-a25c-499d-b523-a3332aa795b9,00維修-南區_嘉義保康老人長照,其他
e065ab52-a6a7-440d-b3aa-e4859b2f6342,00維修-南區_嘉義市財團法人雙福社會福利慈善,其他
3b5a2c0c-6d4b-43ea-9694-59c11dfec386,00維修-南區_千葉老人長期照顧中心,其他
33a67347-dd65-40b2-9613-16970554ef01,00維修-南區_仁德社區長照中心,其他
18ee9d31-8737-4337-93e7-497de85059c5,00維修-南區_台南仁愛護理之家,其他
f599671b-c2a0-4ee1-96ed-3105e16a89f9,00維修-南區_台南健樂老人長照,其他
c9fe99e1-6b81-43bb-a495-817c542baf04,00維修-南區_台南健麗護理之家,其他
8582b353-91e3-41de-adba-a92d439400f3,00維修-南區_台南奇安診所,其他
7f723c5e-56af-4eb9-a30f-3f7f5c91c522,00維修-南區_台南樹河基金會,其他
c02ee354-318d-43f5-8b22-b131e86bc2a9,00維修-南區_台南樹河基金會,其他
87aaf5bc-b67f-4f59-aa7c-a5b6ff09ece4,00維修-南區_台南營新醫院,其他
bf53416f-4add-4ee0-8978-cd6131106aac,00維修-南區_台南營新醫院,其他
2ea0fc6b-9969-4561-9ed4-66d64c134157,00維修-南區_台南營新醫院,其他
9e155e18-15da-4c7e-bcf1-7d273875772b,00維修-南區_台南脊髓損傷者協會,其他
54b7c5b7-422b-4c3b-9c99-5d948f5bd7fb,00維修-南區_台南靜觀基金會,其他
fef040e4-c35b-49bb-9816-bb8e04d2e396,00維修-南區_台南靜觀基金會,其他
66113e16-9d77-42d6-918e-ac2f145215e8,00維修-南區_光陽工業股份有限公司,其他
a30535ed-51cb-498e-a5a7-7c3e10c23611,00維修-南區_有限責任-屏東承福照顧服務勞動合作社,其他
67583d10-2e0c-416c-81dd-1d951b97df3f,00維修-南區_宜福護理之家,其他
5ebd2e5a-8eec-420c-8846-18540199ae21,00維修-南區_枋寮老人養護中心,其他
a88e9524-4ac8-4807-8b87-af30decd8cc6,00維修-南區_社團法人-高雄馨一居家長照機構,其他
5f66b291-1b13-43c8-96d9-41215d5bdf05,00維修-南區_南鄉社區長照,其他
d85c5407-3f5b-4e85-a68e-4c23ac3200c6,00維修-南區_南門護理之家,其他
5fcca4d1-2182-451a-b006-ff243bbf313f,00維修-南區_屏東-大愛護理之家,其他
098997ab-fb56-42e6-bead-680925dba744,00維修-南區_屏東南門醫院,其他
ed9ad4be-7ac5-4ff3-bb3e-405f724d019d,00維修-南區_屏東恆春基督教醫院,其他
a64a56e2-24f6-49b1-ab89-aa515283b764,00維修-南區_屏東牡丹長照協會,其他
8db1a090-160c-415b-b1ca-63d1cdc06f73,00維修-南區_祐生醫院,其他
0d80ff26-8164-4912-a611-baa8e7e5e182,00維修-南區_祐生醫院,其他
34709ffc-a0e1-4779-890c-c891394e00c6,00維修-南區_高雄-松喬養護中心,其他
7627ea29-8aac-4208-b321-f672ada5c368,00維修-南區_高雄基督教醫院,其他
877a9a99-d710-490c-90f7-6a1952dea84e,00維修-南區_高雄基督教醫院,其他
f002895c-3207-44fd-94e5-d1086359f2de,00維修-南區_高雄壬禾診所,其他
20748291-16ba-490b-a426-69e37f9f72a3,00維修-南區_高雄壬禾診所,其他
1a535e83-57c8-4b66-92aa-0305c7de487f,00維修-南區_高雄茂林衛生所,其他
8395469f-0250-4cdd-bf35-fcfba66deb8b,00維修-南區_高雄茂林衛生所,其他
8736a4ab-07ce-47a5-87ee-2bee072e4e94,00維修-南區_高雄那瑪夏衛生所,其他
df0e343c-ccba-4d73-8de3-2e435fd3a979,00維修-南區_高雄那瑪夏衛生所,其他
baf3a9b1-e543-431f-a7ab-b90695951762,00維修-南區_康乃心長照中心,其他
c9da2a48-42eb-4887-a51c-95035b60690f,00維修-南區_雲林老人照顧協會-小太陽,其他
e33fd6e6-c0a5-471e-b03b-b19852a7ff40,00維修-南區_嘉義基督老人長照,其他
5c8eb0b5-9499-4b2f-a5b7-08ea9a8007ce,00維修-南區_嘉義安道基金會,其他
689e4473-9986-48d5-a406-4fd282933fef,00維修-南區_嘉義樂健居家長照,其他
c53c0340-0787-419d-9aa4-5063c5496935,00維修-南區_嘉義縣健康促進暨照顧協會,其他
489e3e8b-513c-4d49-93b8-68bf64f2f6f7,00維修-南區_旗津醫院,其他
11689f51-3f04-4f52-b796-47ea63551dca,00維修-南區_樹河基金會附設安養中心-關廟,其他
e81d6b9b-4caa-4774-bb6c-928473521ea7,00維修-南區_寶建醫院,其他
93998ec6-b6dd-4fb0-91b2-a8a2468caf8e,00維修-南區_蘭亭居護理之家,其他
58497edf-45f7-4e5f-9fa9-10cc9ef888d8,00維修-南區_台南市政府-無障礙福利之家,其他
2fd6e4a4-618a-4990-ac4d-7f435d549e9b,00維修-南區_台南西港區公所,其他
3bdf9139-43ba-416e-8a61-9752a5896aa7,00維修-南區_雲林復健青年,其他
ef59c0d1-9f1a-4418-94bf-5ba445a0e2dc,00維修-南區_屏東縣政府,其他
eb6e5f6e-4d87-4d17-97b1-90bee314559a,00維修-南區_全國小客車租賃,其他
b7304119-57c5-486c-8322-921f64f47c0c,00維修-南區_全國小客車租賃,其他
3240798d-f285-4be5-9697-3c354f0fb82e,00維修-南區_全國小客車租賃,其他
33cd85ee-f89d-4dc6-a66c-ef211f4f1ffc,00維修-南區_屏東國光客運,其他
2f470338-834d-47f3-91f3-80a6a346f21a,00維修-南區_屏東客運,其他
faa25ea4-f183-4006-a1e8-f90a3eea5390,00維修-南區_高雄國光客運,其他
5e60cb01-f639-4fe1-a70d-9990a2baea99,00維修-南區_高雄客運-林園站,其他
cb703e5c-4384-4832-8825-6e1bc933d9bf,00維修-南區_高雄客運-橋頭站,其他
b648db5a-72f7-4410-bb11-72bcbee90193,00維修-南區_高雄客運-茄萣站,其他
e2fa8247-10b6-4b18-a780-48f0781a923a,00維修-南區_高雄私立永安老人長期照護中心,其他
7591a682-8146-4f1b-9d5b-4f8164414805,00維修-南區_屏東國光客運,其他
0be2f76b-12c6-43df-b500-9471d4c0043f,00維修-南區_屏東客運,其他
953e316f-64c7-4958-bf68-a3c59bd4831f,00維修-南區_嘉義國光客運,其他
a00adee9-7dae-4ba3-b4a0-627a87cd84f6,00維修-花東_台東 一粒麥,其他
dc7c583f-afb9-4dff-88c6-13e6cfdd4a60,00維修-花東_東區老人之家,其他
29107725-745a-482f-8482-10917283624e,00維修-花東_東河日照,其他
352f0c6c-bb03-40b1-b7cb-cdabbea32ad6,00維修-花東_花東修息站,其他
db02f1ee-0839-41b4-a33f-2846294ed74a,00維修-花東_花蓮-通用,其他
b28e1950-ea42-4d56-973d-67ad6d45c075,00維修-花東_花蓮-黎明教養院,其他
dd4280e2-0ec8-4519-ab09-c8a0aaa35f58,00維修-花東_鄭功成,其他
223e84a5-de6a-44b2-b2bf-94f9d1125e71,00維修-花東_7-11花蓮權營門市,其他
e5c99710-8066-4311-ad59-f8b0a957240b,00維修-花東_TOYOTA台東廠,其他
83d0704b-6416-4861-a0ca-0f0e35e77f4a,00維修-花東_台東 一粒麥,其他
e3a37dbc-3923-4467-8aa1-123dbb7979c7,00維修-花東_台東松德,其他
fcfeb94c-0da3-4cbf-9a83-29ef95a27769,00維修-花東_東區老人之家,其他
0e6ffbfc-cc1c-4989-947f-cde678434cf9,00維修-花東_松德租賃,其他
c2210efa-7b12-4d45-b3bd-73b80eea09a7,00維修-花東_花蓮一粒麥,其他
66740700-bdac-48b7-b0e9-4b1011038011,00維修-花東_花蓮一粒麥,其他
077f5302-7b1a-4029-9423-671e1c4fd4bc,00維修-花東_花蓮縣私立黎明教養院,其他
b812f794-cc25-4e2c-8b33-278130aa36db,00維修-花東_莘翊居家護理,其他
c77ee01d-03d3-451b-bbe7-cc77c54d7650,00維修-花東_新港國中,其他
e2790ca5-4597-4ac0-ad95-99c913bb5ffe,00維修-花東_關山慈濟醫院,其他
63264d55-d4f5-4ac2-882b-e5dee775cf7b,00維修-花東_台東市台東醫院,其他
f924c3e7-aae4-4cb4-87f5-dd6cb59e624b,00維修-花東_花蓮醫院,其他
1562a6c1-207f-4833-8446-870356aaad83,00維修-花東_台東聖母醫院,其他
e5949232-2d78-4706-91ad-847a74f8066a,00維修-花東_台東醫院,其他
5574c032-c78c-4d92-ac53-dfc48f17f433,00維修-花東_台東醫院 成功分院,其他
2c2b3701-d307-4617-bb1c-783a532fcbb3,00維修-花東_玉里醫院,其他
b7f4c400-709c-4ad1-ae85-04f10b7ed0d6,00維修-花東_白永恩神父社福基金會,其他
4cbec1ae-1835-46b7-891e-936a252640eb,00維修-花東_花蓮老人關懷協會,其他
1bcd0df3-5715-4332-a717-03f953c538f2,00維修-花東_花蓮醫院,其他
9b331c21-f735-43ac-8dd3-661c3dc9e904,00維修-花東_門諾醫院-壽豐分院,其他
cac71cc2-4537-4def-8942-da05c1ab67c0,00維修-花東_財團法人天主教會-台東南王分會,其他
bae64a6d-1b9f-4994-95d5-a939fc5a57eb,00維修-花東_財團法人天主教會-台東南王分會,其他
a885651e-1ba1-4295-b3b7-324b02dcf253,00維修-花東_國軍花蓮總醫院,其他
644ddbab-e8b3-443a-94b9-b165d1ae2e0f,00維修-花東_成功鎮公所,其他
5f39b015-e6fc-4be3-aeca-82d08a0e4236,00維修-花東_池上多元照顧服務中心,其他
91694430-634a-4160-8cbf-bf36c93687ad,00維修-花東_普悠瑪客運,其他
68bc09f0-1a0b-4e79-83d7-5ff6da4afed9,00維修-花東_鼎東客運,其他
beedee07-0846-4b7f-99f4-6173f76854ab,00維修-花東_鼎東客運,其他
dd61af53-9421-4f3c-b5b8-a7fae4f31418,00維修_新北市_吉盛交通,其他
1de1c945-ae32-4f31-862e-d23c46ee021b,00維修_新北市_林哥小客車,其他
76e12906-ad98-4ef7-b2d4-f43a65319b53,00維修_桃園市_方皓聖,其他
73b1e64e-7a43-48c3-8afc-52f958fa099e,00維修_桃園市_何嘉梅,其他
2fd35e9f-9cd5-473d-aa34-6549670adcf7,00維修_桃園市_桃園徐建雄,其他
adcdbef1-2d16-413b-997f-b3f36e07e169,00維修_桃園市_桃園榮總分院,其他
67fc7076-8bd7-43c4-8ffe-f26c52ba93f8,00維修_桃園市_梧桐樹日照,其他
2de7d25a-05a5-440d-bd6a-6143e85ecee8,00維修_桃園市_許育齊,其他
23f32c63-8a6f-47fe-9657-862f67a7315c,00維修_桃園市_陳楹妹,其他
e34dedbd-4e39-478d-9eaf-238b746df2b3,00維修_桃園市_黃詩閔,其他
255c0c92-ba4a-4bc3-8de7-f744ef1477df,00維修_桃園市_綠生活,其他
8cd1d70e-149a-4247-99c6-4cbb9dbc703d,00維修_桃園市_劉麗清,其他
9a4b5f19-eeba-49bd-8e82-620a6ddd6cc6,00維修_桃園市_TOYOTA侯逸青,其他
be6f1773-50c8-4d9e-aa90-c2e9bc39efcc,00維修_桃園市_大豐,其他
3dbfb5a9-d817-4011-84d8-e16e82404629,00維修_桃園市_大豐-龜山,其他
4d4db862-b4e2-4ec6-9b00-e6a4746c6835,00維修_桃園市_中壢區喜大人,其他
0c78d5e8-9568-4bde-bbeb-a902c800998a,00維修_桃園市_仁愛之家,其他
c9ec63f3-9054-4486-86fc-a027b23ec894,00維修_桃園市_世豪小客車-中壢,其他
0a927d06-fb3b-4efe-ae2a-dc0e7a99a365,00維修_桃園市_生通-桃園,其他
cec9d119-0edd-4841-ac9a-d309e04446a7,00維修_桃園市_桃園市喜大人,其他
94c3e92c-33fe-4246-8acc-862e2c8405f9,00維修_桃園市_桃園榮總分院,其他
cd024223-b15f-4478-abae-c6480b35cc8b,00維修_桃園市_國軍退除役輔導委員會八德榮譽國民之家,其他
6e5f7e65-18b2-43c3-b56b-837e9125fcf7,00維修_桃園市_陳志銘,其他
ef4bdcfc-66b5-4f7f-9c48-31504b6f30c3,00維修_桃園市_喜大人-蘆竹,其他
2cdba20e-5d68-4de1-84c7-6bf5fbbb4ef0,00維修_桃園市_新利達,其他
694e24e5-6bc9-4602-9b40-afedec655ff5,00維修_桃園市_新利達,其他
9bfef288-e7a6-4466-b70e-013a023c5884,00維修_桃園市_綠生活,其他
2b2e3301-ab68-4f17-91ad-69a540e772f6,00維修_桃園市_樂生療養院,其他
5a6af4ed-fbb6-4c4f-a393-ec8db80342c8,00維修_桃園市_怡德老人長照,其他
ff803f8a-55f8-4d9f-9622-777fa1627b90,00維修_桃園市_華山基金會,其他
aebf74be-b8bc-468a-9537-2cc25f3aa72d,00維修_桃園市_新航國際租賃有限公司,其他
ae405caa-c396-42a9-a517-0d6277dbba13,00維修_桃園市_衛生福利部桃園醫院分院,其他
76882e4e-c6c6-4e10-b1e1-dfe5233172c0,00維修_桃園市_觀音愛心家園,其他
7a25132a-d1fe-4f09-b504-471e8b18d00e,00維修_桃園市_葛瑪蘭客運,其他
195b4ec2-ec2f-48e1-a2a4-3b8ea248c234,00維修_桃園市_世豪小客車租賃,其他
889c0e42-bc33-47b5-8a5d-d60e788340d5,00維修_桃園市_世豪小客車租賃,其他
394944ec-1409-40b5-9a50-a3dcbdef8d9a,00維修_桃園市_世豪小客車租賃-大溪,其他
e932f497-e787-43f4-ab9b-6ee62abce315,00維修_桃園市_亞運客運,其他
f01a8565-4171-44ac-9d39-d51e49a39aa8,00維修_桃園市_長榮客運,其他
3450fbbe-1d0d-47aa-91fa-2fc4415f09a9,00維修_桃園市_長榮客運,其他
196217a8-ec0a-4dd8-81c0-7f580e9b3f0a,00維修北（新竹以北）_7-11永明店,其他
980a47b2-09c7-4322-856a-69d9c1cd2df0,00維修北（新竹以北）_7-11石牌店,其他
e1323b68-a537-4da8-ab54-8e2f7e4cb627,00維修北（新竹以北）_Yun hotel,其他
6318fd39-1d8e-42bc-b263-e7430aee0984,00維修北（新竹以北）_八德殘障教養院,其他
f9994704-1782-4096-bea4-01a44bf51ead,00維修北（新竹以北）_三商巧福-敦北,其他
908fbcd2-49bf-4dae-bfb4-be5222874177,00維修北（新竹以北）_土城廖守堂,其他
347c340e-42ac-49bd-bc92-194dc99a3f0c,00維修北（新竹以北）_土城滙豐汽車,其他
53ac24a1-51d7-4622-87a7-20b550c54297,00維修北（新竹以北）_大園 日豪,其他
90595ac5-3caa-43b9-8bde-3dd4cc6e59df,00維修北（新竹以北）_大有巴士 景文站,其他
d8cefbfe-efc4-4c15-8022-ddbe62cce89f,00維修北（新竹以北）_大都會-松德,其他
e594eaf8-ac61-4f63-a26d-a9522de86c22,00維修北（新竹以北）_大都會-蘆洲,其他
91cca0df-e960-43b1-8261-64198cc46a85,00維修北（新竹以北）_木柵動物園,其他
dd814937-2a72-44ba-8b8a-37ad7d316f3a,00維修北（新竹以北）_世豪-內湖,其他
bf13dd1f-dd03-4b0c-8ba8-3622552bcddf,00維修北（新竹以北）_世豪小客車-台北,其他
58a5fadd-7e82-441f-86b8-73882ddf1fa5,00維修北（新竹以北）_世豪通運-萬芳,其他
0dc4bf28-0cb8-44c0-96b0-d5fc0a85584b,00維修北（新竹以北）_世豪通運-萬芳,其他
5744af7f-3b83-4bbc-97fa-46794950f0e9,00維修北（新竹以北）_北投福斯原廠,其他
20d88d40-7401-47b9-863e-2d38352dcf90,00維修北（新竹以北）_台北必勝客,其他
cd0b7746-8961-4ec1-b67d-7975d1f02dba,00維修北（新竹以北）_台北郭先生,其他
07ea0e20-88bf-4521-a6ef-ce80d9b422a6,00維修北（新竹以北）_台灣優質生命,其他
42cb132d-611e-45fd-89c5-0ec53d29b815,00維修北（新竹以北）_平安大車隊,其他
4c30e486-885f-41b0-9581-8b4a42d06f3c,00維修北（新竹以北）_永明電器行,其他
20440311-3900-402c-a8bc-3f2bad10937d,00維修北（新竹以北）_生活交通,其他
1338fc9d-2d1b-4abc-8be3-03e58de78db2,00維修北（新竹以北）_生活交通,其他
ebecbbdb-1d00-4656-8260-3afdddaf485c,00維修北（新竹以北）_生通,其他
2ac0a15e-9fae-466b-85a0-b0ed00a453c2,00維修北（新竹以北）_全翔,其他
7069d2e7-5a22-4628-bd2f-265bb3e4c892,00維修北（新竹以北）_全豪小客車,其他
1dbdb8d4-ccb9-4a00-8558-14f4874224f9,00維修北（新竹以北）_全豪小客車,其他
cc0442ee-84fb-4ab6-a948-ba84cf69751b,00維修北（新竹以北）_多扶,其他
027d25d4-6785-47e0-94fd-61a68bc0b8e4,00維修北（新竹以北）_成功汽車,其他
ddbabe91-1a11-49eb-971c-9fffdda2aee7,00維修北（新竹以北）_汎航通運,其他
1283bf24-32b6-49a6-a72b-800c8989d066,00維修北（新竹以北）_汎達交通,其他
c32236af-5042-45da-b9d3-9ed4fab9f2ad,00維修北（新竹以北）_老吾老-新竹,其他
5440ac5c-d5fd-4cc7-837c-726f4617afc3,00維修北（新竹以北）_老吾老-新竹,其他
6c9115ad-34a0-4778-af37-5b2be2f7a74d,00維修北（新竹以北）_自用戶-陳新乾,其他
f229ded2-3d90-410d-ae51-ee583c68c76f,00維修北（新竹以北）_西堤-新莊,其他
19c5e8a3-c973-46a6-ab77-56a37d3aee59,00維修北（新竹以北）_西堤-新莊,其他
3579d76c-ad93-4dd7-9114-339031dc72ce,00維修北（新竹以北）_伯大尼,其他
6ff914dc-1df4-4b13-bcc8-198f50efb878,00維修北（新竹以北）_伯大尼,其他
db1a02a6-388f-4d43-8248-4026110ecb9e,00維修北（新竹以北）_育成-中和,其他
1cd77358-99e7-46ef-a3dd-041592a6ff23,00維修北（新竹以北）_育成-五股,其他
9e7fece7-5ff5-46a8-b065-d96101b660df,00維修北（新竹以北）_育成-新店,其他
bfc31cce-0f83-4098-ab95-bb9df12dd7a7,00維修北（新竹以北）_育成-板橋,其他
e27567e1-acf8-4c6e-85eb-1e4d6462a21c,00維修北（新竹以北）_育成-樹林,其他
53c7c24b-c27a-4804-bd24-72476b6bc497,00維修北（新竹以北）_育成-汐止,其他
df08535c-4137-453a-935a-dd3883427b3d,00維修北（新竹以北）_育成-汐止,其他
627be6e3-88aa-4775-9c06-d8b71434f01f,00維修北（新竹以北）_育成-泰山,其他
46685b62-aa74-4b98-b4cc-82f339b998b0,00維修北（新竹以北）_育成-淡水,其他
6a35a220-e3a7-40e4-9b97-4b52bf017fea,00維修北（新竹以北）_育成-淡水,其他
6fe6e4f4-9d54-4d2a-a630-86149e529afc,00維修北（新竹以北）_京喜旅遊,其他
9299e0f8-80e6-4b90-85ab-8c98c178bd6c,00維修北（新竹以北）_京華城,其他
59f06b7d-b085-4159-907c-e409698ea416,00維修北（新竹以北）_和記大樓常小姐,其他
1d37d0d4-4fac-406f-8ade-448edee8c54a,00維修北（新竹以北）_宜蘭-伊甸,其他
16d65ed4-7765-47ba-a521-6ab2fef4bf9f,00維修北（新竹以北）_宜蘭-聖嘉民,其他
278ee30a-6385-4f8e-8fa1-ce59d4c450ae,00維修北（新竹以北）_宜蘭長青老人,其他
6f95d565-0110-40ba-ad72-02e5649b92c4,00維修北（新竹以北）_東哲生醫,其他
e21625b7-de3b-4455-82f3-4f9f5189d40b,00維修北（新竹以北）_直樓椅-陳明同,其他
650e1d66-677d-48a0-aac8-b0b0e6dd1943,00維修北（新竹以北）_金寶貝日照,其他
7eedcc1a-d2b1-42c1-bf90-2a585367483c,00維修北（新竹以北）_阿羅哈,其他
d13b7160-30fd-4fcb-8d2a-887d4b7c380d,00維修北（新竹以北）_威海樂活,其他
17040c73-d7ee-4f5e-9873-fa4363cbd29b,00維修北（新竹以北）_皇冠車隊,其他
2d8b2c80-c055-412a-aee8-6c1a34554587,00維修北（新竹以北）_風均租賃,其他
0ca8392e-b8a5-4f0c-adbd-592e16727bd8,00維修北（新竹以北）_徐修宇,其他
063abf74-ba8e-4b23-bb0c-d792eecbfdff,00維修北（新竹以北）_格上汽車-中和,其他
dbbc2eda-ccbe-4ad0-b4c1-8f4a6f3630cf,00維修北（新竹以北）_桃園世豪小克車,其他
61696a2a-2043-4389-a3ae-5cebe571f3ea,00維修北（新竹以北）_桃園台聯,其他
eba02cba-65ec-4b2b-af6b-af542e04deca,00維修北（新竹以北）_桃園市北區輔具資源中心,其他
b1a87934-2827-43c1-9d2b-3665499c340d,00維修北（新竹以北）_桃園張純玲,其他
04a22600-b794-4e62-a651-63361aaf8794,00維修北（新竹以北）_秦先生,其他
f5593ce3-22b7-46ac-8e29-7ccf6d3d0f59,00維修北（新竹以北）_翁宏賓,其他
2f57ae03-b256-41b0-9e0f-202c70a5bd94,00維修北（新竹以北）_國光-五股,其他
f13c5699-d0fe-445a-8c5b-76414fbbb737,00維修北（新竹以北）_國光-基隆,其他
742e7525-e355-494b-9cee-4d4b88c58c64,00維修北（新竹以北）_國光-暖暖,其他
6ece3dee-7782-454b-8052-69ae8476ccea,00維修北（新竹以北）_國光-香山,其他
7ca4a10b-83a3-466e-a306-881021d97ba0,00維修北（新竹以北）_國光-香山,其他
816d1621-4eeb-46e5-8b0a-616f3907c462,00維修北（新竹以北）_基隆大心日照,其他
623176cb-82b2-4be8-b12f-9edf4c7bbd50,00維修北（新竹以北）_基隆貴賓通運,其他
f29d90db-3083-4282-b3d8-73fafd776403,00維修北（新竹以北）_張世良,其他
9b14a0cf-add4-4a7a-86e7-bd8a71eff1c8,00維修北（新竹以北）_張獻忠,其他
d5680b5d-12de-4b46-b4a9-bb98d83cb848,00維修北（新竹以北）_張純鈴,其他
0b5874cf-3230-46b5-9502-928ce49c0564,00維修北（新竹以北）_捷乘-桃園,其他
e923bef1-1afb-4d38-8626-560e93faed2d,00維修北（新竹以北）_統來,其他
d2930e2a-7820-4410-ae0f-a4c29eb05530,00維修北（新竹以北）_許閔傑,其他
1e31a6e5-248e-4ede-b155-d8ab2e27843f,00維修北（新竹以北）_郭建台,其他
e4edacb5-0c7d-4f58-b919-f48b54658bf7,00維修北（新竹以北）_陳志銘,其他
b16bb691-1149-4d14-81ea-234adefd4ea7,00維修北（新竹以北）_華夏科技大學,其他
1b2d2142-67a3-4e9d-97ea-9e3d7567e23c,00維修北（新竹以北）_貴賓通運,其他
197fd9c1-548e-479c-b06f-a5d0a60dba21,00維修北（新竹以北）_貴賓通運,其他
1a22b0de-b67e-49d8-be42-fdd1eed4d044,00維修北（新竹以北）_陽信銀行-南京分行,其他
4945776e-16a5-43ca-8964-03feddf258e3,00維修北（新竹以北）_黃敏俊,其他
e18002aa-6d41-466d-9ce9-8eef70f77bdc,00維修北（新竹以北）_黃維人,其他
c1a13446-1b91-4f9d-8210-9b90e064212e,00維修北（新竹以北）_新北仁愛之家,其他
09d14791-e42b-4073-b04b-2923d2477845,00維修北（新竹以北）_新北匯安交通,其他
288b2d5b-d6ea-4bf0-8fe8-33b0b0a87ffc,00維修北（新竹以北）_新北生豐,其他
8dd72005-2956-4d2c-878a-e9f653835019,00維修北（新竹以北）_新北福倫交通,其他
619280e9-f366-43e1-a11a-affaa153d49a,00維修北（新竹以北）_新北羅先生,其他
980351ec-ef15-4592-99d4-0d2a57d0ca16,00維修北（新竹以北）_新日鑫,其他
b92d63cb-48bb-45cf-8be9-b1633bca33ec,00維修北（新竹以北）_新竹伊甸,其他
48a5d20b-e1aa-4ae7-a78a-4c7f071f8a85,00維修北（新竹以北）_新竹東宜生活事業,其他
cc11b895-c0c8-4a00-9d30-137336964a7d,00維修北（新竹以北）_新竹生通,其他
142a0d10-8bf2-46a9-9fc0-75b2a2674a96,00維修北（新竹以北）_新竹醫生柏,其他
0d3d346a-98f3-479c-b4d4-c44ed1d6ffe5,00維修北（新竹以北）_新莊丹鳳牡丹心,其他
c74e920a-b1d9-43b1-a84a-e10b5a32c659,00維修北（新竹以北）_楊媽媽浴缸,其他
7ef12da9-0af7-402c-9a19-98f29b4b8530,00維修北（新竹以北）_聖安娜之家,其他
bea28b3b-6223-45f5-8953-e4dad50a0569,00維修北（新竹以北）_彰化銀行-永樂分行,其他
42b05f24-6532-4fde-85ab-b58291852188,00維修北（新竹以北）_臺北伊甸沐浴車,其他
1a28d6d6-6fb0-42b5-a6f4-5b5a5aabf0d2,00維修北（新竹以北）_臺北市立陽明教養院,其他
93afa6ed-54fe-4cd9-868e-b2ff8d6ba12d,00維修北（新竹以北）_臺北捷運,其他
1bd68912-a05f-4d7f-9fc5-4ab76e294cb4,00維修北（新竹以北）_蒲公英日照中心,其他
373acb40-0607-4d08-9785-6a5bf93e245a,00維修北（新竹以北）_潘志雄,其他
963bbb3b-3132-482d-93aa-e481ecf55a00,00維修北（新竹以北）_盧希鵬,其他
b510e67a-2010-4fa4-a527-88f9d6642db4,00維修北（新竹以北）_蕭先生,其他
5838062a-2612-45bc-9615-8176b7ccd94d,00維修北（新竹以北）_豐均,其他
d233ba20-4311-4855-8be4-5e9b938375dc,00維修北（新竹以北）_雙北跑車趟,其他
2fe910d4-b6cb-46cd-add1-e2cd1a43b5c5,00維修北（新竹以北）_羅銀慧,其他
caa60e98-df2e-4a9c-8504-c88759e929e9,00維修北（新竹以北）_大都會-松德,其他
be85e1c0-abdc-40ea-9a2e-cbfaa78fbe56,00維修北（新竹以北）_文山國中,其他
69c8b0a1-7a68-46d5-9c3e-622269cc0d2b,00維修北（新竹以北）_世豪小客車-台北,其他
ea7a4a40-bc7e-4ccd-9a2e-4f3ec56c7262,00維修北（新竹以北）_台龍租車,其他
8aa559de-abea-4207-bc95-8061f08eb6ae,00維修北（新竹以北）_育成-新店,其他
f2f14a8e-dae7-46c8-a974-d7eb57ac599f,00維修北（新竹以北）_佳禾,其他
4b86b2c3-e67b-4c57-8669-e47a4b369a5a,00維修北（新竹以北）_宜蘭-伊甸,其他
d94a3954-598d-4ba7-8567-5e8de5a82efc,00維修北（新竹以北）_宜蘭-聖嘉民,其他
58aaf909-f6a7-4d4f-8219-3e1d439e272e,00維修北（新竹以北）_宜蘭弘道仁愛之家,其他
aa65f847-a6e3-44f9-8412-b3ec0972c7ac,00維修北（新竹以北）_桃園世豪,其他
5315f5d4-0863-4024-abf8-8ab797408ca9,00維修北（新竹以北）_豐均,其他
d7d7913e-eb98-48ba-915f-f20bf31ed724,00維修北（新竹以北）_豐均/高先生,其他
b8be3320-285b-4525-83f5-a589b34903d5,00維修北（新竹以北）_大易樂活事業有限公司,其他
377acc18-823e-41a8-9167-5852c56b5882,00維修北（新竹以北）_大瑩長照,其他
4930ec50-2946-4e99-871b-eeee4dbb8708,00維修北（新竹以北）_天主教光仁基金會,其他
1796dac1-35fa-4ac5-b409-a797b7ebf759,00維修北（新竹以北）_北投教會,其他
be36c952-f885-4ad6-b2aa-fc3616be4b93,00維修北（新竹以北）_台北惠森診所,其他
c1196986-c665-4297-8e38-63512b4d2379,00維修北（新竹以北）_生生光老人養護,其他
cbd124b2-b34d-4e4f-a61c-e7f8b48fced8,00維修北（新竹以北）_旭登護理之家,其他
17d659dd-d412-4cea-afa7-7d596973f7bb,00維修北（新竹以北）_旭登護理之家,其他
1ede9da7-b9da-49ca-a88e-91986266da18,00維修北（新竹以北）_育成基金會,其他
d61e3e7e-be2f-48be-80c8-b8eccf003f6c,00維修北（新竹以北）_亞東醫院,其他
b30ca194-8d9a-46e1-9e79-917b01d9d979,00維修北（新竹以北）_宜蘭博愛醫院,其他
b95f7864-f9c2-40b2-a270-565c6e97304a,00維修北（新竹以北）_宜蘭博愛醫院,其他
d51d9472-72f6-48bb-93f8-86000ae067ce,00維修北（新竹以北）_宜蘭慈愛養護,其他
95f1dee1-1253-4bb4-9a55-af748820a75f,00維修北（新竹以北）_宜蘭頭城衛生所,其他
8de1d883-eb15-4d1a-a648-6f45cec07b3f,00維修北（新竹以北）_東暉診所,其他
014f981e-e53c-4c3a-973b-e59739b7b396,00維修北（新竹以北）_桃園大溪照顧協會,其他
eb17e54a-007c-4143-8a1f-590c79420498,00維修北（新竹以北）_桃園榮總醫院,其他
160efa47-2324-4a45-a49a-bee23c58c6b7,00維修北（新竹以北）_桃園高揚威診所,其他
2a28e3b1-424e-4584-b097-230becb967d7,00維修北（新竹以北）_泰安診所,其他
be822360-9d43-44dc-9818-b6996bb78cee,00維修北（新竹以北）_烏來衛生所,其他
917e3e72-9ac4-4a99-b0a5-6ebbd5dc1c18,00維修北（新竹以北）_健順安養中心,其他
36d6e168-d0f2-4ba4-bab9-2cb4e753c251,00維修北（新竹以北）_崇德護理之家,其他
495a31d1-4605-4ff2-845d-1b03be994a74,00維修北（新竹以北）_新竹-國軍醫院,其他
361e14c7-9b2d-46f7-92c5-2a478c43c7aa,00維修北（新竹以北）_新竹保順養護中心,其他
afa776a9-3aac-4dd3-8a60-5d8ca34d109d,00維修北（新竹以北）_新竹原住民老人常照暨婦幼受暴緊急安置發展關懷協會,其他
aadf9326-4c4e-4720-9094-f42ca4a18cc5,00維修北（新竹以北）_新竹榮民總醫院,其他
a795d7e9-2957-4a59-85a9-1118b3aa95d2,00維修北（新竹以北）_新竹縣肢體障礙協會,其他
bb32f6ce-7e00-4aa3-b040-079c65b4a2cd,00維修北（新竹以北）_寧園安養院,其他
bee3df01-1d4c-41c2-9c69-ca38165f7606,00維修北（新竹以北）_寬福護理之家,其他
22ae1bd1-7c12-44c5-8e50-32b3328a9c2e,00維修北（新竹以北）_寬福護理之家,其他
2e90f110-8509-43bf-84bb-8a9824775fd8,00維修北（新竹以北）_學術交流基金會,其他
7c99f55f-f23f-4a7d-9054-4e7f522a63e6,00維修北（新竹以北）_學術交流基金會,其他
8927c4d0-a492-49f2-821e-03fa2169ddb0,00維修北（新竹以北）_關愛基金會-中和,其他
1ad71509-0f27-48dd-a80a-9d861ec759d6,00維修北（新竹以北）_礦工醫院,其他
56eda05b-7dd6-4d4b-b8b6-f038e75be19e,00維修北（新竹以北）_宜蘭南澳衛生所,其他
cde8e259-2f0d-4b44-a508-6548533ed94e,00維修北（新竹以北）_東暉診所,其他
38d3c936-fad4-49b9-a2cb-4774e066ca8c,00維修北（新竹以北）_桃園大溪照顧協會,其他
96acca80-aaa8-441c-8f84-59f4189dbce6,00維修北（新竹以北）_基隆恩惠協會,其他
42a09079-a035-401d-a44c-9620d488ce59,00維修北（新竹以北）_新北雙連社會福利慈善基金會,其他
7e06a2a4-efcc-4424-9e7d-4fecde6ccaee,00維修北（新竹以北）_礦工醫院,其他
7c481d73-9d64-47f9-b8ea-36060ab318d8,00維修北（新竹以北）_基隆市政府,其他
3592029c-f022-4e65-ad9f-28fdf22048aa,00維修北（新竹以北）_基隆市政府,其他
bbe58c04-522c-42ed-a10f-8c8f20019655,00維修北（新竹以北）_大都會客運-蘇澳站,其他
ddffa844-4410-4262-bdf3-a57eb3573eb9,00維修北（新竹以北）_中菱汽車租賃,其他
7349c0b6-49c3-432b-ba5d-6f61c5fce488,00維修北（新竹以北）_金牌客運,其他
8abc9061-7745-4810-9192-9426ae206efd,00維修北（新竹以北）_首都客運士林站,其他
727818b1-0ba7-4d7d-a53d-1742caef6f13,00維修北（新竹以北）_首都客運士林站,其他
01853c70-4262-4d1d-af17-eeb0bac5677d,00維修北（新竹以北）_首都客運檢修站,其他
2bd0f501-97b1-491e-be00-174902322ba6,00維修北（新竹以北）_桃園客運,其他
2a44e606-4d2f-4311-b75b-21b81d0b7f55,00維修北（新竹以北）_桃園客運龍潭站,其他
7dd66322-5ee0-44e9-9af1-7b6d609e60c5,00維修北（新竹以北）_國光客運-中壢,其他
600fdb98-7bac-4256-b7be-b6dee98b0c9e,00維修北（新竹以北）_國光客運-羅東,其他
117cd4db-dcca-48fb-91c7-dabb07d6d9de,00維修北（新竹以北）_首都客運基隆站,其他
6c23e68e-3c5c-497a-9f94-1082e5783d8b,00維修北（新竹以北）_國光客運-羅東,其他
9cc8d129-54b5-4dc8-8643-b6d068f22d33,00維修北（新竹以北）_宜蘭社區照顧促進會,其他
89712ca0-1717-4690-919a-4143aa41fd7e,00維修北（新竹以北）_宜蘭縣社區照顧促進會,其他
7448b23f-3e7c-45a1-8dc4-be5fc7f93f89,00維修北（新竹以北）_宜蘭縣社區照顧促進會,其他
c47ff8c5-31a7-4e57-aa1e-2d6aada5b4b9,00維修北（新竹以北）_桃園照顧服務協進會,其他
53e34507-0617-47e1-9757-b7f3d045cbd7,1000大企業_中視,其他
80b7b0ec-e700-4851-bd4b-2186f773f942,1000大企業_一詮精密工業股份有限公司,其他
cab159fa-7361-4ed4-a1b3-0f2d51d895f6,1000大企業_乙盛精密工業股份有限公司,其他
44dec4cb-a024-411c-a0bc-983f1b8647ea,1000大企業_力山工業股份有限公司,其他
c51b71cb-b7ee-42a5-a831-03a6ed69d1c7,1000大企業_力成科技股份有限公司,其他
1a984173-9492-40ba-8e1a-8e73cd47d782,1000大企業_力晶科技股份有限公司,其他
cc1ca4a2-34f6-42a0-a8ca-5044568c29bb,1000大企業_力泰建設股份有限公司,其他
2e86ef54-17f8-4233-8aa6-f44842701e5a,1000大企業_力特光電科技股份有限公司,其他
f1de08df-4df9-4dff-931a-05271a6e390d,1000大企業_力積電子股份有限公司,其他
c7291183-578d-4eb6-b629-0893a375cafc,1000大企業_力致科技股份有限公司,其他
ee8c8b22-221f-49ba-8cfd-2e07a69f8fcd,1000大企業_力鵬企業股份有限公司,其他
5e5eeba3-a701-49c4-9ceb-6d81281c316e,1000大企業_力麗企業股份有限公司,其他
0e12fc5c-45f8-4788-ba23-9b003daa859c,1000大企業_十銓科技股份有限公司,其他
4f6cd990-26c9-4112-a2cb-b364d3d22d5c,1000大企業_三星科技股份有限公司,其他
628eb3d4-c536-4106-be71-1d3028c10101,1000大企業_三福化工股份有限公司,其他
a99d94f3-bd1f-4b3b-8e29-fcd36d2c9d7e,1000大企業_三福氣體股份有限公司,其他
1e357a6a-f856-4e4f-bcf1-82c8dd3cae7c,1000大企業_三義鋼鐵股份有限公司,其他
81df9373-1ded-4f04-963b-75449f21fc9f,1000大企業_三芳化學工業股份有限公司,其他
4fa1e75c-09f0-449d-8349-01ccef1af240,1000大企業_三陽工業股份有限公司,其他
be607d09-2939-43fb-aece-b6cda29c93a7,1000大企業_上緯企業股份有限公司,其他
0dcae854-26da-4b99-965a-76a7048a5a61,1000大企業_上銀科技股份有限公司,其他
d7ba7132-abfa-4b3b-8c61-92f31aebe076,1000大企業_久元電子股份有限公司,其他
f35a6f52-2c9a-4e6d-bd17-175d1c0c4815,1000大企業_久聯化學工業股份有限公司,其他
3f8c13d9-654c-423c-9b9f-9cc4c4e68bdd,1000大企業_千興不銹鋼股份有限公司,其他
fca6606e-8d7d-4198-bbe8-5774da8d6be7,1000大企業_千附實業股份有限公司,其他
2254a71e-422e-4d39-9d55-0a34fec20355,1000大企業_士林紙業股份有限公司,其他
ebf20e78-2930-4e7e-848e-af34447e3141,1000大企業_士林電機廠股份有限公司,其他
f6948036-d405-46bd-9d70-ef5154e496a9,1000大企業_大亞電線電纜股份有限公司,其他
28f8d295-1b58-4d35-86bd-c56ef11590c3,1000大企業_大億交通工業製造股份有限公司,其他
7837df94-00a3-45fc-9ccb-cb6e28092e60,1000大企業_大億科技股份有限公司,其他
64c96708-8b8e-4e01-865e-fcf81e0e9410,1000大企業_大同股份有限公司,其他
dff26fc6-4dc3-4f61-bb74-1cacb3d70493,1000大企業_大宇紡織股份有限公司,其他
5a2727f4-a24c-4fcb-ae36-a3b81572f667,1000大企業_大展電線電纜股份有限公司,其他
47b0e788-dc33-45a1-8037-93e9e8c4550e,1000大企業_大山電線電纜股份有限公司,其他
11f33666-9091-4e38-84fe-b215d29c2454,1000大企業_大成不銹鋼股份有限公司,其他
2e871c88-df2e-474a-a0cd-fa429f49a49b,1000大企業_大成長城股份有限公司,其他
77f38361-22e3-40f2-b9d1-d4ad9061a99e,1000大企業_大朋電子工業股份有限公司,其他
b2783c39-ba33-4c8f-9583-80981ecf7a82,1000大企業_大東樹脂化學股份有限公司,其他
50c6eb20-60af-48bd-b017-dbd4c514ba6f,1000大企業_大毅科技股份有限公司,其他
f3b8d2a6-7cdc-40b3-a205-655eb9271b51,1000大企業_大洋塑膠工業股份有限公司,其他
ce8f3562-251a-48b4-8079-f1db2e6c030f,1000大企業_大洋羽毛股份有限公司,其他
c69f52b5-b902-4b06-bb4f-675c0ea0990a,1000大企業_大田精密股份有限公司,其他
53f74129-6a22-4244-bc5d-652671356bd0,1000大企業_大眾全球投資控股股份有限公司,其他
9e3d9f1d-efd3-4271-8232-0275dbb9bc63,1000大企業_大立光電股份有限公司,其他
ee1da2b8-c063-45e1-b89e-9d18a065e0ba,1000大企業_大統益股份有限公司,其他
703cf1d5-fe90-4de2-81af-9c182512d457,1000大企業_大興電線電纜股份有限公司,其他
5f816937-f05a-49e0-b3c3-d221fb1ade0a,1000大企業_大華金屬工業股份有限公司,其他
222ef604-929a-4a1d-bbea-d53e09e069f8,1000大企業_大連化學股份有限公司,其他
b5b8fccc-4fc0-4a52-9ba3-7588e51757d9,1000大企業_大量科技股份有限公司,其他
f636fdba-cabf-4938-93fa-104f2775bd9a,1000大企業_川湖科技股份有限公司,其他
6d5f99fd-a66d-4da1-bd27-72fd32811e84,1000大企業_中國人造纖維股份有限公司,其他
efd4fe33-054f-4330-8b13-2cc881f070ad,1000大企業_中國化學製藥股份有限公司,其他
dea86134-953d-445a-8d88-fdf58b4876f5,1000大企業_中國合成橡膠股份有限公司,其他
ce9c83fc-dc9f-4576-be6a-c1ad7ab16789,1000大企業_中國石油化學開發股份有限公司,其他
5e592aa8-fae6-4ed3-bf47-edfeb1e96258,1000大企業_中國砂輪企業股份有限公司,其他
8d8368bf-35e5-4661-b68c-788e43e89ff5,1000大企業_中國端子電業股份有限公司,其他
e2166649-dca1-471f-b6f6-9b9c7bf066c5,1000大企業_中國製釉股份有限公司,其他
9abf94d1-ca8b-4858-b2a3-2e734c0259a6,1000大企業_中國鋼鐵結構股份有限公司,其他
416b0966-dba3-4036-beda-b3c5cd75de4c,1000大企業_中國鋼鐵股份有限公司,其他
50640d7b-2101-4554-a73c-f038c8fff0c4,1000大企業_中國電器股份有限公司,其他
f8082ee8-b828-473c-ab96-a3155d939224,1000大企業_中央造幣廠股份有限公司,其他
a550e0f5-136a-4d1c-83bc-b6f0ac5cdb5b,1000大企業_中強光電股份有限公司,其他
a6d79b6f-bbb9-4c0a-90a8-008b162aeb22,1000大企業_中德電子材料股份有限公司,其他
57bc55b8-dee6-41a0-ad93-c834c9f443bc,1000大企業_中日合成化學股份有限公司,其他
416a7da0-6cab-48c9-8650-decac80c243e,1000大企業_中楠企業股份有限公司,其他
42660d3f-a0a4-4a39-8324-f80a36d754f8,1000大企業_中環股份有限公司,其他
600be41b-c479-49a0-8932-9262b9a24826,1000大企業_中磊電子股份有限公司,其他
e6e0fcdb-dd1e-42e8-9c56-ccc7144dc649,1000大企業_中紡科技實業股份有限公司,其他
3145ae04-d2ce-4e67-af71-0f103fa2e573,1000大企業_中美和石油化學股份有限公司,其他
8f2ca189-79c3-4b8e-be73-64b317ede702,1000大企業_中美矽晶製品股份有限公司,其他
ee0fd9eb-d65e-4959-8b5b-5477629f22e6,1000大企業_中聯油脂股份有限公司,其他
f9afc22f-6a20-4869-a665-44287a322435,1000大企業_中聯資源股份有限公司,其他
943bbe32-87a6-4eb6-a812-afa7cb0a48cd,1000大企業_中興紡織廠股份有限公司,其他
c70b2a08-2c8d-4c2d-bdf1-fa9f2871acd6,1000大企業_中興電工機械股份有限公司,其他
038e1a0f-ff13-4231-91ed-a46279af3622,1000大企業_中華映管股份有限公司,其他
85ee23b3-f772-4863-a337-455d4c0981c4,1000大企業_中華汽車工業股份有限公司,其他
34fbc8ae-5a7b-4f23-9a6d-7a446d1b664d,1000大企業_中華紙漿股份有限公司,其他
ff11654c-0d57-43ec-b111-08571b6abe36,1000大企業_中華電線電纜股份有限公司,其他
9813d421-a62f-4489-af26-abad55847dc8,1000大企業_中鋼機械股份有限公司,其他
eb047121-32ec-466a-a715-42f760666bfa,1000大企業_中鋼碳素化學股份有限公司,其他
253d1184-9db3-4a92-92fb-8c56c5fc401c,1000大企業_中鋼鋁業股份有限公司,其他
079bbb64-77f6-480a-9671-67b2a7c25328,1000大企業_中鴻鋼鐵股份有限公司,其他
6472d00c-b4a5-489c-b08c-88c36e465a95,1000大企業_中龍鋼鐵股份有限公司,其他
3bc5f549-1aa0-42e5-b88e-7786ecdca62a,1000大企業_云光科技股份有限公司,其他
5a22f713-04ef-4611-84ad-f456787809d8,1000大企業_仁寶電腦工業股份有限公司,其他
2800dce3-6bc2-4090-9f14-3eceb0f1af5a,1000大企業_今國光學工業股份有限公司-466巷,其他
2fdf0f20-6c42-4dd4-b1ab-d2ecc7d4387b,1000大企業_今國光學工業股份有限公司-562巷,其他
ba201005-e9b6-4d15-bf0e-7cbb3aba390d,1000大企業_今皓實業股份有限公司,其他
bcfed7a5-9c8a-417e-b580-ca3f75d6ae70,1000大企業_介面光電股份有限公司,其他
1dfc6287-ea2d-4804-b8b1-af5aceeae12e,1000大企業_元太科技工業股份有限公司,其他
35d58e05-ac55-45eb-a843-381a224e8791,1000大企業_元山科技工業股份有限公司,其他
4f658cc2-01e3-4b06-909f-c54732cd193d,1000大企業_元晶太陽能科技股份有限公司,其他
a350436e-8db3-4a0c-ba80-6d08a1916b4d,1000大企業_元祥金屬工業股份有限公司,其他
87f6f48e-2e29-4dfc-aa67-c93f701ea7f5,1000大企業_允強實業股份有限公司,其他
d3560ad4-2d48-4efb-8f88-2b25d6698123,1000大企業_六暉實業股份有限公司,其他
9aa4e59c-b7ef-4023-b7c9-a0095dbf6084,1000大企業_友信國際股份有限公司,其他
effe0667-5daa-40fa-8d32-975161bce38a,1000大企業_友勁科技股份有限公司,其他
20f2adc6-1d2c-4473-99f9-54c4d70c7123,1000大企業_友嘉實業股份有限公司,其他
79c54075-7808-4403-9506-605c784f9afe,1000大企業_友聯車材製造股份有限公司,其他
840dc5e4-9fc5-40c9-a595-e8f1481b1f82,1000大企業_友華生技醫藥股份有限公司,其他
c080fe5c-0c30-4fa4-a6bc-da090f310e66,1000大企業_友輝光電股份有限公司,其他
dcc96c54-16d1-4abd-b4ae-04fb56a38932,1000大企業_友通資訊股份有限公司,其他
c7ae65bc-e808-4c55-b740-e88b8b28ebaa,1000大企業_友達光電股份有限公司,其他
66bc0952-c878-4a31-89eb-2a4695bbea34,1000大企業_及成企業股份有限公司,其他
a2aa36e7-c071-42cb-995e-1ccbf160275f,1000大企業_天仁茶業股份有限公司,其他
dd882782-fbd2-4d44-afb3-a66be12c9982,1000大企業_天瑞企業股份有限公司,其他
b15371ed-92a9-461b-a4df-73925d0418d2,1000大企業_天聲工業股份有限公司,其他
deed859f-644f-4b99-bb09-b4c3c978bc96,1000大企業_天鈺科技股份有限公司,其他
1b67c999-28e5-4551-a1e3-699d99dcc111,1000大企業_太平洋電線電纜股份有限公司,其他
dd3763a5-bc19-4514-a619-daa7c753aad4,1000大企業_太松實業股份有限公司,其他
14489d8d-0b70-4fad-b673-e8f82c1f9149,1000大企業_太極能源科技股份有限公司,其他
815258e5-ae0e-4665-bfd2-27ade185363f,1000大企業_太空梭高傳真資訊科技股份有限公司,其他
8fde21b7-937f-4619-bf6f-711269791ad7,1000大企業_太陽光電能源科技股份有限公司,其他
2db5a8d0-6959-40c8-bbd4-dc37293138f9,1000大企業_日勝化工股份有限公司,其他
1df83322-39ab-48f1-b7b8-4021e48335c9,1000大企業_日月光半導體製造股份有限公司,其他
e9972a7b-6094-4083-8f52-c02dac55ef35,1000大企業_日茂新材料股份有限公司,其他
d7ced7f1-da4b-4eda-866d-b792be3e09cb,1000大企業_世全鋼鐵企業股份有限公司,其他
adbbe80c-388f-4fc9-a695-3d607c98fccb,1000大企業_世家興業股份有限公司,其他
1c94235f-7710-4c23-9f66-e474618f3e35,1000大企業_世界先進積體電路股份有限公司,其他
41101e5e-f8f3-4010-9005-fa7330b33b66,1000大企業_世紀鋼鐵結構股份有限公司,其他
521ff8d9-d0d4-4e66-8d0d-c97870be7e85,1000大企業_世芯電子股份有限公司,其他
75a7fc00-66f4-4911-9f26-bfa8248ae7a6,1000大企業_加百裕工業股份有限公司,其他
80f48cb1-59b9-444f-abe0-831e25c4fd51,1000大企業_加高電子股份有限公司,其他
7550e511-2c81-49ef-8eb0-bb1e5ad66bd3,1000大企業_可成科技股份有限公司,其他
59d225bb-ff8d-452d-9a95-af0306166e63,1000大企業_史丹利七和國際股份有限公司,其他
64aa1c1c-f473-4172-b9e4-d35561c1a155,1000大企業_台一國際股份有限公司,其他
afc8bc37-654e-43ef-b40a-7c6461de950d,1000大企業_台中精機廠股份有限公司,其他
1bcf4687-7876-44aa-83dd-4bb25987145d,1000大企業_台元紡織股份有限公司,其他
021e9a5a-8763-4f97-a165-ab0a65bca1c6,1000大企業_台光電子材料股份有限公司,其他
0c27a467-54d2-4cb5-a713-6aaf2e6222c4,1000大企業_台全電機股份有限公司,其他
e7575ed6-2f73-4609-a60b-975446ed126d,1000大企業_台勵福股份有限公司,其他
8163ef84-04b2-46ea-8aad-f4e51ad7afe2,1000大企業_台南企業股份有限公司,其他
a15586d2-b5d6-4c87-85c6-a5f1db84a712,1000大企業_台南紡織股份有限公司,其他
6df8f514-e48c-4434-9cd4-5a404915be57,1000大企業_台塑勝高科技股份有限公司,其他
ca611bf7-f685-44ac-82e0-8196123c1e55,1000大企業_台塑旭彈性纖維股份有限公司,其他
db6cc87d-4589-4996-9c75-7d66151b41a5,1000大企業_台塑石化股份有限公司,其他
76f23609-614d-4f27-a043-38a3c80b1368,1000大企業_台揚科技股份有限公司,其他
8e207096-f967-4043-819a-8cafd583a8ef,1000大企業_台朔重工股份有限公司,其他
76eb9627-ccdc-430c-b9b8-66ee84bb0e16,1000大企業_台榮產業股份有限公司,其他
72fce0cb-12af-4d6a-9107-f11992b440d0,1000大企業_台橡股份有限公司,其他
1fa5a23e-4774-4828-ba1e-cf59dac068a2,1000大企業_台灣三得利股份有限公司,其他
b1cd1b19-689e-465f-a28b-c48f2c5095b3,1000大企業_台灣三洋電機股份有限公司,其他
67a7234f-e164-4d3a-a212-db7d52d5c82d,1000大企業_台灣三菱電梯股份有限公司,其他
fb4c59fa-abb6-46d1-ac1f-e295726418a7,1000大企業_台灣中油股份有限公司,其他
1259bc95-cb83-4d47-9304-79fec2622b6f,1000大企業_台灣佳能股份有限公司,其他
f36fbb2f-25ef-4fac-9c7a-03234cead130,1000大企業_台灣保來得股份有限公司,其他
0911a20d-3276-4502-ab92-6353c4ed382c,1000大企業_台灣典範半導體股份有限公司,其他
d39499da-231d-431d-93ab-53eb4306f898,1000大企業_台灣凸版國際彩光股份有限公司,其他
d8bae0de-d944-45cd-b308-7e97d8f58400,1000大企業_台灣化學纖維股份有限公司,其他
8b04c7b8-c443-4170-9aca-015e219dba32,1000大企業_台灣半導體股份有限公司,其他
2e9bf9bc-8c06-4cc1-864c-d3a30470595c,1000大企業_台灣卜蜂股份有限公司,其他
87eedfa7-2eed-4c25-85c2-661d140a59b5,1000大企業_台灣國際航電股份有限公司,其他
6ec4f25f-e079-4bf0-9474-b7df278de7d4,1000大企業_台灣國際造船股份有限公司,其他
23501862-b544-43ed-9900-6990a5f0b4a4,1000大企業_台灣塑膠股份有限公司,其他
50f8d828-1577-460a-81bb-9778b18de7bb,1000大企業_台灣富綢纖維股份有限公司,其他
331ec5d1-e032-4c67-aa15-d27500f04055,1000大企業_台灣山葉機車工業股份有限公司,其他
56ecce29-5158-4306-8e56-6194ac8bc0dc,1000大企業_台灣日亞化學股份有限公司,其他
23c0bfe0-c0e0-42d6-9732-62ead046a88d,1000大企業_台灣日立股份有限公司,其他
0c39cd7d-904c-4f49-87b4-6e26e3f51fa7,1000大企業_台灣明尼蘇達礦業製造股份有限公司,其他
fe30f2f2-acec-4739-b4ec-24eac4099c20,1000大企業_台灣晶技股份有限公司,其他
49d2e153-cc45-4789-89d5-9b26a2ca3068,1000大企業_台灣本田股份有限公司,其他
f69bcb53-3219-4a5e-b14f-6536ae50ba21,1000大企業_台灣村田股份有限公司,其他
66939fe4-e448-4908-87ad-e950a6d6c541,1000大企業_台灣東洋藥品工業股份有限公司,其他
cc395f89-cdb0-4e6f-a2bc-12420fa85d0a,1000大企業_台灣東電化股份有限公司,其他
d96855b8-fbff-4b96-8fbd-452643a0180c,1000大企業_台灣松下電器股份有限公司,其他
ac5e7a4f-7063-4de8-be87-f66d75557c53,1000大企業_台灣松下電腦股份有限公司,其他
851f6772-f275-43c1-8bae-d3dafc123d15,1000大企業_台灣櫻花股份有限公司,其他
84fcc545-8b22-4b42-9262-490287fcbb7c,1000大企業_台灣氯乙烯工業股份有限公司,其他
ff41b455-7e87-4ef3-be3c-095842af425c,1000大企業_台灣水泥股份有限公司,其他
11088fe8-98bc-4b8f-ba9b-1ea5df4e595b,1000大企業_台灣淡水河谷股份有限公司,其他
bb193e04-bfe7-4abb-8677-0626a3415d72,1000大企業_台灣漢高股份有限公司,其他
2dda3cf2-540d-4b03-8521-b335a02e8a72,1000大企業_台灣瀧澤科技股份有限公司,其他
ae8d73ea-3c5a-4fae-ade7-2a434dd63a44,1000大企業_台灣玻璃工業股份有限公司,其他
e33232a2-326b-459a-ab51-dcadfe97a911,1000大企業_台灣百和工業股份有限公司,其他
19da8f1a-2c9c-4308-98a5-2618347a5d0b,1000大企業_台灣矢崎股份有限公司,其他
5e5251bc-15ea-4229-bd32-a072f7d4dac5,1000大企業_台灣神戶電池股份有限公司,其他
99aba158-ffd8-4b2c-8604-41910cb01a33,1000大企業_台灣神隆股份有限公司,其他
f83efb37-b2c1-4956-baa1-d830a8a2db42,1000大企業_台灣福興股份有限公司,其他
3aa1044d-7c29-42ca-b968-beb745658b7b,1000大企業_台灣積體電路股份有限公司,其他
1cdaff17-81bc-4c21-b041-559785fca2d2,1000大企業_台灣精星科技股份有限公司,其他
c0836ff4-a445-49ac-8941-078a20ec6921,1000大企業_台灣糖業股份有限公司,其他
92f86dba-35c8-4800-a7bf-7d9389c2e1d0,1000大企業_台灣紙業股份有限公司,其他
20bace2c-286f-4059-8fc9-cebbd55756f7,1000大企業_台灣聚合化學品股份有限公司,其他
ccbaceab-28a8-4d5c-ba2a-f6856da41081,1000大企業_台灣肥料股份有限公司,其他
e2808d18-ff00-4ac7-9578-2f8eb0f5a53a,1000大企業_台灣良得電子股份有限公司,其他
cc777913-58db-4ce1-a588-a031608cc752,1000大企業_台灣苯乙烯股份有限公司,其他
34ba93b9-97a5-43aa-8a13-3389c2435aff,1000大企業_台灣華歌爾股份有限公司,其他
6acefce9-f613-4d0a-a456-8a37f2cdba04,1000大企業_台灣菸酒股份有限公司,其他
ed6141f4-76c8-4a19-abba-675e90347029,1000大企業_台灣表面黏著科技股份有限公司,其他
e305c393-2c44-4312-96c3-6799c065ce1f,1000大企業_台灣資生堂股份有限公司,其他
49e2b434-e4ba-4882-9d9c-894d60b20611,1000大企業_台灣車樂美縫衣機股份有限公司,其他
40b9f2cc-e658-4520-8b84-3e05d7784ecb,1000大企業_台灣通用器材股份有限公司,其他
040d7216-3d26-403d-9f22-c044850d8c87,1000大企業_台灣金山電子工業股份有限公司,其他
77e0ec56-0997-4035-bf94-bf6f9390860c,1000大企業_台灣電綜股份有限公司,其他
6347c340-bb5f-4157-be38-3291e1df8bf4,1000大企業_台灣麗偉電腦機械股份有限公司,其他
282e5899-9a32-4262-98f8-da97ce876db1,1000大企業_台灣麗馳科技股份有限公司,其他
1c5a4e49-f841-4b32-bfe0-302fdb6ed05b,1000大企業_台燿科技股份有限公司,其他
b3c718e7-77df-45c3-9179-92827886e8ca,1000大企業_台翰精密科技股份有限公司,其他
c197f261-6bcb-4d1f-b436-29d32c079bb2,1000大企業_台耀化學股份有限公司,其他
84aef4ae-6b03-4f22-9781-921a3b416244,1000大企業_台虹科技股份有限公司,其他
87a707cb-f8ac-4ad1-ac06-dfff6f495211,1000大企業_台豐印刷電路工業股份有限公司,其他
18132d6d-3227-46d2-ac8e-2c806417db7f,1000大企業_台達化學工業股份有限公司,其他
04e0d1e0-5dbc-4feb-8596-d3922522b150,1000大企業_台達電子股份有限公司,其他
d5dc5517-fff9-4e97-9e5d-dd5cdb25d401,1000大企業_台郡科技股份有限公司,其他
9a45ffe0-be95-4ea5-a745-7d1c82c72ca4,1000大企業_台鹽實業股份有限公司,其他
b4c6b008-8f47-41a4-bd35-c5c9a4ecc06f,1000大企業_四零四科技股份有限公司,其他
d6eddf61-48ce-4fee-829c-efecac0fb043,1000大企業_尼克森微電子股份有限公司,其他
231d3940-38d4-4ae3-9b67-d699a839de39,1000大企業_巨大機械工業股份有限公司,其他
67c76260-aa39-45dc-9c47-63cfca453bcd,1000大企業_巨庭機械股份有限公司,其他
95e3480d-ccad-4521-9591-155962c44d01,1000大企業_巨擘科技股份有限公司,其他
8a42330e-c184-41b1-bf1e-e048350e9dbb,1000大企業_巨騰國際控股股份有限公司,其他
5f19551c-a089-4aa9-b596-b0b4de38b2e6,1000大企業_巧新科技工業股份有限公司,其他
f1551553-3154-4d27-8453-ff5927ee8f95,1000大企業_弘博鋼鐵股份有限公司,其他
013e0847-ac50-4e98-882d-617c7212f8b0,1000大企業_弘塑科技股份有限公司,其他
6fdb210f-717c-47dd-8d70-6d4ce4dfdebd,1000大企業_弘裕企業股份有限公司,其他
f3a990c5-b5a2-44bc-b758-993aea25789b,1000大企業_弘諭鋼鐵股份有限公司,其他
42c1358a-0475-4694-afbe-ab46866be2a0,1000大企業_正崴精密工業股份有限公司,其他
d3d71ffb-c20c-4a85-979e-99d9d52a8da9,1000大企業_正文科技股份有限公司,其他
560abeb6-f6f1-4290-8a6d-9af55bb5636a,1000大企業_正新橡膠股份有限公司,其他
af2630d2-cbc2-458a-b0ad-aeea20ed6442,1000大企業_正達國際光電股份有限公司,其他
6ee9e43d-c37d-40ce-8554-1365c5e568b7,1000大企業_正隆化學股份有限公司,其他
081b7847-0eb1-42f5-9e9c-579d9359d709,1000大企業_永信藥品工業股份有限公司,其他
46c0ef5c-e57d-49ea-b4cd-0b6018fd0fee,1000大企業_永冠能源科技集團股份有限公司,其他
f40443cc-3caf-40e4-8f30-4c0898cd12ae,1000大企業_永大機電工業股份有限公司,其他
f851585a-f717-4737-8e93-4c38f3a9e6ae,1000大企業_永裕塑膠工業股份有限公司,其他
69b39a30-bd71-4f73-87b9-5dd8df5f90de,1000大企業_永記造漆股份有限公司,其他
3430cb4e-4106-431c-85a6-b47abc7ea503,1000大企業_永豐紙業股份有限公司,其他
219e3de9-b06f-4609-8c83-f5659ae70fc5,1000大企業_永豐餘工業用紙股份有限公司,其他
8ea9ac08-ae16-421d-bc56-48b83ded068b,1000大企業_永豐餘投資控股股份有限公司,其他
8dbc4060-478d-484b-ab5a-a6e92f81a941,1000大企業_永進機械股份有限公司,其他
6d10f2b2-c65e-4db8-9ea8-9c9c4d917bd6,1000大企業_玉晶光電股份有限公司,其他
ce8a7dc6-1198-43ec-afe8-da0b6699d724,1000大企業_生達化學製藥股份有限公司,其他
4258be4a-9e73-4582-a2a7-82938130ace9,1000大企業_申豐化學工業股份有限公司,其他
278c9106-e1f5-471e-9a21-b1f0d83f4315,1000大企業_禾伸堂企業股份有限公司,其他
6e2e623a-437b-493c-ac10-178c82fb6b3f,1000大企業_禾昌興業股份有限公司,其他
f0f7876f-2a9f-4202-9b87-d4e077ae48f7,1000大企業_禾聯碩股份有限公司,其他
7ca7f998-96e1-4100-92e1-c75bea68ddf1,1000大企業_立宇高新科技股份有限公司,其他
17164ce3-e213-4699-90a4-c508349c434f,1000大企業_立德電子股份有限公司,其他
4b1eb409-4ca7-4786-a5dd-9f035c01bfbb,1000大企業_立益紡織股份有限公司,其他
28d3f070-ca41-47e0-83a8-8b80434bc68d,1000大企業_立端科技股份有限公司,其他
85a933e4-19db-4833-958c-2a9662d42e09,1000大企業_立達國際電子股份有限公司,其他
e6538413-adf2-4f95-bba0-e1b4f82dd1be,1000大企業_立錡科技股份有限公司,其他
a832fc33-03b5-45c7-81ef-9b40634bf67d,1000大企業_立隆電子工業股份有限公司,其他
718afed5-a516-423c-aa2e-e2089276e4d1,1000大企業_伍豐科技股份有限公司,其他
64ef14db-7280-4e3c-9987-ecd4a329fe98,1000大企業_仲琦科技股份有限公司,其他
e3adc7bf-4d75-4176-8e96-b51d480d679a,1000大企業_光寶科技股份有限公司,其他
97ad894a-f7c5-402b-9af9-25aeb0f3ae1a,1000大企業_光洋應用材料科技股份有限公司,其他
e777106a-228f-4170-a860-b69aa8c72d4a,1000大企業_光環科技股份有限公司,其他
ad8b8d3b-e1ee-45e3-88c0-2ddb2a665796,1000大企業_光磊科技股份有限公司,其他
7ad60867-16dc-4c08-8149-bfbd056a7bff,1000大企業_光紅建聖股份有限公司,其他
8dc404d7-0888-4ba7-9af0-70f3eb31ac93,1000大企業_光群雷射科技股份有限公司,其他
1804767d-21fc-46b2-9b9b-9472db79accb,1000大企業_光陽工業股份有限公司,其他
ec07a455-04e7-47e0-ad26-9cd8c5085e66,1000大企業_光隆實業股份有限公司,其他
37c72a4c-b6e9-4028-9b10-4b540c758103,1000大企業_兆利科技工業股份有限公司,其他
4506f980-2710-415d-966c-bec0808a3980,1000大企業_兆赫電子股份有限公司,其他
05c56899-587c-48ac-b4d0-33c97d0438f7,1000大企業_兆遠科技股份有限公司,其他
0f9f7bae-b69f-4e1b-80b2-eed168339e82,1000大企業_先益電子工業股份有限公司,其他
4e2a04ef-290c-400a-913b-d0a6b68ef332,1000大企業_先豐通訊股份有限公司,其他
c706701e-55d0-47ee-8b0a-09c38dba387e,1000大企業_全台晶像股份有限公司,其他
0c4dfd43-7f2b-44d4-ab4f-f69eb829cd93,1000大企業_全新光電科技股份有限公司,其他
8fd3e663-804d-4eb8-bb69-6843da634a81,1000大企業_全漢企業股份有限公司,其他
ee2e034a-bee8-496e-baf4-43c65cfde37d,1000大企業_全興國際水產股份有限公司,其他
ded92a0b-e801-4f1d-973a-49e64d9f46c2,1000大企業_全興工業股份有限公司,其他
e497323a-12ae-40f4-9ca8-71e0d6e038de,1000大企業_同亨科技股份有限公司,其他
573b3df8-ce09-4eeb-9462-268fb6b750ff,1000大企業_同欣電子工業股份有限公司,其他
c3704888-7a52-4a22-8782-514bc8ad0685,1000大企業_同致電子股份有限公司,其他
48729b35-3dc5-4a41-beb1-9142db014323,1000大企業_合勤科技股份有限公司,其他
cb131e6f-718b-48b9-8e4e-1db75e9e2c43,1000大企業_合晶科技股份有限公司,其他
b72ce02b-9651-4ff3-b70c-ae1c6c43871f,1000大企業_合機電線電纜股份有限公司,其他
9cdcf5f1-3fdb-4f97-b055-4939006dac20,1000大企業_合眾紙業股份有限公司,其他
2d3c4ed9-6b3b-400e-a7ec-d80fd09de9af,1000大企業_合興電線電纜股份有限公司,其他
b61952f2-9767-4b5d-bc5d-ac9922db4b31,1000大企業_多益得行銷股份有限公司,其他
92d96f37-a80c-4ceb-826d-6be39f8d1533,1000大企業_如興股份有限公司,其他
3fd6d4a7-bbba-447a-978d-9ce61be8a7cd,1000大企業_宇瞻科技股份有限公司,其他
098d9d2b-8e3a-4927-85bd-299afd2d9a30,1000大企業_安勤科技股份有限公司,其他
70d35a8a-1215-4711-8d70-c64c10d2276b,1000大企業_安國國際科技股份有限公司,其他
021cd1e6-4ab3-488e-a39a-927b83d98768,1000大企業_安恩科技股份有限公司,其他
afee0e68-7c1a-4084-be8e-ba92c42e9a6d,1000大企業_安捷管理顧問股份有限公司,其他
925812cc-3290-4fb3-bd75-c918ddc304a4,1000大企業_尖點科技股份有限公司,其他
8788daf2-8c65-4eda-9cf2-f445e11b0040,1000大企業_州巧科技股份有限公司,其他
d96e5fa7-d02c-4e55-a3c3-88b1fa140a2c,1000大企業_年興紡織股份有限公司,其他
d4710b3b-af98-4fb9-a701-379f01c811ff,1000大企業_成霖企業股份有限公司,其他
ac9ee223-91af-401f-ab7f-91993462ceaa,1000大企業_旭德科技股份有限公司,其他
7ff47618-0e3f-45b4-87c9-9fb36660d06b,1000大企業_旭晶能源科技股份有限公司,其他
9ecefce0-83cf-46c1-90b3-5691a337cc6f,1000大企業_旭曜科技股份有限公司,其他
61375f38-ac05-47de-bdc8-0d0eb991e444,1000大企業_旭泓全球光電股份有限公司,其他
218efd88-0100-4cc8-98dd-f476ff56197d,1000大企業_旭隼科技股份有限公司,其他
082b3df5-37c3-4e72-81c8-f47ecb020af1,1000大企業_有益鋼鐵股份有限公司,其他
cd79deaf-25b2-4302-a3c2-42fddeaa3133,1000大企業_百一電子股份有限公司,其他
8f88f84c-f05f-409f-b806-99ef5656eff9,1000大企業_百和興業股份有限公司,其他
3d1532fc-b3fa-4008-9e5f-e7f4add98148,1000大企業_百略醫學科技股份有限公司,其他
327c5ab1-dc9a-4d64-afe7-964cafc328bd,1000大企業_百辰光電股份有限公司,其他
43c76ca4-843d-4674-a836-2bafe10cfff2,1000大企業_至興精機股份有限公司,其他
004fd2c9-b4ef-41f8-b632-0735a324363d,1000大企業_艾笛森光電股份有限公司,其他
745206d2-9fd6-4d17-b59e-5910b4bd6c0c,1000大企業_艾訊股份有限公司,其他
4a1f3246-1d44-48c5-bbaf-75831a753e1e,1000大企業_西北臺慶科技股份有限公司,其他
1a4ce8f1-ab72-4295-b1c2-589cdc9bc4a1,1000大企業_位速科技股份有限公司,其他
a6668291-7b3b-4e2e-b08e-4a38cfc0d25c,1000大企業_住華科技股份有限公司,其他
a5f35706-83dc-4a2d-8823-6dd58e711806,1000大企業_伸興工業股份有限公司,其他
d5c1287e-62b6-45b2-ad46-2021598e4743,1000大企業_利奇機械工業股份有限公司,其他
843f945b-8fb3-49cc-8f78-880d73d90a9e,1000大企業_利昇益工業股份有限公司,其他
ed340bf1-2d42-441b-a76d-11319bb221a6,1000大企業_均豪精密工業股份有限公司,其他
a6c5d8b4-7b2e-4f1e-9c6b-45d40dfc5578,1000大企業_妙春實業股份有限公司,其他
0b06a409-3d5e-403f-91c6-e31c5fcd120c,1000大企業_宏亞食品股份有限公司,其他
f564267b-3338-43ac-913a-2cbeb9df800d,1000大企業_宏佳騰動力科技股份有限公司,其他
de69e1ac-9ac2-4df6-b3ff-792d3da43c5e,1000大企業_宏全國際股份有限公司,其他
0c258a95-5796-4fe6-a901-48d93590c634,1000大企業_宏塑工業股份有限公司,其他
d9a2e0d9-bc93-4ac8-bcc1-100fd79bb9ee,1000大企業_宏寶國際企業有限公司,其他
20910f96-4c85-4a7d-9313-8334495a57a6,1000大企業_宏森光電科技股份有限公司,其他
e2c3a99d-d569-413e-a9b5-062ab8acd200,1000大企業_宏正自動科技股份有限公司,其他
a0fd3e12-94c8-443e-b179-aafc74f57913,1000大企業_宏泰電工股份有限公司,其他
b1eb07f2-0684-4c7c-af60-3a25f600e127,1000大企業_宏益纖維工業股份有限公司,其他
2aa432a5-c9ef-47f2-b6af-835b78a21513,1000大企業_宏致電子股份有限公司,其他
354b2c81-5b86-4af1-9912-a726479c4a42,1000大企業_宏達國際電子股份有限公司,其他
9be41f26-d0e9-4307-ba3e-c6312a0a1eb8,1000大企業_宏遠興業股份有限公司,其他
cd28767b-0af4-4503-8850-d1a9428774e3,1000大企業_宏齊科技股份有限公司,其他
4dc69ddd-b0c4-40d5-8a6b-71cd6fe49daa,1000大企業_希華晶體科技股份有限公司,其他
1e732a4a-65cd-4e66-a5cb-e2bc97dc7306,1000大企業_志一企業股份有限公司,其他
90cca081-0500-4be3-a459-f0df867a6a2b,1000大企業_志聖工業股份有限公司,其他
eb033fab-7837-4cc7-8c30-98ba1a2cb36f,1000大企業_志超科技股份有限公司,其他
93c3d813-4056-43f3-af8e-a29254e4dfdf,1000大企業_技嘉科技股份有限公司,其他
f0a921f5-6661-4c62-acca-a5b27d49d22d,1000大企業_李長榮化學工業股份有限公司,其他
b23e10fb-d78d-47e4-9863-2bb9d0accb76,1000大企業_李長榮科技股份有限公司,其他
536ff525-d723-4c14-97ad-6f6fa49c4363,1000大企業_杏輝藥品工業股份有限公司,其他
84f7555f-a005-41c6-8915-1c2d50a3213b,1000大企業_良維科技股份有限公司,其他
be32c319-76b6-4e29-808c-4587c13964e3,1000大企業_谷崧精密工業股份有限公司,其他
5a52c367-32f3-4960-8153-93b3b107c37b,1000大企業_貝民股份有限公司,其他
fc948839-4359-4797-b10d-0db0976ef584,1000大企業_車王電子股份有限公司,其他
5df84b6f-33ae-4c85-9099-d970cc32e781,1000大企業_辛耘企業股份有限公司,其他
758f4d9c-ccd2-427d-87cb-9ac2e08d2c82,1000大企業_亞力電機股份有限公司,其他
108a3140-7359-4261-a05d-47f3d608f907,1000大企業_亞崴機電股份有限公司,其他
15e61749-c2c8-4abb-9645-0611f9023054,1000大企業_亞弘電科技股份有限公司,其他
b46c1902-5f62-4513-ba1a-c6a03f589383,1000大企業_亞德客國際集團股份有限公司,其他
aaa379b1-ddd5-402f-9bf3-ef03d1a1cc32,1000大企業_亞旭電腦股份有限公司,其他
1890fc38-354d-4690-b796-7f17fa909c07,1000大企業_亞東預拌混凝土股份有限公司,其他
35cf158d-31a5-4568-989f-922d68df6623,1000大企業_亞泰影像科技股份有限公司,其他
6c4eee8e-f23d-46ef-82c9-62846a2100c0,1000大企業_亞洲光學股份有限公司,其他
f58b3913-b667-4bee-967a-f927a7840fde,1000大企業_亞洲水泥股份有限公司,其他
b47f245d-1194-48ee-bf80-51c18cd016b1,1000大企業_亞洲聚合股份有限公司,其他
34b4bf4d-5576-4a3a-97d5-1d48ef3a1646,1000大企業_京元電子股份有限公司,其他
8fc0587a-3d4b-43e5-8ead-9f5765a80854,1000大企業_京都商務旅館股份有限公司,其他
7f4ade76-e93d-4f5a-99be-b46a6cc16b2d,1000大企業_京鼎能源科技股份有限公司,其他
c90a615d-a072-4529-9fb6-f24b5015bbd4,1000大企業_佳世達科技股份有限公司,其他
88a0ad6a-ca2b-4a2c-8fa3-30cd3a01fe45,1000大企業_佳和實業股份有限公司,其他
022403b7-e7f9-4bee-94a6-0844600ca8e3,1000大企業_佳必琪國際股份有限公司,其他
ea15abbd-0942-4398-8021-357deb54b4eb,1000大企業_佳格食品股份有限公司,其他
d007403d-5d54-4fb8-b676-e8f3e0540bdd,1000大企業_佳能企業股份有限公司,其他
0048087e-e07c-4f3c-ab18-e89d7173fa97,1000大企業_佳龍科技工程股份有限公司,其他
c128df1d-ad29-45b0-855e-6eb728329456,1000大企業_佰鴻工業股份有限公司,其他
5cbb3226-2c13-410a-a85a-c6b1021527e8,1000大企業_佰龍機械廠股份有限公司,其他
9d7b2c0b-5bbd-4a62-bdf3-fdc9d73c7a17,1000大企業_協勝發鋼鐵廠股份有限公司,其他
de0430dc-1456-41cc-be44-7aca6cda090a,1000大企業_協明化工股份有限公司,其他
5a684324-beb9-4e6d-aa17-91432bc57448,1000大企業_協易機械工業股份有限公司,其他
3e85366e-49ad-4bd3-b456-029aa46fd6b8,1000大企業_協泰國際股份有限公司,其他
17c80aed-d466-456b-b325-85d15d31c315,1000大企業_協益電子股份有限公司,其他
92058305-92fd-42d3-a99f-f2bc2226fbc3,1000大企業_協祥機械工業股份有限公司,其他
691c31a6-9efd-44e8-9e4f-005c8cb87141,1000大企業_協禧電機股份有限公司,其他
abb09bc7-7c57-480d-b93e-f2cccab53322,1000大企業_協鴻工業股份有限公司,其他
70a66196-a2a5-44db-b2bf-23931fd68d82,1000大企業_味丹企業股份有限公司,其他
371cdd24-6599-4cf2-8dc4-5f984af1dc8b,1000大企業_味全食品工業股份有限公司,其他
eb81d346-12c4-4023-9cd2-4b585d9017f6,1000大企業_味王股份有限公司,其他
953fe1d3-e6a1-466b-91a2-0dff2c3b631a,1000大企業_和喬科技股份有限公司,其他
f6a96ae5-cbd3-4665-882c-f353ba216367,1000大企業_和大工業股份有限公司,其他
b7c9111e-c266-4612-9758-efd2ec91bd7a,1000大企業_和成欣業股份有限公司,其他
028a4f9b-7828-4a4d-8293-f1e33df04123,1000大企業_和桐化學股份有限公司,其他
78fdfbed-f46b-49a6-8f95-c790cbbbefb2,1000大企業_和益化學股份有限公司,其他
0c8f1637-ddb6-4288-820f-a3728e767494,1000大企業_和碩聯合科技股份有限公司,其他
5ce6f306-f3ca-40b3-8d6d-4ae9bad7dd4c,1000大企業_和鑫光電股份有限公司,其他
233ba71c-f7bb-4637-a6ec-4c4a988836b3,1000大企業_固緯電子實業股份有限公司,其他
8e966f62-0998-4fca-ae6a-0f5f3e096479,1000大企業_奇力新電子股份有限公司,其他
e2335d00-583f-40a6-91d4-84ff48baef78,1000大企業_奇景光電股份有限公司,其他
8da930ea-5cb2-4190-aded-63106a49bbfe,1000大企業_奇美實業股份有限公司,其他
562d3963-1009-43fc-a2aa-6ce89807828e,1000大企業_奇美材料科技股份有限公司,其他
9954c671-4a2f-4a68-bfab-13ceac8c41c8,1000大企業_奇菱光電股份有限公司,其他
9137e345-328b-4e23-845c-14b5e5d55002,1000大企業_奇鋐科技股份有限公司,其他
56c45857-a68e-4e38-913b-8cae993887b1,1000大企業_定穎電子股份有限公司,其他
8dc26dc6-3f2d-4a53-b65c-affc396d55b7,1000大企業_官田鋼鐵股份有限公司,其他
23862fc4-b367-4341-ae62-8308c94122ca,1000大企業_宜聯鋼鐵股份有限公司,其他
b90fea21-0cd1-46ed-9439-267896e28b27,1000大企業_宜進實業股份有限公司,其他
b58cd67f-7d0d-43f5-84b5-63fa16b294b8,1000大企業_宜鼎國際股份有限公司,其他
1926a11c-0125-4184-a67b-a7a42e372edc,1000大企業_尚多企業股份有限公司,其他
e9f01c60-2e4a-4512-90f3-e01fedc4c357,1000大企業_尚志半導體股份有限公司,其他
61235681-b584-4dbe-9c25-4bbe6b097e5a,1000大企業_岱宇國際股份有限公司,其他
7779f35c-1fde-4ef4-962e-3f3cc4a3e8fb,1000大企業_岱稜科技股份有限公司,其他
c49f3fc9-2c04-4705-a364-c49a9c1b8322,1000大企業_岳豐科技股份有限公司,其他
37e7fc2d-d394-4e91-adf7-2007041a2bcb,1000大企業_帛漢股份有限公司,其他
a845a338-57a6-4165-9dad-d9a35c38e519,1000大企業_幸福水泥股份有限公司,其他
4d963ddf-c3fa-4e36-bb7e-6fd613c00d03,1000大企業_怡利電子工業股份有限公司,其他
834afa97-345b-4fec-b948-33a484e71c5d,1000大企業_承啟科技股份有限公司,其他
39f7a6c1-5fcc-4866-a03c-b1e44b51260e,1000大企業_承德油脂股份有限公司,其他
607deb46-2161-4ac4-868a-91891b819fab,1000大企業_拓凱實業股份有限公司,其他
430bfbbc-655b-4080-b196-f0917f0d744c,1000大企業_旺宏電子股份有限公司,其他
491cf96b-ed7f-41e3-a6eb-55be67d309e7,1000大企業_旺矽科技股份有限公司,其他
df12b3c6-22da-4ddf-8cdb-da310fa91f3b,1000大企業_旺詮股份有限公司,其他
440ab049-8187-4b5b-a9ea-8c4a77ad3cc3,1000大企業_昆盈企業股份有限公司,其他
4dcdcd7c-f979-4023-a1f3-9d1bee1bc345,1000大企業_昂寶電子股份有限公司,其他
0c74d863-1350-41f4-8f84-fd5f7216fb9b,1000大企業_明基材料股份有限公司,其他
7686f364-0812-43db-a4b6-22317550faa2,1000大企業_明安國際股份有限公司,其他
6ef43c46-3e4c-46f3-a32b-6f41b61a2e7e,1000大企業_明泰科技股份有限公司,其他
6ffdaf7d-60a9-45a1-aaa6-65246a736692,1000大企業_昇興國際運通有限公司,其他
f50d0801-2881-4338-a454-3dbf1bac1dc3,1000大企業_昇貿科技股份有限公司,其他
5eaf7143-c5a9-40f0-94e5-d3e61ccdd600,1000大企業_昇陽光電科技股份有限公司,其他
084af787-f74d-422a-9d0a-cc8aea6b92fd,1000大企業_朋程科技股份有限公司,其他
25fcd7a9-23ce-4c2b-b5ef-80a2e042953d,1000大企業_東三積體電子股份有限公司,其他
6ddd5b8c-9094-4600-8d70-f34eee7dc654,1000大企業_東元電機股份有限公司,其他
88e7dcd6-fdee-4b7f-97bc-2c89f98e369e,1000大企業_東南水泥股份有限公司,其他
ba6aa8d4-07ba-4483-bfd4-4978ebc28735,1000大企業_東又悅企業股份有限公司,其他
c18db45e-45a2-45a5-80c0-21dfb98307cd,1000大企業_東友科技股份有限公司,其他
0df9f082-c3b8-4dbe-9fb2-3e097d92694d,1000大企業_東台精機股份有限公司,其他
5f6caf49-24d3-4239-b436-246c2b39f5b7,1000大企業_東和鋼鐵股份有限公司,其他
fe3ee647-de29-4f44-b578-e75e2ec5a009,1000大企業_東培工業股份有限公司,其他
aff14254-4bfb-468a-8e35-dcac7898de10,1000大企業_東峰股份有限公司,其他
e0721661-701a-4468-8501-d6cefcb8293e,1000大企業_東徽企業股份有限公司,其他
938b5689-c34d-45cb-b816-cfdac1520271,1000大企業_東捷科技股份有限公司,其他
c1b6fd6c-97e0-4203-a4ea-8866d70fa4a3,1000大企業_東浦精密光電股份有限公司,其他
8a668d32-257a-4f42-9e72-8815a06bbe2e,1000大企業_東盟開發實業股份有限公司,其他
92cb3dba-934c-4a52-80b7-9ccff06eaec6,1000大企業_東碩資訊股份有限公司,其他
4f11731d-ae50-40bf-80df-def12ace3d0a,1000大企業_東聯化學股份有限公司,其他
d5697f2b-437f-43d8-82f6-6b9047bcdc27,1000大企業_東華合纖股份有限公司,其他
66e927a0-ac94-440b-8b0c-7b997072d605,1000大企業_東訊股份有限公司,其他
7488162f-87ed-492d-af9a-8067fc31e952,1000大企業_東豐纖維企業股份有限公司,其他
844a07e2-9bf5-44c6-b926-99f9ffe90ad6,1000大企業_東貝光電科技股份有限公司,其他
38f755e2-44e6-4ec4-a95d-9c8a0601acc1,1000大企業_東鋼鋼結構股份有限公司,其他
dcd27c5c-47ef-4e2f-8fad-6dfe61995381,1000大企業_東陽實業廠股份有限公司,其他
9487e172-feee-474a-8aff-fa0909180670,1000大企業_東隆五金工業股份有限公司,其他
c6bcd8ec-d576-4d9f-aba6-b4f2f73cb8d2,1000大企業_東隆興業股份有限公司,其他
539cc152-5f11-4413-a1c3-5c4feb98a0a3,1000大企業_東雅電子股份有限公司,其他
29d19977-babf-4050-a011-3800e6ec0520,1000大企業_東雲股份有限公司,其他
1711b21a-42a0-46ad-99b3-92c7d1451a7c,1000大企業_松上電子股份有限公司,其他
e9634a6f-047a-4e76-9bb4-91d07fb0683b,1000大企業_松和工業股份有限公司,其他
a77926d5-47e1-49d7-b6f6-d656cdf608a3,1000大企業_松普科技股份有限公司,其他
400831de-0b2d-4466-84e2-c96206dede2e,1000大企業_松翰科技股份有限公司,其他
940b8b73-034b-49e0-85d6-9695cb705a1a,1000大企業_欣建工業股份有限公司,其他
bf272867-919f-479a-a22c-3690013ee3f9,1000大企業_欣興電子股份有限公司,其他
78cb13e4-df3d-4089-bec7-7aa60b05e344,1000大企業_欣銓科技股份有限公司,其他
77cc85c2-a265-42ab-af2b-56490e8b9744,1000大企業_波若威科技股份有限公司,其他
c6e6bbdc-c3e5-44e5-b0c9-9b2a5c597081,1000大企業_油機工業股份有限公司,其他
6943f61a-34ef-4c5c-9515-4f0b0c952315,1000大企業_炎洲股份有限公司,其他
4e22b24c-53e3-4cdf-9161-05c825f0610d,1000大企業_牧東光電股份有限公司,其他
f9a15109-1a84-4e91-80ef-2e44ee16fb53,1000大企業_矽創電子股份有限公司,其他
34774be8-7abd-40ff-b196-eac803728b6e,1000大企業_矽力杰股份有限公司,其他
804e4ce9-58c4-4ab7-9fe0-ccda95f0dd14,1000大企業_矽品精密股份有限公司,其他
0fc4d472-072a-428e-a19f-65f20cbe7a23,1000大企業_矽成積體電路股份有限公司,其他
97bad9ba-fdfc-4d1e-842f-848ebd5ee46f,1000大企業_矽格股份有限公司,其他
0847d5cf-3108-4a66-865e-ea92d9467ff4,1000大企業_肯微科技股份有限公司,其他
7b6fc3e7-7acf-41a1-a71e-a9b8a5b9faf6,1000大企業_花王(台灣)股份有限公司,其他
47f81167-6e56-454f-a40a-ce9772a170f2,1000大企業_迎廣科技股份有限公司,其他
25db4aa3-0065-4754-86d1-3a74c81418e1,1000大企業_金像電子股份有限公司,其他
b23ffcfc-60e5-4aee-8e0d-1366d8432b3c,1000大企業_金可國際股份有限公司,其他
24e9b9ed-b139-40b6-91d9-8e2933923957,1000大企業_金寶電子股份有限公司,其他
15762da9-f9b7-4996-85c9-bc1c01a441a0,1000大企業_金居開發銅箔股份有限公司,其他
7d665b29-bf20-40bb-8504-9a882790813b,1000大企業_金洲海洋科技股份有限公司,其他
93d91b19-ad0c-4546-9aec-3514de642b59,1000大企業_金益鼎企業股份有限公司,其他
3ff6cd30-7cb0-4a13-870c-0c78d06903a7,1000大企業_金豐機器股份有限公司,其他
3e8a2258-e600-4f25-b485-1b70eb147711,1000大企業_金車股份有限公司,其他
c22f9e60-53ff-4239-af02-3ec247d40bcb,1000大企業_金門酒廠實業股份有限公司,其他
f2523f05-5251-4209-9145-73330cc14b0c,1000大企業_長春人造樹脂股份有限公司,其他
596222d2-6321-45a8-bdcf-800838ffd8a6,1000大企業_長春石油化學股份有限公司,其他
5f77abc0-bb9f-4518-b8f3-4952f3cbc590,1000大企業_長興化學工業股份有限公司,其他
f1c0688a-bef4-44eb-b50c-bd03f44c7490,1000大企業_阿爾發金屬化工股份有限公司,其他
5024777f-0297-4434-a7e3-edb10e110bd7,1000大企業_信大水泥股份有限公司,其他
f17197e1-138a-423c-983a-52bfca908507,1000大企業_信昌化學工業股份有限公司,其他
734832c5-75cc-4119-9f9d-1c778ce3fc0f,1000大企業_信昌機械廠股份有限公司,其他
481baea9-454d-4a48-b7b3-8597d3b333f9,1000大企業_信昌電子陶瓷股份有限公司,其他
93d2616f-5771-4320-bae2-a9b5b28b89ad,1000大企業_信東生技股份有限公司,其他
e092db33-5db0-4ce4-a236-ec28ce6bd394,1000大企業_信通交通器材股份有限公司,其他
28f6b91f-72e5-485b-bc54-483e28894118,1000大企業_信邦電子股份有限公司,其他
08521f2e-e7e7-46fa-bca2-2713518be915,1000大企業_信錦企業股份有限公司,其他
1d8e4c36-a8d8-41ca-996e-3bdba961c236,1000大企業_信音企業股份有限公司,其他
36415deb-e963-47f1-b695-96816eab69f3,1000大企業_冠坤電子企業股份有限公司,其他
5608302c-8b91-4092-b664-4065dcb5feac,1000大企業_冠軍建材股份有限公司,其他
f10b112b-a845-4ea9-b375-fba61fee2c49,1000大企業_勁永國際股份有限公司,其他
44e6d516-4142-4cf0-9fd7-ec8038c1844c,1000大企業_南中石化工業股份有限公司,其他
fbfe32da-5617-4b3d-85f8-eea3e6e1b64f,1000大企業_南亞塑膠股份有限公司,其他
e2c5efdb-48c8-4da7-ab65-4a024028d412,1000大企業_南亞科技股份有限公司,其他
09f2702d-ccad-4547-9032-afedc13cd2af,1000大企業_南亞電路板股份有限公司,其他
e6f22d94-4486-4d2e-abc4-6ee7695e9fac,1000大企業_南僑化學工業股份有限公司,其他
f1a61b58-971d-4f24-8bb6-7f5f62c049ba,1000大企業_南六企業股份有限公司,其他
b07e2b6c-a074-409d-872a-f825a3a3937b,1000大企業_南寶樹脂化學工廠股份有限公司,其他
23c840a8-992e-4dc9-9e2f-810c85e1b526,1000大企業_南帝化學工業股份有限公司,其他
8fb19c31-ae6a-4d5b-9be6-db24114d45bf,1000大企業_南港輪胎股份有限公司,其他
453e7551-5e06-4edb-87f0-ba3cc97a76f8,1000大企業_南緯實業股份有限公司,其他
2d8eef14-ed49-4e6c-a9ad-dd75538d4406,1000大企業_南茂科技股份有限公司,其他
e79c4ccd-9bcc-4535-831f-9f0bf6a6486e,1000大企業_品安科技股份有限公司,其他
2122e37d-fcdb-44bf-96f4-0ca2cdd13c5c,1000大企業_奕力科技股份有限公司,其他
4322489d-f797-468a-9ec3-c043cb9ef3db,1000大企業_威剛科技股份有限公司,其他
0feacb35-b341-405f-9898-52a57902f173,1000大企業_威盛電子股份有限公司,其他
90ddb2a4-0a64-4a49-9ab5-6214df615539,1000大企業_威致鋼鐵工業股份有限公司,其他
1a4b5f45-fb95-4e41-8365-a745b90f89b6,1000大企業_威達電股份有限公司,其他
b20f2f53-c262-4e57-8568-35647de9db99,1000大企業_帝寶工業股份有限公司,其他
66fdc950-94db-43ff-8161-433dc4a82a29,1000大企業_帝聞企業股份有限公司,其他
0375bbe6-1109-456d-8dcb-29ebd13b402c,1000大企業_建上工業股份有限公司,其他
e5da8c27-a1c9-4e19-865c-193015a32701,1000大企業_建大工業股份有限公司,其他
c021c216-5910-494b-b3d5-fca320d87090,1000大企業_建成機械股份有限公司,其他
a80b6e1c-5e32-4b13-8334-b7c35163d847,1000大企業_建準電機工業股份有限公司,其他
e224a101-8db7-4cb5-ae24-a83281849d8e,1000大企業_建漢科技股份有限公司,其他
cb0d90b8-3e4f-420d-b58a-3e9628bbb869,1000大企業_建舜電子製造股份有限公司,其他
d5091ddd-2207-41ba-b0e6-aac5b58a187f,1000大企業_建通精密工業股份有限公司,其他
a3e69b39-0fcb-417b-b581-f5930cd35090,1000大企業_建錩實業股份有限公司,其他
71621ae2-ad02-44b5-a2b2-323454d4c846,1000大企業_建順煉鋼股份有限公司,其他
4185fe03-af96-47ce-9fa7-fa7acbb79680,1000大企業_春源鋼鐵股份有限公司,其他
d4aa15a7-f456-433f-9b79-8665dad6c36a,1000大企業_春雨工廠股份有限公司,其他
d46b70c5-2f48-4272-9fa2-8cb6eda66687,1000大企業_映泰股份有限公司,其他
1bda6c40-074f-4709-84e0-8ddacb3b4ecd,1000大企業_昱晶能源科技股份有限公司,其他
03b1a86f-75a9-4be4-9169-14735896c63d,1000大企業_昱龍不銹鋼股份有限公司,其他
e4503592-7df0-4533-9e35-72b0428de66f,1000大企業_柏承科技股份有限公司,其他
0eced6ba-bc77-420a-8eb9-9f6d2b1a7365,1000大企業_柏緯鐵工股份有限公司,其他
18a6ecb2-1fc4-4537-a4b2-1a4644e49bec,1000大企業_洋華光電股份有限公司,其他
f1205ab2-a0a4-464b-8c39-50ace1f53d18,1000大企業_界霖科技股份有限公司,其他
e25bea34-a4bc-47aa-b33f-28cbf6773e2c,1000大企業_皇田工業股份有限公司,其他
a22533b0-c786-461c-83cc-48b0b854fb54,1000大企業_盈正豫順電子股份有限公司,其他
67ffc59f-8369-4171-8a1f-7f037d2948d9,1000大企業_相互股份有限公司,其他
3fdb46a0-656e-46e4-b362-22d9447cd3fa,1000大企業_研揚科技股份有限公司,其他
8f7133a1-6873-4dd1-925c-87a201fbba27,1000大企業_研碩電腦股份有限公司,其他
740460de-c6c9-4e17-b9f1-51ecac63d173,1000大企業_研華科技股份有限公司,其他
67d5b37b-575a-47ac-94e7-ed73374eb856,1000大企業_美亞鋼管廠股份有限公司,其他
021caf52-f5af-488e-abf5-4b817fdd4f4f,1000大企業_美利達工業股份有限公司,其他
dd9ce6b9-210b-4651-8fff-c0147513c42e,1000大企業_美律實業股份有限公司,其他
bb672ee2-f2b4-4e50-8cde-e9c75da8a3ff,1000大企業_美琪瑪國際股份有限公司,其他
fcd63953-af29-4a9e-b78f-c1d90bbb42d6,1000大企業_美生金屬工業股份有限公司,其他
f8297a58-9df6-4ecf-830d-f22cb3cdbb22,1000大企業_美磊科技股份有限公司,其他
4473fb8a-7e7f-48c0-88c3-29a5c63a275e,1000大企業_美隆工業股份有限公司,其他
fd5ff9a0-2ffe-476a-9b39-d63c1cde902e,1000大企業_耐斯企業股份有限公司,其他
55b1a236-b13b-4787-9e34-cdb121e377fe,1000大企業_胡連精密股份有限公司,其他
ddc9ee2f-d32b-4084-a871-2af4f2094eee,1000大企業_致伸科技股份有限公司,其他
c79ab1ae-c5b5-482f-bbfe-7d0f27e0051f,1000大企業_致新科技股份有限公司,其他
f14a5581-5353-4702-ba62-b5af6a197dfe,1000大企業_致茂電子股份有限公司,其他
9e846090-ac89-4061-9a29-f6d5cc3b4024,1000大企業_茂德科技股份有限公司,其他
6f26b296-114c-4ce2-8355-138c92cd9b05,1000大企業_茂林光電科技股份有限公司,其他
e4c16cd6-e798-456b-bf4d-cb882dea1907,1000大企業_茂榮鐵工廠股份有限公司,其他
aca98bd3-b22c-4449-afd1-2dc5d36e5371,1000大企業_茂訊電腦股份有限公司,其他
6aff99af-ddf8-469f-8138-47585a1c9379,1000大企業_茂迪股份有限公司,其他
87bbea32-5eb0-4559-9d49-6cf3e08c0b9e,1000大企業_茂達電子股份有限公司,其他
587b765b-9bf6-4251-abe9-394127ffa3e5,1000大企業_茂順密封元件科技股份有限公司,其他
923af19c-6b51-493e-a500-e492c25a49fe,1000大企業_英全化學工業股份有限公司,其他
f07320d0-6c49-4712-bfb1-ca714ffb85fd,1000大企業_英屬開曼群島商泰鼎國際股份有限公司,其他
9020fb0a-48ed-4026-9ceb-a35cea9f3ce0,1000大企業_英格爾科技股份有限公司,其他
1662170a-8e87-40ec-88f1-c09b4a4b5a82,1000大企業_英業達股份有限公司,其他
84b50de2-3420-4fe1-b9bf-2381ae4d2622,1000大企業_英濟股份有限公司,其他
0a75a2c3-4736-43cb-95fe-b21d1ac57445,1000大企業_虹光精密工業股份有限公司,其他
df8d7dd3-a548-4d13-970c-1c34516398e3,1000大企業_風青金屬實業股份有限公司,其他
8c7f909c-2fc1-4008-bf81-9ac155e99762,1000大企業_飛宏科技股份有限公司,其他
f49c75c9-c0f2-429e-9caf-0efa412f4b48,1000大企業_飛捷科技股份有限公司,其他
b97c9567-cab6-487f-8463-336f0ed7a33f,1000大企業_首利實業股份有限公司,其他
d863b841-aa5a-46c1-a16d-1603dea8bb07,1000大企業_凌巨科技股份有限公司,其他
45ee0467-387c-4981-9282-d1663bd8493e,1000大企業_凌耀科技股份有限公司,其他
6ae3a411-643f-41b7-9e88-5bf000fff875,1000大企業_凌華科技股份有限公司,其他
85c10c35-a9b9-453e-b3da-da96d8659270,1000大企業_凌通科技股份有限公司,其他
b9b54d9e-7ef0-4224-9d86-aa944c58dcf2,1000大企業_凌陽科技股份有限公司,其他
c417d794-80b0-49f5-9f8e-245d42bcfb5f,1000大企業_原相科技股份有限公司,其他
c38a1d80-4b0c-4901-b55b-4ac18e692af0,1000大企業_唐榮鐵工廠股份有限公司,其他
f6d25481-96c3-4176-a0e8-1ffe5e68b21d,1000大企業_宸鴻股份有限公司,其他
49d951ce-3eae-4d4c-8b98-58e1a9e5736b,1000大企業_展宇科技材料股份有限公司,其他
97f988e8-a207-4a9b-9012-272e9b93234b,1000大企業_展頌股份有限公司,其他
fbb7dbb2-862e-4118-a791-3849314d5b4b,1000大企業_恩德科技股份有限公司,其他
ace3b3f6-7f13-4462-8daf-044da7f830f7,1000大企業_悅城科技股份有限公司,其他
017b40d4-09cc-45a7-a7a6-04dcc0843952,1000大企業_振曜科技股份有限公司,其他
652d05bb-af9e-455a-b41f-6990f73bc7f2,1000大企業_振樺電子股份有限公司,其他
d26753f2-540f-4b66-b6c7-e8d816f1c98d,1000大企業_振鋒企業股份有限公司,其他
3d7f617c-6b2f-4680-a5ad-9aa58bbf725d,1000大企業_晉倫科技股份有限公司,其他
aa722bdb-b87a-4921-aef9-ec41943a9d4a,1000大企業_晉椿工業股份有限公司,其他
49c7f58e-9659-4e4c-b9f5-20ace6746fe0,1000大企業_晉禾企業股份有限公司,其他
56f5519d-ceca-4e56-9c91-8adc04cf1869,1000大企業_桂冠實業股份有限公司,其他
9e54a9f0-d5c0-4867-8dd5-a523af7eb32d,1000大企業_泰博科技股份有限公司,其他
5260f80a-b910-4e18-90f0-d615288295ef,1000大企業_泰山企業股份有限公司,其他
c269da82-389b-4b3b-87d7-5bc8e46cad2e,1000大企業_泰慶皮革塑膠工業股份有限公司,其他
fcebfc31-8858-4c62-9cd0-84b059f7c1b0,1000大企業_泰林科技股份有限公司,其他
2113eabd-68cd-4e35-9736-e3bc95d5af0d,1000大企業_泰碩電子股份有限公司,其他
2459cd4a-04fc-4455-863d-3802844732a4,1000大企業_泰西企業股份有限公司,其他
3d286cd3-eabb-42d2-9757-504ed17a668b,1000大企業_泰豐輪胎股份有限公司,其他
6111f840-58a5-4c4a-953b-3cdb223802cd,1000大企業_泰金寶科技股份有限公司,其他
ce6d7282-f07b-434a-a2cd-c44f4fd98cc2,1000大企業_泰銘實業股份有限公司,其他
e6479bb2-3520-4441-8d0d-911904454bce,1000大企業_海光企業股份有限公司,其他
42474a36-fd17-4877-aded-3a6f15fbaaa5,1000大企業_海華科技股份有限公司,其他
1178f1ff-23a5-40aa-a3f0-bdbe9f7ff865,1000大企業_海韻電子工業股份有限公司,其他
dccd1b9f-eb30-4869-a236-cf31f981d603,1000大企業_浩鑫股份有限公司,其他
dd2f53f5-e2b3-430b-b0e2-a5cce6a42649,1000大企業_益通光能科技股份有限公司,其他
7ce3976b-71aa-4b90-b5be-bf2842f21062,1000大企業_神基科技股份有限公司,其他
5186c438-9002-47b0-8368-b57649ee9644,1000大企業_神準科技股份有限公司,其他
7a23a9ac-2571-4ca1-afde-a04997eb8674,1000大企業_神達投資控股股份有限公司,其他
354e8cb3-f645-4e5c-af64-a36d4fc80d18,1000大企業_神達電腦股份有限公司,其他
da87a099-1afa-449f-ac0a-0f506247ef50,1000大企業_耿鼎企業股份有限公司,其他
e35764f5-b9af-4c27-b8e2-24122f06d819,1000大企業_訊舟科技股份有限公司,其他
af091c44-cf3e-4b6f-bf2d-3415906f41be,1000大企業_軒鴻實業有限公司,其他
cdd7be9d-5e66-4d2d-b0d4-3d9a96aaec68,1000大企業_陞泰科技股份有限公司,其他
2c12d110-fc11-4cd9-82a8-d16da1c07fcf,1000大企業_高力熱處理工業股份有限公司,其他
2f827386-2361-4421-afd0-7a26741668c9,1000大企業_高林股份有限公司,其他
7bcf0274-7bba-4897-89cc-ea9a79a4b091,1000大企業_高盛電子科技股份有限公司,其他
787136ac-0472-4909-982a-c0073a5d8f6c,1000大企業_高鋒工業股份有限公司,其他
bf247680-04d4-441b-bea9-55bc4514cc78,1000大企業_高雄塑酯化學股份有限公司,其他
a393432c-7bda-4c01-8298-f24758333783,1000大企業_高雄富國製衣股份有限公司,其他
1fc5473e-c090-4fc4-90e0-fbe13d4dc406,1000大企業_高雄晶傑達光電科技股份有限公司,其他
e902492e-84ef-4727-b8c1-f6163df54ff3,1000大企業_偉全實業股份有限公司,其他
f747399c-ff64-4c22-9e45-902c0ffed12f,1000大企業_偉訓科技股份有限公司,其他
ab4f38b9-3c7e-4edb-a69f-5cb4f2ba58ae,1000大企業_健和興端子股份有限公司,其他
ae54cc70-97f0-4d21-9a77-60e5649b8776,1000大企業_健策精密工業股份有限公司,其他
0e7a8a7a-60e2-408a-a152-0e7ab62edff2,1000大企業_健鼎科技股份有限公司,其他
f3553570-516a-4661-9df4-c85a23562358,1000大企業_國喬石油化學股份有限公司,其他
5a1ab9c7-4330-47d7-bebe-111e75874b3b,1000大企業_國宏股份有限公司,其他
ad402d41-2b9f-4e25-93a5-375af6c9b765,1000大企業_國巨股份有限公司,其他
495c8eb7-aba3-46c5-8043-8645a7df03fc,1000大企業_國慶化學股份有限公司,其他
22a852f9-2aeb-4933-8081-081aeaaedbbf,1000大企業_國瑞汽車股份有限公司,其他
bcaba198-39ac-46d3-bef0-a57cd41efa55,1000大企業_國產實業建設股份有限公司,其他
a0486adf-9278-477a-b08e-d8c18be23629,1000大企業_國碩科技工業股份有限公司,其他
a7a7fe31-172e-4f62-96c7-702c8f7e5bee,1000大企業_國精化學股份有限公司,其他
044a7517-b3b7-48b1-a7a1-4b56cdb5ed19,1000大企業_國興畜產股份有限公司,其他
c8738227-790b-49e1-9833-21a43106c18e,1000大企業_基盛(開曼)控股股份有限公司,其他
5af8a33a-9e62-44c5-bf85-7f2bde9228ac,1000大企業_崇友實業股份有限公司,其他
a5b7698c-6c64-4ea1-8c41-336c9f33f3f9,1000大企業_崑洲實業股份有限公司,其他
cb55134c-4346-41ba-a34f-c89bbc0b2a56,1000大企業_崧騰企業股份有限公司,其他
9229d918-807a-40cd-a7ca-c2a568bc44b0,1000大企業_康全電訊股份有限公司,其他
0965aa32-f9b1-404e-b613-ce39ea5ba2a3,1000大企業_康普材料科技股份有限公司,其他
05c34560-5157-4e02-a31c-7ec1a3e431d8,1000大企業_康舒科技股份有限公司,其他
5c06600f-d7e4-4ee6-9313-896ee0d87c7b,1000大企業_康那香企業股份有限公司,其他
efe43f70-a423-4f57-805f-62f271519bdd,1000大企業_強新工業股份有限公司,其他
25e693aa-8c8c-4056-9c1e-645e66d26031,1000大企業_強茂股份有限公司,其他
5f39443a-95d3-43ea-a8e3-120949f9c327,1000大企業_彩富電子股份有限公司,其他
e5b45139-0a72-48df-922f-df21a918c699,1000大企業_得力實業股份有限公司,其他
76181e6c-1a70-4f19-8bda-63725788bb78,1000大企業_捷波資訊股份有限公司,其他
b438905e-4f36-43f4-88ad-387ee2d675f5,1000大企業_捷邦國際科技股份有限公司,其他
ee0990fb-3cf7-46e7-8a07-5659b8074bf4,1000大企業_啟碁科技股份有限公司,其他
3be78c71-1a4a-4654-94cb-2e3fadc90c08,1000大企業_梧濟工業股份有限公司,其他
081d411a-205b-49b7-83cd-f8c1ee934b1a,1000大企業_淳安電子股份有限公司,其他
7f64527a-51d1-4ac8-a5cc-7b1fd1b24853,1000大企業_產協企業股份有限公司,其他
d61663b6-c2e4-46fb-88bf-c011062cd0ce,1000大企業_盛群半導體股份有限公司,其他
da74a28b-771f-4d41-9cfa-9e19d404a69d,1000大企業_盛餘股份有限公司,其他
23acc2b9-3c80-4fb7-8234-f78ee9f139ef,1000大企業_祥圃實業股份有限公司,其他
915aa094-1075-432b-b8ee-6d9110da99a9,1000大企業_祥興鋼鐵工業股份有限公司,其他
1737d4c5-3595-430f-81c5-2bfca6cf3e8d,1000大企業_第一伸銅科技股份有限公司,其他
9460c61d-a22b-4338-bf4c-a10496001e74,1000大企業_統一企業股份有限公司,其他
9b691a9a-a346-4179-b99a-a3abf602f617,1000大企業_統一實業股份有限公司,其他
2a557aa7-d00a-4a0a-b60b-ead72155bfc5,1000大企業_統一武藏野股份有限公司,其他
291ce8d4-0ba4-4916-a6a1-a12ee2781395,1000大企業_統盟電子股份有限公司,其他
bf257398-ffd8-4239-b2a6-9190ef92934c,1000大企業_袖珍盒子有限公司,其他
ef3cab1b-b202-4398-ab44-8c7265cc1352,1000大企業_通用先進系統股份有限公司,其他
6ce42e4e-7655-45fd-970a-d20a22a1b13b,1000大企業_連展科技股份有限公司,其他
ae38e032-3187-4d17-9c24-af154c030b08,1000大企業_麥迪生國際股份有限公司,其他
bd818739-5eb9-4bcf-8bd0-57e5e37f0260,1000大企業_凱景實業股份有限公司,其他
837791f3-e315-425f-9379-cb3ee775b073,1000大企業_凱美電機股份有限公司,其他
e9bd699c-d9bb-4d94-a298-f3dccb49bc98,1000大企業_創傑科技股份有限公司,其他
ccf219a7-7911-4991-ac04-c979f36f2525,1000大企業_創意電子股份有限公司,其他
7f931ff1-224f-4f10-82bc-d790f526b747,1000大企業_創見資訊股份有限公司,其他
8fb8e747-2977-4a99-a875-b1e401476599,1000大企業_勝一化工股份有限公司,其他
6ccad720-480a-41a1-997a-9ef42431c976,1000大企業_勝創科技股份有限公司,其他
cd609f27-c34f-4cda-affb-655936fc640e,1000大企業_勝德國際研發股份有限公司,其他
b478476b-fc3d-4c1a-826c-c69bd88151ba,1000大企業_勝華科技股份有限公司,其他
25ac0fc1-b094-467a-8ad1-8ea213e9f924,1000大企業_勝開科技股份有限公司,其他
7a16a1b6-25f6-41e9-88bb-1130c3d2c861,1000大企業_喬山健康科技股份有限公司,其他
5bb9b8c6-5b9e-4cec-93df-a63f88527ce5,1000大企業_喬鼎資訊股份有限公司,其他
86d367c8-0989-46af-908d-6ee8ca1c7ecb,1000大企業_堤維西交通工業股份有限公司,其他
e9ddb98a-095a-4b3e-85d3-bbab434c9529,1000大企業_富味鄉食品股份有限公司,其他
7bcc6382-a30f-4571-8110-5f62e8f2fa11,1000大企業_富喬工業股份有限公司,其他
1283dbea-31c9-4391-8d2a-4aeccd37f97b,1000大企業_富強鑫精密工業股份有限公司,其他
646974a2-8e37-4cbb-9155-201a3072e184,1000大企業_富海工業股份有限公司,其他
4e101edf-14e4-43d5-bf32-d4a5087c50de,1000大企業_富積電子股份有限公司,其他
fd2ef975-067e-413a-a505-533f31d82658,1000大企業_富順纖維工業股份有限公司,其他
b486fa50-d599-459a-8bd3-3f4741783401,1000大企業_富驊企業股份有限公司,其他
4ade3453-6717-4ad7-95ed-046ab616928f,1000大企業_富鼎先進電子股份有限公司,其他
4a9abdb2-28b6-4457-8884-5684881628ed,1000大企業_崴強科技股份有限公司,其他
238ed9ae-12b9-4bb2-9e84-c9fd611cae76,1000大企業_崴立機電股份有限公司,其他
e7ee9031-288f-4974-8f67-164828fcec12,1000大企業_幃翔精密股份有限公司,其他
bf9eb36c-7100-414f-b608-2a24877f598a,1000大企業_復盛應用科技股份有限公司,其他
0d88f86e-d8f0-405f-94a4-3555dcbc244d,1000大企業_復盛精密工業股份有限公司,其他
923c55a5-6756-4ef5-913d-319110415528,1000大企業_復盛股份有限公司,其他
0b24dd9e-f1f2-42b0-8941-95e4c412703e,1000大企業_惠光營造股份有限公司,其他
707a6460-d416-4b43-9d37-1ee6d49ca62c,1000大企業_揚博科技股份有限公司,其他
02d455bf-458f-45f9-a95a-3f6d14a6f73c,1000大企業_揚明光學股份有限公司,其他
2b4553e2-58c4-4795-b766-415baef79041,1000大企業_揚智科技股份有限公司,其他
8971797a-78c3-41a2-96ab-7c005e3378b7,1000大企業_敦南科技股份有限公司,其他
a65eb507-769f-47df-90c8-d594d5513a95,1000大企業_敦泰電子股份有限公司,其他
06a26bea-d2a7-4ad9-86ab-5fdb3fd32503,1000大企業_晶元光電股份有限公司,其他
2f7d96eb-4671-4d57-a98e-a4a8b9572629,1000大企業_晶睿通訊股份有限公司,其他
c9cc0fc7-c3c3-4db4-967e-5932af019d18,1000大企業_晶美應用材料股份有限公司,其他
4cba5a67-7614-4295-bdde-4e6095a1cb9f,1000大企業_晶豪科技股份有限公司,其他
e2c132f1-9cc0-4594-90a2-c5b4a783006b,1000大企業_景智電子股份有限公司,其他
e9493eaf-a3ea-496f-ba7c-3929eecafb4c,1000大企業_景碩科技股份有限公司,其他
1fbb26e8-c293-4649-bbb5-bef764242abe,1000大企業_智伸科技股份有限公司,其他
e8965aa0-fe6a-48bc-9bd4-ea7c2a1c8fa2,1000大企業_智原科技股份有限公司,其他
21f4f130-cb44-4298-82ee-721a6d6fc63a,1000大企業_智易科技股份有限公司,其他
a5049df2-98fe-4961-baea-ba640127243d,1000大企業_智邦科技股份有限公司,其他
56584a92-81ba-4c31-9d73-1bdc38aa1aad,1000大企業_朝友工業股份有限公司,其他
fff076b9-ffa8-4376-a1c4-5e5a7fd5359c,1000大企業_森鉅科技材料股份有限公司,其他
49607bca-24cf-4f95-8530-075232318b74,1000大企業_湧德電子股份有限公司,其他
adc19090-d57e-4307-a0ef-a3f0729a807e,1000大企業_程泰機械股份有限公司,其他
db173c5a-6b6f-4e5c-9189-61c09dbdb704,1000大企業_結進材料科技股份有限公司,其他
7e174637-fe47-428f-bde3-d400e006f3fd,1000大企業_華亞科技股份有限公司,其他
6613743c-2856-42c6-9fae-d29b33969410,1000大企業_華冠通訊股份有限公司,其他
895c5e27-0981-41b9-8ac8-cbfe811d672d,1000大企業_華創車電技術中心股份有限公司,其他
30e7cf09-4143-4fb1-b4e8-b52b9635521c,1000大企業_華城電機股份有限公司,其他
355824fa-d320-4dee-867c-18d98ceca4ae,1000大企業_華夏海灣塑膠股份有限公司,其他
b8150ddd-4e43-4321-8e91-1100c26744f3,1000大企業_華夏玻璃股份有限公司,其他
3ae46f74-c47f-49f1-af92-397b1ff0b211,1000大企業_華孚科技股份有限公司,其他
46366462-d5dc-44f8-b6c6-346605c46e81,1000大企業_華宏新技股份有限公司,其他
77e7af55-f31e-4b6a-93e4-cbfce367f4aa,1000大企業_華德光電材料科技股份有限公司,其他
779f8bdb-ee8f-4a7c-860b-5411777d62c2,1000大企業_華成電子股份有限公司,其他
e60640cc-b2f0-41c2-9e2b-85387fa20e70,1000大企業_華擎科技股份有限公司,其他
4b002863-93e5-4ebb-9c78-527d1d650d81,1000大企業_華新科技股份有限公司,其他
155e89ee-978d-4280-8a6b-3634d340ab1e,1000大企業_華新麗華股份有限公司,其他
bea594ab-42df-4d65-8f27-34fe7c299b7b,1000大企業_華星光通科技股份有限公司,其他
bb18abb1-d3e9-40d8-8198-8dc75ccd9c96,1000大企業_華晶科技股份有限公司,其他
fa5448a7-752d-43f0-ad27-f53b4fc7a3f5,1000大企業_華東科技股份有限公司,其他
a9d8e2b0-6f6b-4dcf-8a18-02c82ee30081,1000大企業_華榮電線電纜股份有限公司,其他
ee8628f4-5494-447a-a2fc-99dacb1decb6,1000大企業_華泰電子股份有限公司,其他
5a2eab36-85df-4bc2-8048-438a14cc8bc2,1000大企業_華淵電機工業股份有限公司,其他
4ca0efc7-ddde-48bc-a0d9-46def5a244f0,1000大企業_華祺工業股份有限公司,其他
f9572a99-9282-4d18-a492-0905dde38c63,1000大企業_華美電子股份有限公司,其他
40e00d2a-156d-4b80-811f-6c0d62fbb3ba,1000大企業_華豐橡膠工業股份有限公司,其他
d53dd8b4-1227-4331-9fa5-0d109d81185b,1000大企業_華通電腦股份有限公司,其他
665c9e2d-0ca5-4427-8193-1f631715e36e,1000大企業_華邦電子股份有限公司,其他
fa92e4e8-e30d-40da-ab4d-d0da4cfd2b75,1000大企業_華騰國際科技股份有限公司,其他
18cb2688-4ac2-411a-8718-69669eaa7caf,1000大企業_菱光科技股份有限公司,其他
407e2f9d-8fea-4363-92a3-530ff0e612cc,1000大企業_菱生精密股份有限公司,其他
83b5d32f-ac46-484b-9d00-f85e07373e7e,1000大企業_菲力工業股份有限公司,其他
4c59c06c-2ea2-4d5c-9c2c-3db5a900d29b,1000大企業_詠嘉科技股份有限公司,其他
d5e29e13-8d81-437c-9496-ca35e3531131,1000大企業_詠星企業股份有限公司,其他
2e71ac34-0ce1-48f7-812e-e9dbb6bd97bf,1000大企業_貿聯控股公司股份有限公司,其他
6e4005f9-f6b4-4981-94a5-d5a10b3b76bb,1000大企業_越峰電子材料股份有限公司,其他
0883e1e6-e150-41a3-a4dc-2c9edf65de65,1000大企業_超眾科技股份有限公司,其他
4e2cc459-185f-4b36-8973-31c3d947658c,1000大企業_超秦企業股份有限公司,其他
e1960e87-7af6-49fb-8691-8fc13c31b612,1000大企業_超豐電子股份有限公司,其他
be7e4387-6332-4d7b-b2aa-ad40a35e6380,1000大企業_開曼東明控股股份有限公司,其他
777f884a-a037-4865-9a79-a03c0b3bca7b,1000大企業_閎暉實業股份有限公司,其他
adf8dce3-6924-48f8-ad5c-4157e3d6239a,1000大企業_陽光能源控股股份有限公司,其他
2563cf68-8d07-4184-9641-447cb3be559e,1000大企業_陽程科技股份有限公司,其他
4066e5f0-a58e-48d4-9fce-1f703dd0eaa2,1000大企業_隆達電子股份有限公司,其他
a5479bff-1e9f-41eb-82b8-bef3fa234267,1000大企業_雅博股份有限公司,其他
d14533b2-69f5-4a1a-a7df-da5ad00121b1,1000大企業_集盛實業股份有限公司,其他
56d59bf1-7b46-4c20-a0ed-6c8d671b2a02,1000大企業_順德工業股份有限公司,其他
92c019f5-bca9-424f-93e8-6e5a408ce8a5,1000大企業_順捷股份有限公司,其他
a1916e45-a4ea-4230-9e8c-f5ce02009d93,1000大企業_順昶塑膠股份有限公司,其他
dd6de5f2-ab02-4136-9a98-b7ac2bd99b0c,1000大企業_順達科技股份有限公司,其他
937d93d7-9051-402d-b6dd-8b67ca3cc09f,1000大企業_黑松股份有限公司,其他
7236437f-ef5d-4d73-9978-10d813db5caa,1000大企業_勤美股份有限公司,其他
84aa04a6-3dcb-441c-9e79-852b15de1736,1000大企業_勤誠興業股份有限公司,其他
871c5994-6dfb-4268-95e4-c72eb8e83bab,1000大企業_微星科技股份有限公司,其他
64ae5a79-56d0-447a-be28-496add76fb97,1000大企業_愛之味股份有限公司,其他
16dac84d-c1e5-401b-b413-a2738d0bc455,1000大企業_愛地雅工業股份有限公司,其他
7e3f41dd-4fa8-4add-bcf4-cac5575fd05f,1000大企業_敬鵬工業股份有限公司,其他
c9ebf4e1-7611-44b2-a8c8-45ad3273da6e,1000大企業_新世紀光電股份有限公司,其他
dbc7316d-1b0b-4f65-ac1f-0b620322194b,1000大企業_新光合成纖維股份有限公司,其他
d6f199ff-85a9-4938-af8f-18d38f66baa4,1000大企業_新光鋼鐵股份有限公司,其他
3b9083f2-ca6d-4deb-8f34-a422f3c19c43,1000大企業_新唐科技股份有限公司,其他
d8f7486b-8598-4a12-a4cd-ee5a2ff12240,1000大企業_新寶元鋼鐵股份有限公司,其他
09ba0315-1aa6-4a6e-b0f5-66ec113b1634,1000大企業_新巨企業股份有限公司,其他
1e1dde06-2123-4708-8a33-1c0a2e2f4a64,1000大企業_新文欽五金企業股份有限公司,其他
348cb2ac-de0a-44d4-9e49-a365665cce7c,1000大企業_新日光能源科技股份有限公司,其他
6fbd271f-d1ab-42ed-9d1f-2c852d368d4a,1000大企業_新日興股份有限公司,其他
f265897b-5df1-475f-b372-92dd08093e10,1000大企業_新普科技股份有限公司,其他
cc6fa13b-3946-4d44-8c74-b10428704619,1000大企業_新東亞微電子股份有限公司,其他
60b501a6-6a77-499c-9e8c-1217ef6a1f1b,1000大企業_新格發企業股份有限公司,其他
6fa705d0-464a-4403-b4ef-966b7b0bb447,1000大企業_新橋實業股份有限公司,其他
e653e6cf-7071-476e-804c-605dd226b239,1000大企業_新漢電腦股份有限公司,其他
7d16b6b1-4869-43af-8e34-a118bb0bb317,1000大企業_新焦點汽車技術控股股份有限公司,其他
7b59a6e2-2f84-4fff-931d-e243ca3ac95b,1000大企業_新科光電材料股份有限公司,其他
30080244-ada4-4fd0-9861-787e260a715e,1000大企業_新至陞科技股份有限公司,其他
4e616c95-6531-4879-a7b7-12e150a5085d,1000大企業_新鉅科技股份有限公司,其他
d5ae3fb1-53fd-4e29-b7a4-2b524489a6b7,1000大企業_新鋼工業股份有限公司,其他
175212ac-f7d8-4421-8703-666c174f8fc6,1000大企業_新麗企業股份有限公司,其他
2ff55074-47bb-4392-bed6-190da28e252c,1000大企業_新麥企業股份有限公司,其他
8d8d45d7-58cc-4aef-83a1-974b55058716,1000大企業_業強科技股份有限公司,其他
674f0800-24bf-445b-a80b-d1e110a979ce,1000大企業_楠梓電子股份有限公司,其他
50baace8-0fb7-4e68-bc86-c85f21544a93,1000大企業_楊子江船業股份有限公司,其他
0ae1002e-1eff-4e6d-a9b4-0979279e99da,1000大企業_瑞傳科技股份有限公司,其他
058c8a69-c2a1-4237-b572-2681c1f62209,1000大企業_瑞儀光電股份有限公司,其他
aaf27304-37fb-4ed7-86b8-1fb56dc969ae,1000大企業_瑞利企業股份有限公司,其他
9f86a9e6-d119-452c-8ade-03ed837536f2,1000大企業_瑞士遠東股份有限公司,其他
011ad1b0-6a07-44fc-b436-e8391304c1e1,1000大企業_瑞昱半導體股份有限公司,其他
fb4a239b-aa43-45d7-bdbb-b0eb85d50150,1000大企業_瑞晶電子股份有限公司,其他
cd25b795-2fbd-456f-8ef2-c5cae5a68f97,1000大企業_瑞智精密股份有限公司,其他
c673d271-3a73-46b3-ab18-76789816a56d,1000大企業_瑞軒科技股份有限公司,其他
f11dd67f-7be1-40a5-940c-69fa3c7b981e,1000大企業_瑞鼎科技股份有限公司,其他
a9cfff0a-23c0-4b94-877c-be609a7a3c12,1000大企業_盟立自動化股份有限公司,其他
fa30553a-3ff9-45ba-840a-45f3fe0efd54,1000大企業_萬國科技股份有限公司,其他
8b2d6224-7680-4b9b-9c92-d03072501533,1000大企業_萬國通路股份有限公司,其他
aa5b18f3-2c46-4abb-9d08-a7f0e2c0c9f1,1000大企業_萬旭電業股份有限公司,其他
7c3383ab-bbae-4819-826d-ada8f08a23ed,1000大企業_萬泰科技股份有限公司,其他
a49d0dfd-6492-4ce1-9f49-844d74a683af,1000大企業_萬洲化學股份有限公司,其他
1a7a2528-863b-452d-9230-9df722c26c36,1000大企業_義隆電子股份有限公司,其他
a1a47926-f4fc-47c4-a7c2-f96720c2dbeb,1000大企業_群光電子股份有限公司,其他
ab348aff-5fa0-4595-ad43-517a14cac5d4,1000大企業_群光電能科技股份有限公司,其他
b2e7d42e-129e-4e86-92bc-efa60ad38e6e,1000大企業_群創光電股份有限公司,其他
80667e25-10cb-486a-a2f2-ed30931ac8f5,1000大企業_群聯電子股份有限公司,其他
f487f1cb-8d0b-4d59-b8ad-83127ddfe2e2,1000大企業_群豐資訊科技股份有限公司,其他
29a4621d-0970-48cd-9e79-e2bdc2a88e0a,1000大企業_葡萄王生技股份有限公司,其他
2a9275bb-278f-4ec5-84c1-ad424fee72f2,1000大企業_裕力機械股份有限公司,其他
3f068dce-0093-4bc7-a3b2-3fb85d2ac8c4,1000大企業_裕挺工業股份有限公司,其他
363fd6b6-5d8b-4f29-9213-fe4e65c03230,1000大企業_裕笙工業股份有限公司,其他
2798bd72-4100-400e-86f6-e37578d8f568,1000大企業_裕鐵企業股份有限公司,其他
7bc33b29-49c4-49ef-875b-5a899a2e6a94,1000大企業_裕隆集團股份有限公司,其他
c5e73d34-194c-4d17-a8f9-d9941744a27c,1000大企業_誠研科技股份有限公司,其他
9d536850-1e3b-4ec3-b4a4-21a3e5647ec3,1000大企業_詮欣股份有限公司,其他
1891d096-1b8f-4e78-87e9-9888e0a42462,1000大企業_路竹新益工廠股份有限公司,其他
b2d80fb9-9d39-4c8d-8785-892bb3de5b45,1000大企業_達佛羅企業股份有限公司,其他
94ca4c10-fb41-4dfe-853f-621ec1747ad9,1000大企業_達成聚化股份有限公司,其他
2e12a3d2-8e5c-49ab-ad34-e46010b219d2,1000大企業_達新工業股份有限公司,其他
3f4f77ee-b20f-4789-9fa2-b6ce8163375a,1000大企業_達方電子股份有限公司,其他
35797ea4-ec9f-4166-ac97-8ef9952fe817,1000大企業_達興材料股份有限公司,其他
ded3467b-50c6-49d5-80b0-bedd909cb8e7,1000大企業_達輝光電股份有限公司,其他
cf21ca03-01f5-4fd2-860c-de2c7e0ae1a6,1000大企業_達鴻先進科技股份有限公司,其他
8888d886-66b4-4b5c-ba80-3c84f447c5c1,1000大企業_鉅明營造股份有限公司,其他
1fbddf5f-8f75-4131-9127-1c2eb87ebe0e,1000大企業_鉅明股份有限公司,其他
a16051b6-f2bb-4863-88ba-c3c7f39f1c37,1000大企業_鉅祥企業股份有限公司,其他
ba09d013-6b6e-4018-a3cd-60165946c9f9,1000大企業_雷科股份有限公司,其他
bd448849-8987-480e-9911-dc2252cf462f,1000大企業_鼎元光電科技股份有限公司,其他
9e3ef63a-12ad-4a7c-8a3d-b809496eb08f,1000大企業_鼎翰科技股份有限公司,其他
6223edb7-e78d-48d8-be03-ff41c34bbf2a,1000大企業_僑威科技股份有限公司,其他
d587244a-a3b5-4a1c-865f-da619f900fdb,1000大企業_嘉彰股份有限公司,其他
4cd7c623-87ac-4ed6-a211-3928326d18ab,1000大企業_嘉捷科技企業股份有限公司,其他
e2cc2a66-313f-481d-9873-4eff811c0e6b,1000大企業_嘉新水泥股份有限公司,其他
fda803cd-c82a-4de0-a3fe-5bbe0e4c3f8c,1000大企業_嘉澤端子工業股份有限公司,其他
8f42172e-3b30-48c8-bb99-49c22abe9c5f,1000大企業_嘉聯益科技股份有限公司,其他
29de85a9-4567-43b7-a2c7-112cc903d4d7,1000大企業_嘉裕股份有限公司,其他
839d2dc7-4426-41aa-9240-4cc58a545a94,1000大企業_嘉豐海洋國際股份有限公司,其他
69ac2c76-c165-49b7-8ece-e6a9d728df78,1000大企業_實盈股份有限公司,其他
12b394c3-1a84-4a7d-add3-c612a44c803b,1000大企業_彰源企業股份有限公司,其他
7963bc10-d4e8-491a-9e87-90395fa8d339,1000大企業_旗勝科技股份有限公司,其他
ec5fab14-37f9-402a-8c9d-7c7da9e7b4b7,1000大企業_榮剛材料科技股份有限公司,其他
62e8817d-a8e6-4588-85cb-c20dae4ec38b,1000大企業_榮創能源科技股份有限公司,其他
28f53a6d-75cd-4e3a-8bb2-8a83a4d94988,1000大企業_榮成紙業股份有限公司,其他
e30f8b39-8de4-4d15-9c87-9ff2dbf18a27,1000大企業_榮星電線工業股份有限公司,其他
68863222-defe-4cbc-81f2-a646a81f42f1,1000大企業_榮輪科技股份有限公司,其他
0e9ec41b-2d3e-4ee0-9c3f-b5c6e8519342,1000大企業_漢平電子工業股份有限公司,其他
1bcc4333-04a6-4f50-bb3e-96ffa7c5cc83,1000大企業_漢民微測科技股份有限公司,其他
7ddc7816-88b3-4613-ab8e-cd07d51b5769,1000大企業_漢泰鋼鐵廠股份有限公司,其他
564adfda-d386-4b49-a9b3-f83e33e26f2d,1000大企業_漢磊科技股份有限公司,其他
e967f9c5-f9a3-485a-80c3-d1b241492c8b,1000大企業_漢翔航空工業股份有限公司,其他
0a9941b5-3989-4d31-87dd-cb8098a6f2ad,1000大企業_漢鐘精機股份有限公司,其他
cd5cc9ce-5143-4061-8c33-a0e71c2e6a57,1000大企業_熒茂光學股份有限公司,其他
09b645c4-8d96-445a-9198-482151870af0,1000大企業_碩天科技股份有限公司,其他
000b80d2-fb53-4ebf-b234-75c12734761f,1000大企業_碩禾電子材料股份有限公司,其他
825d9905-0dc7-46b4-9574-407f0dc639df,1000大企業_碩達科技股份有限公司,其他
7a189658-7a2d-426e-8ba8-4c82dedb8886,1000大企業_福壽實業股份有限公司,其他
6e3bc19e-cd8f-44ac-8b60-13dd2faa10f7,1000大企業_福懋油脂股份有限公司,其他
2388fc4a-da46-438d-9293-80c0ec2309c4,1000大企業_福懋科技股份有限公司,其他
c98c0922-8a62-4575-b25e-e890ff45661a,1000大企業_福懋興業股份有限公司,其他
f5644fca-8d65-446c-b01a-612807a0bc23,1000大企業_福特六和汽車股份有限公司,其他
92e9eb20-8b10-4976-83d2-18fdbc6155e3,1000大企業_福華電子股份有限公司,其他
589d8f00-f635-4fe3-af13-abae9e8bd78c,1000大企業_福裕事業股份有限公司,其他
073c2cc7-62ba-4801-852c-26dec4aaf057,1000大企業_精元電腦股份有限公司,其他
387b5962-e1fb-4285-b2b5-2262a1eca239,1000大企業_精成科技股份有限公司,其他
28efe4ba-d6bf-40b1-b977-ab75a6b84fdb,1000大企業_精材科技股份有限公司,其他
82c2a32d-f135-417b-a111-f564b3a9045f,1000大企業_精聯電子股份有限公司,其他
9cae8be9-d4a0-48a0-a32a-b9bcb148344c,1000大企業_精英電腦股份有限公司,其他
676384f3-28f0-477c-bdf3-699cb589b0e5,1000大企業_精華光學股份有限公司,其他
41d78903-dab8-4b8b-b454-c458d25e7cf5,1000大企業_綠河股份有限公司,其他
593f3803-9ba5-4a8a-aa3b-e42c6f8262fe,1000大企業_綠能科技股份有限公司,其他
6c8ea3c9-90e4-4258-809b-67e4d8572ffe,1000大企業_綿春纖維工業股份有限公司,其他
941ed9bd-d128-404c-8cfd-143e6b193b22,1000大企業_維力食品工業股份有限公司,其他
d3831d29-8012-4e9d-beaa-8be3e69bb66b,1000大企業_維熹科技股份有限公司,其他
c1177b01-fb26-4bc2-b4a5-be5e08b1fc61,1000大企業_維翰實業股份有限公司,其他
30e92bc6-7782-4751-a194-a355775ba01d,1000大企業_維輪實業股份有限公司,其他
19804398-9144-47cd-9e2e-e9290ea97bc0,1000大企業_聚亨企業股份有限公司,其他
96999839-b622-4699-87aa-9bd1e495edde,1000大企業_聚亨企業集團(泰國)大眾股份有限公司,其他
076c0471-ad81-4523-96f2-5841b8076fcd,1000大企業_聚和國際股份有限公司,其他
0cc2bad5-bdcb-4427-a01b-bd0b287436fe,1000大企業_聚積科技股份有限公司,其他
2af720e6-7bcc-4e21-ac6b-8804351c56a8,1000大企業_聚陽實業股份有限公司,其他
6acf4ce7-61cf-4182-b7b6-e626e28dad58,1000大企業_聚隆纖維股份有限公司,其他
bb6a9a38-4644-4e6d-a22b-cbbbb07e6acc,1000大企業_臺灣中華化學工業股份有限公司,其他
1fe3218e-06bc-4afa-99ef-31b002aafe33,1000大企業_臺灣杜邦股份有限公司,其他
08175606-d569-4755-af07-a4514636d10b,1000大企業_臺灣永光化學工業股份有限公司,其他
0435dc67-ba0f-4f40-bc77-af4ce9461718,1000大企業_臺龍電子股份有限公司,其他
a2de1647-08a6-43bb-ae32-eaf04e9302a3,1000大企業_輔德高分子股份有限公司,其他
2c942bdc-33f1-43df-993b-a2ba32f23da1,1000大企業_輔祥實業股份有限公司,其他
cf7ca41b-794b-4a36-9d5e-4d8f9419102b,1000大企業_遠東新世紀股份有限公司,其他
8c9faa53-4c7e-4a98-a329-e3e1fa1fb793,1000大企業_遠東機械工業股份有限公司,其他
966ceee9-50aa-490e-81f7-3ae738fb26c4,1000大企業_遠東金士頓科技股份有限公司,其他
b169df90-2afe-4f94-8f45-d3b6e403aff0,1000大企業_遠龍不銹鋼股份有限公司,其他
53e2a2bd-d64d-4792-9805-d6c5ce881f0b,1000大企業_銘旺實業股份有限公司,其他
4e551f34-4786-46f2-9792-551f25602c5a,1000大企業_銘異科技股份有限公司,其他
76978e6d-0435-45aa-898a-56deafe3fbdc,1000大企業_銘鈺精密工業股份有限公司,其他
91e7d9c7-f554-4fc3-83a4-9f055f74de3d,1000大企業_鳳勝實業股份有限公司,其他
060e05f4-d7c9-483f-8d49-b8ffa7852873,1000大企業_億光電子股份有限公司,其他
9827b5f6-f4d5-44e3-a49a-450ef1ccd26d,1000大企業_億泰電線電纜股份有限公司,其他
838ca4e1-9dd2-4896-bb3c-706d529a4419,1000大企業_劍麟股份有限公司,其他
2260a580-9dd0-4b5e-a851-a345475cff76,1000大企業_廣宇科技股份有限公司,其他
14c10421-20a2-43f2-816e-3182afc1bf30,1000大企業_廣明光電股份有限公司,其他
0830847c-98cd-4697-b2cf-4f9a2a91d704,1000大企業_廣泰金屬工業股份有限公司,其他
5d5d95d3-063b-441e-8f25-85c8c13e2e2c,1000大企業_廣源造紙股份有限公司,其他
bcf7f360-a47e-4675-950d-abac391b373e,1000大企業_廣積科技股份有限公司,其他
4b6945c9-e878-440d-8fbc-1f34a4dcc8e5,1000大企業_廣穎電通股份有限公司,其他
ffaa7b82-6989-4c2c-9df6-398da6c9d26c,1000大企業_廣華控股股份有限公司,其他
c7afea79-b381-445b-ad47-166faeb86ecb,1000大企業_廣越企業股份有限公司,其他
31b5920f-560a-4629-b9f2-9d2a053c6636,1000大企業_廣運機械工程股份有限公司,其他
58b477f8-8641-4575-892b-1379f8a9a0ac,1000大企業_廣達電腦股份有限公司,其他
45756f8e-b141-46e1-a1a5-561da79dfd81,1000大企業_廣隆光電科技股份有限公司,其他
ea5185e3-eceb-4209-8d05-3d8119ef77d5,1000大企業_德宏工業股份有限公司,其他
55c232ed-9590-4694-a763-daab74d4667d,1000大企業_德寶光學儀器股份有限公司,其他
ca5e8627-8f69-48ab-b050-f9587400774e,1000大企業_德州儀器工業股份有限公司,其他
0827a707-d261-4a28-86a1-49adeac569c8,1000大企業_德律科技股份有限公司,其他
11604abf-e6ae-49cc-ba84-5ced5fc5b6b9,1000大企業_德昌皮革製品股份有限公司,其他
a82e5d0a-3e4e-4584-abd8-9fa49d54caa7,1000大企業_德淵企業股份有限公司,其他
e368f112-e4fd-41e4-94c7-f7875c26eb4e,1000大企業_德麥食品股份有限公司,其他
6e1ecb4d-b2b7-477b-a40d-006f0ac68c04,1000大企業_慶豐富實業股份有限公司,其他
63286581-78cb-4853-bce9-52b42e358234,1000大企業_慧友電子股份有限公司,其他
69f7cbb3-b00f-4b5a-abf2-718198d075eb,1000大企業_慧國工業股份有限公司,其他
efc8e015-bb75-492b-8a9d-1326be3e221e,1000大企業_慧榮科技股份有限公司,其他
4341f888-2c45-42e3-98ac-f9edd26339fa,1000大企業_毅嘉科技股份有限公司,其他
2f0ba3da-6523-43db-ab80-135deaabd9ac,1000大企業_潤泰精密材料股份有限公司,其他
f4d1d597-cbf0-446f-a1d8-34589b1a0f49,1000大企業_璋釔鋼鐵廠股份有限公司,其他
781c6127-3e5f-4dc5-9703-777aa986723b,1000大企業_磐亞股份有限公司,其他
331b3eca-3206-41a9-b393-1e2bc42b5022,1000大企業_緯創資通股份有限公司,其他
56092d4f-8326-495e-b016-e3ac2f440ac4,1000大企業_儒億科技股份有限公司,其他
1b9606b9-2a4b-4bb7-a0d1-82e0416b6dc1,1000大企業_儒鴻企業股份有限公司,其他
3afb9966-4178-47a3-b1b0-1324c73c16bb,1000大企業_憶聲電子股份有限公司,其他
601c2d6d-4793-4586-8f60-2fa3ca9f47da,1000大企業_撼訊科技股份有限公司,其他
56551a93-ef53-4c7a-a90e-b86212da60ea,1000大企業_樺晟電子股份有限公司,其他
2b6ba35b-01fb-4568-b6da-b3d7b4b44bff,1000大企業_樺漢科技股份有限公司,其他
1b73e615-0469-4422-9e6e-e0ec9c98111e,1000大企業_橋椿金屬股份有限公司,其他
4b0f3df4-65f2-4315-b277-10edd3a65f09,1000大企業_穎台科技股份有限公司,其他
50957a72-a0bc-42ce-94e2-1a1cb8bf477a,1000大企業_臻鼎科技股份有限公司,其他
06fc9446-cd9d-400c-85b7-0434ebf1af31,1000大企業_興中台股份有限公司,其他
1f4c07c1-70c1-4dc4-baf2-a09e659ee6c9,1000大企業_興勤電子工業股份有限公司,其他
0a0614da-2524-4dc9-9d36-5ef45739194d,1000大企業_興農股份有限公司,其他
9fc797fd-f455-4eed-8a31-b02fe9d12dad,1000大企業_錦明實業股份有限公司,其他
c9fe25b2-bccb-45a1-a3e4-6ff5d312eb69,1000大企業_頻光半導體股份有限公司,其他
a07a4741-90fe-4f1c-962a-4eeb91978e16,1000大企業_龍慶鋼鐵股份有限公司,其他
f8925932-50ae-481e-95b0-4225c8133fef,1000大企業_龍生工業股份有限公司,其他
f1267846-7e8d-4ca9-8a1e-ebaf86a79801,1000大企業_優盛醫學科技股份有限公司,其他
e9fd1b04-6a57-4bf3-ab96-a161c21b28fd,1000大企業_應華精密科技股份有限公司,其他
032b0af4-57ef-47c2-b4c2-8d0a235b71e0,1000大企業_濱川企業股份有限公司,其他
9054d326-7793-4010-b417-16767bc7ed8f,1000大企業_營邦企業股份有限公司,其他
a9f205fc-9946-485e-a5f0-e29ffa4cdabf,1000大企業_燦星網通股份有限公司,其他
41ea41fe-8cad-47d4-ae2e-2c61f8482019,1000大企業_環友電子股份有限公司,其他
f24c6b65-b85b-488d-8504-50c97d7ba59e,1000大企業_環泰企業股份有限公司,其他
8c832cd4-babb-4652-8a8a-f2ab3c7aad60,1000大企業_環球水泥股份有限公司,其他
1f70c021-a49c-4e72-804d-b7d1be4b12fe,1000大企業_環隆科技股份有限公司,其他
13cac764-bc34-46cd-8375-98e7c1d5c617,1000大企業_環隆電氣股份有限公司,其他
cbfc6f35-7b63-42d3-882d-2388345996ba,1000大企業_璨圓光電股份有限公司,其他
6f4d96f7-a9be-452f-b268-94df0550ac40,1000大企業_聲寶股份有限公司,其他
bfca1b2c-0016-4552-bc15-44fe9bad9d8b,1000大企業_聯亞科技股份有限公司,其他
d354b8bb-7137-4381-a2c4-f54ba2a13904,1000大企業_聯德電子股份有限公司-台北,其他
d387f76e-fd50-4b6f-b938-7eb711b37925,1000大企業_聯德電子股份有限公司-嘉義,其他
2db17e23-3a21-4470-9f4b-38bfb95308ba,1000大企業_聯成化學科技股份有限公司,其他
d647bc8a-3bb9-4f8b-8bdf-40bdc929724e,1000大企業_聯昌電子企業股份有限公司,其他
24409946-773d-4645-bca6-23080cd10256,1000大企業_聯發科技股份有限公司,其他
4e4bd90d-5011-4685-9780-a8e07e225d7f,1000大企業_聯發紡織纖維股份有限公司,其他
a9b754c9-c33e-4c29-9ca9-8f420bef8763,1000大企業_聯穎科技股份有限公司,其他
a92d2622-b82c-4db7-9afe-9a28cc479901,1000大企業_聯茂電子股份有限公司,其他
0688539e-aee7-411a-885f-66ab39032819,1000大企業_聯華實業股份有限公司,其他
f37f2ae3-af44-419a-bc8a-514368968704,1000大企業_聯華氣體股份有限公司,其他
341f413a-2aa4-4aa5-9e4e-d3654c954757,1000大企業_聯華電子股份有限公司,其他
eeff5b20-e499-4390-9623-345a27d49246,1000大企業_聯華食品工業股份有限公司,其他
3be69947-b6c3-4242-8da6-7a07e4faa0fb,1000大企業_聯詠科技股份有限公司,其他
92a56733-94d6-4603-9e94-b477ee99697e,1000大企業_聯超實業股份有限公司,其他
4b9cddd2-4cc6-409f-a2ad-ada8a70e1811,1000大企業_聯鈞光電股份有限公司,其他
e15aad95-63c2-42d6-ba48-fd4f68cd4d87,1000大企業_聯鐵企業股份有限公司,其他
58117122-f1c8-411b-8c73-e0642092a536,1000大企業_聯陽半導體股份有限公司,其他
a13fd68c-62e9-436f-9f8d-5d3acb4d6c5c,1000大企業_薛恒興彈性纖維工業股份有限公司,其他
3e0cc720-44dd-4a8f-8908-4a516d7e7791,1000大企業_鴻佰科技股份有限公司,其他
848260e1-dc4f-49e2-885a-150a07875d07,1000大企業_鴻海精密股份有限公司,其他
eaa45986-0164-4749-83a2-02bde4d3a1f3,1000大企業_鴻準精密工業股份有限公司,其他
353c7327-d79e-450c-b403-b104f8585962,1000大企業_鴻禾軒資產管理有限公司,其他
1f928b2a-f3a2-4ef3-bf51-afd8fbe0ffd0,1000大企業_鴻立鋼鐵股份有限公司,其他
564c7c61-6cfb-4dd5-9bd9-bccb612e1135,1000大企業_曜越科技股份有限公司,其他
e7b7ae09-8775-477e-9e1f-81e8b87594bc,1000大企業_藍天電腦股份有限公司,其他
e1b29913-1ae3-4f06-8e26-f02f801fdc79,1000大企業_豐年豐和企業股份有限公司,其他
920aa70c-9e1c-47b5-8d57-586e7d2e67de,1000大企業_豐泰企業股份有限公司,其他
b58d99de-bf18-454c-be09-d829eed007d4,1000大企業_豐興鋼鐵股份有限公司,其他
e78740d6-c8dc-4c50-a705-61e35ac6a447,1000大企業_鎰勝工業股份有限公司,其他
bd3eff66-92c1-48fd-a1e6-2213e5d45109,1000大企業_雙鴻科技股份有限公司,其他
46388273-9b1e-4e61-b4eb-cd7395078370,1000大企業_瀚宇博德股份有限公司,其他
b7b8947e-320d-4ff1-98f3-543e21f619f7,1000大企業_瀚宇彩晶股份有限公司,其他
a2a077d3-8242-48df-aafe-1d67689f02f4,1000大企業_瀚荃股份有限公司,其他
35df720b-e2c0-4ab7-b97d-52ac5d943096,1000大企業_穩懋半導體股份有限公司,其他
ddf16e9e-49fe-4030-9fff-4177706f70f5,1000大企業_穩鼎石化股份有限公司,其他
6005b187-7e73-4120-bf86-7a458d67499a,1000大企業_羅東鋼鐵廠股份有限公司,其他
4423f8ec-383b-4d05-a600-fd5e547bcadd,1000大企業_譁裕實業股份有限公司,其他
d3a36a48-67d4-4816-bc59-24a5afab8e6e,1000大企業_譜瑞科技股份有限公司,其他
fb57bb01-6430-4b33-a8ed-538ef8767bc5,1000大企業_麗臺科技股份有限公司,其他
27e43c71-5f06-47fd-87b9-5bb444885848,1000大企業_寶徠建設股份有限公司,其他
d7087987-fc8b-4a08-a0d8-d33a65aa8972,1000大企業_寶成工業股份有限公司,其他
afd3580b-9480-4d43-8b0c-a519a8c70b04,1000大企業_競國實業股份有限公司,其他
2b65c4d1-fe22-4a2a-84d5-0d0e8c54d340,1000大企業_耀億工業股份有限公司,其他
75b72369-c155-4273-920b-f9369ff8b4c3,1000大企業_鑽全實業股份有限公司,其他
4a28adda-dd20-4b45-8506-2b8e18464e29,1000大企業_昶昕實業股份有限公司,其他
b65e99bd-4f24-4f42-ac77-986ffc787ebe,1000大企業_晟銘電子科技股份有限公司,其他
d25b0da7-0746-413c-9ab0-87cebeb991d9,1000大企業_鈺創科技股份有限公司,其他
0c96dafc-b00a-42e2-ac1c-9d57e8284fa1,1000大企業_鈺齊國際股份有限公司,其他
c6e55edb-573d-477e-85a9-460395d75d8a,1000大企業_頎邦科技股份有限公司,其他
c1db70bc-377b-447d-9819-ee1ec441ddab,1000大企業_燁聯鋼鐵股份有限公司,其他
4a8fdba2-3942-4c14-bdd8-69e62c315053,1000大企業_燁興企業股份有限公司,其他
7ebe5dbf-0f4a-4e04-b48f-adc2681d4f18,1000大企業_燁茂實業股份有限公司,其他
b7dd3766-8033-4913-841b-30cb49400105,1000大企業_燁輝企業股份有限公司,其他
d2eb47fa-b129-40ec-82b8-d8d09e784643,1000大企業_錸德科技股份有限公司,其他
b521a852-b317-4966-9dc0-499bdbb0f8f9,1000大企業_燿華電子股份有限公司,其他
f89c4072-8081-48f0-93ae-93a59b2d0e11,1000大企業_鎧勝控股股份有限公司,其他
c50c7f54-b70f-4482-899f-657ebfba85ec,1000大企業_驊陞科技股份有限公司,其他
393e2347-6df8-4a40-b97c-1bda1794efbf,1000大企業_鑫禾科技股份有限公司,其他
45e10058-e7de-4694-9d6e-9e571f35efde,1000大企業_鑫科材料科技股份有限公司,其他
07ed92e6-365a-473a-b240-1dd5a1e7f80d,1000大企業_碁富食品股份有限公司,其他
7d10755c-1193-465a-8f07-953d42a44506,1000大企業_恒耀工業股份有限公司,其他
38af421f-5d42-468b-aac6-db7cc8cd21fb,100年宮廟_九如三山國王廟,其他
b672228b-8325-427e-a45a-03bc10360a26,100年宮廟_九湖武聖廟,其他
9fe4fdd2-7947-4dd3-8e0b-f6c0ac847498,100年宮廟_二結王公廟,其他
666757f9-f94a-44f7-8db0-0e3c589a52d2,100年宮廟_力行福德宮,其他
85db89ca-96ee-4c92-ae22-835c83b9c41e,100年宮廟_十方大覺寺,其他
f59ae055-3c8f-402f-b164-e6b5d2297052,100年宮廟_三元宮,其他
880f8933-b8b6-44dd-a18b-6ee51e219dc3,100年宮廟_三官廟,其他
5634bac1-4eae-41af-97db-5029a5705339,100年宮廟_三山國王廟-台南市,其他
c1cde9bd-be0f-46c8-ba6c-9a098384731a,100年宮廟_三山國王廟-雲林縣,其他
7df1ee28-9b52-46d5-af52-fdc2b4b5d00f,100年宮廟_三泰宮,其他
516bb4a2-cccf-4b33-808c-4835e02f54d3,100年宮廟_三玉宮,其他
48bb790d-6239-4656-a9ae-89ad8bbfa233,100年宮廟_三老爺宮,其他
500a4d9a-87db-4f11-b749-66e273b23f8a,100年宮廟_三聖宮,其他
63afd333-c037-4c84-9da7-13f33bf09c9d,100年宮廟_三重慈惠宮,其他
a0ea49cb-0e52-4210-bd7a-f03adc3a0763,100年宮廟_三鳳宮,其他
594d63a1-a2eb-416c-aeb4-323840b9df9d,100年宮廟_下茄冬泰安宮,其他
faaba9bb-b4cb-4166-981c-627d8b959cb2,100年宮廟_土城三元宮,其他
c57d779b-0e83-44bf-8e1b-14d092e4db89,100年宮廟_士林慈誠宮,其他
a4a72c60-218e-4595-82b6-4c4fd8939074,100年宮廟_大仙寺,其他
d4573bc3-439e-491f-899d-2879ca008fe8,100年宮廟_大佛禪寺,其他
14869803-b022-4f25-9f92-0909dda7cf60,100年宮廟_大化宮,其他
6895a045-5e20-4ae9-b6cf-e99d342a4056,100年宮廟_大坪頂太平宮,其他
4f2a2d5a-bfdd-487e-b1e5-5513ae3225c8,100年宮廟_大墓公,其他
cd5f29ee-00e7-411e-9153-5c7a230393ae,100年宮廟_大士爺廟,其他
8f239f1e-9b9d-42b7-96c2-e52481e4557b,100年宮廟_大天后宮-台南市,其他
d4e19e65-3bea-4348-9087-200d65a235c5,100年宮廟_大天后宮-基隆市,其他
8e43b1e4-363b-47f8-a3be-ad5bb72d3119,100年宮廟_大崙崇德宮,其他
2cbf8009-5076-4cd8-868c-1bd7e063683d,100年宮廟_大德廟,其他
43e0280a-3c8a-4071-b049-22ba42bac97c,100年宮廟_大溪仁和宮,其他
df190fe4-2b54-4cf0-97d0-4d4d28105a40,100年宮廟_大稻埕慈聖宮,其他
60c16f22-9020-47ce-864c-b4cae5bcf6c0,100年宮廟_大竿林代天宮,其他
9c54825e-d248-44ba-8749-5e9a3c03b644,100年宮廟_大觀音亭興濟宮,其他
7ca4c49b-8886-4560-b52a-01416da961bc,100年宮廟_小南天福德祠,其他
7b0a7d85-fe4a-4893-92a2-93623da186e1,100年宮廟_中和廣濟宮,其他
20fc2cc5-ae61-441d-8323-6544a61bf765,100年宮廟_中和鎮南宮,其他
5f080c32-7f4a-4aa2-b826-9273f6f151be,100年宮廟_中壢慈惠堂,其他
f8ffb4e7-9dba-47a2-86f9-7c25d0fd448a,100年宮廟_中港慈裕宮,其他
8c12cc3f-922d-4044-bcab-59343a0fc4e7,100年宮廟_五妃廟,其他
7018604c-0989-4d70-92c0-d0f2b0aa2b76,100年宮廟_五條港安西府,其他
f9114a55-0543-48b1-85bd-12a2571e424b,100年宮廟_五福宮,其他
53d05845-a728-45cf-b350-c7f053bc2ee1,100年宮廟_五穀先帝廟,其他
06788f6c-653e-432f-b47d-3732e9416d5d,100年宮廟_五穀宮,其他
e2ec9cf3-52a9-45ff-8a58-3f06cca2db6e,100年宮廟_五穀廟,其他
de36eb96-0f10-4548-a3a2-9f937f1e970a,100年宮廟_仁壽宮,其他
2eb11edc-cd7b-483b-aebe-f6151c701ca9,100年宮廟_仁海宮,其他
e32b1701-6925-4883-b5cb-f5095a0bbdbe,100年宮廟_元保宮,其他
52650846-eeff-4e69-8863-9535ed2edd19,100年宮廟_元和宮,其他
276ca94c-036e-41bc-a4ce-78f5c7af59c3,100年宮廟_元清觀,其他
74dc86b7-c76f-4420-9eb1-5d3b7b43f90b,100年宮廟_內門紫竹寺,其他
7e638652-7388-4312-bd4e-0694d504e5cb,100年宮廟_六堆天后宮,其他
ade90831-3e55-4680-a906-112cf8a86788,100年宮廟_六堆忠義祠,其他
30554cdd-c5b6-4d30-91ed-3278c5dd9ab9,100年宮廟_化善堂,其他
44fd9b04-4095-4d44-8444-b4f80d013675,100年宮廟_天后宮-台東市,其他
785fb9c9-ee55-4f0c-b443-bedea1f756dd,100年宮廟_天后宮-彰化縣,其他
ab2b1ca4-668f-48b2-a22f-cea61dcd8560,100年宮廟_天后宮-苗栗縣,其他
1072439f-3310-465a-8f73-bd4925b256df,100年宮廟_天壇,其他
afb5b97e-a548-4d13-aaee-3181a962f853,100年宮廟_天門宮,其他
da1c3613-e019-476f-b27a-8543432b2931,100年宮廟_天顯宮,其他
f7aee298-8ec8-4ddb-aa5e-1b8b4fd1c074,100年宮廟_孔子廟-彰化市,其他
9ad91886-6e51-4e23-b73b-6864d84aeda9,100年宮廟_孔子廟-高雄市,其他
7853fbe9-51e0-4182-b00e-bc42a07804af,100年宮廟_孔廟,其他
ba3cd6aa-6562-4d82-979a-bf6f7069a2a9,100年宮廟_文德宮,其他
6f2e338c-898d-46e6-91c2-36f44ef2e87f,100年宮廟_文昌公廟,其他
1986aec2-b7df-422c-9c88-5f81b41bb1d3,100年宮廟_文昌廟-台中市,其他
6f01b473-d6a5-4869-a300-549e04854f1c,100年宮廟_文昌廟-新北市,其他
96556098-d38a-4d32-9666-0b696c6a15a8,100年宮廟_文昌廟-桃園縣,其他
3881031d-d365-44fa-bdfd-f9fb369e88ba,100年宮廟_文昌祠,其他
7cb099bc-2dbf-4a8a-ab2c-bf3e25ad1213,100年宮廟_文武廟-宜蘭市,其他
d64636bc-e33e-4f84-86af-449e51ed3cc6,100年宮廟_文武廟-彰化縣,其他
66b0bb77-2a2b-4c92-b4dd-cb56e77077d7,100年宮廟_文澳城隍廟,其他
7c68927d-9fb6-4a8d-8156-816122ef4349,100年宮廟_斗南靖興宮,其他
e1c427e9-64c5-49b6-9470-4e09eeb49f42,100年宮廟_水仙宮,其他
d6eb3251-2ae7-42e8-acb7-acf5afec9514,100年宮廟_火山碧雲寺,其他
73891cad-b58e-4bef-9d8f-ebb36e1b7a5e,100年宮廟_代天府,其他
bfe708d0-2056-441a-8e84-72407d8fc528,100年宮廟_代天府保安宮,其他
ff91c820-0d08-4c3a-80ee-35e40ee74ba0,100年宮廟_代明宮,其他
187d89bf-44c8-434e-b187-e9de2030a357,100年宮廟_仙洞巖代明宮,其他
5c658ffa-200a-4731-9e25-789332de59b9,100年宮廟_北嶽殿,其他
ba8923c3-ec5f-4416-a196-13a4e2a82cf6,100年宮廟_北市行天宮,其他
7dde6cce-863b-4c71-8e4b-d1a4bce6ce40,100年宮廟_北極壇,其他
da9efb47-80f5-4906-9d72-1c9c5e1a5f2e,100年宮廟_北極殿,其他
cef6c131-32ad-40b3-ac30-b387bb71e59c,100年宮廟_北極玄天宮,其他
c3141788-cbdf-4a6a-af81-0c594bbcf532,100年宮廟_北港朝天宮,其他
d134c267-5c0e-4db4-beca-06cf1a7d3b42,100年宮廟_北港義民廟,其他
b600d9a4-36ef-4305-85d4-a36c5eb68bb6,100年宮廟_北福德宮,其他
1c6e7738-65cd-4e97-a66c-d6adfe283a37,100年宮廟_北聖宮,其他
c1ae6a7d-d0ff-4ec9-80ab-db76eaf5e8f3,100年宮廟_北辰宮,其他
254a1886-56ce-44ac-b3cf-b355d0f93679,100年宮廟_北門福德宮,其他
e55175e4-b549-44e5-ab42-2008b0fe5d9c,100年宮廟_半天岩紫雲寺,其他
19027ed2-1706-4071-84d4-b71d1984e504,100年宮廟_古龍山,其他
80367e74-8e78-4c2e-a1e3-40ab9155616e,100年宮廟_右昌三山國王府,其他
97d79e19-e3ff-4597-b7e6-fb08b194b0dc,100年宮廟_右昌元帥廟,其他
aac2d456-cb23-4ede-b62f-f08875e42577,100年宮廟_台南首邑縣城隍廟,其他
74ffc6cc-e962-4c3d-9b5e-93426383af45,100年宮廟_台東海山寺,其他
7482f3df-7eb1-4bb6-ac8c-2b5e85b43515,100年宮廟_台灣府城隍廟,其他
21a3bfef-3895-4347-9fe1-b77f14e4a1d7,100年宮廟_四結福德廟,其他
1113a518-ffa0-492f-ad7d-676ce73d20c3,100年宮廟_巧聖先師廟,其他
95f71608-80af-40bf-9657-11e368a6d616,100年宮廟_本廳大帝宮,其他
1b68f384-9f3e-4888-b1c2-64d856f1b609,100年宮廟_正統鹿耳門聖母廟,其他
252e46e4-d550-4004-9f6e-be3d15fa88b4,100年宮廟_民雄大士爺廟,其他
ba149fc6-c659-451e-911f-2c77c821757a,100年宮廟_永和保福宮,其他
75cb75cb-aa97-4486-9ab2-5937d6af3d5b,100年宮廟_永和宮,其他
0f444d2e-3adb-4cdf-a07d-de304765c4a0,100年宮廟_永福巖祖師廟,其他
508ee176-db70-47a3-82c0-ce0516d5f9aa,100年宮廟_永華宮,其他
d514cea5-a187-4568-8694-3a77ca943745,100年宮廟_永貞宮,其他
03dd8085-7454-4b10-b45b-a32637b7d2fd,100年宮廟_玄聖殿,其他
41fb7b02-d16a-42b4-8cf9-8878ceb4c827,100年宮廟_玉清宮,其他
d2a0fabd-14ec-4796-9403-95510aed2cef,100年宮廟_玉虛宮,其他
f4b38574-2518-480f-b4c6-c7c2857f24c3,100年宮廟_甘泉寺,其他
d7088558-8c4c-42cf-80f4-c9d68a1457ba,100年宮廟_白龍庵三山匯館,其他
d18153f4-0cee-4157-915a-9ec763e6e017,100年宮廟_石泉巖,其他
bc0b03ed-be80-4128-aea4-489d56bab917,100年宮廟_先嗇宮,其他
8d8df980-a2b1-4f01-9129-c5910a2466d4,100年宮廟_回善寺,其他
e7838cfc-85e0-4f55-9c3c-dee55b23956d,100年宮廟_地藏王廟-台北市,其他
bee8b477-04cb-4ff4-bb9b-22d4a98d2e9e,100年宮廟_地藏王廟-彰化縣,其他
d8f51110-cf91-4cf9-93a7-96a43e637f4a,100年宮廟_安定保安宮,其他
7ba7086c-4e41-4255-b25c-a969668a065b,100年宮廟_安平觀音亭,其他
914b011b-69b4-4ec5-ab84-4ac46ed16a27,100年宮廟_安德宮,其他
1038c8a1-a618-4dea-8e34-46ae60a65d1e,100年宮廟_安福宮,其他
bd49da4a-f704-46ae-baaa-00fa55637ad9,100年宮廟_竹圍北極殿,其他
697e075a-8190-4e86-bb4f-489829e044c2,100年宮廟_竹東惠安宮,其他
4645c86d-86a3-4fe1-97c3-9371a0faf492,100年宮廟_竹林觀音寺,其他
d1366fc2-990e-48de-a997-d1652e2b5187,100年宮廟_竹溪禪寺,其他
2ca22733-c90f-4f60-9b92-a07bf97bb8b2,100年宮廟_老大公廟,其他
d72979ac-6e74-426b-914a-11d163092603,100年宮廟_行天宮,其他
c385b4fe-fb79-4cce-8385-b9215f720464,100年宮廟_西廟,其他
51e42c0c-29fe-4b66-820c-aa7fc061e3e9,100年宮廟_西港慶安宮,其他
783f233b-1bc8-43a9-a2b4-cc279bc4f121,100年宮廟_西羅殿,其他
73b7e98d-be33-4ace-9614-121d2633b4b3,100年宮廟_西華堂,其他
5cbf3289-e566-40f9-ae9b-daf0ed127427,100年宮廟_西關廟,其他
562d8d9b-91d7-4987-b9a0-3f7fff989cb1,100年宮廟_西龍巖寺,其他
57e486c3-6f93-4ab1-a014-f070b008f173,100年宮廟_佛光山極樂寺,其他
7c602b7f-f3aa-461b-b10f-f0eb1faa0e7c,100年宮廟_佛方宮,其他
4283261a-8c0f-4293-a5ad-6ac4d41053f4,100年宮廟_吳鳳廟,其他
5cb1bf2c-98f7-40b4-b144-b6762653d317,100年宮廟_妙壽宮,其他
923769c3-6ff2-4647-90b0-95ceb78e1155,100年宮廟_妙雲宮,其他
a142d4ae-3954-4060-92b8-26814a2ed0f4,100年宮廟_岐山巖,其他
24711458-686a-41f0-933f-bdfdfa149db2,100年宮廟_育梨宮,其他
12ee62b5-6f55-4b27-bd35-6a75a2c3bb17,100年宮廟_赤山龍湖巖,其他
3b69545f-d853-4921-9ae3-1969a74947ee,100年宮廟_車城福安宮,其他
b89f5fa6-9f77-4989-987b-b587da83a83d,100年宮廟_里港雙慈宮,其他
0f6f26f2-479f-4331-b072-4d30487cc3dd,100年宮廟_佳里興震興宮,其他
1e65185d-7619-41ae-b373-300c247382fd,100年宮廟_協天廟,其他
001dc9e5-3916-4b7e-bf2d-45cf5ff5c551,100年宮廟_和安宮,其他
b468f4dc-1eff-47ba-932c-e8487ad04072,100年宮廟_奉天宮,其他
942b4115-d3ab-425a-baeb-a56d355abcac,100年宮廟_定光佛廟,其他
54648c56-b85d-4556-b556-44d596e5f5fd,100年宮廟_官道百年福德宮,其他
eb79e14f-903a-4992-bc83-f5497d65baf1,100年宮廟_店仔街福德宮,其他
ea4c2b30-0f0b-4949-a0f0-d43ac9a226c6,100年宮廟_延平郡王祠,其他
168a9892-353f-4927-8052-162c43d735b6,100年宮廟_承天禪寺,其他
137580b3-3e83-4459-af16-72f5756a2da6,100年宮廟_承福宮,其他
338171e3-b537-45ae-8dea-b87e83434310,100年宮廟_明倫三聖宮,其他
7e3ba66c-43b9-4f50-b22f-1422dc0f13c9,100年宮廟_東嶽殿,其他
e0ff7604-2f08-43e9-8030-e5b43a7f0baf,100年宮廟_東港東隆宮,其他
da03b610-bd1f-4319-bb45-041bf1b19484,100年宮廟_東獄廟-宜蘭市,其他
47648a9a-31c2-4d87-8760-13721922f12d,100年宮廟_東獄廟-苗栗縣,其他
6ff7a244-fca2-42a3-96ab-e49c6f8a6521,100年宮廟_東門忠義十九公廟,其他
5083a7c8-69e2-4fe8-86f2-6b0420473175,100年宮廟_板橋北極宮,其他
4491e1a0-d0bc-430e-9497-a272845ce6d6,100年宮廟_板橋大眾廟,其他
f6b86fe4-8098-4a02-a056-e8a702dba09c,100年宮廟_板橋福德祠,其他
1f38c5ee-72c0-493e-8de9-964f1f233f45,100年宮廟_武聖廟,其他
3179f371-489b-4cf2-b102-4da7d95eb64e,100年宮廟_武英殿,其他
c366e09f-c699-4240-a698-939bc4f22026,100年宮廟_法華寺,其他
ac1f8955-18a2-4ae2-8d00-979ea736620b,100年宮廟_玫瑰聖母聖殿,其他
7614d3ea-60ae-44a7-a30f-a3b7d2ab552b,100年宮廟_社口萬興宮,其他
59c14d56-e5e9-4b1f-8b0a-5e45d79b4c42,100年宮廟_社靈廟,其他
3df33a02-5105-416d-81bd-af5390760a60,100年宮廟_芝山岩惠濟宮,其他
f6d849af-d0c8-4f9b-8d2c-eae9ecccc055,100年宮廟_虎山巖,其他
2afe7d83-afde-46c0-9a5c-c1fcb0a08e9d,100年宮廟_金唐殿,其他
4be780d9-e921-4d0d-b8c7-e7b479fa0c35,100年宮廟_金山寺,其他
8a06d22e-e8e3-4efe-9639-4ea45eac27b2,100年宮廟_金華山堂,其他
3cfbbb5e-aaea-4774-b313-97b9da681287,100年宮廟_金門館,其他
6551ef70-2d61-4d31-bf82-f6432c551467,100年宮廟_長福巖,其他
04527b7d-0794-4338-8167-9c777ebe151f,100年宮廟_阿蓮超峰寺,其他
da65b9bf-6bad-463c-ac5b-7a14a96ede57,100年宮廟_青山宮,其他
8da4a940-e18d-4dfe-85ee-8d9a5ec45fc1,100年宮廟_保安宮,其他
bea09236-28a8-4c4b-aa5e-bcdd5e666a48,100年宮廟_保安宮騎虎王廟,其他
a1ffe4c8-53b3-4335-8b6a-76a0e8b65b82,100年宮廟_保寧宮,其他
023369ee-d05b-4ea6-95b3-dccd2520f642,100年宮廟_保生大帝廟,其他
8a503593-0035-4db2-b739-bb279e915277,100年宮廟_保福宮,其他
fc3e5c1c-2a75-469f-bdcc-4bc1e078f71a,100年宮廟_保福宮-,其他
c0561c73-ffc5-425b-89f6-ff9bbb96f4eb,100年宮廟_保西代天府,其他
1eae71cf-1768-43ed-b029-bc755714f118,100年宮廟_南天宮,其他
476abff2-4951-4a49-8eed-6f8582baeba1,100年宮廟_南天宮。,其他
0a13d5af-cfae-4a01-8966-8465490c306b,100年宮廟_南天宮，,其他
3d106fee-6ad4-4930-bcae-bed80c76322a,100年宮廟_南瑤宮,其他
9e30fc6d-7273-4f25-9a14-0a3212578b5d,100年宮廟_南興宫,其他
aeeaea3c-ec3a-41ac-a463-005423a33d73,100年宮廟_南鯤鯓代天府,其他
0827381a-f4bf-459d-8be8-6740110deda7,100年宮廟_城隍廟-基隆市,其他
b9e29a1e-2046-4b74-9aa9-5d58a2610021,100年宮廟_城隍廟-彰化縣,其他
878463ff-4ab2-43b4-bd4b-8fb04b2f4db6,100年宮廟_城隍廟-苗栗縣,其他
c12ae166-f817-4e42-b8f7-437010a7863c,100年宮廟_城隍廟-高雄縣,其他
de9eb7b6-8eab-460c-a847-d1208b516a19,100年宮廟_屏東武廟,其他
4f92cb1b-4ffd-4275-b2e5-aad7e3068a0c,100年宮廟_屏東玉皇宮,其他
e1d01e4c-adc5-46df-82a5-1be9e4761120,100年宮廟_建德宮,其他
3b18cbab-c08c-4705-99c1-f51acf00cc43,100年宮廟_昭應宮,其他
af93cf7b-577a-44f9-a8fe-d4e5d4e8089d,100年宮廟_昭烈堂,其他
e964abed-0e5e-4b4a-9880-9a3eff25ab62,100年宮廟_柳林苦竹寺,其他
072e2c70-5d6d-4bbd-907d-73d074177777,100年宮廟_禹帝宮,其他
0f17cd6c-b94a-48fc-8b2c-fc62342300e7,100年宮廟_茅港尾天后宮,其他
4c2da13a-1fd9-4efd-877a-c105b75eac29,100年宮廟_茅港尾觀音寺,其他
d2e3e44f-a1ae-4795-889b-ec08258e9eba,100年宮廟_苗栗玉清宮,其他
a6a32b48-9f48-4dfe-ba0b-17641de6c7da,100年宮廟_重慶寺,其他
e8791f81-6103-4b38-9349-6e998b177e65,100年宮廟_風神廟,其他
5324400e-5477-4c62-9a7e-0fa1a93a3b80,100年宮廟_埔心昊天宮,其他
1e71e7a5-eebe-4e6d-b5a2-2857b0f1459e,100年宮廟_宰樞廟,其他
1cde9313-4d22-4ba7-a480-be8ae89cbcbe,100年宮廟_晉德宮,其他
b677ab50-b6b7-4017-afcb-b82aa34b8af5,100年宮廟_柴頭港福德祠,其他
348947ac-4140-4be1-bc98-a402e6613de0,100年宮廟_海山宮,其他
b1f2d135-d66d-47ee-b473-2844deffa9d0,100年宮廟_浮洲福德宮,其他
73868d04-89b8-443e-b255-5617c3cae078,100年宮廟_真一寺,其他
3736b8db-337f-4755-ab41-d77a83baa907,100年宮廟_神岡朝清宮,其他
4fabb8ac-305f-4b2e-bd34-6bf60f4bca86,100年宮廟_神農宮,其他
22cc3372-5360-43a0-a0de-82bdc42a295e,100年宮廟_神農殿,其他
2d6302f1-466b-4b06-98ce-bcceab50b938,100年宮廟_祝三多廟,其他
0a90f7e1-74cd-4eca-a3c5-66dc532a84cc,100年宮廟_茗山岩,其他
96986541-1352-4f39-91da-c51eb90c08fc,100年宮廟_馬公天后宮,其他
10b62489-3c4f-4276-8391-1325a2c18cf5,100年宮廟_馬公廟,其他
ade23f62-19c6-4f06-9929-ef438512519f,100年宮廟_馬公施公祠,其他
64bfe7f4-8f00-440c-871a-213174336645,100年宮廟_馬公觀音亭,其他
478272b5-40ad-4687-a0e6-93176a8382da,100年宮廟_馬鳴山鎮安宮,其他
504410c2-7e09-4589-b5cd-e5443496bbd4,100年宮廟_高明寺,其他
85e33172-7c9a-4385-b1e0-a0d1bda4653c,100年宮廟_高雄關帝廟,其他
ea679a74-e2bc-4e77-a7ec-cb97bf9ed4e4,100年宮廟_乾德宮,其他
5798dba1-0bb0-4a55-8f02-a37622598799,100年宮廟_埤仔頭福德宫,其他
f02de07a-dea2-4d64-9a9d-05d93b395a16,100年宮廟_接雲寺,其他
1bd89bfc-aa6a-4a10-85ea-e84d2c55dd6f,100年宮廟_啟天宮,其他
0d230b32-4c85-483e-b2a0-5d2b796138f1,100年宮廟_曹公祠,其他
57813e84-86dd-47cc-baa8-fdda7780899d,100年宮廟_清水寺,其他
e755ad85-6e0f-40e1-adf9-1aa89bf45fbd,100年宮廟_清水巖寺,其他
ee9ab496-76ec-4a8e-b301-266debd4fc9d,100年宮廟_祭典武廟,其他
1662eb23-e0a6-4707-b4b1-f03a8bf530a3,100年宮廟_笨港口港口宮,其他
f5fec5ee-d95d-434d-a7f0-7f80025c0163,100年宮廟_通淮宮,其他
dd2f2d56-543c-4e28-a9d4-2fb260d8be11,100年宮廟_都城隍廟,其他
be367cdc-dd45-40cf-95b8-995df855a803,100年宮廟_頂泰山巖,其他
a92a3e5a-e265-4a0b-827d-0a7b67f79c6c,100年宮廟_鹿港城隍廟,其他
03994c28-72a8-4955-99f4-67f2318edc92,100年宮廟_鹿耳門天后宮,其他
e70647da-837f-4f7e-ae79-52973d615a03,100年宮廟_麥寮拱範宮,其他
72135cf1-9c03-4f3a-bb50-f32f82e2b9b6,100年宮廟_麻豆代天府,其他
1ce047a0-d075-4d9a-b9ff-2bd315c35cc2,100年宮廟_麻豆文衡殿,其他
5a3eba37-3ad3-4546-aa07-a0b6d3a1e4d4,100年宮廟_喜樹萬皇宮,其他
dc27610a-67de-4b3d-b889-08eff6ebd797,100年宮廟_報恩堂,其他
75e28205-845f-4380-b139-67a7576545b2,100年宮廟_奠安宮,其他
7565d908-eefa-43da-9ad3-9496f65f7a9b,100年宮廟_奠濟宮,其他
3fcdb8ff-c6b1-4b8d-b309-8b26fb760f42,100年宮廟_普濟堂。,其他
1132dcf7-1cfe-4e15-9467-f063bfa65fc4,100年宮廟_普濟殿,其他
88f35695-dd7d-4595-8bc9-b5bcda3b6029,100年宮廟_普照寺,其他
ea4eec6c-ff0c-4e5f-8247-b49be70d66a0,100年宮廟_景福宮,其他
418f6a4c-3cbe-4802-8304-ca212cf4c1bc,100年宮廟_景福祠,其他
1458a746-3a90-489e-8ecc-be495262f9a5,100年宮廟_景美集應廟,其他
ec042a49-64ad-4db0-9462-db01a3fa034e,100年宮廟_朝元宮,其他
ffd376c8-0ca6-4b42-98ea-bd227bb2cb48,100年宮廟_朝天堂,其他
690952c0-cd09-4d15-b15c-4fbe3c7eef0e,100年宮廟_朝興宮,其他
764e523c-7c21-459b-833b-e9e521eaedbe,100年宮廟_港尾福德宮,其他
acc20c47-764d-4a9b-9a5e-a625bdc96407,100年宮廟_湖山寺,其他
f1651d68-9c73-4ba2-8328-1bf51dba742c,100年宮廟_測試,其他
52a5e290-dcb8-4878-9fbd-288b7de246b9,100年宮廟_紫雲巖,其他
408234b2-080d-41d6-be73-a11ad241c29c,100年宮廟_善化慶安宮,其他
5ed84fee-596e-40fd-8221-1433b223dbbf,100年宮廟_辜婦媽廟,其他
3faad37a-5aa4-4022-9f45-1d73506afaa6,100年宮廟_開元寺,其他
0ba6822b-0a12-4414-8d90-f1dd2c4ffdfc,100年宮廟_開化寺,其他
39dbf226-ae1d-4577-8545-1c7a79ad2634,100年宮廟_開台天后宮-台南市,其他
46642e09-11eb-4221-ad3f-f90670555203,100年宮廟_開台天后宮-新北市,其他
c0fd9acb-5a15-487c-a300-a43b5429b624,100年宮廟_開台聖王祠,其他
a8350237-4610-491b-871d-e76eeade393b,100年宮廟_開基天后宮,其他
78ea887b-010a-487a-9df9-28382592fc89,100年宮廟_開基武廟,其他
909b386b-dbf4-47d2-8011-78451d3f8530,100年宮廟_開基玉皇宮,其他
691f06f1-7f22-4231-b469-cb5049beebb8,100年宮廟_開基靈佑宮,其他
bf53b1e0-51fc-4da1-92b5-872968ccb624,100年宮廟_開山宮,其他
79297dba-598b-4ff2-9ceb-53b4959cf34a,100年宮廟_開成寺,其他
42485084-590a-4f78-a22f-28b2213c5138,100年宮廟_開農宮,其他
b93afa62-4eaa-4fcf-8a54-226af0154a5f,100年宮廟_開隆宮,其他
aa231827-5a3c-4f27-b6dc-49478edd3575,100年宮廟_集應廟,其他
efdc6a80-c31d-4956-9817-84c2875acf93,100年宮廟_順天宮-苗栗縣,其他
22830fcd-6771-4930-ab3c-44047a9371b9,100年宮廟_順天宮-雲林縣,其他
021dcf07-c404-4f8e-9974-15c507ed4cfb,100年宮廟_順天宮輔順將軍廟,其他
55d3c47a-ce04-4392-8747-10250ca60a23,100年宮廟_順安宮,其他
d8901af5-e15c-4450-9c44-84a94bde1d4d,100年宮廟_圓通禪寺,其他
d116ad72-5202-45a9-a4af-135291b555c6,100年宮廟_媽宮城隍廟,其他
68b310f7-c234-469e-b00c-96a2a3a5a62f,100年宮廟_慈佑宮,其他
54a0045c-574e-4469-abac-6d9e7ea6edce,100年宮廟_慈后宮,其他
735b2a7c-4d2f-43cf-a1e2-245f9285d803,100年宮廟_慈和宮,其他
1cf82206-cb6e-4855-8248-adfc168e2303,100年宮廟_慈安宮,其他
67566e07-7356-49d9-95e0-804a05e850e1,100年宮廟_慈德寺,其他
27e0ed74-5982-4af9-b908-2a40c804c72b,100年宮廟_慈悲寺,其他
9f1017b0-f89b-47dc-b4c3-487e44d559ff,100年宮廟_慈惠宮。,其他
f756ffb3-a9cf-4a17-acd3-297aa590e7a8,100年宮廟_慈惠寺,其他
18241f7a-990f-4e5d-bf26-40fbfc048f6b,100年宮廟_慈濟宮,其他
5832d153-102e-4dbe-a8ec-eec165878029,100年宮廟_慈生宮,其他
fc6d1133-5235-43e1-8676-077db2122132,100年宮廟_慈蔭亭,其他
9c9518ba-eeb5-445e-a29b-2a615afc48ac,100年宮廟_慈護宮,其他
4a63394f-ff9b-419c-8146-22caab86a099,100年宮廟_慈雲宮,其他
bc1fc8a3-1f10-4b08-b519-70311ce8df74,100年宮廟_慈雲寺-基隆市,其他
a0a90e6f-bc18-4a45-9777-d720c8955186,100年宮廟_慈雲寺-彰化縣,其他
54aefa0b-2c1f-4fe6-931b-ab3520134393,100年宮廟_慈鳳宮,其他
4b79b54b-2939-4fd5-b0d0-7df3abb3d163,100年宮廟_慎德齋堂,其他
62fcb316-0be3-4fd3-a134-839c02e459d9,100年宮廟_新惠宮,其他
8942a924-567b-4ac4-883c-0ee4106e1ccf,100年宮廟_新祖宮,其他
3c81d6c0-76ea-403b-a607-0d2489ff6292,100年宮廟_新竹天公壇,其他
39046b0d-4563-4c58-ba13-f3149dcc3092,100年宮廟_新莊地藏庵,其他
29200dca-15cc-4360-a64c-fc1f17653f5e,100年宮廟_新莊慈祐宮,其他
00a3e633-aba1-4c97-ae4f-4e1f0b6cd0b4,100年宮廟_新莊鳳山宮,其他
19a924c0-f139-469f-9050-487ec71dfd37,100年宮廟_楊梅弘淨寺,其他
ea15df44-a048-4cf3-b1ca-6f674eefcd89,100年宮廟_獅球嶺平安宮,其他
d718e0dd-ffdb-4a6c-9a92-5c8bb14c3dcc,100年宮廟_瑞億福德宮,其他
f0fece60-8af5-46e7-875d-31e427b83011,100年宮廟_瑞坤宮,其他
3a4b6353-e9db-4b49-8b9d-b3fb16fa5c6f,100年宮廟_萬和宮,其他
21960f59-dcff-4aef-bd3f-2efb6078667a,100年宮廟_萬善祠,其他
292731e8-cc4d-455e-af6b-9e3a1aafd467,100年宮廟_萬春宮,其他
3e47d006-7e13-4215-b411-ff29ca1a6ea9,100年宮廟_萬福庵,其他
834e6122-440c-45b6-b195-300239d6fd3f,100年宮廟_萬興宮,其他
1edc45c7-84db-4ac5-b1a0-dd72f9033dd1,100年宮廟_義德寺,其他
bd270f40-c87f-495c-b8da-34a63d0b304a,100年宮廟_義民廟,其他
23bc2c6f-542b-449d-90e2-006fe210a295,100年宮廟_聖公廟,其他
7bc715e4-0c38-4efb-8248-fc4e8fff118a,100年宮廟_聖安宮,其他
dbbb17fa-afa2-4e94-8399-b9769563af56,100年宮廟_聖濟宮,其他
ac59cd47-88ef-4eb4-9aec-18470347e392,100年宮廟_補天宮,其他
51f5c3a2-1a97-4e4d-a957-076c1430f1d6,100年宮廟_鼓山龍泉寺,其他
e9d73671-418b-4f7f-b489-9f1196966976,100年宮廟_嘉應廟,其他
4b9f8c4e-727f-4886-aa4e-9e8775a50b88,100年宮廟_嘉義市圓福寺,其他
6c7ac763-7f4d-465b-9c7c-e4a67222f822,100年宮廟_嘉義市城隍廟,其他
b83516f5-919c-4fba-818f-114a1cef6c4f,100年宮廟_嘉義市彌勒禪寺,其他
cbb640e6-974b-4b79-a6d6-bd710932b6ee,100年宮廟_嘉義市朝天宮,其他
64c57d06-3825-4c20-9d54-a4084e3c5f9c,100年宮廟_壽山巖,其他
d9120cea-7081-447f-a4ff-23ebad04bfa6,100年宮廟_旗山天后宮,其他
cf8e51f4-22a0-4227-bb6e-2ef6d1e47d2e,100年宮廟_旗後天后宮,其他
ea9c2f26-6763-4c17-971a-bf9c5f2d69ea,100年宮廟_碧山巖,其他
0c28a257-ec0a-4801-a193-025e26e471c5,100年宮廟_碧水寺,其他
e03fca70-ff4c-48c3-b42e-98b349dda500,100年宮廟_碧河宮,其他
e88503b4-5fdd-47be-b885-804b71619bdc,100年宮廟_福仁宮,其他
4084a763-b8a2-4882-ae1f-571d1d530836,100年宮廟_福佑宮,其他
8bd429c2-0b07-4eb7-91d0-28fbe69e7a88,100年宮廟_福和宮,其他
cd9c3e05-67a9-41bf-b4bd-0865ff4405fe,100年宮廟_福善寺,其他
88144ae3-45c3-4534-a08a-4a173bcbec19,100年宮廟_福安宮-彰化縣,其他
ae5f4772-1023-46ea-a234-af8ba08e6684,100年宮廟_福安宮-新北市,其他
98c1cd9e-2315-4ecb-bd1b-5ca16993e77f,100年宮廟_福寧宮,其他
3fefb672-2046-4afd-a3e0-ef0bef1e5787,100年宮廟_福德宮,其他
30282cc2-80a4-4efb-93da-dfc820e76860,100年宮廟_福德廟,其他
aacc71d2-56dc-42c6-9903-3b3080e19f68,100年宮廟_福德祠,其他
08b15a69-5208-468c-b160-187288a53b31,100年宮廟_福林宮,其他
145ed8c2-3bf4-4de1-8ac2-baa0669e91d7,100年宮廟_福海宮,其他
6b62c138-0d3d-43d3-ba4f-c09a5e4a2957,100年宮廟_福清宮,其他
5828b374-ec43-4086-b24f-31223e039e69,100年宮廟_福清宮,其他
03fd8d89-daa6-44ea-8957-f3270c52042f,100年宮廟_福興宮,其他
7e6a95d6-2a3b-4c27-9076-7ddc5577eb75,100年宮廟_福興宮-台中市,其他
00c927f2-9535-4c7d-a2fb-f0325095c00c,100年宮廟_福興宮-雲林縣,其他
2d261bec-7fda-4dd6-9a68-253e2627dc83,100年宮廟_艋舺地藏王廟,其他
4134f8c8-3c00-4e31-b781-1d00a86a1b0e,100年宮廟_艋舺祖師廟,其他
e7e8f3c0-0cc6-45ac-9ef1-3b5a9df4bed4,100年宮廟_鄞山寺,其他
ea59d4f0-959c-4938-8215-80ab7c695070,100年宮廟_銀同祖廟,其他
5adabe4f-a670-42ab-be18-74b7be53773c,100年宮廟_鳳山宮,其他
52c1eade-0729-4c62-a8ef-7e048d39f5e4,100年宮廟_劍潭古寺,其他
537988ef-8273-4f34-8924-52aa52567df3,100年宮廟_廣厚宮,其他
4a914c4e-11f7-4030-a94c-1ddb7cd09ae0,100年宮廟_廣寧宮,其他
3bd5c65c-37d1-474b-9c2a-e1b216c37311,100年宮廟_廣慈庵,其他
c2567abb-c6a7-4cd2-a3db-f7b559ac2b85,100年宮廟_廣濟宮,其他
391a31ca-e5b5-45c3-9aa4-5ed7cf85a27a,100年宮廟_廣福宮-新北市,其他
4ed988a2-d0c0-4dec-92b9-faa63f6d1fcd,100年宮廟_廣福宮-雲林縣,其他
b37ded6a-0e24-4ad1-9489-d1397f0cd6ac,100年宮廟_廣興宮,其他
c450039f-c8aa-45b7-a5e2-85b0ed4ee70f,100年宮廟_廣護宮,其他
994c45a1-9433-469e-b6bf-e0e5b81ea1b6,100年宮廟_德化堂,其他
c8db2f04-a122-4bd0-9f4c-22a3cc512b85,100年宮廟_德源禪寺,其他
44332c41-03a0-4309-9b74-218f32ea2ed8,100年宮廟_慶安宮-基隆市,其他
0e1c66a5-abd5-4596-a369-13737bd2ff73,100年宮廟_慶安宮-彰化縣,其他
e4be0559-3af8-439d-a993-57d277859dfd,100年宮廟_樂成宮,其他
4b5dc5ba-54f2-4b8a-9de3-28628f7662ed,100年宮廟_潮和宮,其他
8cfa6fa1-15c2-43b2-a228-a7d2311bc77e,100年宮廟_蓮座山觀音寺,其他
da1c6fa2-c0cb-4710-921b-1819577a87b9,100年宮廟_褒忠祠,其他
014a85fd-24d4-4b98-b1a1-77eaf19b2fe0,100年宮廟_賜安宮,其他
46f272ab-fe05-4d56-a31f-ddcd79d62a95,100年宮廟_霄裡玉元宮,其他
8dc84236-a66a-4b79-95dc-cd25a0d3693f,100年宮廟_震安宮,其他
47ab1a5e-4611-482e-ace6-062807865084,100年宮廟_養源堂,其他
a5d496ca-37fc-48a4-acdd-dd7995b2e4fb,100年宮廟_學甲慈濟宮,其他
4433976c-c56c-4f39-8c30-60f1ee6cc048,100年宮廟_擇賢堂,其他
177b7b0d-6317-41f8-80f5-085a0d24aed5,100年宮廟_曇花佛堂,其他
9d3a7d81-4e5e-4df8-926d-4a6989412e02,100年宮廟_樹德宮,其他
542406bb-bb04-40c2-bf49-0df98770c0df,100年宮廟_燕巢神元宮,其他
53839999-0403-4f01-96e7-c5b30ed75b8b,100年宮廟_興國宮,其他
99fb7c9d-b7b4-4db5-9262-503091db14b7,100年宮廟_興隆宮,其他
743ea1a8-bd4c-4a32-abc2-b1f4ac3d920b,100年宮廟_興隆淨寺,其他
4aab6cb5-9a2b-4f26-9aaf-66ba226dfee3,100年宮廟_錫口慈佑宮,其他
aa41b9bf-8b20-4e48-a334-f5eb9ee8ed40,100年宮廟_霖肇宮,其他
5413fae2-8f96-49c7-81b5-a14f300562d8,100年宮廟_龍元宮,其他
80a4ab72-8684-44b9-935e-22e5e2ee90b6,100年宮廟_龍山寺-台北市,其他
387a5e21-7cb1-4dc1-81c5-bac4e6221830,100年宮廟_龍山寺-台南市,其他
d873166d-f923-4925-887c-3c35d994b62c,100年宮廟_龍山寺-彰化縣,其他
1b424d29-38c8-4b40-bf5d-58525e3da0e6,100年宮廟_龍山寺-新北市,其他
f630d96c-d252-401a-98ed-a462cff90f53,100年宮廟_龍山寺-高雄市,其他
ee471bff-6b73-4e2b-b581-1f4b15acff51,100年宮廟_龍德宮,其他
44001cef-188c-4dba-bae3-c500eada6e75,100年宮廟_龍潭南天宮,其他
29ad363f-0a08-488b-9196-fc056b2f5e8b,100年宮廟_龍潭龍元宮,其他
404038f8-5386-42ec-9331-e800303c083a,100年宮廟_彌陀寺,其他
e66d9a44-7478-4c9d-b15c-786d8beaea92,100年宮廟_濟公堂,其他
61b0ebbb-d886-4ac3-a4de-6fddff47276e,100年宮廟_濟安宮,其他
ded41d7d-ed96-494c-909c-8d8e379d6ed6,100年宮廟_濟得宮,其他
8e0361f0-c2f4-42b7-a0d3-1e2110ce2972,100年宮廟_總祿境,其他
9d013c21-8239-4286-8ba4-e76b55ae6fe8,100年宮廟_總趕宮,其他
22841b34-2174-49de-bc04-c9160a11993a,100年宮廟_臨水夫人媽廟,其他
487b94eb-9c66-4dd2-903a-1671c951790a,100年宮廟_霞海城隍廟,其他
d69e7c0f-e27e-4270-addb-12a02c5c663d,100年宮廟_鎮南宮,其他
ed48a6fb-15bc-405e-ad22-9d51c2d94b2b,100年宮廟_鎮安宮-彰化,其他
6095be5e-4ec9-4bbc-9e60-2f4077162740,100年宮廟_鎮安宮-雲林,其他
98da9df4-cc62-4577-a711-2b9a405c1c33,100年宮廟_鎮撫宮,其他
ef2378a3-6bc5-45e8-8c2b-e7b8a236d6a9,100年宮廟_鎮瀾宮,其他
d899db4c-50a5-4cbb-b5ba-02a8ae28a4f2,100年宮廟_鎮轅境,其他
95d17cca-6d8f-470e-9b60-65a71520d709,100年宮廟_雙慈亭,其他
fe2ad774-5cc1-4bba-802e-f5f6c437f3c1,100年宮廟_雙生土地公廟,其他
38fafd90-46b0-444f-8509-7b03af8a29a3,100年宮廟_藥皇廟,其他
9f0a7b6d-6a7e-4bba-8abb-0b1b53924b2a,100年宮廟_關帝廟,其他
3284f8a3-c823-4af7-ba0e-9dd652e7d12f,100年宮廟_關帝廟,其他
96687c8d-0b2a-42ff-a1ba-54b6006b8a06,100年宮廟_關帝殿,其他
360ee8aa-fb45-4a01-8b1a-57b901d8fa48,100年宮廟_關廟山西宮,其他
421b08ce-942e-4396-9c35-1ab04815e4a0,100年宮廟_關渡宮,其他
d407d551-050d-4661-96bb-2eb786fc6bab,100年宮廟_寶明寺,其他
ae1e09ba-c735-4714-abb4-ed42799b9476,100年宮廟_寶藏寺,其他
ec65d397-af82-4161-8058-0b302cb1bba2,100年宮廟_寶藏巖,其他
48660e75-dd15-43f1-9c4e-a67bf7957744,100年宮廟_覺修宮,其他
5ea19e8d-ee68-421d-abcb-6281b5ed5b43,100年宮廟_護山宮,其他
a30426b4-0fae-44df-a617-7d93a8c86132,100年宮廟_霹靂宮,其他
fab76bdc-143f-40a6-a487-998fc6947cd0,100年宮廟_靈泉禪寺,其他
ffdf41eb-eba8-4a17-830c-7c60a2231b1d,100年宮廟_鹽埕三山國王廟,其他
5d844fa4-744f-494c-b5a9-509a26175f5f,100年宮廟_墘埤福德宮,其他
e2861e14-5d58-4e2a-9b71-da1411c45918,100年宮廟_永昌宮,其他
fe46f032-2782-463e-b538-535c5f9ee303,3502地區總監_3502地區總監,其他
4a8f6927-5978-47c0-ab6a-3a945df3c989,7-11石牌店_7-11石牌店,其他
252aa3d1-04b0-472b-9db7-eb8b63a31f1b,俆修宇_俆,其他
a2a4cfa3-f1a8-4fd2-b551-ddef1cedd8c9,电动車体_創奕,其他
c6f42e87-d099-4c05-8ace-170d5868e298,鸿貿公司_鸿貿公司,其他
b582efc0-ae01-4fc7-97ae-c11ac07ebc25,ARTC車測中心_ARTC車測中心,其他
9da151b9-4bf4-4ddf-bc3d-9911a287e776,CB音響_CB音響,其他
9e3ac97a-107a-46ee-911b-63dca2536149,Honda劉_劉,其他
40046122-63c8-455a-b63c-10156edfd1f6,Lexus高雄民族所_Lexus高雄民族所,其他
01dd89db-f298-43af-a8da-2f24f03b10cc,nice taxi 計程車_nice taxi計程車,其他
d2c20a71-f1ea-4ebe-9f5d-959548a6c099,QWC租車_QWC租車,其他
e57b794a-5572-492f-a06f-875d4c12ff36,T0YoTa福祉車会場_T0YoTa福祉車会場,其他
d548ddc7-79ef-4026-aa2a-a0c1746b7535,TOYOTA_Toyota 北台南營業所-南都,其他
de60c576-5714-4b58-bc81-92f59cdc8bda,TOYOTA_Toyota 北台南營業所-南都,其他
1e79140b-8496-4913-bb77-8fa2145addf1,TOYOTA_Toyota 北高營業所-高都,其他
8308ceaf-cd35-4b24-b175-1aaf0c6ff13b,TOYOTA_Toyota 湖內營業所-高都,其他
4e84b085-c852-4078-b9d3-841d06fe85f9,TOYOTA_Toyota 湖內營業所-高都,其他
1e175dbb-522c-471a-8d68-f7a8440e9b97,TOYOTA_TOYOTA中和,其他
829fbfd7-409b-4eda-930d-205d1fbf8bfa,TOYOTA_TOYOTA中和所,其他
ab9ebc26-dec5-453a-bcd3-c76cb94711c0,TOYOTA_Toyota丹鳳,其他
cf4814c6-a5b1-4614-bbad-29bb3a170603,TOYOTA_TOYOTA宜蘭,其他
8b3ef138-53b9-42ae-a051-071391817914,TOYOTA_TOYOTA宜蘭,其他
7292b8c6-2ff2-462b-a0c5-6ff00be65e6a,TOYOTA_TOYOTA宜蘭,其他
41ed657b-ae19-4268-af53-1ab18cadf6e0,TOYOTA_Toyota松江,其他
6bc8025e-9ad3-4b2a-9800-04e70e74ea01,TOYOTA_TOYOTA羅東,其他
c8b35d88-4075-4038-a413-566ba570d811,TOYOTA_TOYOTA羅東,其他
99870ca5-925d-4139-9d83-794ca1f9f62c,TOYOTA_TOYOTA羅東,其他
30378e9d-3eee-45ff-92b0-c25ee8721f59,TOYOTA_TOYOTA羅東,其他
0bdff905-e73c-4263-82ba-fdd58d807e89,TOYOTA_TOYOTA羅東,其他
dfb446ec-2cea-42b4-9cb6-c7aa14c2457a,TOYOTA_Toyota西園,其他
3ca419f9-751a-4e5c-a09f-2605bf62970c,TOYOTA_Toyota西園,其他
964e9b23-567f-45a8-acfa-0b90f7599e43,TOYOTA_九如,其他
9314f735-56a9-4288-9d13-184a9e4baec9,TOYOTA_八堵,其他
09f01a37-ff80-4819-8ef7-2106a35bfe2a,TOYOTA_八堵營業所,其他
871597ff-1970-450e-b51c-a7b2935e8f24,TOYOTA_八德,其他
bc54e619-b09d-4cd7-863c-7d58c18c6f17,TOYOTA_八德營業所,其他
59f4e55e-a38c-4ce0-a1bf-be7e295f9850,TOYOTA_三多,其他
833f6175-7018-49cc-b254-a60f02d340f3,TOYOTA_三重,其他
64aed889-ac05-4c5b-af63-00ea87dbaba7,TOYOTA_土城,其他
e408f5df-501e-4330-a746-9967f7944436,TOYOTA_土城營業所,其他
6c9ff237-1ca4-4ec4-8d0a-32b8e5739192,TOYOTA_土城營業所,其他
f22a0ab9-2de5-44d3-8592-d652645d9498,TOYOTA_士林,其他
f2c6f825-7b01-4c6b-915f-de1029d22761,TOYOTA_大園,其他
b4dd0c22-ab74-474b-adeb-65f6a1fec566,TOYOTA_大安,其他
c56055c7-2158-4623-88d2-58b01d289a7e,TOYOTA_大崗,其他
37a388b9-3088-4eb5-a020-1a2576c3e63d,TOYOTA_大甲,其他
2db50793-2b50-4f05-a58d-928e38acaf1d,TOYOTA_大里,其他
7eab848b-b554-49de-ac9c-d8d4b266f620,TOYOTA_大雅,其他
31bc94a5-413a-439e-aa32-668f26998e9e,TOYOTA_小港,其他
ff1ba46e-752d-4be4-b2c8-0b995e041c36,TOYOTA_中台中,其他
ea5ed385-1669-4470-8983-f975048c64ab,TOYOTA_中和,其他
93d2610a-aef5-4313-8742-9ae573f77927,TOYOTA_中和Toyata,其他
d5c91dce-f170-4ef0-89ea-e779d651944c,TOYOTA_中和營業所,其他
8a41986a-dc37-454d-97e1-05c18521c262,TOYOTA_中和，營業所,其他
f26500f6-35f1-4aab-90cb-8cecd22dc3ba,TOYOTA_中壢,其他
eb6ff369-cef8-44f9-952a-2acf140b2a69,TOYOTA_中壢營業所,其他
a7b1056d-5b0d-4be6-9405-54482d95b598,TOYOTA_中壢營業所,其他
a07820cf-bcb3-4ac7-aa5e-8e26935be41a,TOYOTA_丹鳳,其他
e1cc3a17-88ed-4f22-9b23-0f5faf7f064a,TOYOTA_五權,其他
f634637e-ac6c-4a56-8b55-fb9b19b19cf6,TOYOTA_內湖,其他
5c83eccf-766c-4b18-9bd9-377ec810e392,TOYOTA_太平,其他
c6aa8ed5-680b-44b1-96c7-6c3d482ebc9d,TOYOTA_文山,其他
a8bef7e6-e2ab-4d21-945d-dacc81e7576e,TOYOTA_文雅,其他
c9117d31-12b9-4792-b4b1-e4581c4951ea,TOYOTA_斗六,其他
c75c6dc9-74a9-4591-ae7f-18038eb1f2e8,TOYOTA_斗南,其他
8ccdb5ce-aeb9-4555-9415-1bd8f322309e,TOYOTA_北台南,其他
044441eb-a22f-4a94-9cbe-630a4512c435,TOYOTA_北大保修,其他
473072d5-d089-4075-be3f-4ca6db85955f,TOYOTA_北屏東,其他
3d2d5322-4b34-4e1b-9e60-6b265fd0e961,TOYOTA_北彰化,其他
7abd3ec2-8ad8-4a23-9911-c9d4872eb458,TOYOTA_北斗,其他
d4a3b054-ec41-4387-801d-64e927523726,TOYOTA_北板橋,其他
260034c3-3217-477f-85cb-6988cbde2a76,TOYOTA_北板橋,其他
f3e27928-fc88-4e93-a5b1-b1c92054269b,TOYOTA_北永和,其他
84ad3ca2-1eba-4840-84fc-1ecc7b53623c,TOYOTA_北港,其他
0de471a4-8f1f-4955-aa7f-63da08348a71,TOYOTA_北豐原,其他
008133a1-95b5-445e-9f7e-5b09d34434e9,TOYOTA_北高雄,其他
0c7d4e99-841f-4b4e-bc71-6378ab0d8a89,TOYOTA_右昌,其他
475faae0-1ed3-4318-81d6-1f4a79351e57,TOYOTA_台南PDS,其他
076032a1-a9e5-41c7-b0b7-24a680ca41ee,TOYOTA_台東,其他
47bef3cf-ca05-4b38-bdd1-6d0805609f5b,TOYOTA_民雄,其他
f83d9a63-46e0-48f4-a99e-81892202eecd,TOYOTA_永和營業所,其他
9db27280-86f1-4ca2-802a-7ea92e806ffc,TOYOTA_永和營業所,其他
0b485604-dcb0-41f7-931e-5093f3a5b64f,TOYOTA_永大,其他
a5947f64-11b2-4cca-ad22-d013006e8ef1,TOYOTA_光復,其他
322d0801-a7df-4753-8399-69efbd11c459,TOYOTA_光復所,其他
07b31805-33e7-4556-a724-a7ca5b8b41ce,TOYOTA_安南,其他
efe5004f-e613-4559-a38a-dccab6eef7ed,TOYOTA_安坑,其他
e11e5da7-3868-4c47-95bc-847e082c6b82,TOYOTA_安坑營業所,其他
83e72f32-fb4d-4fab-9af0-72bad437e6fb,TOYOTA_朴子,其他
afa8b39e-abb7-4dec-9728-0d47eb2fab96,TOYOTA_汐止,其他
99b95b9a-8c74-44b2-b492-3b32ea005cf1,TOYOTA_竹北,其他
de82789f-55c5-4c1b-a70d-c3b64ce9ac8b,TOYOTA_竹山,其他
b1528345-9576-4903-b9ae-44902e5b9de2,TOYOTA_竹東,其他
732512a9-1e63-4f04-9c98-3d2f3b9b32a5,TOYOTA_西台南,其他
54bdbbdc-9b1b-4d84-8177-d63dc4474154,TOYOTA_沙鹿,其他
c93a0d0d-9891-4da8-8ea2-9e68f76dfe46,TOYOTA_佳里,其他
df0da6d0-573d-47cd-aad9-31c06b0b3071,TOYOTA_官田,其他
804ed6b7-3cc5-42b4-b58d-05ee22315dc2,TOYOTA_宜蘭,其他
e67b8a28-dd22-4c6a-907d-0392688b3735,TOYOTA_岡山,其他
ac9057a3-4f71-4e9e-a563-49f482ed74a0,TOYOTA_東台中,其他
bae2ac8b-c459-46fe-9bc5-c4213f6fe17b,TOYOTA_東台南,其他
46b48fbe-0603-4d93-abf8-e7ee2f81537c,TOYOTA_東海,其他
8fff415a-6c54-4975-bd00-809b26ab3ac6,TOYOTA_東港,其他
101d1cac-3b7b-4669-80f6-dfeaf97d7924,TOYOTA_林口,其他
19d95029-0b58-45dd-a456-d85697ea768e,TOYOTA_林口营業所,其他
bdb768f6-8cd1-4f7f-acbb-8c2fdea94c8c,TOYOTA_板橋,其他
148abfb5-b916-4d4e-9f61-fb7140d881d8,TOYOTA_板橋營業所,其他
acd3dfb2-837b-4d35-9935-a7e70013bcb8,TOYOTA_松江營業所,其他
d434f5d0-e090-4f3d-95e0-760156020d7e,TOYOTA_花檀PDS,其他
45dd6c53-7347-4f2a-b0e0-09072b174020,TOYOTA_花蓮,其他
3e4ae32d-0a06-47ba-a11e-6443c69530b1,TOYOTA_花蓮PDS,其他
4b9199d3-5be1-4d76-a428-de021b04c7a8,TOYOTA_虎尾,其他
410e4602-a9e6-4b69-beaf-446c1187c73a,TOYOTA_金門(特約),其他
992b980c-3c73-48c7-92cb-ce2bb10ccd4c,TOYOTA_青年,其他
162be229-9862-48bd-8b9f-e20f39036c56,TOYOTA_南中壢,其他
0b31762c-5433-41ee-8774-03b2f47ff536,TOYOTA_南台中,其他
b04c1797-b063-40f0-a2fa-af5def2a29c1,TOYOTA_南嘉義,其他
820f8f47-1955-4c8e-9211-59484fafa248,TOYOTA_南崁,其他
3207b23a-07d5-4d10-a723-8519fc0dd08d,TOYOTA_南崁營業所,其他
2ac3022f-d6a1-4b51-92d2-f0a113704de0,TOYOTA_南投,其他
27d996d0-dbc8-4a71-8a13-a925a8253b73,TOYOTA_南新竹,其他
87cc092f-a0c1-4d8c-bcca-ce3dc0aa82ca,TOYOTA_南松江,其他
0ed69994-e7da-4176-ba4e-7fbfcc339f0f,TOYOTA_南港,其他
5e942123-cc59-4abb-bd93-7b3ab45f59c6,TOYOTA_屏東,其他
13d36756-afde-490d-a542-c696cfd70475,TOYOTA_屏東PDS,其他
c3c51939-2e0d-49d5-812a-570506de4875,TOYOTA_苗栗,其他
1a6eebdf-b7c2-468f-9273-d01b2d255965,TOYOTA_苑裡,其他
caf5d899-9440-4773-897e-bf75f58a1b99,TOYOTA_員林,其他
3d03a05b-32a8-4165-83f0-c72c0a20af38,TOYOTA_埔心PDS,其他
05323f63-a37a-4add-ae61-999a003eea02,TOYOTA_埔里,其他
4a7d613d-710c-46b7-98a9-152696a2a09b,TOYOTA_桃園,其他
a43525bc-3c42-4f04-8312-f7ae0bba26bf,TOYOTA_桃園營業所,其他
6d5a769e-3d32-4fc4-b3c2-91626b4df3c2,TOYOTA_桃鶯,其他
bca6f84e-63b8-4a7e-9748-fbaa9cc9ecf7,TOYOTA_桃鶯營業所,其他
655c055d-36f6-4df1-9b01-8960f4476b22,TOYOTA_桃鶯營業所,其他
775fcc3c-4bf5-45e4-9740-e93eefef8585,TOYOTA_桃鶯營業所,其他
41de57dc-448e-4014-8e8f-76ab240530a3,TOYOTA_桃鶯營業所,其他
bf499e35-51dc-4e06-afd7-4f7c51267f2e,TOYOTA_桃鶯營業所,其他
75debcfa-a824-4e7a-a93a-38cc5b79b5a7,TOYOTA_桃鶯營業所,其他
93ca23e2-d106-477e-875e-49cf4e56a8c6,TOYOTA_草屯,其他
38036640-1de1-4fb7-aae5-765d3e2655ad,TOYOTA_崙背,其他
0a1e6970-5e4d-4c7b-8a6c-9c0087471115,TOYOTA_鹿港,其他
ba74a086-cb44-41d8-9911-c3d9a7514710,TOYOTA_敦化,其他
4004cb6d-096a-459b-ba58-66e9e6811146,TOYOTA_湖內,其他
04eafae6-79b7-4e84-9134-be8a3af28b79,TOYOTA_善化,其他
4bd59d29-1e29-4743-a208-eb610a7d328a,TOYOTA_陽明,其他
7d26aa31-3dc8-4857-8220-fc043133effa,TOYOTA_新店,其他
f2f7f07a-925c-429a-8b22-7caddb62d4d6,TOYOTA_新店營業所,其他
d9050af9-c950-4800-a12e-b032d9f4ba82,TOYOTA_新店營業所,其他
8d0c326b-7d37-4316-83e4-18976751ce9d,TOYOTA_新營,其他
ea5244c2-e54e-422e-8f5d-21a1c252ddb0,TOYOTA_新竹,其他
187a2a16-f951-4cf5-a9dc-574e5b54ff85,TOYOTA_新竹toyota,其他
6ff41cb4-3435-4a29-a432-735ee7a3c3aa,TOYOTA_新莊,其他
18ffe330-b802-42f7-9aab-517a74f012c4,TOYOTA_新莊,其他
49da01f1-84b5-480d-afa3-481e6e5814d0,TOYOTA_新莊教育訓練中心(新莊道場),其他
91abedae-a6d4-4922-9055-e4ba354f8ead,TOYOTA_楠梓,其他
f0da4d8c-444e-4cea-8d7c-4d68c8a91687,TOYOTA_楊梅,其他
932b6240-a711-4c76-9cef-0989d7d4f290,TOYOTA_楊梅PDS,其他
47980501-3db1-4d64-8d14-355424990817,TOYOTA_楊梅營業所,其他
86f6169e-8f78-43c9-839c-2ef8a8d33a0f,TOYOTA_溪湖,其他
43c459d4-8f82-4031-80ad-7b0378142e6e,TOYOTA_瑞芳PDS,其他
e174182d-1f49-4829-a48c-4cbc27423811,TOYOTA_瑞豐,其他
6f88e926-981b-4568-9b38-cab6b6c8c9db,TOYOTA_隔壁鄰居,其他
6f933a3f-b76a-4ea3-ae27-c3668aaf11d7,TOYOTA_嘉義,其他
57d16374-aedc-4dd0-bbd0-1a6cf6cb9b0e,TOYOTA_彰化,其他
bf7b6309-755a-4819-863f-569094baa985,TOYOTA_旗山,其他
b900378b-825b-47cd-9a4c-7d82398cf5e5,TOYOTA_鳳林,其他
1cd9533a-d314-4597-a09c-3ce19a7b8759,TOYOTA_潭子,其他
527bfeeb-466f-4f97-a34e-8cfec1567b3b,TOYOTA_潮州,其他
a27c0c9d-ab52-48ee-9b6f-208ecd6022ec,TOYOTA_澎湖(特約),其他
31ebffff-dff7-4140-b676-a3117afc0b71,TOYOTA_樹林,其他
bc3a1a7c-ecf0-44b6-9c4b-964ffbad4f4f,TOYOTA_樹林營業所,其他
5f186367-b509-4f02-8646-7eb0a4c56f04,TOYOTA_頭份,其他
e9e5836b-0bfe-47d5-bb21-cd69f4ef8d87,TOYOTA_龍潭,其他
713c0932-ef74-468f-8a45-8cd1192614a9,TOYOTA_龍潭,其他
1d2a763c-14b9-4a9e-994b-160852bf099f,TOYOTA_龜山,其他
e483ff48-5d82-4f87-b2a2-461c3c17a779,TOYOTA_龜山營業所,其他
181952ec-84ce-44fe-8d74-7b8014d234da,TOYOTA_龜山營業所,其他
c9713148-7117-4d18-bac4-2a546947cace,TOYOTA_龜山營業所,其他
d5346ab1-1e69-4696-a6fd-7be4cbd7068e,TOYOTA_濱江,其他
9ea76282-20d4-40b2-aa00-584b5343112a,TOYOTA_營業所中和,其他
9083865a-d022-431c-8149-10c76b7624a7,TOYOTA_營業所中壢,其他
9b011987-c82c-43fe-8d79-0389a3e506e9,TOYOTA_營業所南港,其他
cd48d89f-8d8e-4c01-adc3-1a7c5ff41e19,TOYOTA_歸仁,其他
5c89fe16-c689-40af-a576-cf07699399ba,TOYOTA_豐原,其他
419bca5d-d09a-4c04-b833-36bb3fcce34f,TOYOTA_雙園,其他
a20a2b27-ce17-4072-918f-d8d6cbc8cf2d,TOYOTA_羅東,其他
38938647-d7a8-4529-93f7-da1f19bc6b0e,TOYOTA_羅東Toyota ，new,其他
881bacd8-2586-4299-8f0a-1fe203fd48cb,TOYOTA_蘆洲,其他
32ddc0ec-2101-4767-a73c-04585063830b,TOYOTA_蘆洲營業所,其他
4d75f79b-a934-4ade-a8fb-da5a2ec0a45f,TOYOTA_蘭揚PDS,其他
912f9586-0bfc-4b4f-b977-9a823e52780a,TOYOTA_鶯歌,其他
07f6aa1a-bc39-4cf9-be6b-0029f9a6ab82,TOYOTA_鶯歌Toyota,其他
ee029c8e-0a47-4c09-be91-4452b15f663a,TOYOTA_鶯歌營業所,其他
340d8d12-fd25-41d1-bcb6-4c713169427c,Toyota 豐原陳志銘_Toyota 豐原,其他
bdbd0306-c807-4919-ab5e-b8df57271115,TOYOTA1_Toyota 北台南營業所-南都,其他
fc7c63a2-961f-4b16-aa50-48a2910990ce,TOYOTA1_Toyota 北高營業所-高都,其他
7a1b8b02-0fc1-40c6-8814-374c10fd8353,TOYOTA1_Toyota 湖內營業所-高都,其他
9a3eb239-e57b-45a4-8b42-721c35cc74ab,TOYOTA1_新莊教育訓練中心(新莊道場),其他
814f57d9-cde1-4d13-a120-3f4a059e92ad,toyota中台中副所長_toyota中台中副所長,其他
e5102194-59f0-4dbc-8cba-4e4c1c87d2c4,Toyota中台中蔡明益_Toyota中台中,其他
b3e7bf2f-4ee0-4785-a9e4-8c876941725d,toyota北豐原周崇緯_toyota北豐原,其他
3014c169-bc89-469b-9cd5-bf5afcf3ee1a,Toyota南投業代_Toyota南投業代,其他
231bdc5e-d325-4a24-9b46-e8cc1c55e2d9,toyota大里李明麗_toyota大里李明麗,其他
af9b4514-b9b1-408b-9c99-2367952999d0,Toyota太平所_Toyota太平所,其他
520851ac-34bd-4553-9565-610a26db1583,toyota客戶莊小姐_toyota客戶莊小姐,其他
11f992fd-b8d3-4f00-a545-775af9464e15,toyota客戶莊小姐_toyota客戶莊小姐,其他
25a9c3cd-641f-4430-87eb-feef79d22c60,toyota崙背所鍾明潔_toyota崙背所,其他
48cf344d-a8c9-481f-bc26-91aa576dd946,toyota東台中盧建治_東台中盧建治,其他
c3de88d6-70f3-4938-b568-8dc91d64502f,Toyota林口營業所_Toyota林口營業所,其他
2b538872-20ae-4c72-ad98-ce5a43f58db8,TRTC車測中心_TRTC車測中心,其他
50a1efe1-8941-453f-a9d5-c00c0d24b250,unrv_unrv,其他
ae2a5b75-a722-477c-a30a-a9ccef82cb74,volvo車體台中廠_volvo車體台中廠,其他
0ce7c397-75bd-4908-8e63-093533768407,ㄧ粒麥子_ㄧ粒麥子,其他
4d245a26-170a-4a24-a099-70bf0114eebd,一一一交通公司停車場_一一一交通公司停車場,其他
a73443b7-c80c-44a4-b6dd-943a5ce61fbf,一品沅商旅_一品沅,其他
f59e945c-ddbe-4737-8cc1-a3bf3fc17ba1,一德青商會_一德青商會,其他
338757a3-6529-417c-b7d4-d3ba862632c5,一粒麥關廟_一粒麥子,其他
85aaa338-847e-427e-831e-6ef237843927,一般企業_大格彩色印刷,其他
4d3d8b85-7a15-4b4e-a1ad-81a2ef5544e4,一般企業_中國廣播公司,其他
dda30180-0420-495b-9c49-d9cf50d05449,一般企業_中立螺絲,其他
3ecec387-169d-42a6-ae27-90bb71be4e34,一般企業_主婦聯盟,其他
1165ff56-37a3-4b40-9be9-cdfd477c7d6c,一般企業_正新輪胎,其他
601c1d10-1360-455d-976c-d9b90a55eaac,一般企業_永達,其他
a648985e-752f-4895-b933-1fa8871fb2bd,一般企業_立期科技,其他
a65e3f66-2e6d-40ed-a959-551c40baa3d2,一般企業_先進光源,其他
63248930-d44b-4373-b8d3-3d90136ac79b,一般企業_宏棟,其他
133093d0-5b04-4a7c-9fb4-eed22b9c2432,一般企業_床的世界,其他
7adcd343-65ab-45af-8f01-1a345f57879f,一般企業_甫邑,其他
e0b86afa-0d9e-4e03-9cb7-51737bb59b5a,一般企業_亞士通電工,其他
07ec0a8f-c581-46ae-a5c6-cf49abaa2d32,一般企業_東力,其他
73dcee5e-6d2b-479e-a8ee-7b24e59a1486,一般企業_品豐投顧公司,其他
ad13c2d3-2acb-4b87-9274-8a9f8f03314c,一般企業_英倫交通,其他
97b6504e-fed8-40ba-81dc-b4b43014678f,一般企業_海霸王,其他
ac78001f-bdc2-42a8-936e-1c2b007c4b9e,一般企業_逢御,其他
32f6aa99-861c-4879-a5ab-996fd0ecf87c,一般企業_琴峯樂器,其他
7e566790-cce1-4c86-b784-b6e9dd0eee5d,一般企業_琴峯樂器,其他
f21cb153-0d1c-478d-8309-f78ebfd50f30,一般企業_順毅紙業,其他
7c2f4f14-6d39-4db4-81a7-acdc52da8549,一般企業_楊董印刷廠,其他
e277ee5d-859f-4130-8918-1c74e62473e2,一般企業_萬泰修車廠,其他
efad66c6-62d6-4948-ae5c-85e985883a43,一般企業_群捷機械,其他
412c0d12-72db-481d-bdf4-719099aaaec6,一般企業_興松企業,其他
b07e882a-e9c6-4e6b-b858-ef3870c142f6,一般企業_龍騰建設,其他
713a26d8-5f2d-438c-ac31-f04803540b4c,一般企業_寶德興科技,其他
6836ee17-bb43-40fa-ba6d-e9465f726195,一般企業_中勤實業股份有限公司,其他
621a3b5d-b94a-48fe-90a0-ceba9c60abdd,一般企業_天工企業社,其他
e2879630-41ac-4034-bd86-cccb0c48eb49,一般企業_協建成有限公司,其他
c7d93f86-7878-47cf-9c94-e49788526a04,一般企業_房日美室內裝修有限公司,其他
43fc4104-ee94-42df-ae45-a5ea342ee3a9,一般企業_捷仕特科技有限公司,其他
409832c3-101a-4978-ad96-7539a16bcee5,一般企業_盛森企業有限公司,其他
61701c84-afd0-4b39-b106-8170b1b055be,一般企業_聯晟電子有限公司,其他
697e3a33-d6e1-427a-b2f9-3533de35c5db,一般企業_豐登實業,其他
3db5e996-f17a-4bce-8881-a074705223da,一般企業_佑林企業有限公司,其他
22bf1897-e73a-4a8a-be3d-322975f54097,一般企業_唐大資產管理有限公司,其他
c426bbac-0d1e-4443-959c-8b813db91efd,七堵日間照顧中心_七堵日間照顧中心,其他
e3b05151-9d2a-4776-b3ad-41bd4098af32,九和文心所_九和文心所,其他
5010c6cb-4cf9-40fd-ab64-533f7eba9753,九如三山國王廟_九如三山國王廟,其他
04a40423-59bc-4f98-9958-45812cbebc2a,九如鄉日間照顧中心_九如鄉日間照顧中心,其他
b94d7a66-ba65-4a23-9309-db17929005fd,九湖武聖廟_九湖武聖廟,其他
e936a7d8-2246-4913-bf83-fb6d01b7b70a,九龍寺_九龍寺,其他
7b445aaa-553f-427d-a6af-58ff5e6e51b6,二分埔福德祠_二分埔福德祠,其他
53d89307-ff92-4c78-aa02-9bfb139fc368,二崁日照_二崁日照,其他
0da77448-8c7d-49ff-b1fc-7c930c9af16a,二林老朋友日照中心_老朋友日照,其他
94006105-ed7e-4163-bb86-1f1aafb6bdc6,二林青商會_二林青商會,其他
3c0bfef2-a9b0-4e99-94a9-3df497f3237b,二水日照_二水日照,其他
0c15657c-38d9-412a-adff-a305afda0422,二結王公廟_二結王公廟,其他
35f21141-4bcf-4b7b-b3ec-c4dc99d8404c,人瑞家園_人瑞家園,其他
a2f3e86f-9524-4a3a-855d-6bce1b46c1f1,八德陳先生_八得,其他
00d28dff-3021-48ae-bd71-809c0c7fb7bb,八德陳先生_八得,其他
f7644f6b-585d-4843-bc9a-605c60ab0c54,八德青商會_八德青商會,其他
390c7762-6933-479d-befe-a7ef53d5dfb6,八里下庄公共托老中心_八里下庄公共托老中心,其他
67ba1cc5-5fee-49da-94de-2fc65f823e57,八里失智社區服務據點_八里失智社區服務據點,其他
5b4b7f82-ce33-406f-bbd6-3d0c4daabc5a,八里教養院_八里教養院,其他
70b75ab1-c7ac-43e2-925d-8eb8373c87c9,力恩華齡_力恩華齡,其他
11bb09ea-2a2d-4307-8ab4-c78cdb9cc501,力行福德宮_力行福德宮,其他
31b91a48-d743-43af-87af-c397457763bb,力行青商會_力行青商會,其他
081533b7-99bd-445c-a969-86d59ba27eec,十方啟能_十方啟能,其他
4bd5995b-9ecb-4bc9-bb66-38e2fd7e4a17,十方啟能_十方啟能,其他
6e5b09ed-b794-41ab-afa2-25479c3b80ef,十方啟能中心_十方啟能中心,其他
661956c0-e2d9-4a80-a8db-2285c331fe2d,十方大覺寺_十方大覺寺,其他
3b8b76cd-cd2c-40e0-b60e-c90c37abd7f4,三元宮_三元宮,其他
80b6308f-dd93-48e8-9ea8-21711f20d287,三元宮。_三元宮。,其他
ec8ffa6b-3aca-4e70-80e0-34dbbf0dc1bc,三合利計程車_三合利,其他
39e1208c-70a7-4984-b05f-3c9e198a62ba,三地門鄉社區日間照顧中心_三地門鄉社區日間照顧中心,其他
7cdedab9-a07b-4016-83e4-02722dddcefe,三坤車體七股義和_三坤車體七股義和,其他
1352bb9e-184a-480c-87ee-9731a9374a94,三坤車體廠_三坤車體廠,其他
d4dca8c9-bd82-4162-8f67-897dc5491e3b,三官廟_三官廟,其他
90c3bb91-8741-40c7-bf4c-8f49f5485d02,三山國王廟-台南市_三山國王廟-台南市,其他
1c30494c-ca8a-44f5-a6cb-2b574a4d20a7,三山國王廟-雲林縣_三山國王廟-雲林縣,其他
076fcde4-8b7e-4efd-a2ba-34c29c383b48,三峡福安宮_三峡福安宮,其他
c0ff4bf7-8974-4353-a395-29275668de4b,三峽興隆宮_三峽興隆宮,其他
d9d52fae-21b5-4e55-9ab0-ef1a60b4f0b5,三崇宮_三崇宮,其他
eaddc100-88fb-41b9-923b-0160555b7f16,三泰宮_三泰宮,其他
ad2bfaf7-6a61-4b92-8564-945df4aa95cc,三灣彌陀寺_三灣彌陀寺,其他
14bf3923-ce01-4f55-ad5b-b72da8dee58f,三玉_三玉,其他
3674e1a0-e46d-4631-938c-d5ab823c5f97,三玉宮_三玉宮,其他
d502229b-6952-4f75-99ea-d902ac6ada3c,三禾_三禾,其他
f4c08aa9-fbce-49aa-9b60-ecdf4afde40b,三緯公司_三緯公司,其他
5b85e7ae-94b9-4023-ade7-332685178358,三總附設基隆服務處_三總附設基隆服務處,其他
84119303-2826-4d6f-abd8-f48e63240755,三老爺宮_三老爺宮,其他
5824d378-d5ac-4368-9c0a-80986ed620d9,三聖宮_三聖宮,其他
ad5c1f70-e1e8-4132-8b53-ac34826f9722,三重匯豐_三重匯豐,其他
69eb4132-1127-47c1-b03c-af84bc38f774,三重匯豐_三重匯豐,其他
82cfe480-c45f-46e0-aa00-7b8b1707d530,三重台北橋公共托老中心_三重台北橋公共托老中心,其他
fbf2d88e-2adf-4829-932e-d969235bc0a5,三重天后宮_三重天后宮,其他
19236aab-edad-49c2-9bef-18eec5105790,三重慈惠宮_三重慈惠宮,其他
eddd0e68-f276-4801-98c5-d326eb71e081,三重溪美公共托老中心_三重溪美公共托老中心,其他
5cf68d99-15ff-40c7-9966-4adad5ebbd71,三重青商會_三重青商會,其他
14a99202-a332-4321-8722-0b6268971f9d,三鳳宮_三鳳宮,其他
ff1cdded-b81b-44fb-a8d7-54852ee7bb67,下茄冬泰安宮_下茄冬泰安宮,其他
0b902035-6658-4040-a8fc-98687f7733bd,上公館福德宮_上公館福德宮,其他
f71484de-91ef-4d38-ba0d-923fde3fb8bf,上城東興宮_上城東興宮,其他
0c5ebae6-e7f0-4e25-8e67-e80958fd276c,上城食品_上城食品,其他
032a70e1-08fd-4b02-9aa1-3974a2230ea0,上班起點_Johnson,其他
a254022e-8a38-438f-842d-e2537f172c83,上班起點_台灣福祉,其他
6da2a13b-8bb0-4a24-8944-a022e1b1d832,上班起點_金特汽車,其他
022ed5e3-1084-4c46-a6ed-44abbc750a77,上立汽車_上立汽車,其他
a2845320-2441-4f7b-9c79-b61463f72493,上立汽車_上立汽車-崇德(展示中心),其他
32d410db-b3d2-45c2-a221-d3f846ee7a6b,上立汽車_上立汽車-崇德(展示中心),其他
71c72c18-6564-4c2d-b5de-efd35cba4814,上立汽車_上立汽車-文心(展示中心),其他
8ce6e2a2-00fb-458d-bb21-189073fbbd86,上立汽車_上立汽車-文心(展示中心),其他
e16b57cf-998d-43d3-8580-b4286144cb43,上立汽車_上立汽車-豐原(展示中心),其他
470111f3-7c17-48d3-b44b-a6f671d99708,上立汽車_上立汽車-豐原(展示中心),其他
a23a6a9a-789d-417d-9a21-7378415a6171,丸三餐廳_丸三餐廳,其他
3df88339-ca16-4fea-baec-4f458bc27270,于小姐_于,其他
62f388b7-ebdd-4cbe-8e6c-5d536628ba2a,千祥汽車_千祥汽車,其他
7f77ff40-bfce-4fa0-bfd3-786365415ad9,千禧扶輪社_千禧扶輪社,其他
c1c398e3-84b6-4851-931c-7fbd2acd2e35,口湖日照_口湖日照中心,其他
f5f2fca7-1131-4d10-a4af-65b90937434d,土城三元宮_土城三元宮,其他
1962c647-dc3c-40f1-b1a5-91f9614ea2bb,土城團委會_土城團委會,其他
ec2ad568-4df3-4fb9-a3f1-58afdf2f22f0,土城消防局_土城消防局,其他
ab712350-e428-487a-b0b2-8fe595c64762,土城青商會_土城青商會,其他
a714a9a9-e0e9-4a15-9cdb-119eb639d32f,土城頂埔公共托老中心_土城頂埔公共托老中心,其他
ea132d60-8747-46d3-a1b3-9c3122b28b43,土庫吉龍福德祠_土庫吉龍福德祠,其他
669342e2-2fbd-4954-8c06-481a92584206,土庫樂活日間照顧中心_土庫樂活日間照顧中心,其他
49809660-82db-443e-9fff-e8fdb50ab1f0,士林慈誠宮_士林慈誠宮,其他
531deeeb-bf6e-4cc8-a7e3-0a07913638c8,士林監理站_士林監理站,其他
6d3a08fe-c8b8-49ff-932b-130d8fe90d7f,士林邱小姐_士林邱小姐,其他
9762e3be-6fd4-43a3-9893-a54bd4a76a7d,士林青商會_士林青商會,其他
409528b2-a33a-41f1-9c27-2162870af545,大世界_大世界,其他
af45a236-919f-400e-8d2a-deef35b015c4,大中華總部_大中華總部,其他
e8dc6d83-50ea-4f20-9879-01c16a1d1edd,大仙寺_大仙寺,其他
a36a0ca4-c42a-4de9-b46c-aadbd981dc5a,大佛寺_大佛寺,其他
0a320c6f-10ca-4d76-afab-1442dc417038,大佛禪寺_大佛禪寺,其他
843d9bb4-667c-4f96-ace6-3a9059cc147b,大元健康_大元健康,其他
5d756009-1dc0-4d9a-aa7e-eba928fdac8c,大內日照_大內日照,其他
90eb2ed7-e115-4de3-b8d2-b345e3a3c2b6,大全造漆_大全造漆,其他
1db4dc0a-41f7-428e-894a-ae850b23e6bb,大利豐租賃_大利豐租賃,其他
8c008cb7-b2c1-48a8-8e61-ec7c7df9bf7d,大吉仁武廠_大吉仁武廠,其他
36e0db59-b2da-47b3-a973-5ae002fd892f,大同公托中心_大同公托中心,其他
ee03121f-8ec0-4826-87d0-dafbbd72ee2a,大同老人日間照顧中心_大同老人日間照顧中心,其他
5ce2d050-f88d-4b67-a521-1a7147776b4c,大同青商會_大同青商會,其他
fd12be34-1e49-4099-ab15-e36947e693e0,大園仁壽宮_大園仁壽宮,其他
7bd27362-afae-438b-ac2d-e3ce75e42711,大園青商會_大園青商會,其他
f1ff088c-5c20-4cc8-943e-1a52903067fa,大坑口福德祠_大坑口福德祠,其他
3a621c3d-46fa-4737-b560-cd953692917f,大坪頂太平宮_大坪頂太平宮,其他
b7fcbca1-2428-4857-ba3d-73cb2ddb4bdf,大墓公_大墓公,其他
df925b06-35b9-4f96-b554-f5ad1e20ab43,大墩青商會_大墩青商會,其他
0b8cbada-b1f2-4417-aa1a-c84ec2ade37b,大士爺廟_大士爺廟,其他
a3c37dc4-8c39-431a-b66b-10a391d51b6a,大大人潭子奉茶館_大大人潭子奉茶館,其他
eb81df67-449e-4c09-86d5-a9a97343bd52,大天后宮-台南市_大天后宮-台南市,其他
386cceca-4072-48d5-8527-6d360cbb5633,大天后宮-基隆市_大天后宮-基隆市,其他
1f44c744-713b-4c53-be5e-9b1972ebc819,大安區老人日間照顧中心_大安區老人日間照顧中心,其他
76dd9a2b-f079-4d39-bacb-ace858de6821,大安心居家護理_大安心居家護理,其他
641bb91f-84ba-429a-9aa3-f7d501fdc52c,大寮老人日間照顧中心_大寮老人日間照顧中心,其他
bf8c2ab9-3030-4d8e-a697-af47b5a891ee,大寮老人日間照顧中心_大寮老人日間照顧中心,其他
f36083c3-fb88-45ba-8a8c-64e12a2d6904,大崗山青商會_大崗山青商會,其他
0a4490fd-4448-4752-85d6-8b8705196749,大崙崇德宮_大崙崇德宮,其他
83c3e339-9940-454d-95cd-611968e5c24f,大廈遊覽_大廈遊覽,其他
44c6a53d-2bbd-4db2-93c1-31fb021ac443,大彰青商會_大彰青商會,其他
8d317712-ac34-48d1-b22b-fa6ea3c4adcb,大德廟_大德廟,其他
2e364686-b9c1-437d-b5ad-8a0cc87fe996,大心_大心,其他
a5fc9ef2-45ff-409a-8e54-cb09bdfd3759,大心日照_大心日照,其他
785d90ee-a339-46ee-a6a8-777daa26bd1b,大心日照交車_大心,其他
e5e01261-c5ea-4611-9421-11335f902fec,大忠里福德祠_大忠里福德祠,其他
a2293bd8-82ff-4f21-84dd-53a848304a10,大慶_大慶,其他
2ffbc7ce-3ba1-4ee1-887d-085c44e91aa2,大慶計程車_大慶計程車,其他
0812fcfd-fdf4-4958-8881-64a03ea092bc,大有巴士_大有巴士,其他
929235c6-0721-489c-be45-54494c312c56,大有巴士新莊站_大有巴士,其他
4884bd91-38d0-4d68-9d42-ca63c27d3ba7,大有日照_大有日照,其他
70ac871f-2d15-49fe-beb6-372b96a5961c,大松山青商會_大松山青商會,其他
c24a47ab-deed-42c4-8704-2616c3cea730,大林青商會_大林青商會,其他
f693968a-7f7c-41af-9647-a561347a2920,大榮貨運_大榮貨運樹林,其他
d9187bc0-5f1a-4255-97fb-db344410c4b8,大榮貨運大雅_大榮貨運大雅,其他
21251335-d096-4897-b92f-90fcc71458d9,大武車站_大武車站,其他
2c482f7f-aac0-42f9-8f99-ef4b4eb99271,大洲社區老來寶健康促進家園站_大洲社區老來寶健康促進家園站,其他
63b607f5-b460-4497-9442-72e203ba66e2,大湖托老_大湖,其他
3b517de1-1a35-4c79-841a-3bd7ecbde05e,大湖日照中心_大湖日照中心,其他
3570ebe4-3802-4c0a-800d-cc6188c6be13,大湖日間照顧中心_大湖日間照顧中心,其他
e174c628-ccec-4b99-b7a4-5138994f2a3a,大湳慈興宮_大湳慈興宮,其他
dddb4a96-57d4-4356-92b6-a000267811b3,大溪仁和宮_大溪仁和宮,其他
50dda80b-b815-4b0e-a27d-db79d6f2e18d,大溪頂崎日照中心_大溪頂崎日照中心,其他
ef19ba60-5466-4df9-9277-6f5f94d6c59d,大溪頂崎日照中心_大溪頂崎日照中心,其他
6a76a150-9b74-4f2f-8153-1899d1e814f0,大溪頂崎日照中心_大溪頂崎日照中心,其他
4cf4df60-5f59-417b-bbd5-fd5abae496b7,大田油壓_大田油壓,其他
bd0bf607-cd17-408c-a979-c5321d312a64,大甲匯豐_大甲匯豐,其他
f508b1bb-a58b-4980-8026-88ca1f6c908b,大甲扶輪社_大甲扶輪社,其他
819e8a67-cef9-49b9-ad08-c7e90c0b4c27,大甲鎮瀾宮_大甲鎮瀾宮,其他
50feb848-ccc4-43a9-af66-47ab01b42b6b,大甲青商會_大甲青商會,其他
7fb4c17b-43a5-4ee6-9e17-f055078e12b8,大益_大益,其他
8dae9aa4-ab3d-4d0d-8131-3f30b9de784f,大益台北_大益台北,其他
857963c0-9113-497d-9333-e0853d577a17,大益興業台北公司_大益台北,其他
772d363f-b22a-431d-a573-8ece52545bb2,大稻埕慈聖宮_大稻埕慈聖宮,其他
bd773daf-6a95-42e8-860c-d14aa5a0d367,大竿林代天宮_大竿林代天宮,其他
80740fb5-bb61-432e-9fb1-c9bfc093c3a8,大肚萬興宮_大肚萬興宮,其他
c605ba0a-2f3a-47b2-808b-b58f02fba483,大肚青春會館_大肚青春會館,其他
a0b8f664-c781-4f5e-8531-f93b4ba3d1ee,大興扶輪社_大興扶輪社,其他
9a35cc49-3855-4ef8-845c-b5a7e21743fb,大興里福德宮_大興里福德宮,其他
8d0f50d1-c18c-4feb-b4f8-1103d8cbdf72,大虹_大虹,其他
da7dfb2b-1567-4f7d-92ef-9711247207d6,大觀音亭興濟宮_大觀音亭興濟宮,其他
4743b427-a923-47a8-be3c-96011e2ca6eb,大豐租賃張先生龜山_大豐租賃張先生龜山,其他
18d4eb01-d8c2-4e38-b068-713120a77958,大都會民族東_大都會,其他
c1a05e0d-948c-44c4-8a6e-e14b87c41eb8,大都會陽明山站_大都會,其他
4684b4f3-a3a2-41dc-b30e-87cd52c8d555,大里國際青商會_大里國際青商會,其他
819cd2ef-71d2-4909-8eb3-760ab43eead0,大里捐贈張先生_大里捐贈張先生,其他
e6ae9c23-18dd-4e1f-8b4d-cbd3aeba1f86,大里日間照顧中心_大里日間照顧中心,其他
79dcb575-8c01-4e32-ae5d-cda805e9a271,大里杙福興宮_大里杙福興宮,其他
b00d9cfa-1d9a-44e5-ace2-2e1ace4b0599,大里洪春美_洪春美,其他
9f0dca70-3e2d-424d-a7c0-05212c78c88f,大里獅子會_大里獅子會,其他
dbe08046-5138-4158-b52a-43d95b6b1daa,大里現代汽車_大里現代汽車,其他
93da0a99-5923-4c56-9f4c-428a38f3632b,大里現代馮韋皓_大里現代,其他
a6a1e245-4ded-41d7-a4f8-df3609c612bc,大里瑞和宮_大里瑞和宮,其他
8d0974a3-c2d4-449d-8f42-c08b4ef6731c,大里福興宮_大里福興宮,其他
5a56403f-cacc-478b-9891-da0d68865533,大里農會_大里農會,其他
dc9ff64d-1fd6-4777-a399-0c291d89dcc7,大里農會_農會,其他
478e115a-9c0e-42a4-9d9a-cebcd8c9505d,大里青商會_大里青商會,其他
efe1e757-b5d3-4aeb-9366-f12b81da7034,大里順益汽車_大里順益汽車,其他
f5de34fd-8196-49ef-bd30-06a2cc98da65,大金救護車_大金救護車,其他
6a8f250f-c938-476f-9fa5-80b32a9e3ed2,大雅toyota_大雅toyota,其他
17b0c442-78e1-4688-8d9e-c64232a5c2e2,大雅中清路TOYOTA_大雅中清路TOYOTA,其他
ad6a8bf3-d754-4e44-8afc-1475bc127db3,大雅個人捐贈許小姐_大雅個人捐贈許小姐,其他
8d551eb0-f919-44d9-bc3c-9382dadcf3cc,大雅國中_大雅國中,其他
8103b58e-fd59-4f4f-a501-042ad38e3f5a,大雅捐贈許小姐_大雅捐贈許小姐,其他
908116bc-523e-4cef-9fdb-9fb0374a2a13,大雅捐贈許小姐_大雅捐贈許小姐,其他
a8acca81-6481-455d-bde4-4e07ea87e982,大雅永興宮_大雅永興宮,其他
6f9d6217-2f90-4517-9ec4-e60cba5956bd,大雅青商會_大雅青商會,其他
6cffae17-c3cd-4f9f-954b-87f7f6586145,大雅青春日照_大雅青春日照,其他
6aa83db5-df79-4b17-b73a-4ca59e3b5be9,大鵬福德祠_大鵬福德祠,其他
d159f60c-2367-4f82-871e-73bcba5c5fb2,大黃 黃汝慶_楓樹福德廟,其他
1041e2fe-0fc0-47ee-a7f0-d296c12aee61,小南天福德祠_小南天福德祠,其他
8f99d785-6074-4f8c-a051-a4cacdd81a0b,小灣日照_小灣日照,其他
582972e6-e1b9-46d7-9aa2-f969c17f7282,小腳腿日間照顧中心_小腳腿日間照顧中心,其他
b50ce888-7e88-4c65-a336-837cf41ee55c,小馬租車_小馬租車,其他
de5d91fb-5945-430d-80f8-2e5098c212aa,小馬租車_小馬租車,其他
680bc234-96ed-4cd0-9af6-dbae87f99f84,小驢駒新莊_小驢駒新莊,其他
3c9a9438-675f-48bb-b016-eeda4658feb2,小驢駒許志強_小驢駒許志強,其他
2fe6c373-1c06-4ff7-918c-0c5c486ad203,小驢駒許志強_許志強,其他
42183fa3-032b-4474-bda0-11db21adc133,小驢駒陳志強_小驢駒陳志強,其他
fc7fc7cc-6458-4399-bbff-3f6bed7d92b9,山佳火車站_山佳火車站,其他
4cd4a2a3-fc32-4ea0-a869-98358226afb5,山城青商會_山城青商會,其他
76592b43-e537-439e-925d-abd4246d87df,山西路張如柏_山西路張如柏,其他
aa26ebca-212e-4acb-87f2-dd6c339a5fff,山鐵螺絲_山鐵螺絲,其他
eb093afd-c3f9-4ebd-94f3-12a233b32025,川本國際包裝_川本國際包裝,其他
621c254e-6095-48ed-a069-c4fe0d04a1bd,川祥_川祥,其他
37632004-5bb1-4adc-87bf-8cf59d9d0424,工學日照_工學日照,其他
3b0ef8ed-16b9-42c2-9587-d7167ad5323e,不老坣東勢日照_不老坣東勢日照,其他
7949eb71-aa53-467a-bdc1-8fe88f067bb0,中區起點_中區起點,其他
f38833e1-edc7-462a-9f52-daa9de0b181a,中區起點_中區起點,其他
305313ac-e989-415f-b81d-e28f3ced8bed,中區起點_中區起點,其他
4311b9a0-05af-4db3-9376-750cdcc34f53,中區電業_中區電業,其他
187d2df7-cdbd-4492-9eec-898b9ab15b85,中友青商會_中友青商會,其他
d913083d-e285-4bf9-8bbe-70314080654a,中台中toyota_中台中toyota,其他
bd0ad2de-b7b1-4b03-a995-c4c2d067fae3,中台科技大學_中台科技大學,其他
c4222d4d-dfcf-4633-8468-251154b812ea,中和TOYOTA_中和TOYOTA,其他
ef3c3a36-ccec-4460-afa3-2d2259c9c3a8,中和TOYOTA_中和TOYOTA,其他
2b5c5225-567b-4119-85c8-7082f2aa6b43,中和力行福德宮_中和力行福德宮,其他
5ece31c0-a272-4dbf-b404-5d0a0f9a17ad,中和大同公共托老中心_中和大同公共托老中心,其他
c324de83-01b2-488b-a13a-609abad41267,中和廣濟宮_中和廣濟宮,其他
963e0394-e193-4b40-87c1-f5738b094d6f,中和慈雲寺_中和慈雲寺,其他
2524c7a6-c0af-4827-a544-784ee0d2a89c,中和林逸鵬_中和林逸鵬,其他
05b2721f-3688-4a3b-8460-f183f8136262,中和福和宮_中和福和宮,其他
809ea20f-7492-4ed0-b7cd-a1b1ebb6c9d5,中和許銘輝先生_中和許銘輝先生,其他
dbafe985-79d0-426a-a175-d9354b8d6254,中和鎮南宮_中和鎮南宮,其他
4653fb28-190e-4348-be36-70fbb95c9876,中和青商會_中和青商會,其他
1c37afdd-cd05-4fb0-8776-ab345b3e013f,中和青商會_中和青商會,其他
84c4b9cd-ba68-4c63-80c2-f5fce3af7c96,中國廣播公司_中國廣播公司,其他
6e7b1367-3299-414d-8a0e-d7f7d10dd08e,中埔日照_中埔日照,其他
3a68ec30-c7f8-4867-8f85-fedf2c2e5070,中壢慈惠堂_中壢慈惠堂,其他
c6d14170-b5a5-45ae-adf3-183570d38947,中壢青商_中壢青商,其他
0809f8d6-fa74-46e1-b2aa-04058ac60c29,中壢青商會_中壢青商會,其他
9ee63c99-b176-4646-974c-3008402b51e0,中山福德寺_中山福德寺,其他
b8899207-203f-4fa9-949f-54c6a5670bf9,中山青商會_中山青商會,其他
106c21ce-e43c-4ec2-95f8-44cca5fdca83,中庄福安宮_中庄福安宮,其他
46b5f716-5dac-4cce-bc3f-070897479f49,中彰投 宮廟_台中 南屯 萬和宮,其他
dbac94e8-e58f-46e0-b697-b554ab8b9929,中彰投 宮廟_台中 東區 南天宮,其他
6fef526f-823d-4e04-8a31-ae9ee5535036,中彰投 宮廟_台中 龍井 永順宮,其他
5ccb3380-c005-487f-8758-48b996a05423,中彰投 宮廟_台中清水龍天宮,其他
374bc415-63ca-405a-afc0-cff2e73f7dc8,中彰投 宮廟_沙鹿 三山國王 保安宮,其他
804826dc-422d-4da7-90a3-9cd456b67edf,中彰投 宮廟_沙鹿 朝興宮,其他
8f0151c3-1242-47c9-b1a1-c33397eeba8a,中彰投 宮廟_沙鹿 玉皇殿,其他
252b8334-2e0c-40a0-9234-f7f058135a33,中彰投 宮廟_彰化 南瑤宮,其他
e50761d6-0ccf-4556-a395-831b8434c069,中彰投 宮廟_彰化市南瑤路 鎮南宮,其他
63ba12b3-6429-4b80-b5b8-be3ce2e82a67,中彰投 宮廟_南投市 慈善宮,其他
d0124b89-8d49-48d2-8056-970db0a027af,中彰投 扶輪社_台中中區扶輪社,其他
19cded5a-cd16-4657-a2e3-534f7470153b,中彰投 扶輪社_台中港中區扶輪社,其他
39f6324d-72f6-49da-af88-e95334746240,中彰投 政府機關_南投 社會局,其他
bce9c154-3261-459b-a821-745f3ef6a094,中彰投 政府機關_沙鹿區公所,其他
1f897eaf-008a-4138-b9f3-114a23273d55,中彰投 政府機關_彰化縣政府 社會處,其他
483b8bc7-da4b-4e2b-aa55-aaccdb6e9c6c,中彰投 特約車隊_大中華總部,其他
16c47998-d4a1-4ae8-86a8-2351b73b027b,中彰投 特約車隊_大都會車隊,其他
b2601d7c-c39b-4300-be76-a56515a12b3e,中彰投 特約車隊_中華大車隊,其他
04f336a6-a7d1-42b8-b007-2c85ffaa24d7,中彰投 特約車隊_太平 自營復康巴士,其他
645308bb-1290-4b6f-993a-6ba65ee79298,中彰投 特約車隊_北屯區 家安社區關懷,其他
e04e7137-5240-457b-b03e-0b281c1a9ddd,中彰投 特約車隊_台灣大車隊,其他
ab6ac925-3313-43ac-a700-afb47f7d494d,中彰投 特約車隊_東區 秀老郎,其他
c7b5e271-10d7-4c7b-91f0-d77bdfc04cc6,中彰投 特約車隊_東區 綠生活,其他
4ed7a783-c069-4caa-9b6f-a1201982f6c5,中彰投 特約車隊_高鐵 和運租車,其他
1246f060-4db4-4d01-ae99-dc398a80aefa,中彰投 特約車隊_彰化 特約,其他
41443c08-844c-469a-9a4b-5a277a160329,中彰投 特約車隊_大慶居家護理所,其他
f2d87402-77f8-45c8-9fc2-3bfe6b379979,中彰投 特約車隊_小太陽藥局,其他
8fbecb4b-6242-413f-b7a1-f1c50581a886,中彰投 特約車隊_台中瑞健診所,其他
2816d730-9c4d-471c-864a-5064112bcb61,中彰投 特約車隊_東區 翔新診所,其他
944bb605-8d44-4583-9c50-76ce04295d27,中彰投 特約車隊_翔新診所 太平,其他
14cf7e9d-fbbb-4de2-bf84-9dcf4440269d,中彰投 特約車隊_豐原祥恩醫院,其他
e65c27d5-d791-4b3f-ba8e-7e08c1d92879,中彰投 福特/現代/匯豐_台中 南區 匯豐,其他
c4f80053-671b-46b3-9a0b-7202506c0fb0,中彰投 福特/現代/匯豐_南投 福彰 福特汽車,其他
afab582c-e134-4069-9d3b-7a50e88487da,中彰投 福特/現代/匯豐_南投市 匯豐,其他
53df22c8-06a6-4115-abed-e8ddac094b50,中彰投 福特/現代/匯豐_匯豐台中五權保養廠,其他
ebb78262-dbd5-4620-8139-374126f67dc5,中彰投 福特/現代/匯豐_彰化 二林 現代,其他
ff16db34-78ef-4f49-9297-29e854fc87d6,中彰投 福特/現代/匯豐_彰化 員林 福特汽車,其他
b8526dcc-63a4-485b-b72b-268955048be8,中彰投 福特/現代/匯豐_彰化 溪湖 匯豐,其他
dfeabf5a-3999-431d-9847-e9150f0fe76a,中彰投 福特/現代/匯豐_台中 南區 匯豐,其他
f243ee77-3404-4628-b40a-a12bab5d7fe5,中彰投 福特/現代/匯豐_南投 福彰 福特汽車,其他
7efb8970-c600-4822-b08f-f5f257bea386,中彰投 福特/現代/匯豐_南投市 匯豐,其他
190f22ac-3ac1-4283-bcd5-5c200d70659f,中彰投 福特/現代/匯豐_匯豐台中五權保養廠,其他
904ca558-dff5-4f27-b011-6e8104e52571,中彰投 福特/現代/匯豐_彰化 二林 現代,其他
b2ed16b4-c423-44e5-aef4-467947f49920,中彰投 福特/現代/匯豐_彰化 員林 福特汽車,其他
fe556a33-720d-4f58-b266-f60a85c9448f,中彰投 福特/現代/匯豐_彰化 溪湖 匯豐,其他
f0b278cf-1826-4199-a67b-b971b342fcae,中彰賓士_中彰賓士,其他
1c8c6fd1-cf62-4426-a37d-03f0938e01f5,中捷文心中清站_文心中清站,其他
0f728df9-3990-415b-a0d7-57b6c3421b93,中正區多元照顧中心_中正區多元照顧中心,其他
5b53cf9f-795d-48cc-b1ed-b6d2683250c9,中正青商會_中正青商會,其他
2d3a68cd-6a08-445f-8509-d186d2841370,中正高齡_中正,其他
4da58229-c68c-47bf-97a2-e05ba52d6481,中正高齡_中正高齡,其他
7a9a348a-4ea4-4ce6-a7c3-72372065f546,中清路莊小姐_中清路莊小姐,其他
967874fc-7c40-4dd6-bc94-791716bfa5c2,中港慈裕宮_中港慈裕宮,其他
5770cfbf-c0dc-4ac8-8ca3-71efefd36bd1,中租_中租,其他
3a51b323-2150-4c9e-8d53-90281a62f26f,中租新莊_中租,其他
35222a1d-9791-4c26-97ec-e8729aa6dfc8,中租迪和_中租迪和,其他
00d6fa76-31c1-4fdd-845d-bd36fd047f1f,中立螺絲_中立螺絲,其他
c97d1410-c284-49bf-baee-600f6253c3df,中立螺絲._中立,其他
4fe2290a-174e-44df-b2fc-2de1f4033c99,中臺日照_中臺日照,其他
566e2e58-4cef-4382-8e79-5024216a2b9a,中興大業巴士_中興大業巴士,其他
8c6f0440-a42c-4ad8-a381-fc27b93d65e3,中興扶輪社_中興扶輪社,其他
32c6fefa-b97f-49e2-bcb4-51290d2d3469,中興社_中興社,其他
a6df81c1-fdc6-4cd0-b4be-832cd8a48e60,中英老人_中英老人,其他
c89223fe-0af0-41d8-9ba2-6ce9f3fbef0d,中華大車隊_中華大車隊,其他
7c44c84d-1067-49a2-a95e-c8e9b915d3aa,中華昶齊_中華昶齊,其他
ed3fbd2c-96a8-4011-96a9-487448a69fdd,中華民國紅十字會台灣省南投縣支會_中華民國紅十字會台灣省南投縣支會,其他
4a7150a4-e13e-4b1d-a4a7-cba06d42080d,中華民國紅十字會台灣省桃園縣支會_中華民國紅十字會台灣省桃園縣支會,其他
d78a072f-7ee2-4357-b89f-02935d0b806a,中華民國紅十字會台灣省臺中市支會_中華民國紅十字會台灣省臺中市支會,其他
091cadb2-93ae-41c4-b417-da2add57db2d,中華民國紅十字會台灣省雲林縣支會-四美路_中華民國紅十字會台灣省雲林縣支會-四美路,其他
d531986a-5888-4f10-9049-4b5c5f95acec,中華民國紅十字會台灣省雲林縣支會-復興路_中華民國紅十字會台灣省雲林縣支會-復興路,其他
6be3f7e1-7e68-4d95-b0bb-02c13e33bf2a,中華民國紅十字會新高雄分會_中華民國紅十字會新高雄分會,其他
d5203749-31ad-4ab7-a79c-466c073d73e0,中華民國紅十字會臺灣省分會(社區關懷據點)_中華民國紅十字會臺灣省分會(社區關懷據點),其他
3257edfe-6d9a-4b6f-a601-ca46ef3d558e,中華民國紅十字會臺灣省嘉義縣支會_中華民國紅十字會臺灣省嘉義縣支會,其他
86f4cbeb-ca72-4cc8-9a97-c0fbf24ade13,中華民國脊髓損傷者聯合會_中華民國脊髓損傷者聯合會,其他
03d3a7cd-e115-457c-8c52-643815037eba,中華衛星車隊_中華衛星車隊,其他
a5a8a508-0f9b-4585-aa9f-ff0187ca9fd6,中華衛星車隊-左營高鐵_中華衛星車隊-左營高鐵,其他
3fd5ca9f-4aac-4938-86c3-2c5143b393c5,中華賓士 河南_中華賓士 河南,其他
b915d1fd-5e16-4d17-9b29-0a086d041376,中華賓士高雄中華_中華賓士高雄中華,其他
10f07544-7eae-445b-9192-83fdc59b3f24,中視_中視,其他
27ef91f1-66af-4573-b89c-e939e0ddde76,丹丹漢堡_郭小英,其他
f5a9dd3e-3ccc-4e4b-b1fa-26d7e7c1196b,丹鳳捷運站_丹鳳捷運站,其他
f068c21c-4f41-4a96-8360-6251eaddc563,丹鳳捷運站_丹鳳捷運站,其他
34a390fe-4513-477e-973d-de3fa29c5424,五妃廟_五妃廟,其他
a2807e09-febb-4c3e-bac2-357470ea2ff1,五條港安西府_五條港安西府,其他
2b26186b-d2ec-4f8f-bb72-3603829a674e,五權toyota_五權toyota,其他
eaf1d2b2-dd28-446a-bc4d-12854c53c807,五權台中匯豐_五權台中匯豐,其他
64cec06b-9409-4d20-b450-811cabca976e,五權路toyota_五權路toyota,其他
2dd79ad7-f35e-466d-a816-56ddc347154c,五權路匯豐_五權路匯豐,其他
9eb5be64-abed-4a5c-a8de-203a58cfdb4c,五甘心日照中心_五甘心日照中心,其他
2ed0aa3b-56ff-424b-9656-dd69a8f84078,五甲日間照顧中心_五甲日間照顧中心,其他
f462f633-2c9f-4a61-b5bb-bd96a8fef406,五甲日間照顧中心_五甲日間照顧中心,其他
16ccf8eb-8601-4210-9db1-a728b1d6d07e,五福宮_五福宮,其他
a62b0f43-589a-4d78-8002-3aba476be923,五穀先帝廟_五穀先帝廟,其他
81e9a148-87f6-4f11-b3ae-1f2492c00ad0,五穀宮_五穀宮,其他
65f5b154-f568-412b-b003-eb61016a5663,五穀廟_五穀廟,其他
1ab5d5b9-3f73-4998-aebc-9bc0d4d10afe,五结農会_五结農会,其他
65dfadcb-dea9-4742-824b-1938280f01e4,五股建富_五股建富,其他
74838cda-eed4-4526-a6d6-a2956faadfc8,五股獅子頭公共托老中心_五股獅子頭公共托老中心,其他
77718757-e162-4002-90df-2cb9a7cf766b,五股青商會_五股青商會,其他
f754003e-b730-49c1-bc12-2c7325b5b739,仁國計程車行_仁國車行,其他
1e5339df-2633-4a2d-ad54-0c62564b2473,仁壽宮_仁壽宮,其他
f799dee6-2227-4f30-ab70-1ca5735dfe09,仁德青商會_仁德青商會,其他
321334bf-43a1-44d5-a8e1-066639ee26d1,仁愛日間照顧中心_仁愛日間照顧中心,其他
2c317143-1e88-4dac-8b90-91fa803ed2d5,仁海宮_仁海宮,其他
a7505f66-61fc-48db-ab1f-26675ebc5fb8,仇先生_仇,其他
0dde6fbe-1ad8-4a7e-8cbc-f023844206b2,元亨利_元亨利,其他
ebbdcce5-366b-40ea-acac-9552293697b1,元保宮_元保宮,其他
f84615ee-1e4c-4242-8cf8-6ed7836990f7,元和宮_元和宮,其他
f9e33fa5-7022-479d-9995-232888ca9daf,元大_元大,其他
98b73a00-7389-44d9-9f40-95c348620f09,元大證券_元大證券,其他
6afac5f5-7591-4fcd-91b5-a91b9f4c2515,元大銀行_元大銀行,其他
7cf5caca-50ff-4b15-a1f2-b2f2d1f9763f,元氣長青老人日照中心(失智型)_元氣長青老人日照中心(失智型),其他
d25ef601-8312-4fbe-897c-57fd25115194,元清觀_元清觀,其他
e979caa5-418f-4c68-8a7c-80a564bce329,元澤租賃_元澤租賃,其他
fbe95890-d9d5-49af-b2e8-81ced76538c5,允川租賃_允川,其他
53cbc579-98e5-4280-a4a9-dacfe9f3ff11,內湖honda_內湖honda,其他
a2268dda-71fa-43b3-b967-af0cf05edb02,內湖納智傑_內湖納智傑,其他
1484eb1c-632b-4030-a501-70a85774588f,內湖老人日間照顧_內湖老人日間照顧,其他
31a879b3-a0fb-4e14-acee-9f71e6c37cd2,內門紫竹寺_內門紫竹寺,其他
16fd5977-6827-449f-9f88-5d83d0101bd8,內門老人日照中心_內門老人日照中心,其他
a611efe6-81aa-4eba-ad00-bd7aaa397c8a,六份社區活動中心_六份社區活動中心,其他
073e1307-51b9-4f8a-a551-8d1476fa7f58,六合福德宮_六合福德宮,其他
1e2778ff-0c1c-4741-bfae-59a07949cc64,六堆天后宮_六堆天后宮,其他
cec19901-db3a-4951-83c0-85a86304983d,六堆忠義祠_六堆忠義祠,其他
81d4b156-4e39-4a46-a0b9-bb3c794ed9fe,六星機械公司_六星機械公司,其他
f0a2c2b4-f527-404c-9b99-a35d37550483,六龜日照中心_六龜日照中心,其他
a65e99e9-5fa8-44cf-ac8c-18c40f8c3c4c,公共運輸處_公共運輸處,其他
a1e55472-c787-4d5b-a4ca-d65b63d52a99,公正福德寺_公正福德寺,其他
1044896e-b077-495d-a0ab-550dbce1c0b6,公運處_公運處,其他
c6489a34-86ff-4766-95c0-5a1f5fde18c4,公運處北投_公運處北投,其他
956ce838-8195-4fe6-b8fc-5c2d45419e5d,公運處陳鳳如_陳鳳如,其他
dc505779-f937-4354-88e5-28165e1a8c21,切膚之愛_切膚之愛,其他
a42f5a07-0242-46d4-994b-9ba6e1e5bbb7,切膚魏愛倫學院日照中心_魏愛倫日照,其他
119acc96-c82b-4ddb-bcc2-cc2ed87af06b,化善堂_化善堂,其他
b41dec6d-fcb5-4186-8742-3049f57c1ac2,升茂科技_升茂科技,其他
ce496ca8-249b-4864-873e-8dcea53437c5,升茂科技_升茂科技,其他
f49c0025-efd0-4ae5-93c8-5b12cc123e07,天下為公_天下為公,其他
f16f0ad9-9b6a-44f9-aa46-8096631828cc,天主教_南王天主教堂,其他
8d68fde0-3e99-4954-adbf-f8ee67d89939,天主教孝愛仁愛之家_天主教孝愛仁愛之家,其他
910dec3e-661c-4826-ac26-44ab19e218b5,天主教德來日間照顧中心_天主教德來日間照顧中心,其他
c484c305-944a-4a54-95b9-7efc74dc460b,天乙宮_天乙宮,其他
8eb8133f-fd1e-4a16-a364-43e5e1ec2d04,天后宮-台東市_天后宮-台東市,其他
edea1396-f731-49ac-a057-a8894457a470,天后宮-彰化縣_天后宮-彰化縣,其他
e2c2dd34-d399-479d-8c7e-79447c972d7b,天后宮-苗栗縣_天后宮-苗栗縣,其他
74e78c21-2a58-497c-b8c7-94e29178b1a7,天壇_天壇,其他
e6cd24db-7f74-4b6f-8e92-bdbdb88040f8,天工 杏福_天工 杏福,其他
8cd527c7-3a6b-455e-b638-da55457287ae,天皇宮_天皇宮,其他
a5e619df-0f09-42bb-a844-105e5cb02623,天門宮_天門宮,其他
61188522-4439-49a6-ade4-eeab83c7c4db,天顯宮_天顯宮,其他
2d143c73-2c9d-4530-8a9e-8c11ee51c017,太古北投_太古,其他
78469343-0250-45af-89a3-89c98dc13dab,太古汽車_太古汽車,其他
44cb1d88-56c1-4d2a-9de0-e592b5c3311e,太古汽車_太古汽車-大里,其他
57a474a9-41c3-459d-b58a-e44ee405da0b,太平 自營復康巴士_太平 自營復康巴士,其他
13ee3edf-5ad5-47b1-9487-3a9ea347ba49,太平北極殿_太平北極殿,其他
36f42ff9-d21a-4a7a-bb26-55b38b644499,太平女青商會_太平女青商會,其他
5f792df9-c179-4233-972b-2592b85b3ae8,太平樂安宮_太平樂安宮,其他
5a56e749-397d-4038-ae9c-ca316212e051,太平玉皇宮_太平玉皇宮,其他
673fc81d-99a1-4f4f-bf0a-f7d08a3fa739,太平聖和宮_太平聖和宮,其他
6d49dd4e-29e8-4f25-8913-f1f790d2c76f,太平陳先生_太平陳先生,其他
1901c865-3f77-4134-9647-86ba6fd0c5bf,太平青商會_太平青商會,其他
07939158-d796-426a-8b7c-2daf31a9d8fb,太陽城青商會_太陽城青商會,其他
618da2cc-093e-40b0-aa60-cbcd03016be2,孔子廟-彰化市_孔子廟-彰化市,其他
80f2ff40-9b09-4f05-9a0c-6d9d7c20036b,孔子廟-高雄市_孔子廟-高雄市,其他
56bbe198-1384-41b2-a88c-1f794f8c5246,孔廟_孔廟,其他
57d21bba-2a38-4e12-ab3b-edd2f86897a0,尤惠櫻_尤惠櫻,其他
aa33ba05-7b0c-4340-a017-6b878475cfcc,尤惠瑛_尤惠瑛,其他
bce9dff5-39f2-4655-b189-dc9a01f1af9a,心安居日間照顧中心_心安居日間照顧中心,其他
2737be9b-a722-4f31-a375-e5b7a407e5a3,心樂銀日照_心樂銀日照,其他
fe98286a-8cd5-462a-b180-b293c98bbafe,心橋日間照顧中心_心橋日間照顧中心,其他
2daac6c2-ee6b-4fb7-b774-b1aabcbe917d,心苑日照中心_心苑日照中心,其他
7454e685-c792-4901-89d4-7bce64390eef,文傑建設_文傑,其他
2c0e7e12-508c-4832-bba1-5711ad0fe267,文傑建設_文傑建設,其他
0d994c8f-2a43-47ce-be7b-430aa9a67733,文化城青商會_文化城青商會,其他
d10d2abf-7ebe-47fe-8f6f-09bcd657024b,文境通運_文境通運,其他
bd2893c9-4606-4278-a996-17e5fa390e4e,文境通運_文境通運,其他
60f98517-d6c9-445c-91cd-e9de6e041b4a,文山青商會_文山青商會,其他
5c397312-15ca-4618-8cd1-87ba175924a8,文德宮_文德宮,其他
58ff63d1-3602-40b9-9d63-a3cee0c201cf,文心上立汽車_文心上立汽車,其他
62fc2e3d-c6e7-4ea3-8c5f-8f17e5b654cc,文心南五路章小姐_文心南五路章小姐,其他
6d28552b-2a2d-403e-8f25-aff03d66eca0,文心福德宮_文心福德宮,其他
dfb98fd8-70ea-4525-b9e6-ede9e88a8520,文心路toyota_文心路toyota,其他
b93ccc26-eac0-4b58-9228-fb17a78fb6d5,文心青商會_文心青商會,其他
685353cd-c56a-4c46-816e-c9b5e4688b70,文昌公廟_文昌公廟,其他
f1e0024a-8b34-4c85-aa15-3d13de4cc5d3,文昌宮_文昌宮,其他
9be5f346-fa1e-4cd9-ad3a-5e6861401351,文昌廟-台中市_文昌廟-台中市,其他
ee781be1-f7b1-4bb5-926d-41bc70674e24,文昌廟-新北市_文昌廟-新北市,其他
711d03f1-13cc-4b56-be06-106a02020cb7,文昌廟-桃園縣_文昌廟-桃園縣,其他
aacb1348-71dc-4323-b58b-328da14c63fd,文昌祠_文昌祠,其他
23742f86-54a3-4035-b83e-d3fb14fe7edd,文武廟-宜蘭市_文武廟-宜蘭市,其他
47c39178-a39f-46a5-bb1e-5cee0525f5fa,文武廟-彰化縣_文武廟-彰化縣,其他
1a25001d-684b-4393-ad13-52a411d1a0ce,文澳城隍廟_文澳城隍廟,其他
5172e2f0-8c28-47c4-8add-0f065854bbb4,文雅toyota_文雅toyota,其他
026acaa3-5d00-41ac-8504-5d3843a1c04a,斗六小太陽幸福園失智日照中心_斗六小太陽幸福園失智日照中心,其他
a97272d1-4395-478e-b40d-7b7f219c8fdd,斗南匯豐_斗南匯豐,其他
7644f3ab-ba06-4852-b948-87738f81c368,斗南樂活日間照顧中心_斗南樂活日間照顧中心,其他
09462ea2-c110-4562-8c7a-4d5fbd954b67,斗南現代林宏昶_斗南現代,其他
dde9a3a6-be87-45e3-9bba-48757fd1d2ce,斗南靖興宮_斗南靖興宮,其他
7308d0a0-706f-4b64-a5f7-dd9611f4ce7b,斗美三王府_斗美三王府,其他
5b9aad9c-c249-47b7-80bd-c0731bfddd4d,日上汽車百貨_日上汽車百貨,其他
cb84d292-b401-4f67-9331-7876032566d3,日南國小_日南國小,其他
b6d64022-bd5f-48f9-9a44-ca9e7a9900f3,日照_小灣日照,其他
61f98613-b64a-413d-8ef1-f8a4d43d3eb4,日照中心_七堵日間照顧中心,其他
b8e2917c-e194-4138-910d-8d3bf293b4dd,日照中心_九如鄉日間照顧中心,其他
0e933e66-6179-4b0c-be9e-8cd1a2e33f3e,日照中心_人瑞家園,其他
a1737240-4e19-4fb5-8e79-87c9e174f7cf,日照中心_八里下庄公共托老中心,其他
7c96173d-3769-4bd7-9723-bbd1f1d3d6ee,日照中心_三地門鄉社區日間照顧中心,其他
b941e3ef-142c-4473-bfe0-09b720b3b5d1,日照中心_三重台北橋公共托老中心,其他
6ebb7770-295a-4c7c-a042-8938016bc75d,日照中心_三重溪美公共托老中心,其他
43039d89-3fde-4577-aaee-76247a27d796,日照中心_土城頂埔公共托老中心,其他
66f795d8-a97d-4e2e-a90a-59cac784c710,日照中心_土庫樂活日間照顧中心,其他
97645c5a-3dab-4e61-89b6-1aa0105d7122,日照中心_大內日照,其他
550d5396-dbc4-4fdc-9a29-32e13c7c69df,日照中心_大同老人日間照顧中心,其他
57f97997-20b3-4581-aa9e-b2a978a3cd9c,日照中心_大安區老人日間照顧中心,其他
473ecc46-dcad-4894-9bfe-93ff6f799939,日照中心_大寮老人日間照顧中心,其他
24837a22-eac6-4549-a476-de949181f8ce,日照中心_大心日照,其他
ed8c673b-6938-45ba-85e6-96cbcb115f0e,日照中心_大湖日間照顧中心,其他
068808d3-113c-4120-8749-c3e8a980429e,日照中心_大溪頂崎日照中心,其他
c0a84bc3-cad3-4c0e-894f-71bdfbf644ab,日照中心_大里日間照顧中心,其他
bf15163c-2d9b-4723-b0aa-ebeb06e67d90,日照中心_小腳腿日間照顧中心,其他
bcb10f58-4c15-4207-b43f-690adcb7e8f9,日照中心_中和大同公共托老中心,其他
b19c0b09-815e-4093-921b-d44ff3a5fc1d,日照中心_中正區多元照顧中心,其他
57527128-9a78-4180-a03a-ecda1247b150,日照中心_中英老人,其他
df10d43b-12fb-4598-810b-990834ed1184,日照中心_五甘心日照中心,其他
88e7a250-fdd3-48a4-8c5a-5ca5235344c4,日照中心_五甲日間照顧中心,其他
1121c05d-12fb-4a77-aef1-5c4418ca3059,日照中心_五股獅子頭公共托老中心,其他
24cd6635-d82a-4efa-bb29-8e75a6e9a5d7,日照中心_仁愛日間照顧中心,其他
552f6749-3562-4c5b-9891-fa6da67fc960,日照中心_元氣長青老人日照中心(失智型),其他
38cb3d8a-cc3b-4170-afca-c398517d992f,日照中心_內湖老人日間照顧,其他
124ae75e-f58a-4f9c-966d-10b511cfb6f7,日照中心_內門老人日照中心,其他
6f7a9c48-b00a-45fb-be92-01ca80894bed,日照中心_六份社區活動中心,其他
a3c5c688-2fa9-43f8-a78c-32064d4af44a,日照中心_六龜日照中心,其他
0312a0a3-04c6-4245-b719-ca46c23c49aa,日照中心_天下為公,其他
05398e6a-708a-47c4-8bbe-450d3fa35ab1,日照中心_天主教德來日間照顧中心,其他
89af4ba4-c905-4cb0-9957-eeee414350b6,日照中心_心安居日照,其他
1c5e26d7-8053-43b5-83c4-ce4ea140ccf5,日照中心_心安居日間照顧中心,其他
57a0a9c0-1299-4e01-b50f-2ef7a5f976b2,日照中心_斗六小太陽幸福園失智日照中心,其他
88ed6940-16c6-4b90-bb94-d73771e1905c,日照中心_斗南樂活日間照顧中心,其他
966fcd99-94ba-4961-bd72-d718ddfde4a2,日照中心_北區銀髮家園附設日間照顧中心,其他
76026057-3a7c-4997-8b2c-edf80ae6eea1,日照中心_北埔日照中心,其他
fba4cfc3-5503-41d0-84ae-bd5389046087,日照中心_北投老人日間照顧(喜樹園),其他
ee970d3e-17ab-4b57-a12b-c9d49b51dc9f,日照中心_古坑小太陽老人日照中心,其他
989dc3a6-74d7-43ff-a77a-e383f7c10e27,日照中心_台中市立仁愛之家,其他
a70ed2aa-2f43-409a-9275-dc09e3909175,日照中心_台中龍井日照,其他
d74fa362-22fd-4df8-9958-079dafc0f11a,日照中心_台南荷園佳里日間照顧中心,其他
76be416c-3d07-4d9c-8af5-02076ca49141,日照中心_台南龍崎日照中心,其他
b35b571e-35af-405d-83b7-5268ffcfb889,日照中心_台南龍崎日照中心,其他
f074b004-7fc5-423a-88ea-4b3293dbb257,日照中心_台灣心方向,其他
732ef029-a558-4295-a0e9-0031cf3e41cb,日照中心_平安講美日間照顧中心,其他
da51f34f-fd1d-4479-b1da-bf71f8134798,日照中心_平安馬公失智日間照顧中心,其他
35096d4d-6d49-41a3-9c35-4bb556a1357c,日照中心_永和民權公共托老中心,其他
f75e69ae-0514-413e-a322-b346594e3b5f,日照中心_永和錸工場公托老中心,其他
d2ba547a-e893-4bd1-a66d-863575d96751,日照中心_白河日間照顧中心,其他
517c8373-7c72-4847-ab98-4694850d57c8,日照中心_石岡日間照顧中心,其他
75a5e9de-11e5-49e0-ba32-f110a9a583cb,日照中心_光復老人日照,其他
91a74c2d-5021-4a53-b469-52722c0742f8,日照中心_向陽居日間照顧中心,其他
4f70442c-f29f-4132-8220-93ef1ccd65ec,日照中心_后康日照,其他
f13df9c8-0309-4f4b-a9f9-504b10b481c9,日照中心_安南日間照顧中心,其他
b47b6bb5-dc28-4c83-90f3-2f93d4439575,日照中心_安康村(失智型),其他
c6b555ee-4f87-403a-a974-f05fdf28e27a,日照中心_汐止佳醫公共托老中心,其他
cbea3034-3af6-486f-bbe6-fb30735b223a,日照中心_竹南老人日照中心,其他
d52ed240-33a2-4591-8ff8-321c0c21d9ea,日照中心_竹馨園(失智型),其他
ba1d84fa-183e-4153-91c6-3c20f61c4317,日照中心_老五老學堂,其他
d436f323-c2f0-498a-baad-733136c14788,日照中心_西港日間照顧中心,其他
e4e1658e-1403-4710-ab97-6a653ea93499,日照中心_西湖日間照顧中心,其他
aade05b7-d636-4d0c-9daa-ca7910b23273,日照中心_西湖老人日間照護中心,其他
7b379e8e-a0ee-4bd5-9cdb-d89edf8b09ac,日照中心_佛光仁愛日間照顧中心,其他
1addb8df-c4ac-45bf-88ae-3cde50588f42,日照中心_忘憂園,其他
395dc542-4758-45fa-95dd-dbdb939e4389,日照中心_牡丹鄉老人日間照顧中心,其他
4d4c18b8-ded6-4358-ada1-ba5184f00591,日照中心_私立伯大尼日間照顧中心-家樂園,其他
ac78c9ab-2454-4455-be2e-696112ca21ea,日照中心_私立瑪麗亞日間照顧中心,其他
b190b72d-6cf6-4e9c-80dc-d9dfc68f8bd5,日照中心_私立聖嘉民日間照顧中心,其他
eb9ae339-cdaf-4a98-af82-cc225daf4d75,日照中心_秀老朗日間照顧中心,其他
1432473b-6d6d-4c60-b7f2-e9597b6d71a9,日照中心_車城日間照顧中心,其他
9b71f117-5d0e-40ce-91e2-2b262f81e2cf,日照中心_和果日照,其他
59e47c7a-a16c-4c26-8d4f-df2767f6f785,日照中心_官田日間照顧中心,其他
0fe82774-8976-426f-bf84-c7086eb70aba,日照中心_岡山榮民之家老人日間照顧,其他
c2bd59ef-1b3b-4f34-a36f-106abbffd4a7,日照中心_幸福日間照顧中心,其他
d790af5b-75ee-475f-9ab4-b988ecffedd3,日照中心_怡仁居日間照顧中心,其他
a48ff551-029d-41bc-a5eb-36dadb0633f2,日照中心_東港日間照顧中心,其他
68242dfc-388b-42c2-a98f-ee2f89456394,日照中心_東門失智日間照顧中心,其他
fba43fa8-f8bb-4d1e-bad8-9a00ff120ebd,日照中心_東門日間照顧中心,其他
82fbec22-3294-4869-b63b-e77e3ea10deb,日照中心_林口仁愛公共托老中心,其他
e2101d32-93e1-4e29-ad97-d0edc7628ba0,日照中心_板橋愛活樂園日照中心,其他
fcd3f74f-f12a-4e3e-b34a-c5987583f324,日照中心_板橋海山公共托老中心,其他
c42ba143-661f-41c3-9303-70b608a374a5,日照中心_板橋頤安日照,其他
6978fa84-66dd-4ee1-964e-bab7ec0ff6d7,日照中心_松山老人日間照顧中心,其他
48d8e0c3-dc53-42c7-aa22-14ea41123580,日照中心_松山老人服務日照中心,其他
78cfd1eb-8ee1-4179-b487-aac03dd23aca,日照中心_松柏園,其他
60cdaafa-0ff0-41aa-b133-e321d4efd103,日照中心_松柏失智日間照顧,其他
97de2aef-0ac2-470e-a807-54127a4f159e,日照中心_松禾日間照顧中心,其他
ac5be94b-9ce3-4f06-b7ef-9917d86a7098,日照中心_武潭社區活動中心,其他
3f190dd4-14ce-4775-983e-a89626394b59,日照中心_金山社區日間托老,其他
fde27bf1-4502-43c3-ac05-009983a882f4,日照中心_長春居(失智型),其他
b8710693-d2f6-45c5-afa1-db2092bea97b,日照中心_長榮,其他
6bc4151e-07ee-4c53-89bd-909eb52e9ea0,日照中心_長樂銀髮日照中心,其他
7d6cadd2-ef08-4c5e-a2db-9b2bc0a37b7b,日照中心_長泰老學堂(斗六),其他
7a41a640-e96d-4b89-ad36-e3e660766dd6,日照中心_長泰老學堂(虎尾),其他
d81f0b30-3a63-40b5-8e25-52ba9858ae0a,日照中心_長青園,其他
c147fe78-1b2d-4746-8ff3-cd072c2bee9f,日照中心_長青日間照顧中心,其他
1e92b702-d51c-48c5-ad77-9f2d7267857c,日照中心_南區日間照顧中心,其他
d9921ed1-8f63-45c4-b72e-54b51413f543,日照中心_南投縣基督教青年會失智症日間照顧,其他
aa71d370-0534-4751-adbc-94bf340551e4,日照中心_南梓日間照顧中心,其他
860414e4-0fb5-4961-8853-8d37273b5896,日照中心_南港老人日照中心,其他
0f1a9a32-988e-483d-a9fb-21dbef47303e,日照中心_屏東日照第一照顧,其他
7cd1f334-31a4-4372-93c7-6b9b5ab4b8f7,日照中心_屏東縣高齡長輩照顧服務永大支援中心,其他
77bbd870-7aad-4aa0-8050-862b2ea43da8,日照中心_建平日間照顧中心,其他
50100527-8a6d-4a3d-940e-4211a647a36f,日照中心_拾智園(失智型),其他
61f6f57d-e319-460e-8823-013d79d15a0d,日照中心_春社日間照顧中心,其他
b81ff264-ef93-4ad8-9778-797d231236b9,日照中心_柳川家園,其他
2ea2f374-a151-4590-b98f-f2dde456379f,日照中心_活泉之家,其他
c0d971f2-e0c1-4ead-8058-adada72147e8,日照中心_祈樂園,其他
df1e9c8e-9bcb-4932-912b-af8844c5a56c,日照中心_秋霖園,其他
d35548e4-4396-44ac-b3d0-0048ba4f1987,日照中心_紅蘋果日間照顧中心,其他
18572c81-ca07-4926-9e39-d62ebda37312,日照中心_香柏園日間照顧中心,其他
4d79d25d-54f4-4a2c-9bcc-95b295afb8f4,日照中心_原動力托老中心,其他
afc419ab-51d8-442f-aed0-060e7d548c83,日照中心_泰山奇蹟公共托老中心,其他
0a1a41ea-218f-4ad4-87ae-3fccae0da4f5,日照中心_真愛日照-大里,其他
dafc5deb-6738-4c42-a19f-d4ae887d4ccf,日照中心_真愛日間照顧中心,其他
fc9a3630-91e9-4886-a0b1-8ca0467a15f8,日照中心_高樹鄉日間照顧中心,其他
8cea65ca-cf08-42bd-850d-19e2ba10dfce,日照中心_高雄仁愛之家日間照顧服務（失智型）,其他
e97fb93f-51a7-4e11-8e84-2788c5d69d1a,日照中心_高雄市明山慈安居老人日照中心,其他
2764f5b8-4504-43af-91e0-150dc8441d42,日照中心_高雄茄萣失能身心障礙者日間照顧中心,其他
4b2c9d9a-03bf-43d3-ba80-9e1278e2d89e,日照中心_國宏日間照顧中心,其他
a4dc5958-71a4-4e9a-9830-9b606f4e6408,日照中心_崗山仔中區老人活動中心附設日間照顧,其他
ec2e4bb3-e00d-4545-9d28-c0fd8710df92,日照中心_悠悠家園,其他
11ab8087-c69c-428e-9090-42ca892288fb,日照中心_悠悠家園開元失智日照中心,其他
c1572a02-9888-477f-a240-75ee74bf6429,日照中心_淡水北海岸公共托老中心,其他
acca5c0d-2ab6-4611-a9a3-e453fdad4520,日照中心_清水區老人日照中心,其他
ad18066d-68de-4f71-ae2b-7fec3c18bbd1,日照中心_清爽逸風日照中心,其他
3b818fbe-83c7-4d14-a66b-eb78901331f9,日照中心_祥瑞居,其他
65cf252c-45c1-422d-9b4a-a7aa54e199dd,日照中心_第一老人日照中心,其他
7e179c91-dfb7-43ae-8e42-e02f63b736d2,日照中心_第二日照中心,其他
96caf563-8e00-44ab-b2ad-85e81b4bb037,日照中心_第二老人日照中心,其他
815d54d0-f1c0-4f81-b09b-cb50a067c2c8,日照中心_荷園佳里失智日間照顧中心,其他
7d8ac052-53ff-4f0a-a9a5-217c06981edb,日照中心_荷園玉井日間照顧中心,其他
6a2f8028-efa1-48e6-b9cc-9fe2eaa87d0b,日照中心_通霄日間照顧中心,其他
aef9bd6d-7c5e-4305-a7a4-420869954bb3,日照中心_連江縣大同之家,其他
a809a1b6-4938-41a5-ade7-368a85e39cf4,日照中心_鹿港區老人日照中心,其他
0c495d18-0020-4dc3-bc91-d06546880f1b,日照中心_麻豆失智日間照顧中心,其他
1b7f8175-2d91-48f7-9640-b176b258a257,日照中心_麻豆日間照顧中心,其他
8bab3bfb-3ceb-46b4-a741-2f8c49df3863,日照中心_湖西香柏園,其他
e1b0ef6f-2340-4649-96b1-78af74fdfef9,日照中心_童心園日間照顧中心,其他
7276e7b9-9095-43b5-b683-dd602b41bd81,日照中心_華仁楠西,其他
62727441-f798-4df5-9dc3-b58038b4f9b0,日照中心_華仁楠西區,其他
75cffaf9-4ead-4947-aa1b-7848562eb53c,日照中心_象山園日間照顧中心,其他
a4bffd4f-bf15-4794-a8e2-804503dbf3d7,日照中心_集晟家托,其他
0866b56f-141b-4991-9c61-2015e8022867,日照中心_順元日間照顧中心,其他
e0779268-a88f-429d-b933-82e2ca069ada,日照中心_愛德日間照顧中心,其他
aefa9dd4-b916-43e9-b8d1-b39dd1a83955,日照中心_愛活樂園日照中心,其他
6cfc2f40-8dbb-4034-9467-be461d3464a6,日照中心_愛活樂園日間照顧中心,其他
9f9998b2-5909-44bd-9719-9eb3d46f0192,日照中心_新埔日照中心,其他
57fbb6e4-99df-42d9-8301-ee0179b00b97,日照中心_新店公共托老中心,其他
38ab7a49-d80b-47ec-a3de-bf8dec2504d3,日照中心_新店碧潭公共托老中心,其他
5e0a9abd-60c6-462c-839f-a1aaa414d165,日照中心_新社日間照顧中心,其他
a7192a92-34aa-4472-b41c-e6ed1107d0ff,日照中心_新莊頭前公共托老中心,其他
3420c1e1-d458-413a-bad0-0a3f49ef3851,日照中心_瑞芳明燈公共托老中心,其他
aa5b61ba-6031-4dd9-8cae-d4dc5e289fe2,日照中心_聖家日間照顧中心,其他
97ea8438-1929-429f-8542-0f4f84fbffb4,日照中心_聖心成功日間照顧中心,其他
9fe9add2-8504-4125-bf71-a6ae3405471d,日照中心_聖愛家園(失智型),其他
806e9683-21fb-4b5f-82d8-4c5a771046f2,日照中心_聖若瑟日照中心,其他
b54d1fc5-132f-486f-9c05-e30ed552b30d,日照中心_誠園失智老人日照中心,其他
37da0dae-6285-416c-a514-c92f927e060a,日照中心_誠馨日照中心,其他
2171f2d7-b885-4311-903f-ba59c4a4b1cb,日照中心_福喜緣日間照顧中心(失智型),其他
728c3e0c-0cad-40cf-ab95-33e0d84d6187,日照中心_福松園日間照顧中心,其他
e739e2a3-9206-4f72-b812-b9e2185cc8e3,日照中心_福祿壽日間托老中心,其他
d37600fb-d5d7-4c3a-b7de-c7cd3d9561e2,日照中心_蒲公英日照中心(失智型),其他
4cda8cb3-1a67-47df-b4be-64a280e7bfdb,日照中心_輕安居,其他
9cda1bd9-437f-4017-aba7-a971d12eb632,日照中心_鳳山老人活動中心日間照顧中心,其他
5b8debed-b3f3-4d52-90c1-a4cdf5462477,日照中心_鳳林老人日間照顧中心,其他
865541b1-61ca-4a45-8c9a-a688b398e3c2,日照中心_寬心園,其他
36b9a901-4b3e-4b2e-b153-1f76957d62a6,日照中心_德仁日間照顧中心,其他
cbaa0b7c-8362-47c5-9cc6-46fc2cc18dcb,日照中心_德如明月日間照顧中心,其他
47c9e73c-781f-450c-8e1d-3db880e91bfb,日照中心_樂多家園(失智型),其他
dcdbba63-5155-4895-acfb-8aa5a896596c,日照中心_澄輝日照中心,其他
a9fe63ed-61db-4721-b4f6-6e6484c12927,日照中心_衛生福利部嘉南療養院附設失智老人日間照護,其他
2a1bc5ed-8034-4713-afc4-0dd5880966cc,日照中心_衛生福利部澎湖老人之家,其他
106ad4f4-7ea4-4069-a4fc-97067763f87e,日照中心_學甲日間照顧中心,其他
9e9de193-996a-4c5d-9608-b79b85ee89b3,日照中心_憶樂公托老中心,其他
8f89083f-2415-4737-b989-03a1d8dccc42,日照中心_橫山九讚日照中心,其他
82290390-8b4f-4ee1-b409-191ae5f7c947,日照中心_燕巢老人日間照顧中心,其他
7811a521-96e3-4583-b206-0fa57a1f8260,日照中心_蕭瓏老人日間照顧中心,其他
4454ecc1-f793-4885-8697-f096ef57dcee,日照中心_頤安老人日間照顧中心(失智型),其他
2f661309-2b07-4682-a379-ce38fa856f0a,日照中心_豐原日間照顧中心,其他
0f29a6b9-7ae5-4c63-a5d9-2f43d8b0d8c8,日照中心_醫生伯的家,其他
29aa93c4-65dd-4874-a5be-c16969dfb964,日照中心_魏愛倫學苑(失智型),其他
ccea49cc-fda8-47d9-9286-1a4d3da69561,日照中心_關山老人日間照顧中心,其他
cf811f51-0a87-4d64-a704-dab59b2ca254,日照中心_霧峰日間照顧中心,其他
83868e2c-2f35-4557-a078-d8baaaf85e66,日照中心_寶山金鎮學堂,其他
f84f894d-8b64-46bd-a63a-446d6d0935b9,日照中心_馨梅園(失智型),其他
b1487573-4882-4e1a-bb69-9d79ea5c513c,日照中心_蘭湖日間照顧中心,其他
7d08a112-192e-4b07-b879-d46162d8910d,日照中心_露德家園日間照顧中心,其他
af6284c5-2919-4497-a240-9b9987685b22,日照中心_鶯歌大湖公共托老中心,其他
d3bd5bdc-8d60-4bd4-8be8-b953b456a094,日照中心_芎林日照中心,其他
a13297f7-126d-43ad-bcab-88f7213253c5,日照中心_天玉老人長照,其他
84b522a2-887a-4d0d-9f4e-c05f4e858286,日照中心_文山老人養護中心附設日間照顧,其他
acbafe37-a189-455c-b379-94e577e3e8b7,日照中心_台中市老人福利服務中心日間托老,其他
da96ebd1-c0cd-42b6-8b82-75c6f9f35a8e,日照中心_台東耆福長照機構,其他
44345e7f-7f04-4ac9-94d2-238ccc701eb1,日照中心_市立聯合醫院仁愛院區失智症日間病房(仁鶴軒),其他
3da02f45-e326-45f3-9437-470f9c7bb6c1,日照中心_市立聯合醫院陽明院區(得憶齋),其他
4e0c14d9-9725-49c2-8065-0e88e86df3dd,日照中心_弘光技術學院附設老人醫院日間照護部,其他
4a8a0254-507c-4669-894f-3dcda758bcd6,日照中心_光田護理之家日間照護(失智型),其他
0f17204f-bf4e-44e3-a6d4-7065f464c749,日照中心_兆如老人安養護中心附設日間照顧,其他
5453f5b4-6da7-4067-ba92-6b481a9dd128,日照中心_安欣居家長照,其他
7f28e7af-def0-4faf-8032-2d8d150b6ec5,日照中心_竹北市老人安養中心,其他
894e3f30-2cc6-4a1d-b4dd-7b024052596c,日照中心_至善老人養護中心附設日間照顧,其他
4143fa39-bc79-41c0-a822-a228e157c067,日照中心_佛教慈濟綜合醫院大林分院日間照顧中心,其他
8d428605-c1e4-4829-9841-bb13c21435ec,日照中心_宏鑫老人長期照顧中心,其他
a1872c58-a996-4ae8-8ced-fbf806a9027c,日照中心_私立聖若瑟失智老人養護中心,其他
979dd0c6-1f6f-477b-a283-1f733bfacf58,日照中心_佳義教會附設日間照顧,其他
0282b8bd-4fd4-41ab-9453-f1cfdcef5446,日照中心_松柏園老人養護中心,其他
23e495d9-77d0-49b3-8b07-0cf13cac3c99,日照中心_社團法人南投縣生活重建協會,其他
e69a181d-6727-4111-86da-2e7c3aed09f8,日照中心_社團法人南投縣生活重建協會,其他
ac080ce1-fa49-4123-af1b-78cced7f6fa2,日照中心_門諾醫院壽豐分院-精神科日間照護中心,其他
7fb3d02e-19bf-45cb-92fa-e93b0dbb062a,日照中心_屏基護理之家日照中心,其他
ccd6d5c3-ead2-4eb5-82ba-eda2d003dd8b,日照中心_屏東縣腦麻協會附設社區長照中心,其他
f4b1d06d-2cf6-4e2d-b350-d28600f13c7d,日照中心_烏日 昇柏 養護中心,其他
ab4af4e0-4e5d-4cf8-b9a7-959064491aa2,日照中心_財團法人天主教耕莘醫院日間照護中心,其他
75414b98-6da7-4254-872e-fee60f3156b4,日照中心_財團法人老五老基金會日間照顧服務,其他
c8550e68-6b46-48e1-93bd-276b1075d6df,日照中心_高雄市鹽埕社區式長照機構,其他
02ae40be-5a9d-4698-abbb-f7da0f1aedd4,日照中心_國軍高雄總醫院左營分院日間照顧中心,其他
6293267c-55ee-4ded-8e21-ac0b9db7708a,日照中心_基隆市立醫院附設日照中心,其他
7ee128c3-1ebf-432c-9acd-c0c7a8749a83,日照中心_惠華社區式日照服務中心,其他
c1bb1719-24f9-4042-91f8-4dfbe4093b3b,日照中心_順安老人長期照顧中心,其他
264ed79a-1951-460c-ac76-e530a97858f3,日照中心_慈光護理之家附設日間照護,其他
a69f406c-b981-47fb-84f7-7e25f15bac1d,日照中心_慈慧居家式長照,其他
537c172d-53ee-41fd-b5be-69c9a4ad3dfc,日照中心_聖公護理之家附設日間照護,其他
c68e88ff-1beb-4b32-a6a2-646ce56ca21d,日照中心_聖功醫院附設失智老人日間照顧中心,其他
c71b3326-50aa-45f5-99ad-f31d08469a9f,日照中心_聖母醫院附設聖母老人日間照顧中心,其他
41d0cc69-d475-4a1c-a1fd-5406a45f9afe,日照中心_嘉義東石弘道基金會,其他
5b670521-697f-40f8-8775-27fed1f8af9b,日照中心_樂齡衛道社區式日間照顧服務中心,其他
939af744-1821-4d43-8dc1-72365cb64d66,日照中心_衛福部屏東醫院附設失智症日間照顧中心,其他
99548e3b-dc85-4366-9114-1ecb7b597072,日照中心_衛福部花蓮醫院護理之家附設日間照顧中心,其他
283f64e8-6eb6-4ef3-ba9e-8bb6cb1ea38d,日照中心_士林老人服務中心附設日間照顧,其他
8a86edb6-f329-472a-9b43-357822f02a06,日照中心_不老坣台西日間照顧服務中心,其他
33f13b73-218d-4c63-93a3-ef293eb29dc5,日照中心_不老坣東勢日間照顧服務中心,其他
2a525280-75dc-4972-afc6-8b220073abca,日照中心_不老坣東勢日間照顧服務中心,其他
771e5d9e-a0d0-43c1-aa12-4583a819ed5f,日照中心_中山老人住宅暨服務中心,其他
e1c772b4-1938-427b-97fc-ebf5d24f3227,日照中心_心圓寶日間照顧服務中心,其他
03ceaee5-ebd5-4c12-8ba7-dd6ca1da8f8c,日照中心_日安照顧服務中心,其他
3eec8bf2-17f2-45d8-be08-f364ef1b9a18,日照中心_西大墩社區老人照顧服務中心,其他
ef15c973-197f-4ce9-af56-0366045d7a39,日照中心_西方日間照顧服務中心,其他
01f457a6-572f-4fa6-bf07-ac79b2172380,日照中心_信義老人服務中心附設日間照顧,其他
042e32ee-6ec6-4e8c-aabb-4bb225bb02da,日照中心_南港老人服務中心附設日間照顧,其他
1da32cc8-43bb-4d8c-8026-93adf36ec01b,日照中心_惠華日間照顧服務中心,其他
a7c84d3a-af46-4659-91d1-5234a38b78b1,日照中心_群倫日照三民服務中心,其他
7d48f8f0-32d0-4949-9121-1b98306379e7,日照中心_龍山老人服務中心附設日間照顧,其他
2e8267fb-2163-4db4-b66f-788e66d05796,日照機構_永和公托日照,其他
b554ff53-ac08-4a7c-8ab1-1e612c597b4f,日照機構_同仁日照中心,其他
239588c8-e6aa-4244-8c04-c40207f1cb93,日照機構_健健美日照,其他
61c4b411-0a1e-4b84-8e36-f9bc29699180,日盛_日盛,其他
ce6713bd-5e0f-4aa9-b166-9b5c69eea655,日盛_日盛,其他
e4f79969-21f4-4fb9-8492-0734402ad903,日盛台中_日盛台中,其他
5fa953c7-ce57-4e6d-94c9-cbd2a4a7cb83,日盛林小姐_日盛林小姐,其他
99425564-88b9-471d-a4df-d8ef22d0934f,日盛租賃台中分公司_日盛租賃台中分公司,其他
115035f7-4c87-4f09-a53d-6237710acce1,日盛租賃台中分公司_日盛租賃台中分公司,其他
d7bbf89a-b03c-47bd-8b11-5753b65ef50c,水仙宮_水仙宮,其他
a64e8d11-af00-4e0c-b253-8e016800cf51,水湳福德宮_水湳福德宮,其他
cd835214-5176-4979-8d55-9a36a78d6893,水里青商會_水里青商會,其他
ccbd1e64-1688-43b0-bb1a-1eb76ee393f7,火山碧雲寺_火山碧雲寺,其他
80341daa-edf4-4f0e-bb49-5a38cd7f9100,王_王,其他
0469494e-b998-4f95-9481-1967c704a3f8,王世和_王世和,其他
31b579ff-859c-4bfe-bc61-70961a24edfa,王國才_王國才,其他
07105fc2-99b5-4ab6-8f16-5f7d082b698d,王基財_王基財,其他
81ead08e-5155-4cfb-9cfa-d926cddc0b47,王小姐_王,其他
6566b96e-c181-4aa0-bffb-626976479cb6,王小姐_王,其他
b81476e0-44be-4fe3-8241-59a545350e37,王志訓_王志訓,其他
c3540d26-e994-4cc2-bad6-4758bfba9d23,王志訓_王志訓,其他
be7377da-64c7-4935-9a27-e7f07f5cd7e0,王文祥_王文祥,其他
b94fcb07-4738-41ae-98e1-e570177f32e0,王文賢_王文賢,其他
a84a831e-184a-48cc-ac34-efa411bb9d49,王智勳_王智勳,其他
cbb6bf08-dbd2-404d-8462-dcebba39d5ef,王武雄_王武雄,其他
462177d8-823e-4164-b167-37fd839d0274,王淑芬小姐_王淑芬小姐,其他
c0752e26-ac56-48bd-a0b4-97ff7bd649df,王瑞甫_王瑞甫,其他
928f6602-e7b0-4635-ac26-acdc93bf9cc0,王繼忠_王繼忠,其他
99b4325b-1862-4ca1-a4b2-9e89e29ef7fc,王耀華_王耀華,其他
4ff6bda2-0f84-461e-b8f3-ad4812e27568,王贊勛_王贊勛,其他
5ba9ab42-136a-4bff-8009-565c0747aed8,王雅玲_王雅玲,其他
3bb4c224-3da8-4d77-a43e-4d09a495a66d,王雨萱_王雨萱,其他
df49d85a-1877-4e1e-95e5-4ac33f24baf5,王靖堯_王靖堯,其他
e6938486-0d9c-4328-8b84-c800094a3005,王靖雯_王靖雯,其他
b6a2b871-e34b-4b32-b977-b2f45808e055,王麗卿_王麗卿,其他
c88941f9-8ba1-4c35-af07-36a47c185b24,王麗敏_王麗敏,其他
4f777726-4887-46d9-8319-747e1ffb7d85,世佑科技_世佑科技,其他
221f713d-e319-4d86-8608-0fdc8aca80b3,世界紅卍字會台灣總會_世界紅卍字會台灣總會,其他
0cf7af7f-4bfc-4871-bf1f-1c8d39bed32b,世界華人_華藝,其他
95e668f8-3233-449c-b5a5-28f870e7637d,世豪停車場_世豪,其他
b1015b89-ad4b-40a7-948b-7cc275e11c5d,世貿一館_世貿一館,其他
8ee0b0cb-315b-4d13-8fe7-9bffb3a4fe2b,主婦聯盟_主婦聯盟,其他
db4e4562-11d9-477c-9553-c411577b34ca,代天府_代天府,其他
e8bd49a6-27e4-4666-b36a-5d57d2595210,代天府保安宮_代天府保安宮,其他
090cb269-098d-43ca-ba61-4f950a8276ba,代明宮_代明宮,其他
167c154a-9720-41c0-a432-a16f784818c3,仙洞巖代明宮_仙洞巖代明宮,其他
2dc33f16-0c6d-48e3-9c79-b2127c8eafeb,北區銀髮家園附設日間照顧中心_北區銀髮家園附設日間照顧中心,其他
47447725-6950-4b71-992e-c26653756d13,北台中現代_北台中現代,其他
5255fb76-bff2-4eb9-86f5-8503a47eda9e,北台中現代張峰琪_北台中現代張峰琪,其他
e2d8790e-78a5-4993-8f9d-b87519b3f564,北台中現代賴詩涵_北台中現代,其他
03a26ba6-2700-4542-9b38-4b0b3f084907,北坑天聖宮_北坑天聖宮,其他
5cda6e61-e39d-4d2c-b9b6-cb6c5c11430d,北埔日照中心_北埔日照中心,其他
c2723209-c051-4bb2-849d-f359c2290391,北大菁英扶輪社_北大菁英扶輪社,其他
2d0d8759-7889-4ef8-8e42-ecb986250ae4,北屯三官堂_北屯三官堂,其他
9fc30d5e-cee1-4003-a122-ba7fd097b027,北屯區林沛翎_北屯區林沛翎,其他
97685558-57e8-476c-bcbe-6affdeed2360,北屯文昌廟_北屯文昌廟,其他
e9e6c276-f0da-4534-a1da-c13c82d8b9cd,北屯松竹寺_北屯松竹寺,其他
9542e720-ac84-43ff-8dc1-c44c99bf7831,北屯林沛翎_北屯林沛翎,其他
e6c6448e-1f93-441f-964a-7920b4f351ef,北屯楊先生_北屯楊先生,其他
d99da0dd-67c5-4aec-9636-90005c5d3161,北屯紫微宮_北屯紫微宮,其他
e731bd74-0477-4dc3-82c0-4fc827833a17,北嵩福德祠_北嵩福德祠,其他
818d5e76-e9c3-47f1-b1b1-cc946004ffd2,北嶽殿_北嶽殿,其他
cb339eb6-5344-4265-9f7f-ab89a4b387fe,北市八德監理所_北市八德監理所,其他
607dc03d-67cb-48ec-94a9-bc1ff802bbb9,北市行天宮_北市行天宮,其他
62ac382e-b3f2-4a25-b4f3-6224cafb4e6d,北市行文宮_北市行文宮,其他
b1a95b6d-93ee-4861-b9ba-6f09c774ea63,北市輔具中心_玉門,其他
916b57c2-ae62-4eeb-85d6-9149eec62435,北投世豪_北投世豪,其他
3057f503-25c4-4e9f-9fb4-7ab439a566a4,北投匯豐_北投匯豐,其他
4b482ad8-245b-472d-bfd3-6491c76f267f,北投匯豐_北投匯豐,其他
c1b89209-999c-4aa8-9f06-850c2c3f9682,北投老人日間照顧(喜樹園)_北投老人日間照顧(喜樹園),其他
769101f2-40b5-49e9-8bec-e6cb783f7ed4,北投青商會_北投青商會,其他
88fe90dc-af3c-4dbb-ae45-8a2a149fe78a,北斗toyota_北斗toyota,其他
af10481a-83ce-4e5b-b0f9-1f530e87188f,北斗奠安宮_北斗奠安宮,其他
8c571338-8e06-4f19-a1e6-e069c790a5bf,北斗陳東榮_北斗陳東榮,其他
11ce89f3-3db7-4b26-9e78-1946b2dfcee0,北斗青商會_北斗青商會,其他
968d0bb2-ea18-4d16-8c27-400ef9d5c3f4,北極壇_北極壇,其他
f7a04dc5-465d-4574-89f3-2856ce00b5a8,北極殿_北極殿,其他
78ed2c4b-6395-43dd-8cd9-fcce6f01e50e,北極殿_北極殿普濟寺,其他
a29d5795-0549-4ac7-9eb4-288ebbe0f7bb,北極玄天宮_北極玄天宮,其他
ebf365e5-d9f2-49d6-9f1c-8a725c5850b9,北港朝天宮_北港朝天宮,其他
2fc652ed-57fe-4496-a98e-93c990348d85,北港義民廟_北港義民廟,其他
05a96c57-a49e-472b-a826-7645c8e3a86c,北港青商會_北港青商會,其他
25fd3652-0c62-4d64-8391-744d9c2c9019,北福德宮_北福德宮,其他
8bc3f234-bbc1-4d2d-b231-de09c4b4a56b,北聖宮_北聖宮,其他
fbeeb51d-81e3-4e6e-a5f6-6d036ef1fb3c,北豐原toyota_北豐原toyota,其他
50ecaa9a-099a-4d03-b5f0-5e6835a4a544,北豐原toyota廖英琳_北豐原toyota廖英琳,其他
7f9a690f-b967-4043-9a9f-afc5df040e12,北辰宮_北辰宮,其他
90405d33-a02c-4d1a-8217-6c900174b895,北門福德宮_北門福德宮,其他
e7bfa569-6145-481e-a379-715e026098a8,半天岩紫雲寺_半天岩紫雲寺,其他
888b7e8c-9604-45d0-a57c-ade3a43d45dc,半屏山青商會_半屏山青商會,其他
bf693369-588b-4740-8826-21ba8efa722a,卡里善機構_卡里善機構,其他
f1ddf2d9-b5f6-4ce3-8b8f-ae54413e8351,古坑小太陽老人日照中心_古坑小太陽老人日照中心,其他
8e7006d7-5842-468b-9949-081e2e66ded6,古坑小太陽老人日照中心_古坑小太陽老人日照中心,其他
cb88ec51-1a79-45b8-bcc4-8f8ee86a492d,古廣生_古廣生,其他
b2b07a13-13d2-4b02-9bba-d7fd5ae5ed35,古都青商會_古都青商會,其他
1cf18178-9bb9-4784-8dd4-33b9a5330865,古龍山_古龍山,其他
994b8bb4-63cf-4606-8475-d7a1b8e3bd80,右昌三山國王府_右昌三山國王府,其他
3592f921-29b3-4ccf-920b-3f12e6007424,右昌元帥廟_右昌元帥廟,其他
ec03a0ce-2d20-4cb1-8b70-f3b7dd6df3c0,台中 劉佩琪_台中 劉佩琪,其他
2ab51612-6cd5-4365-ae22-a05f839eee3e,台中七將軍廟_台中七將軍廟,其他
aef587ac-bdba-44a9-b46d-1e7f909ef3ba,台中三區督導_台中三區督導,其他
768ab4fc-8b1f-4663-adb8-b131a4c9f1ec,台中世貿_台中世貿,其他
6bd5e943-8dc1-4b5b-8c5e-50fe9f9ac82e,台中中區扶輪社_台中中區扶輪社,其他
567a014c-9caa-4e74-a448-e804ce883a58,台中中租迪和_台中中租迪和,其他
19f82a74-2619-498d-89e3-5574b2f46cdf,台中中美街張阿姨_台中張阿姨,其他
764fde4b-380d-41b5-a0bf-c809ad19ea9a,台中中華大車隊_台中中華大車隊,其他
e1ac370a-1220-49db-9db7-83aa8af41c46,台中中華大車隊沙鹿站_台中中華大車隊沙鹿站,其他
b71359b7-17fc-4bda-839c-27f63e391c2e,台中二信總社_台中二信總社,其他
87c7a6d5-2764-4ec3-af16-59a2bf2bf078,台中二區_台中二區,其他
e6e48389-e9c7-4565-bce8-539d42824a8f,台中仁愛之家_台中仁愛之家,其他
9327994d-770b-438b-8b1a-c3a4722154fb,台中佑鳳宮_台中佑鳳宮,其他
0b70381c-c292-4ad6-be61-bb8df61ac918,台中元保宮_台中元保宮,其他
e008add6-5c0e-4170-9f15-f1ccfbbc44fd,台中光明同濟會_光明同濟會,其他
83751693-2ca8-4002-8e86-12b0630b5ab6,台中匯豐復興路_台中匯豐復興路,其他
ab0d9fb8-b0e3-40a0-9ed7-13068bc39582,台中十方啟智_台中十方啟智,其他
cfaaa4c6-90a8-4f0d-87aa-de63e4969fd7,台中南天宮_台中南天宮,其他
867129a8-5ba1-4aee-ae15-11f2645efdc5,台中南興宮_台中南興宮,其他
99789f8d-71a8-40ae-98ba-0e35256f0e7b,台中吳先生_台中吳先生,其他
5745de03-34f3-4d8f-a149-f092498f5130,台中哈妮_台中哈妮,其他
ddfe61a7-10cc-4848-b624-2a305d8fa4b1,台中啟興宮_台中啟興宮,其他
a69488fd-6fee-40c4-a3a0-7270a8bb5d90,台中喜樂日照中心_台中喜樂日照中心,其他
56d4cf52-b13b-4f4e-9046-0f54b03bea60,台中四育國中_台中四育國中,其他
357eb359-3514-4277-8c0e-cbcf76c11f98,台中國通計程車_台中國通計程車,其他
668687ff-5db8-4ac6-b7f2-fd613bc98a67,台中均安宮_台中均安宮,其他
1cd74a21-bf20-4415-b10f-804038805dab,台中城隍廟_台中城隍廟,其他
ab3629cd-6279-4312-826f-674fae09b46c,台中大中華_台中大中華,其他
5c1b461a-62ba-4951-9451-f2bfbb9b48b5,台中大坑朱先生_台中大坑朱先生,其他
16a4ae37-1898-4ed7-b50d-a05cc2591b38,台中天乙宮_台中天乙宮,其他
67456ff0-d567-400d-b7eb-9588b4df8721,台中天后宮_台中天后宮,其他
b9f69760-64ed-4340-aeb9-03f5701b26de,台中太平郭靜霓_台中太平郭靜霓,其他
bba178f8-4b3c-45e5-9309-4d4fd911405d,台中女青商會_台中女青商會,其他
b6abeb94-852a-48e5-8595-e2142a09fdc1,台中威雄旅遊_台中威雄旅遊,其他
134636f8-0970-4c1d-812d-86946cccf0c0,台中安維斯租車_台中安維斯租車,其他
2c826301-303c-41e4-a446-760195becfe3,台中家康_台中家康,其他
a938be17-69eb-4a30-a36f-4f7c3da79378,台中富國計程車_台中富國計程車,其他
66d5c2e5-cc9b-4735-bcf8-8c4e7705bd61,台中富邦人壽_台中富邦人壽,其他
82bf336f-fca6-4734-a415-c338d18af464,台中小太陽總部_台中小太陽總部,其他
c54679b4-2fb0-4519-af4f-0845ff9b4855,台中展覽館_展覽館,其他
53f27325-01cb-4abd-b8be-a53a6ef50dca,台中崇興路捐贈陳先生_台中崇興路捐贈陳先生,其他
96c00ada-b25a-41f4-b0a7-13ff547f5e59,台中市交通局_台中市交通局,其他
d794c606-7ed3-4882-a0e8-b9d28ed29ddd,台中市仁愛獅子會_台中市仁愛獅子會,其他
892d620a-e3da-4e37-96d4-9feffd60055c,台中市監理站_台中市監理站,其他
350ff1b2-dd80-4009-bc6a-679eaa345cc2,台南市監理站_台南市監理站,其他
62ddc269-e710-4526-b394-fb6127da9406,新竹縣監理站_新竹縣監理站,其他
9b48e9eb-4cec-48dc-8744-f178060f98a3,台中市立中山國中_台中市立中山國中,其他
cc71be6f-4e24-4ec7-b465-d5155e96d7af,台中市綠生活_台中市綠生活,其他
43354990-0ad1-4316-abbb-17e51b3d8963,台中市衛生局_台中市衛生局,其他
e7fdf991-1380-4b57-a148-59b0dbfa0c39,高雄市衛生局_高雄市衛生局,其他
fed8e807-1f22-48b8-a8b3-e1dbfb655196,新竹市衛生局_新竹市衛生局,其他
601ee9c4-c0c4-4df7-af45-d63a2047aca7,嘉義縣衛生局_嘉義縣衛生局,其他
3decad1b-88f1-4653-9bee-875033e73498,台中市議員冉齡軒服務處_台中市議員冉齡軒服務處,其他
1bfb488b-42a6-415b-879c-8e53647624b8,台中市議員羅廷瑋服務處_台中市議員羅廷瑋服務處,其他
27f4d958-05d4-4020-8fcc-84e34920ef42,台中廣天宮_台中廣天宮,其他
2baf12a1-37ab-47db-928a-98b34023af1f,台中弘道_台中弘道,其他
c4d4f2bd-d61a-4754-9337-2053512b0300,台中復興路toyota_南台中toyota,其他
99a56ab6-603e-497f-abaa-a738bfe56b1c,台中復興路匯豐_台中復興路匯豐,其他
50a36aeb-94f2-4895-9d81-b91e848242dd,台中復興路太古_台中復興路太古,其他
713d6e74-ddf0-4151-9c5d-71860c7330d1,台中復興路捐贈何先生_台中復興路捐贈何先生,其他
e46361b3-c7de-4d7c-b2ca-9d840da7e3d7,台中愛健康日照_台中愛健康日照,其他
809535b3-b810-4227-8134-3a187e97ae67,台中慈后宮_台中慈后宮,其他
d1f20840-8445-40cb-ac15-7f4fd3258a53,台中慈聖宮_台中慈聖宮,其他
b9cf67c6-1d79-4fe0-9408-c9c468885443,台中應天宮_台中應天宮,其他
016c6168-350a-4004-a9ff-27d02b1fb3fd,台中捐贈丁先生_台中捐贈丁先生,其他
fae20d99-4251-4deb-9674-30131e5abcaf,台中捐贈劉媽媽_台中捐贈劉媽媽,其他
d399cac6-f7b5-4ce1-83c7-0b0d3ea38c3e,台中捐贈林小姐_台中捐贈林小姐,其他
8b6de23e-c1c0-4e3e-bc69-39ae3f2167b5,台中捐贈許媽媽_台中捐贈許媽媽,其他
d6f18c07-1345-4db6-b63f-c79665fae75c,台中捐贈陳清水_台中捐贈陳清水,其他
b8e7daaa-b1ec-4283-9b10-293402a2edb4,台中文財廟_台中文財廟,其他
c136b793-4563-40b2-8c5f-35db2deb3708,台中新亞裕_台中新亞裕,其他
ad30586e-9c1a-4e49-acf6-4c4b73341fd2,台中新生福德祠_台中新生福德祠,其他
adc42c95-4995-424e-8fbd-539625fc9f75,台中日南國小_台中日南國小,其他
13301b7a-e45c-4537-b5b9-6d25841a07b8,台中朝聖宮_台中朝聖宮,其他
6894471e-8ecb-4cb4-a726-095a48144f3a,台中東勢濟安宮_台中東勢濟安宮,其他
d51daca9-216b-4fdc-82f8-6c6eca2c887c,台中東勢里福德祠_台中東勢里福德祠,其他
6221ca56-4a0c-4be1-a47e-51fbc0a15641,台中東區捐贈客戶_台中東區捐贈客戶,其他
bbe9f150-7179-4b48-9952-b14742a86bf7,台中東南扶青社_台中東南扶青社,其他
2c666d93-9326-4160-a8b7-5216e2629b49,台中東南里福德祠_台中東南里福德祠,其他
d98cf83e-394c-40fc-8f9a-072f917193c9,台中松德租賃_台中松德租賃,其他
898260ce-7d5e-4465-b505-fa5a6d605ba1,台中松霖日照_台中松霖日照,其他
41af4e46-363f-4901-8fa3-6baf3b07126e,台中林煙朝_台中林煙朝,其他
911659a8-18cf-46d4-96dd-ce472a8539bd,台中梁梓梵_台中梁梓梵,其他
ed34684e-38fb-461f-8295-a4b7214da92f,台中樂成宮_台中樂成宮,其他
ccc9d02c-47b7-4179-8ccb-2fead4750305,台中樂成宮_台中樂成宮,其他
38befe89-00ad-4af1-80b5-719ce943cd26,台中樂扶租賃_台中樂扶租賃,其他
3e07e2c7-3bbf-4d65-a99c-4a8adbb06a25,台中殘協_台中殘協,其他
65cd8dde-e389-4644-8d84-b3b2ad6651db,台中毓得_台中毓得,其他
ec43707d-bb47-40d4-9a26-6f6cb23d1454,台中水安宮_台中水安宮,其他
ae75d069-b809-4b1f-8b5b-d69aa3acc8e6,台中永信_台中永信,其他
d43bf5b6-3e43-4202-9ff6-a5b02c444d0a,台中永愛日照_台中永愛日照,其他
7b4a4abf-34d9-4fb6-833b-c6e738cd0645,台中永成_台中永成,其他
88b22075-3664-46d5-9ac2-2c819974322e,台中永隆計程車_台中永隆計程車,其他
53fa2ebb-9801-4060-8c99-6a8839aa7024,台中消防局大里分隊_台中消防局大里分隊,其他
0bcc3523-05db-426c-910c-42d48207c98f,台中消防局第七大隊_台中消防局第七大隊,其他
838640f3-a8a3-46ca-b59b-e74e5d1423c0,台中清水龍天宮_台中清水龍天宮,其他
e902ec4a-2127-4da8-a518-2342913b8498,台中港亞太扶輪社_台中港亞太扶輪社,其他
3d78885b-79b3-485b-8e85-cb6077e2d7d4,台中港北區扶輪社_台中港北區扶輪社,其他
982724b4-81c8-409c-9f40-dfb9d11c2bbc,台中港青商會_台中港青商會,其他
c5d7cb87-db15-4944-9d17-9f7bcf0ec78c,台中漁市_台中漁市,其他
57a53d4e-62f0-4164-a3aa-53f29fd89787,台中濟安宮_台中濟安宮,其他
51589b4e-a0ce-4db6-a7a7-5ac76716d5b9,台中烏日世貿館_台中烏日世貿館,其他
59dc815c-31ca-45fc-87fe-24f8db78025d,台中照管中心_台中照管中心,其他
13f735e7-cc1f-491b-8b9b-c468193b229f,台中特教學校_台中特教學校,其他
89533a54-9ee2-4def-8d96-1be38acc7595,台中玉興宮_台中玉興宮,其他
467a522a-bece-47c0-aa7e-b45ba213ea99,台中王智信_台中王智信,其他
b6b01f17-bc9f-4e90-ae36-a0f93b1116d8,台中王秀枝_台中王秀枝,其他
8b4aee0e-ee55-4486-8634-461b94650264,台中生通_台中生通,其他
d0437e6e-cecf-48bd-8bfd-72abadaebf7e,台中福壽宮_台中福壽宮,其他
1479d833-cc0f-497a-a95a-4e62d2dff1eb,台中福斯_台中福斯,其他
47de46ad-10cb-4ee2-a931-54be33cae5b0,台中第二消防大隊_台中第二消防大隊,其他
e268716e-aab1-44c3-81ac-2f96d35cda96,台中第二消防大隊_台中第二消防大隊,其他
4a9174c4-fc00-4900-ba2e-d826547a1ed4,台中第四區停車場_台中第四區停車場,其他
45384b59-cd19-4152-b983-f1747a1c45c7,台中綠生活停車場_台中綠生活停車場,其他
05c5cad4-7b35-4cfd-8b8e-622a695dcb12,台中老五老_台中老五老,其他
fba85bae-4b81-4dce-9730-147b0222d23b,台中聖壽宮_台中聖壽宮,其他
c911f522-599c-46e9-9260-5c8a6ad37276,台中自購何小姐_台中自購何小姐,其他
62ab8cb6-e139-41f1-9f4b-0551495a170b,台中自購劉先生_台中自購劉先生,其他
d5c6e921-619d-4dd7-85e8-4a2a72993e15,台中自購客戶林先生_台中自購客戶林先生,其他
f6ab1421-e68a-40dc-bbfe-7b1d30f39f16,台中自購林先生_台中自購林先生,其他
2a4d59e4-7058-4e56-a675-a13eafeeed7b,台中自購鄧小姐_台中自購鄧小姐,其他
d89c6a5a-e561-4094-8ac0-5ceb266d7299,台中萬春宮_台中萬春宮,其他
bd117421-c549-48c3-bdc9-658524d73b83,台中行聖宮_台中行聖宮,其他
6410752b-e536-4745-b05a-fe47fd578736,台中謝振華_台中謝振華,其他
03c0ff39-4caa-4702-9eb8-d6c86153231a,台中謝文芬_台中謝文芬,其他
463d59c3-0a54-4e5a-ab72-0617a8b2255c,台中賴媽媽_台中賴媽媽,其他
b67e5174-c4c0-4d9b-a10d-ecfdcc11e4f6,台中車站_台中車站,其他
9647e703-a221-4d5a-b6b1-2a3eeda817b1,台中郭惠恩_台中郭惠恩,其他
f61e3132-2b8e-4408-9ff2-9b74f4097894,台中郭靜霓小姐_台中郭靜霓小姐,其他
f411caf2-ef32-4c50-86b9-56d4f7a16d9c,台中醒修宮_台中醒修宮,其他
8d621fd5-d502-40bb-a60f-bd6c96dfa1ee,台中鎮天宮_台中鎮天宮,其他
be71f602-54a2-490f-8f6b-e97ce3892830,台中陳女士_台中陳女士,其他
0fcf0fd9-22ba-4fe6-9ebd-552d3dde6203,台中隆田福德祠_台中隆田福德祠,其他
58781d22-4609-499c-be72-4920ab00d565,台中雙崎部落老人日間關懷站_台中雙崎部落老人日間關懷站,其他
9c348b30-8a4b-467c-8fc3-2dbab851593a,台中青商會_台中青商會,其他
68b6cf8a-c5b2-477b-a669-5cf38d922889,台中順天宮_台中順天宮,其他
2764233c-e031-41c3-b1e1-ef876c10ce28,台中頤園_台中頤園,其他
657df47f-693f-47b5-a26f-2f8e1abff0c6,台中馨安啟智_台中馨安啟智,其他
371fce60-de98-4f59-a994-53a196ab48e4,台中黃先生_台中黃先生,其他
f23961c3-3f22-4bd9-85e8-4fe8b1063ff3,台中黎明消防分隊_台中黎明消防分隊,其他
714c514b-4d34-4b98-a353-1f78ac96781b,台中龍井日照_台中龍井日照,其他
8586f9a3-398c-4172-89f2-3f9ca314740a,台北余淑倩小姐_台北余淑倩小姐,其他
9c5c5dea-6d8d-48d7-a3ac-cefd7e5bc666,台北區監理所_台北區監理所,其他
62c5cb2e-998a-42d7-afb0-8ac80275800b,台北女青商會_台北女青商會,其他
fff50b1d-52a3-43ee-bb42-71865fe21a8e,台北市內湖國際同濟會_台北市內湖國際同濟會,其他
7cd8456b-4adc-4d79-9bd8-5f25bdb21429,台北市北市區國際同濟會_台北市北市區國際同濟會,其他
90c29fed-d85c-4b3b-a773-059a8b33c98c,台北市南港國際同濟會_台北市南港國際同濟會,其他
18b8bf3c-b3de-4cf1-b297-f6a4e2d44868,台北市圓山國際同濟會_台北市圓山國際同濟會,其他
81eab839-b845-47d9-ae07-ae44d344ea6c,台北市寶賀國際同濟會_台北市寶賀國際同濟會,其他
580a85ca-e03f-4c91-9341-d69bba311b57,台北市建國國際同濟會_台北市建國國際同濟會,其他
108c9dcb-55a9-45b7-baaa-a4ed842be6cb,台北市忠孝國際同濟會_台北市忠孝國際同濟會,其他
29c41e78-d141-44ca-96fb-0aee6684e0df,台北市新北國際同濟會_台北市新北國際同濟會,其他
4f13d2de-c637-4bcd-836b-db6fc4455add,台北市新北投國際同濟會_台北市新北投國際同濟會,其他
feab0038-84d1-463c-af9f-207c107e3d32,台北市樞石國際同濟會_台北市樞石國際同濟會,其他
3c444a89-10d2-4413-a472-64e116539faa,台北市準提同濟會_台北市準提同濟會,其他
5f148447-884d-4262-b3bd-b72da8dc7ef2,台北市監理所_台北市監理所,其他
d7a19f24-de96-43af-88ce-dd9b7d1363fc,高雄市監理所_高雄市監理所,其他
4b389265-3f41-45e8-a7c6-accffb520712,新竹市監理所_新竹市監理所,其他
a3babe02-67e7-4b4b-8a60-0fc99c0bfde9,嘉義市監理所_嘉義市監理所,其他
d41ea038-8e88-4248-b4e0-659634c797ef,嘉義縣監理所_嘉義縣監理所,其他
c4cd04f1-3d6c-43af-98b3-202689f719b9,台北市祥鶴國際同濟會_台北市祥鶴國際同濟會,其他
f12b0851-49fa-4def-b198-30e3d84e747d,台北市福華國際同濟會_台北市福華國際同濟會,其他
2b0680c0-944f-4f18-b8b7-cc25ca4cd6c9,台北市第一國際同濟會_台北市第一國際同濟會,其他
6b27ad63-1797-4702-8a3b-e8b2c64c560b,台北市耕華國際同濟會_台北市耕華國際同濟會,其他
5f756866-8a91-476f-a031-a58f1924ed64,台北市華英國際同濟會_台北市華英國際同濟會,其他
3a40e43b-6a78-4361-a6b8-10464552d578,台北市萬華國際同濟會_台北市萬華國際同濟會,其他
ee397a90-c46b-4325-a73b-c9f51c5b2a69,台北市警消國際同濟會_台北市警消國際同濟會,其他
56dad648-1bad-4bcf-b709-b4f75aeae355,台北市貿_一館,其他
de33c2eb-4248-4cdf-b74e-8c71048d4606,台北市遠東國際同濟會_台北市遠東國際同濟會,其他
da16e79e-39d0-4400-a8f9-40c7334ca2c2,台北市遠欣國際同濟會_台北市遠欣國際同濟會,其他
8f019eb3-584c-4da8-bc1f-51b59ee6b809,台北市金駝國際同濟會_台北市金駝國際同濟會,其他
be253e47-98a9-4a44-9c72-97bf373d8cf0,台北市陽明山國際同濟會_台北市陽明山國際同濟會,其他
e225ca18-b13b-404e-b97d-a87b59812460,台北慈濟_台北慈濟,其他
076a69b4-acf5-43ce-97f9-45a35f9df0cf,台北政愛扶輪社_台北政愛扶輪社,其他
b38ba234-2e24-4a4b-9829-ddad5701cd56,台北港_大山航運,其他
39a302d9-c194-4c6b-bc80-0592fb3894a9,台北港_大山航運,其他
e3b833d1-f19b-440b-ae3f-dd8f647a7224,台北港_大山航運,其他
28706b62-99b1-48c8-9bcd-8a0b4f685cd4,台北港_台北港,其他
88a75788-c763-443e-acfa-da13a92e29ca,台北港_台北港,其他
78efedb5-b553-4a7b-b13b-1475826ea07a,台北港_台北港,其他
d781546c-565c-4ff8-9ded-81f242a41475,台北監理所_台北監理所,其他
4030f337-86da-46b3-b96c-826d53da3002,台北車站_車站,其他
bcd04783-3385-4048-bd91-2229f2b4b281,台北轉運站_台北轉運站,其他
6fd9d89d-6941-43a0-a6e5-f3dbd784448f,台北陳柏華_台北陳柏華,其他
7a211edc-e91f-449b-883d-69c3de402c80,台北青商會_台北青商會,其他
ee91cab0-acc7-4711-8e9e-598c1401261a,台北黃作軒先生_台北黃作軒先生,其他
55261161-20a9-4337-8fc7-02be71252334,台北龍華扶輪社_台北龍華扶輪社,其他
b6b6823d-26e6-464e-9b93-7d6bd5746cda,台南啟智學校_台南啟智學校,其他
d11956aa-3ff1-4b21-adbe-913ca8e2ddc3,台南女青商會_台南女青商會,其他
75edb66a-10b1-4338-9cff-bc1d730e3332,台南市新興國中_台南市新興國中,其他
c63bff89-fc69-42d0-a577-70489b91f1de,台南市火炬殘障勵進會_台南市火炬殘障勵進會,其他
64e158d1-372b-417c-a96e-72e1469050e7,台南市私立五甲教養院_台南市私立五甲教養院,其他
42212efc-3ca4-4bdd-9c99-c334e56d626e,台南慈惠教養院_台南慈惠教養院,其他
d415f255-51c1-484a-80ab-c5be1bc3e81b,台南教養院_台南教養院,其他
6b47697a-bb85-49b7-a123-e3640df87204,台南教養院_永靜教養院,其他
f9b47d08-d5ea-4ed4-855b-ab09913f75f1,台南教養院_育愛教養院,其他
80dab573-5af0-4fa7-907b-500053031cba,台南教養院_育愛教養院,其他
9efb55c0-8867-4ced-926c-0e6307dc0609,台南教養院_長泰教養院新市分院,其他
c35df7cf-e39b-4acf-8047-9624bd1db44c,台南教養院_施恩教養院,其他
c49b7874-625e-4c25-9142-e32bbb6510cc,台南教養院_康寧教養院,其他
6ff93338-a49d-4eba-8d8f-0a05b8f8cf15,台南教養院_康寧教養院,其他
665ac9f2-2ef8-468a-ac4a-e7e0b2eebde0,台南教養院_菩提林教養院,其他
2ec6c994-b6b3-4b13-a494-9eb6bd8fabc2,台南教養院_慈惠教養院,其他
4ed004cb-4cc9-4e33-a793-02b4a463a26d,台南教養院_豐德教養院,其他
a93087c3-6cf5-44f2-ad9a-f5d9e7c97d8d,台南教養院_蘆葦啟智中心,其他
df290b44-f10f-4ffa-a7c7-50d4458a67f0,台南普立緹日照中心_普立緹,其他
6b779778-9a11-4441-9a8c-7e6732c36b54,台南普門仁愛之家_台南普門仁愛之家,其他
ea072666-41d5-400e-a253-760b6044c408,台南會展中心_台南會展中心,其他
0e69766e-b716-4109-aee4-26b412a23da6,台南火車展_台南火車站,其他
66a542fa-6718-4d5e-a03d-d286577ecc4f,台南瑞復_台南瑞復,其他
960d1020-02da-457a-b1fa-baf31cc010f2,台南瑞復_台南瑞復,其他
0d21ed66-a25d-4c87-9a69-08ad9f190adb,台南瑞復_台南瑞復,其他
d1bcb7d9-5bfa-4613-9089-e17ee41e2abd,台南白河國民榮譽之家_台南白河國民榮譽之家,其他
980453aa-5a4c-43f5-966d-b72fc8138d9f,台南美祐_台南美祐,其他
78542f51-75b8-4776-92c5-769f24535614,台南荷園佳里日間照顧中心_台南荷園佳里日間照顧中心,其他
ac3a6de4-728b-41a6-afdb-7c16afae836a,台南菩提林日照_台南菩提林日照,其他
f74c3037-5fdb-4f57-b9f5-67fc9057ddd4,台南郭太太_台南郭太太,其他
cda8d24e-9392-4547-9ad2-a025ed71bad1,台南鎰利螺絲_鎰利螺絲,其他
dfa842ee-ca18-4438-9211-033f0a7cec56,台南青商會_台南青商會,其他
1c244bfd-507f-4da8-934e-ce4d2c3b6f21,台南首邑縣城隍廟_台南首邑縣城隍廟,其他
7f1d3bcb-3616-4b37-acf5-5d694057ac55,台南龍崎_台南龍崎,其他
e5a3c50b-6e43-438a-9411-59bc896a5ce9,台南龍崎教養院_台南龍崎教養院,其他
8f95a585-63b6-4389-a449-14a3265a0028,台南龍崎日照中心_台南龍崎日照中心,其他
a3457979-c6c9-4041-9801-4ac552fd11c5,台東假期商旅_假期,其他
7af19859-ad5d-409e-828c-fd13ac34f335,台東凱旋會館_凱旋會館,其他
fc898bcf-4bbd-48f9-a404-199aeb90ac3f,台東市監理站_台東市監理站,其他
0c2261fd-eb1f-4c6e-8851-62cc16a6a87e,台東海山寺_台東海山寺,其他
b4886706-ef1b-44cb-a468-83ed10c046ea,台東火車站_台東火車站,其他
a5b2ecab-3304-4e78-9c46-b04e89b5e62e,台東王正德_台東王正德,其他
f8082f27-11c4-4042-8734-530c2fc3115f,台東陳明光_台東陳明光,其他
14b2fbec-7bb9-4d15-b477-54013e0b956c,台東青商會_台東青商會,其他
d06c4889-9931-41db-b203-389de1a318ee,台灣大車隊 台中_台灣大車隊 台中,其他
2d8922cb-e823-48ab-88a4-d6a4de960bfe,台灣大車隊-現代車_台灣大車隊-現代車,其他
3cd52c9f-a0cc-4cae-adad-b42879e1e471,台灣大車隊-現代車_台灣大車隊-現代車,其他
3abde94f-1c0b-4bbb-96ff-b9fdb8640036,台灣大車隊台南分公司_台灣大車隊台南分公司,其他
6817714c-3594-4c1d-ba56-822f02944568,台灣大車隊司機_台灣大車隊司機,其他
ec9a12e2-6148-4322-aa67-af3b9384fed0,台灣家安_台灣家安,其他
1a639299-dba3-4514-83b6-df5b9ee17ba6,台灣府城隍廟_台灣府城隍廟,其他
dce484ce-12df-44c9-9672-8cf8b2176c69,台灣強發展機構_台灣強發展機構,其他
07276de8-e37f-4114-aa60-30c037eb2e30,台灣心方向_台灣心方向,其他
a0834d13-f383-4c9e-91e5-bc547fd54765,台灣福斯總公司_台灣福斯總公司,其他
cab9c253-6f7d-41f4-a4d8-bac2cd6cbdf7,台灣租車_台灣租車,其他
caefb1a0-242f-49bd-a24e-3fc06f32a5d5,台灣銀行三重_三重,其他
6b2704f1-316d-4bb8-962d-09757ce537ab,台灣雷藏寺_台灣雷藏寺,其他
44fcbcee-352e-47e1-9717-4e5a37c550eb,台西瑞中建設_台西瑞中建設,其他
c1f895f0-922f-4ef3-be07-3594ad84414f,台銀共契_台灣銀行,其他
d08cba30-0e6f-4d55-b00e-a7a00bd596ac,台鐵_中壢火車站,其他
1a978242-7aee-4c88-b36a-33c44129cd26,台鐵_台東火車站,其他
80407632-6faf-46b7-a416-19610c137c55,台鐵_玉里火車站,其他
0828158c-d5bd-4f3b-94a7-92a1a77a41cc,台鐵_沙鹿火車站,其他
77d78b0a-8fdd-48cf-8662-c078b0445238,台鐵_宜蘭火車站,其他
856b4a1d-10ef-41c3-bc36-a3fde0b2ef3b,台鐵_板橋火車站,其他
38799b35-1118-4f38-8d4f-59302245510c,台鐵_板橋火車站,其他
db337acf-9d6f-4aaf-b8e9-da892f4f9657,台鐵_花蓮站,其他
18d21a3c-9c86-421f-9685-b77111c2a297,台鐵_南港車站,其他
dd69d894-ef05-4d08-82a5-a6326658eabd,台鐵_桃園火車站,其他
a9a83fc0-f7c5-4798-99f5-4fc36949fa08,台鐵_基隆火車站,其他
a9cb2142-c8eb-4575-8842-81e0fb083afc,台鐵_湖口火車站,其他
747fe6a8-50b4-429b-bfd3-e28ad96acafe,台鐵三塊厝_三塊厝,其他
4769d4a4-9265-4a17-8cdf-6c6df28cd6a6,台鐵三塊厝車站_三塊厝,其他
952f51bc-afce-469e-9a91-64746c0f524a,台鐵屏東火車站_屏東火車站,其他
c5ec7631-911f-4bf8-9439-0895d876a02d,台電大樓站_台電大樓站,其他
9f5ce98a-161c-4dc9-8999-410b16aa6aa9,四海青商會_四海青商會,其他
afd4f6e4-501e-4e43-a4d2-d35cd92cfbd8,四結福德廟_四結福德廟,其他
3b3c4929-1ee4-4f50-80bc-d69b6d2386fc,四維青商會_四維青商會,其他
f8635336-0c63-4210-8d5c-f768f590a2c8,四育國中_四育國中,其他
1c36d0f7-6164-4df0-9e6e-c68fdad10e0d,外埔土城社區關懷據點_外埔土城社區關懷據點,其他
8b88b4c8-e5ba-4bf0-a6fb-ab5d7e063386,外埔青商會_外埔青商會,其他
646c7358-7e5f-4c19-90c7-945dd2c352ac,巨業交通_巨業交通,其他
ed86869c-f08e-4dbd-b10d-c3ffac07067d,巨港青商會_巨港青商會,其他
0bb71651-1656-496f-b0f7-60958f77509f,巧聖先師廟_巧聖先師廟,其他
b7498367-ff01-4f65-8966-977932feaa41,左營青商會_左營青商會,其他
76a62df6-d0b8-4ef2-bdfc-c12948e30f2e,左鎮睦光三官大帝廟_左鎮睦光三官大帝廟,其他
2fa67e5e-eb68-4d26-8ef8-6c6c6e893720,市府轉運站_市府轉運站,其他
5cae40a5-a78a-4494-a925-6e2af5796cc5,市立仁武特殊教育學校_市立仁武特殊教育學校,其他
d49d06b5-560c-4d0c-8f17-dda27724dd84,市立啟明學校_市立啟明學校,其他
b44cfec4-e08b-4f85-b12b-5f49e10a07a3,市立啟智學校_市立啟智學校,其他
522281d0-178f-49ac-9f70-8be88ea6da77,市立啟聰學校_市立啟聰學校,其他
9cbcaa3c-627c-40fb-8013-6ee7679f9944,市立成功啟智學校_市立成功啟智學校,其他
6761d38f-2528-47f4-a5e8-78779b41a8e7,市立文山特殊教育學校_市立文山特殊教育學校,其他
b09fea03-f0e7-4f45-b72d-5664e2564c46,市立新北特殊教育學校_市立新北特殊教育學校,其他
dc1f86a1-c738-4d25-8ef4-b3a449595108,市立楠梓特殊學校_市立楠梓特殊學校,其他
1ea43b05-cfb3-435c-b006-71486c14a887,市立高雄啟智學校_市立高雄啟智學校,其他
81ace8e0-6db7-424e-9bf0-956ef834fdf5,平安大車隊_平安大車隊,其他
6ccd836c-7ebf-4e5b-8185-02d987139181,平安講美日間照顧中心_平安講美日間照顧中心,其他
bb2631e7-b15c-4194-8ca1-a84e8a30dbb6,平安馬公失智日間照顧中心_平安馬公失智日間照顧中心,其他
9dfb61b9-c4aa-4d49-816f-4664797d519a,平鎮青商會_平鎮青商會,其他
1d426a06-edb3-4345-b9fd-9b8dcf7dd2e9,弘明醫療器材_弘明醫療器材,其他
80a7148d-fc12-4655-b078-cbf392d01aac,弘道仁愛之家_弘道仁愛之家,其他
f97b80d7-0818-4f03-8464-561dae50e1ab,弘道仁愛之家_弘道仁愛之家,其他
df057983-6073-4414-9ab6-b5bc9f2601ac,弘鉅車體_弘鉅車體,其他
50848a9d-189e-48b5-9aab-a4b97c9aa9a0,本廳大帝宮_本廳大帝宮,其他
970ea03d-1142-4762-80a8-f6e59cce00cd,正新輪胎_正新輪胎,其他
fe659b7b-fd75-44ff-875d-6322dd733b5a,正統鹿耳門聖母廟_正統鹿耳門聖母廟,其他
792eb1fd-fb4c-4dcf-a432-36e5036dfb2f,正隆天第_段太太,其他
6732eba5-af71-43a2-baaa-d4868ff38900,民族匯昇_匯昇現代,其他
82c576b2-c462-4398-9add-fc4ee78ec546,民間公証事務所_民間公證事務所,其他
7d88d3f6-2887-4b57-a87a-3b25a29cdeb2,民防副座賴柏成_賴柏成董事長,其他
8910a204-9d39-4c48-b536-1b6b00d3f93d,民雄大士爺廟_民雄大士爺廟,其他
1097a369-97eb-4c6c-b050-8ee6855f7dda,民雄青商會_民雄青商會,其他
fb88336f-34d8-4d17-a042-cc2c6616416c,永和保福宮_永和保福宮,其他
2e696a08-d8ca-4f82-8454-ee28244948d2,永和宮_永和宮,其他
56abcd44-4b3d-41bf-9695-913f94b3e280,永和民權公共托老中心_永和民權公共托老中心,其他
9dbf609e-4abf-499f-8628-a2036663b5dd,永和錸工場公托老中心_永和錸工場公托老中心,其他
3259ff27-81f5-448f-b18c-05cc6abc55ff,永和青商會_永和青商會,其他
6eae0e61-6226-49fc-91b6-df8d41fd9e66,永寧_永寧,其他
053d2f04-e8b0-4ac5-891b-2e63728cfa75,永寶_永寶,其他
1b104fc1-ce60-4d37-9523-56948e8521b5,永寶會館_永寶會館,其他
09dead76-516a-400e-94c9-a8c7919bbc79,永康女國際同濟會_永康女國際同濟會,其他
d1c0ac21-1042-44b5-8829-f5f203c95438,永康火車站_永康火車站,其他
49e2ac9d-08bd-464c-bb1a-e789420437c0,永康青商會_永康青商會,其他
4af0c7a7-a3c7-4660-a3c8-ffa90b9cced9,永愛健康事業_永愛健康事業,其他
398eff4b-2dd4-45b7-a36e-a585fa9d4db1,永愛日照_永愛日照,其他
2454535f-0013-4e44-b6dd-190b9f4db219,永慶不動產青海店_永慶不動產青海店,其他
68ce662b-78e7-4b7d-bb28-6de06c0bfe3d,永承日照_永承日照,其他
197cd487-6175-41f4-a63a-686e99bf4df5,永昌復康_永昌復康,其他
ead60642-5d54-49bf-82ad-c2287811032c,永福巖祖師廟_永福巖祖師廟,其他
d5a1aff7-94a5-4c5e-8bb0-8e070f2d2a31,永立汽車_永立汽車,其他
9f388544-86a1-483d-ae6b-1b6c30530e1d,永經北台灣_北台灣司機,其他
1fae34b2-889d-4366-a6d4-e59174222bb2,永華宮_永華宮,其他
6fb5f489-2879-4a72-8e02-6c6177e1ea13,永豐社區關懷據點_永豐社區關懷據點,其他
d30696ae-420c-4e31-b204-d2c4eb1cb5ec,永貞宮_永貞宮,其他
852087f0-f053-42cb-a50e-14abc367c67b,永達_永達,其他
2780d239-43eb-43aa-a449-015638201ca2,玄宇資訊科技公司_玄宇資訊科技公司,其他
302234c9-73d2-4693-a4e2-b711810a8ae4,玄聖殿_玄聖殿,其他
16c00d21-c611-46a3-b2a3-0b9dd59d27dd,玉井山水居宿_玉井山水居宿,其他
74c1cfb3-f108-47ad-8e23-ba8cfed88fef,玉山青商會_玉山青商會,其他
692a0ecd-c901-47f4-ab1c-27d11084ffb0,玉清宮_玉清宮,其他
d8ee919f-47a7-46ab-aa76-8d1b9c99557e,玉玄宮_玉玄宮,其他
d8a5fd65-2456-4675-81bf-137883b07ee7,玉虛宮_玉虛宮,其他
5531d6e3-22b8-4e32-813b-f02f0f305fa9,甘泉寺_甘泉寺,其他
76a372b6-0249-456a-a748-763fe3bc0e86,甘蕙蘭_甘蕙蘭,其他
746a6cb8-64e2-461a-b5d4-c540c6b58744,生通_生通,其他
4c9f76a4-c9ab-4bbc-a2c9-6db4c8197479,生通_生通,其他
4bbfa10a-3d67-4c55-8ee6-87b724df8065,生通_生通辦活動,其他
673f36a4-712b-4919-a76a-b3e3c24f9671,生通北投_生通北投,其他
dd77d11b-3222-441f-a021-572e7e5a6ce7,生通烤漆廠_欣慶汽車烤漆廠,其他
9cc7382a-564c-467a-ae69-9573311f9c6d,生通租賃_生通,其他
53cc765c-141c-462e-8a7e-4f21bea59d96,生通集團_生泰交通,其他
93d82555-a059-49d0-ad27-8710f2b327b9,生通集團_生通台北總部,其他
96c76265-7585-414b-aa9d-b2a6180b2418,田中國際青年商會_田中國際青年商會,其他
d71d04b9-b521-4a80-b65b-a42bcd1b75cd,田中青商會_田中青商會,其他
8df282bf-7249-45af-81c8-918b959a0942,甲南國小_甲南國小,其他
833b93b4-f6d1-4a2a-8217-31885ed9e013,白司偉法律事務所_白司偉法律事務所,其他
9f2ec1bc-da00-4982-9caf-071c700cecc1,白河日間照顧中心_白河日間照顧中心,其他
1780244a-afee-4a20-b3e4-19c32d03fafd,白河日間照顧中心_白河日間照顧中心,其他
0a8f3408-c937-41f8-99c8-fe61456b0d76,白玉功德會_白玉功德會,其他
5e3b56ad-1a86-4bca-8767-a555f9257e35,白龍庵三山匯館_白龍庵三山匯館,其他
4a85ad75-bd5c-4ff5-a655-1e90e4dc7f20,石嘉琳_石嘉琳,其他
c32f9b37-64eb-47c4-9ccd-7e0928a32c8a,石岡區農會_石岡區農會,其他
7789b407-cd14-46a6-81fa-7e25aa42b30e,石岡扶輪社_石岡扶輪社,其他
c31076d7-464b-4e42-80e2-344bbdb3c7f0,石岡日間照顧中心_石岡日間照顧中心,其他
30654ef9-a49f-489a-bdd1-c9456fd2e7f6,石岡消防分隊_石岡消防分隊,其他
72a3620f-fee7-46af-82b7-5bf8fd8e35d9,石岡消防隊_石岡消防隊,其他
c846a838-2f34-4560-b794-6d4c44fb8feb,石岡萬興宮_石岡萬興宮,其他
f283ace3-00c3-411d-9e53-96372add85e2,石岡萬興福德祠_石岡萬興福德祠,其他
6301deed-9b16-447c-8f9c-257ad2c55b06,石泉巖_石泉巖,其他
2598502c-0c1b-434c-96e9-2a1ecd33729c,石龍宮_石龍宮,其他
d5072f11-f116-4774-b250-b974e451f00d,禾宜居家_禾宜居家,其他
d5d6d1dd-03e2-4f34-beb2-9d49de25e896,禾澄科技_禾澄科技,其他
cc994d00-7dc2-4882-935c-a1936b530e07,禾盛汽車_禾盛汽車,其他
caf34739-b3f0-4d64-9843-24bcdf98922c,立人青商會_立人青商會,其他
61481bff-dbc5-4395-82af-3f9bab102485,立明烤漆_立明烤漆,其他
1b2b0a05-b75e-416d-a5b4-b608c5742feb,立期科技_立期科技,其他
68fe0dec-1923-49b0-adc1-c01ef4aa2329,立林 福貴路_立林 福貴路,其他
d63f3131-429f-4831-86ba-619bf10044c6,立林租賃_立林租賃,其他
a1f60a93-a6c1-43e1-a4b0-f7fa6cdcdbaa,立林長青事業_立林長青事業,其他
cb1ebeca-9a36-4b52-856e-ec94d6518246,立穎居家護理_立穎居家護理,其他
dadecb4c-537e-4a8f-9de7-a9a273bf84b8,立達啟能訓練中心_立達啟能訓練中心,其他
0cf8894c-ba9f-437d-8c39-ccd3e38af140,立達啟能訓練中心_立達啟能訓練中心,其他
b07602ef-1599-4f4a-89e7-f5017139b773,立銘會計師事務所_立銘,其他
05c27cbd-25b4-419b-bac2-6e294769eb52,立銘會計師事務所_立銘,其他
406002ce-34bd-4b75-a218-c09e48aaa77c,立銘會計師事務所_立銘,其他
5ed0cc0b-2689-4df0-8431-14d6333b51e7,交車地點_慈揚交車,其他
086563fb-da3b-4103-88b0-fbbf3bf590db,交通接送單位_大廈遊覽,其他
a5d8225e-87df-4484-9b4b-f40a5bb914d7,交通接送單位_中華民國紅十字會台灣省南投縣支會,其他
1b14a2f0-8f97-42a0-8471-e6ec71a22310,交通接送單位_中華民國紅十字會台灣省南投縣支會,其他
df75cf1f-6f70-4acc-a83a-126e8e0efbe4,交通接送單位_中華民國紅十字會臺灣省嘉義縣支會,其他
66528fee-f293-4101-9ca2-2a855b72d693,交通接送單位_中華民國紅十字會臺灣省嘉義縣支會,其他
f72525de-10c6-425b-b24e-956eea67dfeb,交通接送單位_元澤租賃,其他
0b142717-dcda-4e1e-a672-190da034612a,交通接送單位_天工 杏福,其他
df9b3bd5-5d44-434c-ac03-046534aa0d22,交通接送單位_台中樂扶租賃,其他
78361492-be99-4bb0-8de3-b80a573d1fb0,交通接送單位_永昌復康,其他
628ff04f-c8c5-47d6-8595-a0678bb93c2f,交通接送單位_全達,其他
e0590f02-95c1-4e98-b15a-160df83fd2b1,交通接送單位_好客來衛星計程車公司,其他
57476303-e43b-44b2-8c0d-11597565a1f4,交通接送單位_宜蘭縣（社會處）自行辦理,其他
ede811c1-985f-4eba-9a45-fc03331914b0,交通接送單位_宜蘭縣（社會處）自行辦理,其他
52f003e2-1bd9-4667-baee-f8ce394a086a,交通接送單位_岡山大車隊,其他
d8db9110-f015-41ef-88ee-d3c18276caa4,交通接送單位_長安復康巴士,其他
657be7ac-13f1-4a83-b7d6-24ee83924e83,交通接送單位_阿翔專業輪椅接送車隊,其他
255ea723-2d66-48c8-ae05-a0e377109aba,交通接送單位_南投縣（社會處）自行辦理,其他
6bf7f15d-49e8-4252-9034-2b08b172b692,交通接送單位_南投縣（社會處）自行辦理,其他
e5a4c971-708f-4c76-8f43-271a39e176a3,交通接送單位_重安,其他
ce3a0a3c-0335-4428-9cae-08ec84721fb9,交通接送單位_重安新據點,其他
7a145221-2950-419d-b028-516e1053002e,交通接送單位_倫永衛星大車隊,其他
9add93b2-50c5-449e-834e-082e26ad23be,交通接送單位_展志興業,其他
e05a3468-f54f-4c40-92a5-e4bac6744a81,交通接送單位_馬仲,其他
c7a30ab2-1ee3-4cd3-86c9-15e804be02a2,交通接送單位_基隆市（社會處）自行辦理,其他
dbd2b0e5-4f29-41ad-a001-b3e5ec846b49,交通接送單位_基隆市（社會處）自行辦理,其他
107d21a6-d616-4bd8-b702-e0387e9566ce,交通接送單位_眾在,其他
d7a177de-1841-4b35-9583-079a77f5292a,交通接送單位_富泰旅運,其他
6a40552b-aa46-4221-952f-bb738106dfac,交通接送單位_雲林縣（社會處）自行辦理,其他
3793b035-83f5-4ff3-8867-218a87d7bb78,交通接送單位_雲林縣（社會處）自行辦理,其他
563b50fd-1696-4003-92f5-94f636357e1e,交通接送單位_順緣租賃,其他
89afe8a1-d7d3-4046-a3da-a9ef15176846,交通接送單位_新光保全,其他
80bdab72-d7cb-4f5f-ab44-f0c38b97eef2,交通接送單位_福田家園,其他
27614c88-2ff8-4d2c-a886-67888274199d,交通接送單位_福田家園,其他
b25542ff-0448-4680-961e-c44f4af0525b,交通接送單位_臺東縣（社會處）自行辦理,其他
8a0812c8-b48d-467f-9fc5-5cd580e32fb5,交通接送單位_臺東縣（社會處）自行辦理,其他
ca90f132-80f7-41b3-9d73-b059fc59707a,交通接送單位_豐均租賃,其他
ca07abf6-9d13-4ba5-80ea-ae72aaa867df,交通接送單位_上裕租賃股份有限公司,其他
46cad51e-cc89-4c69-9e41-23bb6c729aa7,交通接送單位_上裕租賃股份有限公司,其他
71b0534e-ddc2-49a9-ad1e-139d5abcfc79,交通接送單位_元三租車股份有限公司,其他
5fb5e044-1193-4ad5-af95-6e7812944e35,交通接送單位_元三租車股份有限公司,其他
4cfd64b2-21a7-48eb-9dad-ecf05fba646e,交通接送單位_世豪小客車租賃有限公司,其他
d582f6c8-9361-4f43-b7c4-655c0d1b5e0d,交通接送單位_世豪小客車租賃有限公司,其他
d639ea48-7df2-4f01-b33e-3941bc15eae9,交通接送單位_台中市家寶社會福利慈善基金會,其他
a51e5281-f21d-4358-91ca-c1548dd3a116,交通接送單位_台中市榮輝交通接送發展協會,其他
53fbe91e-dcb0-428d-aa02-ede234a36a54,交通接送單位_台灣復康巴士有限公司,其他
7bdd87eb-633b-4423-b897-cfb1d7c54b14,交通接送單位_台灣復康巴士有限公司,其他
ce15e44a-26f1-44f9-a5b7-268bbb472b4d,交通接送單位_台灣租車股份有限公司,其他
c7306dd6-703e-4a16-861b-2e816ebdd795,交通接送單位_台灣租車股份有限公司,其他
79d51803-5007-4b63-b5fa-57a40d71e17f,交通接送單位_台灣租車股份有限公司-台北市,其他
71c1a001-bd27-421a-8abd-496ea8e1cd64,交通接送單位_台灣租車股份有限公司-高雄市,其他
60aa6653-f3f8-42c6-b098-9ad26945cf2e,交通接送單位_全豪小客車租賃有限公司,其他
5e785da1-c1a9-4616-9f38-79cfe8b0343c,交通接送單位_全豪小客車租賃有限公司,其他
6b23ffc2-9d04-4562-b7b4-bf981b1759e1,交通接送單位_多扶事業股份有限公司,其他
bdb35792-3b1a-44ec-a350-2154078fc1b3,交通接送單位_多扶事業股份有限公司,其他
c2f8e8d0-446a-46b2-b405-83bd730c5841,交通接送單位_社團法人南投縣基督教青年會,其他
e32d09ab-e25e-44d6-9a7c-754f61d2acb0,交通接送單位_社團法人南投縣基督教青年會,其他
5ac449de-7615-4684-a57b-ff59eddcd0b2,交通接送單位_社團法人南投縣家庭照顧者關懷協會,其他
a4ef75a1-d0e2-4d44-8473-33f27f13f5ab,交通接送單位_社團法人南投縣家庭照顧者關懷協會,其他
720eff8d-489c-4173-a1d3-8fe02f143a41,交通接送單位_社團法人南投縣脊髓損傷者協會,其他
a64d303b-b357-4366-952d-936661621bb7,交通接送單位_社團法人南投縣脊髓損傷者協會,其他
f9a2cc70-5d04-474a-a482-cda845340d61,交通接送單位_社團法人嘉義市脊髓損傷者協會,其他
644d29b3-fdb2-4dbf-a5ad-2c83aa4d66b4,交通接送單位_社團法人嘉義市脊髓損傷者協會,其他
e6382b6e-ecfb-4289-8e0d-c81013729d3a,交通接送單位_社團法人屏東縣殘障服務協會,其他
79915e86-8486-4528-8986-c3dfe745a9e1,交通接送單位_社團法人屏東縣殘障服務協會,其他
721a0c4f-bfbc-43be-85f0-970697df4102,交通接送單位_社團法人彰化縣喜樂小兒麻痺關懷協會,其他
ab49a7bc-3ce9-48e2-b585-e21d1d095543,交通接送單位_社團法人彰化縣喜樂小兒麻痺關懷協會,其他
17c779d3-748d-4867-a955-b94b73a572b5,交通接送單位_社團法人彰化縣肢體傷殘協進會,其他
1db11b73-f797-4cdc-a3b9-bdf8fc4ce009,交通接送單位_社團法人彰化縣肢體傷殘協進會,其他
f5e51ce5-74b4-46ee-a1f6-899dc4c42add,交通接送單位_社團法人臺中市智障者家長協會,其他
f2925cfe-d59e-42f4-8327-6679a066d962,交通接送單位_社團法人臺中市智障者家長協會,其他
031f59ee-921c-42d8-8b1d-ab0d3b10911d,交通接送單位_社團法人臺南市臺南都志願服務協會,其他
360f697d-c860-4131-82cf-10bb4748adb3,交通接送單位_社團法人臺南市臺南都志願服務協會,其他
db206c3b-b205-4287-ac2e-d533304fda17,交通接送單位_晁翊行動服務有限公司,其他
62f6d460-ad99-4b35-99ae-a3926d7e999e,交通接送單位_財團法人一粒麥子社會福利慈善事業基金會,其他
3fb2420b-b86e-4421-9b15-2c424e38e66a,交通接送單位_財團法人一粒麥子社會福利慈善事業基金會,其他
6feabc74-00fb-4a97-9bb8-1e179b6ce8ef,交通接送單位_財團法人一貫道崇正基金會,其他
2691a8bd-9154-4daf-a832-cb7ca93ddfc7,交通接送單位_財團法人一貫道崇正基金會,其他
e10ab393-4f8e-4b54-a9e5-828009775efb,交通接送單位_財團法人伊甸社會福利基金會,其他
527354c5-95e0-4a30-97c9-c7df53e8e024,交通接送單位_財團法人伊甸社會福利基金會,其他
10710839-3c3f-440b-b020-d499907d78e2,交通接送單位_財團法人南投縣私立南投縣仁愛之家,其他
5326e3d2-01ac-44d9-9146-a483d146e5ea,交通接送單位_財團法人南投縣私立南投縣仁愛之家,其他
89d6dd5d-5fe1-481a-b433-35a09168fc79,交通接送單位_財團法人嘉義市私立保康社會福利慈善事業基金會,其他
e48503b3-5709-4368-813f-5310152d7a55,交通接送單位_財團法人嘉義市私立保康社會福利慈善事業基金會,其他
bd70ea25-32d6-41f4-bd74-7b805bcb8d3f,交通接送單位_財團法人嘉義縣安道社會福利慈善事業基金會,其他
06a2cad1-0188-4eb7-abd3-a687d4ce330a,交通接送單位_財團法人嘉義縣安道社會福利慈善事業基金會,其他
b05f7c17-d74f-4f86-9dd7-5560991aaf34,交通接送單位_財團法人嘉義縣私立天主教敏道社會福利慈善事業基金會,其他
7f1ffa85-7e03-4877-bf71-40527bbb723b,交通接送單位_財團法人嘉義縣私立天主教敏道社會福利慈善事業基金會,其他
05a99c40-f9e1-4e32-b80d-76be66d4c5b0,交通接送單位_財團法人彰化縣私立希望社會福利慈善事業基金會,其他
eae12b21-4984-40c9-becb-9d8ef9087595,交通接送單位_財團法人彰化縣私立希望社會福利慈善事業基金會,其他
28780b5b-e612-424c-aadc-0be4bd5d4aa5,交通接送單位_財團法人彰化縣私立慈恩社會福利慈善事業基金會,其他
3b4d5be0-4280-4128-9665-0bf27e091b9c,交通接送單位_財團法人彰化縣私立慈恩社會福利慈善事業基金會,其他
3584f6a4-d52c-4ae0-9420-885d1ef0b42b,交通接送單位_財團法人彰化縣私立珍瑩老人養護中心,其他
d6ce8adb-8e65-402e-8c20-8ca9be77ed24,交通接送單位_財團法人彰化縣私立珍瑩老人養護中心,其他
b0241051-e808-418b-803a-880c35e28811,交通接送單位_財團法人恆春基督教醫院,其他
36cc94c8-8ba4-4318-91c3-6a5c5ad9e98d,交通接送單位_財團法人恆春基督教醫院,其他
009a6a47-82a2-4ee9-bd73-911cd397d90d,交通接送單位_財團法人愚人之友社會福利慈善事業基金會,其他
d8756da3-b4c5-4f6d-a7af-20c40172a629,交通接送單位_財團法人愚人之友社會福利慈善事業基金會,其他
acb151ea-f1f3-4799-ba07-b026d38247c1,交通接送單位_財團法人愚人之友社會福利慈善事業基金會,其他
c1248cd2-a834-4240-934d-da8caee98b32,交通接送單位_財團法人老五老基金會,其他
8d180d6f-f084-4630-83ac-51b78a64a4ac,交通接送單位_財團法人老五老基金會-彰化縣,其他
eec12267-de09-4409-8325-ecc776a1f8fd,交通接送單位_財團法人育成社會福利基金會,其他
2d2cab9f-646c-4bae-8704-0ac7773c4c05,交通接送單位_財團法人育成社會福利基金會,其他
4edf387d-80ce-4998-aed6-5126861e7666,交通接送單位_財團法人門諾社會福利基金會,其他
db2380e4-a859-4b4f-8d10-af3fa3f28707,交通接送單位_財團法人門諾社會福利基金會,其他
050dd511-02bd-4bee-9ff9-1393585285d1,交通接送單位_財團法人雙福社會福利慈善事業基金會,其他
f98009ec-2e89-47e1-9a57-1078ddf7e9dd,交通接送單位_財團法人雙福社會福利慈善事業基金會,其他
686f6e87-13c8-4232-b674-11f4724d8f81,交通接送單位_高雄市田寮區崇德社區發展協會,其他
94ffb45a-4bf7-4077-9a0e-e0cceea808d3,交通接送單位_連江縣縣立醫院,其他
0e5113e3-da5d-487e-b04b-7ff899926ca3,交通接送單位_連江縣縣立醫院,其他
9d0d92e2-82c3-4791-a381-a75782fd5e19,交通接送單位_新媳婦關懷協會,其他
fc498ead-1064-4db8-86ed-7d40d7daad40,交通接送單位_臺灣家安社區關懷服務協會,其他
213cfef3-dd5a-449b-985b-d8ada3d06056,交通接送單位_臺灣家安社區關懷服務協會,其他
48eb77ce-04a9-4ccb-bb9d-f8f9de542c91,交通接送單位_臺灣租車股份有限公司,其他
e7753cc8-ccd1-4e2f-b2a0-142358e79364,交通接送單位_臺灣租車股份有限公司,其他
c7411226-a549-4043-873d-8ef37a21d196,交通接送單位_駿德租賃有限公司,其他
c6995ac6-217d-460f-b45c-e6869c99a0c6,交通接送單位_駿德租賃有限公司,其他
bfadca34-6d05-40ee-87e5-2d10f64b16ba,交通接送單位_穩將小客車租賃有限公司,其他
cc5273ac-d829-454f-b8ca-1a8465b4753a,交通接送單位_穩將小客車租賃有限公司,其他
d00e6bf1-a8ed-4cca-bda7-25abe711364d,交通接送單位_金門縣政府,其他
cc969c7f-8c85-4140-94e1-5d0f1d633e90,交通接送單位_金門縣政府,其他
353d2fe7-9aad-4844-a277-2d9d71630697,交通接送單位_烈嶼鄉公所,其他
7528425f-4f8e-4339-8c65-5a042006260b,交通接送單位_烈嶼鄉公所,其他
740f61b2-ee59-45a2-88bf-eb9b9aa384ed,交通接送單位_琉球鄉公所(委託公所辦理),其他
c976b492-ccda-4ca2-9c8b-7e7ad2462d56,交通接送單位_琉球鄉公所(委託公所辦理),其他
035647a0-aad0-487d-9c5e-0328c4ef07dd,交通接送單位_高雄市小客車租賃同業公會,其他
8677a5c1-eafe-4c1c-8c4e-8ee12bab224a,交通接送單位_大都會客運,其他
821049bc-7c1f-40ec-a0ca-72bc56825034,交通接送單位_大都會客運,其他
e83d15f4-ad7d-415d-9b3f-efa5fc36c753,交通接送單位_首都客運,其他
bf6be331-6cf9-4863-b374-f4f1ddc38162,交通接送單位_首都客運,其他
1f4173fd-f86a-4520-a6d7-9ff77a60d9e8,交通接送單位_第一計程車客運服務行,其他
104eed76-7ef0-4282-9960-ffef0d7da06c,交通接送單位_第一計程車客運服務行,其他
7a9c6545-6681-46b5-9ef3-7e8889454612,交通接送單位_萬金小客車租賃,其他
3c5439d3-6745-4b15-ad59-7a71729ca749,交通接送單位_臺北客運,其他
caef4777-f5e5-4611-958f-9cbe2e86cb84,交通接送單位_臺北客運,其他
5e6f3017-8953-4ea0-a838-40554a5b485c,交通接送單位_金門縣殘障福利協進會,其他
0fc14a2a-88a9-406f-917d-4817e1cde8c8,交通接送單位_金門縣殘障福利協進會,其他
5cc7a52b-71ed-4492-b624-e4845d0ae786,伊甸_伊甸,其他
5ea8ff79-ecf1-488c-b5b0-b8a38e93e6b3,伊甸屏東_伊甸屏東,其他
88221208-d7c7-43e2-ad65-4c41926c56e4,伊甸新竹_伊甸,其他
8fe7ad12-3826-4881-91ca-ffc80c85c3de,伍驛交通接送_欣德日照,其他
61ef4562-ed55-4e6b-89ec-e04f4cbd129e,伍驛陳幸怡_陳幸怡,其他
d8caeff1-cb34-43d1-99d0-9038f05b2b6c,光復吳國薰_光復,其他
870b6c13-a3c3-4c5f-aa31-2192176e8302,光復老人日照_光復老人日照,其他
4d13d45f-263c-40e6-a51e-58536ccce381,光華巴士_光華巴士,其他
3ffc9bdc-35f1-410f-b346-e6324b0b5e74,光華巴士洲美站_洲美,其他
bb9cc95e-d943-42ef-85d2-aae31da11651,先嗇宮_先嗇宮,其他
d5e556a9-9b95-4eef-82a4-bd658f774fcc,全國加油豐原交流道站_全國加油豐原交流道站,其他
0b1e59a9-c4dc-4578-95a8-93b19954b61a,全家中山北_全家,其他
8fd81479-e170-41f9-9261-c403e200480b,全家中山北_全家,其他
eaecfa9a-6d96-4460-98b6-e5d762cc95ce,全家同安街_全家,其他
02df098c-078d-4cac-a579-5865c88b205d,全家復興北路_全家,其他
9a31d83d-b9d0-47f2-9637-8d773ad2637f,全豪_全豪,其他
cccd861c-d12a-4144-b97f-75eeecc0e770,全豪汽車_全豪汽車,其他
e94f2fb8-5cc3-42cd-b71b-b84277ae49e3,全達_全達,其他
85b9f8c4-a43f-4088-915a-1118ee33ff3c,共享_共享,其他
7da6a502-0ecf-459c-9944-0b83bb60d217,共享司機_共享司機,其他
b204f477-7d75-4119-9b03-55794f5ec133,共享車隊_共享車隊,其他
a6daeab9-c68a-4d1f-a3a0-7e3aacae870f,吉德門市_吉德門市,其他
e7717e9c-7c79-4f2e-9f29-39d73657e581,同仁老學堂_同仁老學堂,其他
a6c5916a-022f-44cd-9dde-0d3234a25517,同心獅子會_同心獅子會,其他
d7b09e77-d067-438d-8c7d-131405b9cbd2,同濟會_台北市內湖國際同濟會,其他
9a072a5a-f748-40bb-a6ab-4e0a82a2b064,同濟會_台北市北市區國際同濟會,其他
50215075-8f69-4005-80d7-d82ec65ffc51,同濟會_台北市南港國際同濟會,其他
3a906798-a5ef-4f56-914b-f9c5326e7294,同濟會_台北市圓山國際同濟會,其他
b2aea1e2-e637-4d5a-807e-cc26f8275739,同濟會_台北市寶賀國際同濟會,其他
1e031f9b-f3d4-4b19-8132-5fde6b9f03c0,同濟會_台北市建國國際同濟會,其他
d1a68aff-f263-4f96-b8eb-5e014b8f741c,同濟會_台北市忠孝國際同濟會,其他
ad5b933c-46c1-4f9c-83a2-7d617327c0f8,同濟會_台北市新北國際同濟會,其他
923e5c65-0e26-4934-a859-bc57acad4fef,同濟會_台北市新北投國際同濟會,其他
b9fe7e39-36c6-41c9-8b81-57d934da3bd6,同濟會_台北市樞石國際同濟會,其他
ccdac559-1ec8-4584-b6f6-dc147a48426e,同濟會_台北市準提同濟會,其他
3582c675-5759-4882-8e7d-8c40f089571f,同濟會_台北市祥鶴國際同濟會,其他
24cd041d-c497-45e2-b535-caef6a6d70b3,同濟會_台北市福華國際同濟會,其他
16251cfa-7d1c-4001-94ec-5ccc19f65b21,同濟會_台北市第一國際同濟會,其他
d0a0386b-7e77-4912-bf77-1c5b2948a881,同濟會_台北市耕華國際同濟會,其他
e5cac7e1-bb04-408a-8068-1caf37804ec5,同濟會_台北市華英國際同濟會,其他
635b8871-f441-4684-811e-0da3f8a3e4e9,同濟會_台北市萬華國際同濟會,其他
d8166308-bfbc-473f-a45f-90c739742528,同濟會_台北市警消國際同濟會,其他
942d4d41-a961-49fb-9454-8a1b4e9f3843,同濟會_台北市遠東國際同濟會,其他
daa63fb4-2024-481d-b233-60fd5d2a6f06,同濟會_台北市遠欣國際同濟會,其他
61cee40f-19d7-49ed-8acd-dfd670e82169,同濟會_台北市金駝國際同濟會,其他
021c6cbf-2d87-4bf5-a7b1-370eef5880ba,同濟會_台北市陽明山國際同濟會,其他
1c82debf-9cb2-4ac5-aa23-02982afa39e1,同濟會_大世界,其他
3bfdb454-b3b5-48e7-9749-20c352123568,同濟會中A區_同濟會中A區,其他
331e55c2-b481-4d0a-9b69-96bf66d0fdcf,同濟會中c區主席_同濟會中c區主席,其他
9712ffb0-a8ea-4ddf-b3fc-615610f5a2cf,同濟會中c區主席_蘇素如,其他
97fdf328-f2cf-4407-892e-951f2c7bc610,同濟會金城會_同濟會金城會,其他
3f241f7e-13af-435a-b5c1-e8fb7291a39a,向陽居日間照顧中心_向陽居日間照顧中心,其他
cd232626-549b-4f46-8888-e2a67a8f9dcb,向陽居日間照顧中心_向陽居日間照顧中心,其他
1ab15687-18a7-471e-adbe-c44627801147,向陽扶輪社_向陽扶輪社,其他
69ec8394-3389-447a-baf8-3d0d2da0a4c9,名間青商會_名間青商會,其他
35366982-252d-47db-a21f-a5ff96bb8e88,合作青商會_合作青商會,其他
77998b1b-27b1-4b7a-b14d-4cd0502d3bed,合安日照_合安日照,其他
48ab1300-d476-41b4-9af1-71bd35bfdef5,合群健康_合群,其他
58e72f02-7f5a-4f71-b0a4-80ce416ce76c,吃飯_吃飯,其他
232a6c09-f2cb-4278-bdff-7b8e71060b40,吃飯_吃飯,其他
86b7539a-68a3-4aac-b970-d4c540cf01ac,后康日照_后康日照,其他
e6f93a22-d778-43f6-b84b-a36f8673f04a,后里天師壇_后里天師壇,其他
ba396a3d-a725-433b-b09d-a3161b73164d,后里鎮安宮_后里鎮安宮,其他
67b27bc8-d452-4103-ae2b-43c2e15d86a8,后里青商會_后里青商會,其他
639e9443-57b2-4184-b58e-85fcfb8d686f,后里魏淑鈴_后里魏淑鈴,其他
b261b411-c4d4-4e82-9d32-e3da7de1c514,回善寺_回善寺,其他
b69455e5-2c10-4a24-a535-2c4abbeabe0b,地藏王廟-台北市_地藏王廟-台北市,其他
52b2ca8e-fa0f-4112-9d3b-d008dca0dd4e,地藏王廟-彰化縣_地藏王廟-彰化縣,其他
d6194d29-26b0-4b2f-a6bf-2e426df70a32,好客來衛星計程車公司_好客來衛星計程車公司,其他
58a41597-6d6e-4fac-9e42-0d992c410679,好行福祉車_好行福祉車,其他
8ec66058-020f-49c3-8951-35888b9edb54,好設工作室_好設工作室,其他
ccc1a58a-a697-44c4-b403-9414b2cfabeb,好運來餐廳_陳怡潔,其他
70dbe03e-b03f-4990-95ee-776e9e77a0ca,安ㄧ飯店_安ㄧ飯店,其他
dc8c93c3-3056-486a-b2d8-9441316e6f85,安一飯店_安 一,其他
09085eaa-7086-4d1c-8f89-8366cbde42d1,安南日間照顧中心_安南日間照顧中心,其他
c1874782-a4e9-4ce0-ab3c-d49054820a66,安南青商會_安南青商會,其他
b2a0a411-d0c5-4910-afd9-430b0ef70abf,安定保安宮_安定保安宮,其他
43fbe53b-c933-4cd7-82c0-98d08b84d6b2,安定老人日間照顧中心_安定老人日間照顧中心,其他
59c88b25-3f32-4347-a1af-0c9b75d0d632,安家缘_安家缘,其他
49ce8704-a0d5-4e21-a141-e3a0290d110a,安平觀音亭_安平觀音亭,其他
2ea89dfa-979c-4a91-8d50-ffd135c1c1e2,安康村(失智型)_安康村(失智型),其他
9968e211-12e3-4979-8f20-770c7f20d265,安德宮_安德宮,其他
bf486657-4e89-40ec-a665-6914b1b9a366,安福宮_安福宮,其他
e6ae4425-c6ac-4c2c-8ac3-bcd3183b6d62,安耆日照_安耆日照,其他
3e31bcf8-d39b-467a-80f8-3921b0d62dc2,安行租賃_安行葉董,其他
9d72a8e1-ea7b-4a4a-90ba-c89bbcf4bcaf,成中恆營造_成中恆營造,其他
67702f3c-ea6a-400b-8500-e4e242b0fb46,成功老人之家_康,其他
97c4c15b-71f3-4c7d-ac23-05795504207b,成功青商會_成功青商會,其他
98662f18-e60c-41e5-9354-96bf8ba763ea,朱暖英議員服務處_朱暖英議員服務處,其他
7f01d5e8-d60e-482a-a67c-bd27abdd3d74,朱玉足_朱玉足,其他
13d65976-ce71-4857-a2ce-124acd71c45a,朱純慧_朱純慧,其他
d1cff4c2-fd31-4228-9a51-fc17369cd263,朱聖宮_朱聖宮,其他
13529bed-a893-4597-913e-bdaee873488c,江_江,其他
7935e799-1d61-4d2b-b7ef-4d5b3376360b,江先生_江,其他
d6d5081d-3079-4584-bc60-d5074738635c,江先生_江先生,其他
8e534092-c73b-4840-b96c-ea17328a6fad,江啟臣立委服務處_江啟臣立委服務處,其他
c20c1f19-cdb7-4ce9-a394-6636ad2b8872,江錫林_江錫林,其他
e865c6d5-43f7-4803-890a-100d45e55b8c,汐止佳醫公共托老中心_汐止佳醫公共托老中心,其他
1b1f8154-36c9-439e-b855-579ac098fb32,汐止救國團_汐止救國團,其他
39d97132-15d2-4c2d-bec3-93d5638b5ab4,汐止青商會_汐止青商會,其他
99243663-0618-4248-9227-0db5c03976ea,汐科青商會_汐科青商會,其他
9ec27175-c0df-4908-acfd-9120ebb757e9,灰磘福德宮_灰磘福德宮,其他
3c4f9276-d17b-41c1-8bc2-3358b865e571,百晟_百晟,其他
5f679dd5-7d95-43de-b2bf-55a8d702be41,百貨_明曜百貨,其他
db72b0ed-13d2-4e7b-a63d-58f56fb5184e,百順_百順,其他
69757e9a-5e05-4790-93df-4f44b55d3b2a,竹北火車站_火車站,其他
511924b8-3504-4586-83d8-2b66dfcc194c,竹北青商會_竹北青商會,其他
0fbaf1f1-a7c3-4401-aaa7-b9f570e2794e,竹南老人日照中心_竹南老人日照中心,其他
70cd6bdd-135b-45f2-91df-a88b7bcadb2b,竹圍北極殿_竹圍北極殿,其他
e54e6713-b95c-4c55-8c00-e1b0a6c73518,竹山toyota王承皓_竹山toyota王承皓,其他
43617831-53f1-440c-bae2-057fe164b264,竹山toyota謝至翔_竹山toyota謝至翔,其他
a56fd501-d073-4f61-a8da-370de5bdeede,竹山紫南宮_竹山紫南宮,其他
42ca9736-bf7f-490c-8a94-56a6984732dd,竹山青商會_竹山青商會,其他
19b94877-08b5-4436-86c3-665c5756a1f5,竹東惠安宮_竹東惠安宮,其他
a504d654-7930-4b64-a015-b2fe3a3f2fce,竹東青商會_竹東青商會,其他
8d6eec04-9668-40f8-b981-c8000ca2132f,竹林山觀音寺_竹林山觀音寺,其他
0da27aed-acc6-4ec1-9dcd-d26bda4d6d12,竹林觀音寺_竹林觀音寺,其他
d84f78fc-29c7-4f19-acee-7bd275c10818,竹溪禪寺_竹溪禪寺,其他
fe3a2cef-17ed-4b40-8352-27f2eb8eeead,竹馨園(失智型)_竹馨園(失智型),其他
c1fcb8cd-a9b6-460e-bbc5-1cf3fe336224,米蘭商務旅館_米蘭,其他
08dbfb31-7290-4564-87ea-05bdf335d7e7,老五老學堂_老五老學堂,其他
0ab50ba0-a3a7-4a19-92d5-948124342712,老大公廟_老大公廟,其他
58503ab5-0a03-41d4-bde3-931adb2c1c1b,老朋友日照_老朋友日照,其他
6b60a254-0474-4566-8c26-093c68d2357d,老豐光日照_老豐光日照,其他
fcab6c9e-be56-460a-ba28-44e807e8e889,自家住宅_露營區,其他
510e9d02-ebeb-416d-b581-680f1fa2af6d,自用余壕明_余壕明,其他
77748af2-34ed-4218-a0a3-21ca0f83b115,自購廖先生_自購廖先生,其他
7c98641b-da4d-4744-acbf-e0ccd33efb38,自購楊興富_自購楊興富,其他
22c44b14-14d4-4ddc-8c07-5ff5ec00d27f,自購詹小姐_自購詹小姐,其他
c4fdebc8-b877-4209-b07d-0d7847329da6,自購顏先生_顏家峻,其他
bdb0b89c-916a-43ea-8412-d67e5ae029e2,至光_至光,其他
0e531496-a7a7-4d42-8678-3f146a606714,行天宮_行天宮,其他
b351fab7-ef56-463a-b370-8da2729ad207,西區捐贈謝女士_西區捐贈謝女士,其他
e6aca21b-e98a-4969-920b-8f195d73b913,西區陳金枝_西區陳金枝,其他
a50b2b8a-97d4-4d6a-b9da-4dc92dde94c3,西子灣青商會_西子灣青商會,其他
6d4c2eea-c6ef-4120-89be-1fc7394d4e64,西寶花眉福德祠_西寶花眉福德祠,其他
29b99283-ba71-48c8-8b70-e004ac6b6346,西寶花眉福德祠_西寶花眉福德祠,其他
0f4042d1-52f3-49ef-a018-998ebd035941,西屯廣興宮_西屯廣興宮,其他
aa145016-cbae-456d-9c55-2ee6ff9317a6,西屯武兌宮_西屯武兌宮,其他
bd8b9e5d-b459-4c8f-9f85-3d54bb9436d8,西屯永安宮_西屯永安宮,其他
33a2b8e4-9213-49d3-be27-3ec70d9c3ee0,西屯消防分隊_西屯消防分隊,其他
111c6f4a-943c-460b-ac56-51d721cb9454,西屯現代_西屯現代,其他
d6e152a1-6105-45b0-9e6f-aa6995a74d4e,西屯現代李韋志_西屯現代李韋志,其他
6997485b-6a16-454f-9032-77b12a37fee0,西屯現代黃立維_西屯現代黃立維,其他
1bb1c023-6a65-4b36-bc11-1b8ce666b291,西屯自用邱小姐_西屯自用邱小姐,其他
1020ce10-0d7e-43d0-a243-bfd34beaa685,西屯路toyota客戶_西屯路toyota客戶,其他
7d043212-5bfe-4652-aba6-e1b4a70669ac,西廟_西廟,其他
22a1a81e-14d2-411c-8227-062eff1e0d7f,西方日間照顧中心_西方日間照顧中心,其他
a35fef30-0dc2-46e3-9dc2-5501b934ffb7,西港慶安宮_西港慶安宮,其他
bb5c92d4-a10f-4e07-b5cd-4b7301dfc260,西港日間照顧中心_西港日間照顧中心,其他
9edc8fa8-4590-4088-82dc-91623595869e,西湖日間照顧中心_西湖日間照顧中心,其他
ab8f5034-3b6a-4b17-92f3-6d50abc3513d,西湖老人日間照護中心_西湖老人日間照護中心,其他
0faaaa28-7e21-4046-b065-5c6214a17b9c,西羅殿_西羅殿,其他
d5c74713-9ce5-4b42-ace6-8ef18d3c6a56,西華堂_西華堂,其他
07fc1395-d60e-40ea-a821-4b7ca341d591,西螺青商會_西螺青商會,其他
7d9f5612-3628-4cc4-8ee6-43aa2efb83cf,西關廟_西關廟,其他
bd7a52d9-0d01-487f-8e6c-a369182eee09,西龍巖寺_西龍巖寺,其他
f8473bbc-ded5-4ceb-8a23-c78f07eae488,住宿_正一旅館,其他
402f054b-4d7e-4a99-9c4a-ab0141947103,住宿_白日夢,其他
b70ab494-22ff-48a1-a928-c9f54349f094,住宿飯店_住宿飯店,其他
8ecf03f6-4774-45aa-bcab-2d0b72cd4335,住宿飯店_承億商旅,其他
1a6bb959-d57c-4cae-9d18-118894df5961,住宿飯店_桂田喜來登,其他
b6aebc63-bf6d-40c6-b7e7-33f3db041e31,住宿飯店_慕貝拉民宿,其他
76e39dfb-9220-407d-9f1d-6161aeee02fa,住宿飯店_樂城大飯店,其他
eaa6f5a0-2ca3-4e96-bbdf-559273df9112,佛光仁愛日間照顧中心_佛光仁愛日間照顧中心,其他
31cf3578-8c47-4cd5-bce8-c3757ceedca7,佛光山極樂寺_佛光山極樂寺,其他
fd76ef2f-b532-42bd-b56d-015e948de804,佛方宮_佛方宮,其他
bd52c73b-2867-4f26-abce-3fac784d18a2,何_何,其他
c2bb4522-3022-4090-a959-15149dedf474,何仁里福德宮_何仁里福德宮,其他
5f333fdf-0222-4491-8c2e-1da619bb50ac,何屏東_何屏東,其他
20796df7-ac79-49e9-8ead-024f2b56804e,何屏東_何屏東,其他
6a4ce7dc-f054-48f8-bc31-09228265d379,何屏東._何屏東,其他
5e91f079-1576-4580-a7f0-093e638b7c3f,何德福德祠_何德福德祠,其他
59303d81-6a45-411b-b28a-683ec106440c,何文馨_何文馨,其他
ffddecee-c5fc-4a87-9a33-9b68440ff508,何福里里長辦公室_何福里里長辦公室,其他
884bf0a0-db2c-426e-9a06-08713b843a65,何秀青_何,其他
eb200413-db7c-487d-bfa3-e46e2cb92a43,何聯興_何聯興,其他
22965bb8-5644-49af-a151-1eb4002316c0,佑鎰_佑鎰,其他
96c6aaf5-f494-46cc-a65e-4a967a6cd796,余小姐_余小姐,其他
8d690651-e2d6-4d0c-ac40-22f3eeffb3d1,余松泉_余松泉,其他
58f1d2f8-a4e1-4960-8ef7-77b4d078f080,余老師_余老師,其他
166ccaa5-5130-4771-a85a-d0e8cebdde3c,吳佳昀_吳佳昀,其他
da2db8b0-8f3d-4f6d-a51a-1f31d4ef77e5,吳佳汶_吳佳汶,其他
71179d28-2c23-4b04-85d8-6dc99bacbd1b,吳儷珍_吳儷珍,其他
553cf1d5-fb8e-4fd6-9966-38670a264ba8,吳光陸_吳光陸,其他
e08a8671-277c-45bf-b72a-28ac76c10d66,吳國薰_吳國薰,其他
fbc85243-e435-4d47-b02b-2994e80fabff,吳奕潮_吳奕潮,其他
4f2ffe74-82a3-4e4b-b9c2-755782f55c4c,吳奕潮_吳奕潮,其他
20b79287-2018-4bdb-be2e-cfae64cb9401,吳安雅_吳安雅,其他
e1aa8249-acfb-495a-851b-ebf5d599a851,吳家偉_吳家偉,其他
9fb3b308-2ad1-4840-96d4-4b81b8c6e611,吳振雄_吳振雄,其他
48c0c249-a9e8-4423-8e3f-c897c0448d33,吳敏濟議員服務處_吳敏濟議員服務處,其他
eb29637f-0862-4cde-b2f9-86a5d0f8ba77,吳明昌_吳明昌,其他
67deccb5-0df2-4149-971c-7418f93c11ad,吳明通_吳明通,其他
7d436422-7829-446c-ae60-4c322d28cf7f,吳松碧_吳松碧,其他
078563a6-d4f9-4b47-a3a2-e697ef5b81b8,吳淑芳_吳淑芳,其他
d3cdba43-7114-44eb-8e11-0acae9e828f7,吳淑芳_吳淑芳,其他
65a921a7-d2b1-416b-be00-5e1919a632f7,吳瓊華議員服務處_吳瓊華議員服務處,其他
fe64986e-e249-4a3d-986c-ddfa30cef3b5,吳竹冬_吳,其他
0ddef59e-18ad-4b4f-ab14-7efe76ba01c9,吳美雪_吳美雪,其他
347ec7b6-69d2-49c3-a8b8-cc908220f9c1,吳義民_吳義民,其他
4b84ea6d-3065-4fde-a8ce-53e0c56106f1,吳芳瑜_吳,其他
a9da2cc2-dfb1-4ba8-8f3a-312c56242258,吳華竹_吳華竹,其他
69ad98ac-c23f-4231-ba2b-e998c216bb93,吳靜玫_吳,其他
a3566ae3-c0ab-48a3-9806-4407536d549c,吳顯森議員服務處_吳顯森議員服務處,其他
c6b688f3-5b25-4ceb-b799-88ddbd140c4c,吳鳳廟_吳鳳廟,其他
7dba0476-4096-489e-8993-a528ebc1004e,吳麗芬_吳麗芬,其他
c9c98448-a9c8-4fff-b3c2-67fd087cb2d5,呈運_呈運,其他
b62c343d-cec9-4e0f-a5cd-b6e8cf79afaa,呂俊明_呂俊明,其他
d98a716f-b604-4cf7-8954-44d90c8e131e,呂圭嫦_呂圭嫦,其他
7ce93359-926b-4076-9aff-25f861e19f1a,呂學恒_呂學恒,其他
be1f5ae6-3cce-482a-8b32-771da7f7ce8c,呂明正_呂明正,其他
b4d07183-05bd-47c6-9362-c73906b09c65,呂營輝_玉辰禪修道院,其他
1b560973-9577-4da3-a037-3a24d5545b65,呂麗珍._呂麗珍,其他
23115b95-6b81-43f9-a42b-11fafe9bff02,妙壽宮_妙壽宮,其他
3d5e35be-d544-4b13-8fc7-ffd704a793bc,妙雲宮_妙雲宮,其他
16d28825-b2ee-4c3e-b214-6c8d5dccc4ae,宋小姐_宋,其他
d82105b0-1f48-45a2-860c-59a4b7427205,宋敬_宋敬,其他
f3d31966-8448-4d93-bcd0-a6f46c2a2d21,宋祐任_宋祐任,其他
ffd95b9f-ce63-4f27-ab9b-0f5d7f6ef54b,宋陳旭_宋,其他
bd8be952-7330-4329-aa8a-6c5278e3877f,宏蓁租車行_宏蓁租車行,其他
21324ff6-7098-4740-9086-9d52fe62fe27,尾塹社區老來寶健康促進家園站_尾塹社區老來寶健康促進家園站,其他
2e5c76b9-c6fa-43c1-bb76-9d7c988ca21b,岐山巖_岐山巖,其他
b345810f-0542-479d-b6e0-a694157a3c8d,希恩之家_希恩之家,其他
47ec3137-38db-402a-beeb-caf547d9a096,床的世界_床的世界,其他
658ab5ee-c1e1-4503-9fec-3c80df8a241b,忘憂園_忘憂園,其他
4955c413-65e8-4eb1-aa41-73f8c76ac93b,我幫你_我幫你,其他
217685ae-2825-440d-885a-3ed833006d86,扶輪社_中興社,其他
1b5e8d8e-d8cb-464e-93a1-b7490379b628,扶輪社_北大菁英扶輪社,其他
cf085a7f-ddaa-443b-ba1a-fcbe7aa99423,扶輪社_扶輪社3510地區辦公室,其他
7c24f802-35fd-463a-a648-32cfab794b8d,扶輪社_宜蘭扶輪社,其他
8a213d23-a9f3-49d4-a114-772316c7c327,扶輪社_屏東百合扶輪社,其他
53da45e0-e1a9-4876-87c0-30652f0974d1,扶輪社_屏東百合扶輪社廣東路,其他
79a87f10-3b33-40d2-a48e-0e4191bf66f4,扶輪社_屏東縣溫馨扶輪社,其他
2ce577b3-38de-42aa-9bd2-d9ec1ac625cc,扶輪社_國睦,其他
62744a50-7344-4095-b3f5-8bb1163e0037,扶輪社_景福,其他
627609a6-d40f-4ae0-ad87-e796a3fefd44,扶輪社_新莊東區扶輪社,其他
be9e92c6-5393-4160-ac58-5c5438b90fee,扶輪社_嘉義皇家扶輪社,其他
31d09e90-45e8-4864-9edc-dc7aeef79f2b,扶輪社3510地區辦公室_扶輪社3510地區辦公室,其他
5fcb5c47-9a09-442e-864e-3f911b6ba30f,把水口福德祠_把水口福德祠,其他
a73a1d3d-b483-408e-bfcb-2cfc11904016,李_李,其他
a0038d58-7c9c-4645-bf23-41844279f8e3,李一興_李一興,其他
ff5f6f7d-c2cb-48ab-9d3c-be235b7f308d,李中議員服務處_李中議員服務處,其他
37a39d84-ed73-42dc-a402-1f73653e32cb,李亭亭_李亭亭,其他
c0bac56b-75f0-4d37-a75c-e908df1a7b87,李亭亭總_李亭亭總經理,其他
39a1b6bb-3c47-42ab-98c1-745e577effd9,李亭亭總經理_李亭亭,其他
eb7c8ce6-f571-4533-965e-66daee8e5724,李亭亭總經理._李亭亭,其他
8dbf3bda-cb4a-429c-b3f5-e314440ae5ee,李儀郡_李儀郡,其他
3d628fa6-47fd-469a-a07c-1e0dc4de3176,李博聖_李,其他
b5f4fbb8-cb7e-4e53-9543-a349f732bb35,李天宇_李天宇,其他
204d0e9d-6d47-45c5-83d0-0133ffebe8f9,李小姐_李,其他
fcc0fcdb-ed85-41d8-ab0c-60e33601df81,李小姐_李小姐,其他
bf07b601-ad17-49a2-b11e-d9d17a69f3fa,李幸庭_李幸庭,其他
21e78c5f-7c22-4ebe-ba61-3a54681dc9f8,李建文_李建文,其他
14614b14-9288-46d5-bdf8-1909b170fb45,李悌添_李悌添,其他
f6d6899e-50b6-4ef3-b99c-982194609ad7,李振武_李振武,其他
2e8e209a-42db-4f96-a6e5-8f6bab804290,李政平_李政平,其他
8989f5d9-cbd8-4b04-a487-43c465b367b1,李政彥_李政彥,其他
3f0ba7ba-f4d5-4ac3-b92f-86e3ee1d22cc,李文堯_李文堯,其他
9eb97ed3-9ff3-44a2-922e-a7dd005be268,李文泉_李文泉,其他
2c995f9f-e5d7-41ce-a1e8-e5df65c46993,李文芳_李文芳,其他
159f9788-6eb9-4014-bcf4-ca1301d57d0c,李明達_李明達,其他
2e6ab71f-a392-40b5-b97c-028ec3f7bcf7,李月雲_李月雲,其他
77930947-42d0-4453-8d56-491c8f3e25a2,李柏陞_李,其他
3da3898b-8180-44a5-be74-66a5271a5515,李榮鴻議員服務處_李榮鴻議員服務處,其他
dcaae511-5ae7-4438-9d2c-d108c016e81f,李武雄_李武雄,其他
faec455f-038a-40bf-8fcc-6a61a3d76b12,李淑華_李淑華,其他
5529fde5-101c-4ee4-8ba1-24cada61dc7c,李碧珍_李碧珍,其他
0a01c21a-febf-4506-915c-b605c458ceb2,李維昌_李維昌,其他
15c8aa2e-9ed7-40d9-99a4-8fb1127807d4,李總_李亭亭,其他
89074b42-7a8e-4228-9b38-74d5cdce611c,李耀欽_李耀欽,其他
9c3f75cb-c936-43c0-8118-e701bde6077b,李詠庭_李詠庭,其他
ee563a9a-08ef-458d-a23d-d15dcb8e2666,李豐銘_李豐銘,其他
b1e0f34a-e8ea-4ed9-a0e2-530ea5f370d9,李豐銘._行譽汽車,其他
a4de80e6-c6c5-44f9-bf75-273ebb64d123,李進昌_李進昌,其他
7a06cf1a-338a-44ec-96da-0a059eb4c0bc,李銘貞_李銘貞,其他
6fef4ab0-4234-4be5-a0dc-60d079cb466d,李鎮國_李鎮國,其他
ee1f1901-05fa-4f77-ad36-7071c5d27aa6,李震榮_李震榮,其他
978aa1e3-b05d-4e96-8519-0dc834fec366,李韻慈_李韻慈,其他
b0998e71-14fd-4e10-b525-84739efc696c,李韻慈_李韻慈,其他
17ae871b-a18c-4f8f-b611-e31bfe7c92ed,李麗貞._李麗貞,其他
89933511-2d19-4d57-b641-ccc35eac1191,李麗香_李麗香,其他
b5930a74-bbea-48e9-8a8f-396e3d5ad36f,杜拜商旅_杜拜商旅,其他
5719ac1d-b718-401a-82a9-f5c815209ba8,杜珮珮_杜,其他
3f6ae8bc-e938-4727-89c9-26f8f7f90ade,沙鹿toyota陳育騰_沙鹿toyota陳育騰,其他
8387c945-3008-4ac0-b94b-8b08947744a1,沙鹿捐贈陳先生_沙鹿捐贈陳先生,其他
288c5a57-0f88-4063-9553-c773a7482ddf,沙鹿永天宮_沙鹿永天宮,其他
2e3df2aa-fbb4-4d7f-9cad-476b4a27bd93,沙鹿火車站_沙鹿火車站,其他
efe93e21-1ac9-45d3-bc30-0f34d6a9f78e,沙鹿現代_沙鹿現代,其他
cdb66bcb-586c-4752-9f76-42af8b7cea21,沙鹿現代周耕宇_沙鹿現代周耕宇,其他
1e835169-4045-4536-9c64-116a9eb21bf3,沙鹿義聖宮_沙鹿義聖宮,其他
aa970913-70a0-421b-aa09-70abfbef7c34,沙鹿青商會_沙鹿青商會,其他
fa94e7a2-f725-4f48-80fe-608e29b6f0be,沈佑蓮議員服務處_沈佑蓮議員服務處,其他
90bc14f9-7c74-4dd0-9883-f560ab92fcf5,沈咸如小姐_沈咸如小姐,其他
1deabf30-f785-4d23-a095-3da2530e1404,沈大統_沈,其他
44165337-2b54-44a0-adc2-3c5841915f74,沈經理_沈經理,其他
6b334ff6-998c-4c42-834c-7105b7dcaa76,牡丹鄉老人日間照顧中心_牡丹鄉老人日間照顧中心,其他
29fdb4e5-58e4-48d7-bd52-06bb7d70b1a5,甫邑_甫邑,其他
eb7d5d00-b619-4b99-8d42-1e937633d417,私立伯大尼日間照顧中心-家樂園_私立伯大尼日間照顧中心-家樂園,其他
6694b186-1f81-4d42-adbe-209b74e075b7,私立大安長期照顧中心_私立大安長期照顧中心,其他
4b2a64de-a6b9-4507-a8cb-a3f4e86f8ea2,私立惠明學校_私立惠明學校,其他
725b478f-1489-42d7-842e-fcf3665cec82,私立瑪麗亞日間照顧中心_私立瑪麗亞日間照顧中心,其他
959a79f4-abee-4d8f-8d91-53d74af419b8,私立聖嘉民日間照顧中心_私立聖嘉民日間照顧中心,其他
594336dc-9f31-4099-a2c4-ee5e4a61b2d2,秀和苑日照_秀和苑日照,其他
5c9ac4df-8780-4f02-825c-50b394b3f125,秀老朗日間照顧中心_秀老朗日間照顧中心,其他
1a4285ed-1a7a-41aa-8909-cb3b2eb7694b,秀老朗日間照顧中心_秀老朗日間照顧中心,其他
3c1931e7-6000-49ed-899c-3075bf85bac0,育成中和_中和,其他
7f8f024d-fa7f-44b0-990d-57a7ef6ad4d9,育成中和_育成,其他
4b28a60e-43a4-4886-bfbe-7539b71128ed,育成五股_五股,其他
d1a56d81-9dd3-4c72-b692-8e0e9971d139,育成板橋_板橋,其他
d4b601c9-d4e1-4564-ad00-34ba10dfca60,育成樹林_樹林,其他
b0949a47-02ff-4497-9fae-a499f5a1438f,育成泰山_泰山,其他
a00b49ea-d8c9-45d9-ad91-2cd793a3c47e,育梨宮_育梨宮,其他
d29d08b0-2321-48a3-8813-f546734c3102,芒果樹福德寺_芒果樹福德寺,其他
eed846e3-c57b-40c3-9d74-eec47f6c728b,赤山龍湖巖_赤山龍湖巖,其他
326728f0-af11-4612-a07f-90c896ab61cf,車之銓_車之銓,其他
623bf8d2-e1e0-445e-b06c-010442972ae2,車商_Honda高雄前鎮門市,其他
ba69ac93-0e95-4dee-afe3-4e8e4a2f2196,車商_中台中toyota,其他
fa702e3f-f536-4630-94cb-9dc5eae76baa,車商_中彰賓士,其他
a74cc574-c7a7-4400-b3e8-cbe4bf4dae28,車商_中華賓士 河南,其他
a320d9fd-4e01-44af-85cf-7ce3a5b82a6e,車商_中華賓士高雄中華,其他
7cfebed1-7673-42cf-a5bd-a2e7664a0bc4,車商_內湖honda,其他
498f7a31-2104-43d9-ad72-7274aa4fe8e5,車商_友全汽車,其他
cd8253ea-f6d4-413b-a530-9e5f79857c8d,車商_太古福斯高雄大順,其他
c849d58c-856f-4a02-9254-d7f7e2a2d46f,車商_台中福斯,其他
2fb6fee3-4b00-4a53-b7a5-a0a9d698e30b,車商_和泰建北,其他
e4a27d91-4342-4e68-a3e5-9096fa9a3705,車商_和泰樹林,其他
2b52191b-ea6d-4d8d-82a7-47bea24ef3fd,車商_和泰汽車嘉義縣,其他
3fdfbee5-831d-4db7-bd4c-c5b03853fe2d,車商_和泰汽車高雄營業處,其他
6f1aac6c-47ca-499e-a225-9f3099bc9717,車商_和泰總公司,其他
e755d687-c750-48f1-95cf-b1598493c087,車商_金元山汽車,其他
64d1d7d2-68c2-4bd7-b964-10e207b0f9f6,車商_員林 中華賓士,其他
f30bc06d-659f-430f-a20e-04a6882fe17f,車商_桃園福斯,其他
6ab96326-5091-4a29-b9a2-c4f70c26b58b,車商_納智捷內湖,其他
7f4339ca-3d5f-4b3e-aa32-7d98502f74cd,車商_納智捷新店,其他
19cc9987-12b0-4bfb-bd01-aaccefdf697f,車商_納智捷新莊,其他
8070f24c-6766-4377-a26e-8514a44242a6,車商_高都汽車三多營業所,其他
413708fe-6e80-4b6c-bcf5-450d47dc7f0c,車商_國都蘆洲,其他
207689b0-88be-47e9-ba26-87ceebec22cf,車商_彰化福斯,其他
f7938120-5d15-414b-a99e-708967b74d20,車商_福斯內湖,其他
03954b7d-8f18-44c9-a5fd-748feb79edf6,車商_福斯北投廠,其他
bd69cedb-a3f8-4155-a194-0da09bc3d739,車商_福斯汽車,其他
29156662-4f83-4ce5-a763-8e5fa6432eab,車商_賓士北投,其他
09f12656-851d-4587-aff1-817639eff184,車商_賓泓賓士台南,其他
7014ee03-6838-4e3f-8df5-a5c2415481ec,車商_億利汽車,其他
6b9cb68f-1f82-489a-b9d7-b86bf3f3270b,車商_德冠賓士北高雄展示中心,其他
204c908a-1edb-4bf4-89d5-c6aa36a91ce4,車商_長園老人長期照顧,其他
708c836c-aeb6-445a-a522-f813a2aa53a2,車城日間照顧中心_車城日間照顧中心,其他
1f3d7cdf-391c-45e3-9ae9-982eda4492a0,車城福安宮_車城福安宮,其他
fa8a19e1-64ad-43f1-ba79-a18454c1b308,車站_中港轉運站,其他
d45fd93a-44cd-4098-b51b-8a282ced1a19,車站_台北轉運站,其他
0414b7aa-ebe0-4f87-bb71-a0f554268f33,車站_板橋火車站,其他
6602980f-9784-4d78-9e49-c63c98c6186c,車站_松山車站,其他
0aba07a0-c461-494b-858c-7fe27b13d360,車站_朝馬站,其他
85b93ba4-03dd-43de-aa48-ba67d5820f28,車站_豐原火車站,其他
7f8ee748-1810-4a78-8b16-23f1620210ed,車體廠_volvo車體台中廠,其他
3a50a8d1-5233-4024-9a3e-2a22d797fb6a,車體廠_三坤車體七股義和,其他
f8801695-3aca-4a09-8161-19bd81625052,車體廠_大義車體廠 旅行家,其他
007e9146-80f9-42ac-907e-009bfe494d73,車體廠_禾盛汽車,其他
25eadd1d-7218-4d8e-b1ac-daeaea9216ac,車體廠_固亞,其他
c640f4f5-245b-4100-a866-297eb5cccffb,車體廠_南京金龍,其他
154a4f17-ce01-428d-9d77-edb7c81ff8f2,車體廠_南京金龍,其他
3a0d9d8f-7061-4056-b134-482ab6f7f966,車體廠_凱勝綠能嘉義,其他
14924b3b-5035-42bb-a595-ee78c7d076c8,車體廠_創奕,其他
d198082f-0dfe-4a54-a161-b513b7083716,車體廠_創奕,其他
dab46a2d-4f2b-4e90-be8e-acb6a02c0578,車體廠_華德動能桃園,其他
d9beb344-5030-4398-b3a1-65fc99bf8fc4,車體廠_億全汽車工廠,其他
f34870d3-245d-4e8f-b4cd-9dfe2a121534,車體廠_億全汽車工廠,其他
4bfb8ab0-2ccf-420b-97c6-d8a53955d60b,車體廠_晟鑫車體廠,其他
a6882c24-2207-43be-ad2f-93a0fe8a3cad,車體廠_晟鑫車體廠,其他
e879dc54-4146-48e5-8df8-a853aa358582,車體廠_三坤車體有限公司,其他
d311e575-c347-430a-b482-e34b9845cb02,車體廠_三坤車體有限公司,其他
5954bfa3-830e-4a1b-8087-9bb474a442c4,車體廠_大吉汽車企業有限公司,其他
76273a32-2ee5-4ae8-93f3-10fbd8565b2e,車體廠_大吉汽車企業有限公司,其他
32e88919-be58-4ded-a095-5bfb50b3a3fd,車體廠_元富工業股份有限公司,其他
8a58a532-9f64-4208-a7cf-0428ee0e8e91,車體廠_元富工業股份有限公司,其他
c7b756e9-d26b-42df-a1ef-4ddfa0aa51e5,車體廠_名盛實業有限公司,其他
8398ae02-e910-449b-9391-419322c36afc,車體廠_名盛實業有限公司,其他
f4df3878-f945-48f7-974e-b5e773e42cbe,車體廠_成運汽車製造股份有限公司,其他
77bfc8f5-71b5-495d-9b58-27c63754aa3a,車體廠_成運汽車製造股份有限公司,其他
5fecfaae-7c3f-4f7d-ae9c-24ccedd5b612,車體廠_金龍汽車製造股份有限公司,其他
71363432-f5d5-4e05-9f74-13d1b6c8d7a0,車體廠_金龍汽車製造股份有限公司,其他
6f696f8f-68e5-471b-b998-3c9bec7f2c9f,車體廠_南杰汽車工業股份有限公司,其他
60c65904-d291-40ec-9c4d-63a1c41051bb,車體廠_南杰汽車工業股份有限公司,其他
e25019c5-34fd-4444-b6f1-611aeb7d55de,車體廠_柳柏工業股份有限公司,其他
aa9feea5-b846-4283-8854-3a1cca58d84d,車體廠_柳柏工業股份有限公司,其他
c5c8d591-3269-45e9-9ca8-d17abc566266,車體廠_景程(一友)車體股份有限公司,其他
7b0677a3-60b1-4ea9-9700-d1ae3ab01d55,車體廠_景程(一友)車體股份有限公司,其他
25e6747e-85c0-47e7-8ab0-33e4710609a0,車體廠_程達汽車實業股份有限公司,其他
d89ff32a-1904-4afc-a2ee-38ecd7fb9f56,車體廠_程達汽車實業股份有限公司,其他
8d01ec71-7914-4436-95c8-c562c8232168,車體廠_新川(明海)座椅有限公司,其他
6c299be5-3d10-40b3-bff1-60a69d1da138,車體廠_新川(明海)座椅有限公司,其他
78c024d0-1a34-4e14-b094-23de17321f7a,車體廠_達興汽車車體製造股份有限公司,其他
c402cdd7-2655-4d27-a7dc-b97c6e04d873,車體廠_達興汽車車體製造股份有限公司,其他
0cb37cb1-a402-4d65-94c2-1dbc980acbeb,車體廠_總盈汽車有限公司,其他
17a7eefc-a9b6-4cbb-ac48-1eebd35fd68e,車體廠_總盈汽車有限公司,其他
4a8699e3-09a9-45f7-9301-f20b9616b080,車體廠_馨盛汽車企業股份有限公司,其他
742beb0d-470a-4208-a7f0-61c3e589405a,車體廠_馨盛汽車企業股份有限公司,其他
659ed500-e0a7-49d3-9b21-5e7a851ba31b,車體廠_鑫威汽車工業有限公司,其他
f4c234bc-b2b0-455d-a3f1-d3d84b1312c1,車體廠_鑫威汽車工業有限公司,其他
f73ce1f0-6748-4bc4-8951-dec56ccf0051,車體廠_鑫洲汽車企業股份有限公司,其他
ab33ab61-095c-4c9f-9409-d91c3056ae2a,車體廠_鑫洲汽車企業股份有限公司,其他
7c7c3ed1-5c03-44f5-8dd6-e0d4da284089,里港雙慈宮_里港雙慈宮,其他
852ef40e-42e9-4a7f-b1d7-f270efbf3fd7,亞哥青商會_亞哥青商會,其他
9b9cdd97-1e92-45b1-874d-540140794440,亞城中巴修護廠_亞城,其他
b181c760-bbc8-4ae3-a894-25d907abbaf7,亞東捷運站_亞東捷運站,其他
7220eabc-4810-4e31-9b97-c32bfca6fd47,亞格齒輪_亞格齒輪,其他
a4a761fc-6dd5-4513-9e09-e7497b500e8f,亞達_陳春閔胖胖,其他
a9d937d8-f4e3-4f0b-9396-2619f0143d86,佳康居家照護_佳康居家照護,其他
c0c67995-a53e-4f1a-a8a4-03f2d03ea7c6,佳益鐵工廠_佳益鐵工廠,其他
0ef9f13c-2308-4f6a-8ae1-f4d843ddde7b,佳禾租賃_佳禾,其他
41d64fcc-0a51-40b3-9564-f1d90d3fa324,佳禾通業_佳禾通業,其他
f9565338-3b9c-44f0-8533-9e4f075f8685,佳里榮譽國民之家_佳里榮譽國民之家,其他
1d2adfc5-8cf9-444d-8d55-90c4e9e39570,佳里興震興宮_佳里興震興宮,其他
bf1a807c-564f-486e-86c9-7873ff5004dd,供應商_大益,其他
e1c73de1-31bc-4727-87e6-738ac4fe2cb5,供應商_大益台北,其他
0ee16358-4f7c-41b7-93d3-06502f9bffd6,供應商_中租,其他
4c26f204-ca56-4449-8049-4a3b8495d7b6,供應商_永立汽車,其他
8f2d2948-d4c4-4395-8a53-8bbf9f1a97d2,供應商_永立汽車百貨,其他
70feedfa-86b7-4960-a51d-9f76ed6857e5,供應商_立明烤漆,其他
681ca3c5-f761-412e-a7b1-471cffea4d5f,供應商_好行福祉車,其他
158a9863-3740-4256-98a4-702a87d69d9b,供應商_百順,其他
b21a5913-183f-4a7b-b963-0bd8d37fed0c,供應商_至光,其他
08369c3c-f1cc-4af4-8f7f-14f6e26452fe,供應商_佑鎰,其他
121868f3-1110-4f6a-bdac-358450ca72e5,供應商_車之銓,其他
6933a233-9acd-4e09-92e7-9d6bf18b9032,供應商_昇輝車體,其他
ec89cfa7-004d-4225-9210-e522f465196a,供應商_信隆救護車,其他
93718578-586f-448b-a6be-d342c7d00644,供應商_國睦,其他
878fe830-2fb9-4863-b6ff-e1f1212a8035,供應商_統一超商開會,其他
a66c8054-25f2-4354-a3f2-869f3b4dc95f,供應商_景文汽車玻璃,其他
0a689a45-1dee-4552-b781-c5f6d6cec1e3,供應商_詠晨汽車零件,其他
1f6c6f57-8e8e-4434-94c5-25af08d31808,供應商_順隆椅子,其他
0101d7e1-6389-47a5-8efc-d851bfe62ab6,供應商_賜明河堤邊,其他
8f4b6a95-d979-4ac1-8662-815f19dff03f,供應商_鴻泰計程錶行,其他
89f2083b-0b93-4651-a800-ca1149fc48a6,供應商_韻達車體,其他
d906a698-8671-4700-8add-db6fc1ea9656,供應商_上辰企業社,其他
28111f62-78c4-4211-a0bf-d30bee7ff1f5,供應商_成昇實業,其他
2866d0e2-00a7-4261-944b-e9f74ef7d96b,來共日照_來共日照,其他
6dc94c63-235a-4c84-9d61-a7cc687d8a93,來共日照_來共日照,其他
ce020f84-56ec-44bf-8984-a3946903b0f2,來電_黄泰富,其他
886ea981-e66a-4ebf-b5b4-afeb212f8d09,來電_李明哲,其他
65ca2b91-a719-4e10-a434-8d7de9e6fcda,來電_李胤誠,其他
cfe4991a-4c18-451a-b812-6c867b677568,來電_杜坤宏,其他
5005edd4-57a3-4450-b783-906210fdb712,來電_周俊良,其他
69ea3017-b945-4d0c-bc58-4ee565634f08,來電_林式文,其他
4bf164e5-e6b6-4958-bb35-31a85e605291,來電_林曉慧,其他
41f515d7-ca6d-47fb-9f1f-aab6703ff6ff,來電_林裕勝,其他
b32e3288-f942-4be0-a823-4b94537b6536,來電_邱致昀,其他
c8a66427-96bf-4b85-a5a1-02e6da8d1996,來電_張凯智,其他
1b7d093f-426a-4f10-85d5-19fd5ed51b56,來電_張正倫,其他
36f388be-9022-4122-ba7e-c56c2e2ec0b0,來電_許展,其他
96c31eba-b1c1-4791-91fb-9d8d3b87e1de,來電_陳明倫,其他
a304013b-c044-44e4-ac87-45ccfa6c00e7,來電_陳榮成,其他
e3be0965-621b-4caa-ae7d-e3530a4c9335,來電_游雅竹,其他
91b7d133-a313-4492-953e-102136ef6545,來電_廖義貴,其他
542071fb-aa3f-428e-b1c1-4b4c93daccc7,來電_劉琳中,其他
b501e6e5-6de5-413c-8944-2076f88282a3,來電_劉飛龍,其他
1e2ad7cb-563e-4892-854e-992c6202ce01,來電_簡麗華,其他
910c7213-dc25-4080-baaf-1eb4f43e6db8,來電_藍文國,其他
2ec09347-8e8f-485a-937a-b3b6ed547857,來電_顏铭財,其他
cb83de0d-d8a2-4a24-b933-5029b7f73bf7,其他_温國西,其他
8adf7ff0-3b23-430d-9528-c67d39d5f1b1,其他_温松樺,其他
f65beb94-4e7e-4ae4-9e3e-faab3fa4f850,其他_统一東京,其他
181f4f6d-9bfc-4ee6-88d3-e79ac407591d,其他_鸿貿公司,其他
6f3a3569-32e0-47a4-933c-3048ee5b9ac5,其他_黄俊維,其他
b48e3f52-320a-4c66-b63c-c503d7bc8212,其他_黄偉,其他
7c15010c-a0bb-4a36-86fb-912a6cdf9093,其他_黄千育,其他
b4af66bd-4498-4652-b0bb-5c061dd4323a,其他_黄堯添,其他
c26a0dcc-0b66-4479-9026-c32717baa396,其他_黄士峻,其他
dc896449-3880-46dc-b128-67ec9dd308a3,其他_黄宗賢,其他
56d43d53-c4f2-49ad-a724-1839867d9592,其他_黄柏祥,其他
2a0d9580-e2d3-4f3f-8d88-5a0edee57ed0,其他_黄玉雯,其他
d182b1a0-9ecd-4133-811b-98a6cbb1331c,其他_黄美玉,其他
a6dd8822-c4b5-4d8b-a02c-72e8a0d47347,其他_黄鈺晴,其他
aa5866ac-d0e0-4f0d-bda6-c11f51d5cf57,其他_T0YoTa福祉車会場,其他
afa2d84b-c216-494a-8fdf-5a890cfd94b2,其他_TOYOTA中和所,其他
0f07320c-c6b0-40ee-aa43-853b826fc590,其他_TOYOTA玉里保養廠,其他
bad015e3-122f-4c28-9295-e8c011c615fe,其他_Toyota竹苗中心,其他
dcfd3241-b2df-4418-930f-968bc42adbc3,其他_八德監理所,其他
d97abb82-3886-444d-95be-1fe6433307fb,其他_力行福德宫,其他
72dde77c-f9e8-4933-af08-90253e17caff,其他_力行福德宮,其他
f579a0c5-2bbe-4ba6-8214-08182d3e9680,其他_三慈惠寺,其他
53130b10-5f2f-4465-ad2c-c4beb8c61f13,其他_三重天后宮,其他
ec7e787b-c06e-43db-ab45-290c18bf32e4,其他_于嗣民,其他
c92f46f5-2990-42df-bf14-4f28c7f84b78,其他_土城三元宮,其他
f6f48265-409a-4467-8b2e-6e9953c1664e,其他_大井福德祠,其他
7a517267-cc8b-48f5-a3e6-1c4939726120,其他_大同鄉-公所,其他
f99234d4-7d18-439c-a1e5-3c9a3eac65fd,其他_大都會汽車盧洲,其他
c51fba6c-b25d-48d2-a59b-a2ef7e35938c,其他_山海大飯店,其他
0a4ba5e3-2295-4529-b08a-683ef0923f85,其他_川賦商旅,其他
79669eb4-ef0d-4e8a-a36d-8b56778ae9a2,其他_中和鎮南宮,其他
bd6088a0-4c0b-4847-bc5c-1fb455064869,其他_五先帝廟,其他
22efe11e-4471-4fdb-a970-afc25e6aa738,其他_五股建富,其他
a160859c-d3c6-46a7-8825-df13224f0641,其他_五股建富,其他
c9472bdf-9f95-4f1b-8a3f-ca61660b5901,其他_仁壽宫,其他
99fa39bf-7b26-4dab-bca2-04f9ad5419dd,其他_仁愛日照,其他
a7ac02c3-1838-41e0-910e-7d1ff0284730,其他_仁海宮,其他
291abfe8-a3c2-43f1-a405-9b38cc63c1e0,其他_內湖納智傑,其他
9ddca423-49cc-4882-90be-ab25111a4b3a,其他_火車站豐原,其他
8189b701-03ec-4e7f-81d6-9c25b28f8cbd,其他_王偉明,其他
bcb6dfc9-9ab5-49f2-815b-11660e131bf0,其他_王士軒,其他
3d3872f5-04e9-4989-a976-3644e1c33bd3,其他_王天赐,其他
79767a3a-eaf1-45bd-a5d1-d899ce94f3d3,其他_王子明,其他
42f1e3af-4c9e-4d68-b0b7-6b403e546602,其他_王惠朱,其他
11e35c1b-b0af-438c-91fd-8841b0379257,其他_王明皓,其他
1ef28389-6c00-40a9-b0cb-8b8a3a282ab2,其他_王淯聖,其他
96df4a9c-b607-451f-98de-67a44218c4b2,其他_王睿至,其他
15f51412-4429-4669-9843-7e028e26efc5,其他_王睿薰,其他
45b87a50-ab7b-4963-9ede-00ab01247374,其他_王芙蓉,其他
21f6f912-0d00-46a5-be0b-50f8e4f54950,其他_王進祿,其他
ddff36ef-e8fd-4a6e-a9ef-caad8e5d3dc2,其他_世豪大竹車廠,其他
234e2cb6-df83-405d-a12b-a627d9d8a54b,其他_北市八德監理所,其他
3bea81b0-d182-41a1-86c9-ab26078a67c3,其他_北投世豪,其他
c4cba049-8b95-49da-9077-cb0c24beb9c0,其他_北聖宮,其他
f3511a93-e6a6-41a5-950c-1134cf978026,其他_北辰宮,其他
42571ef6-f9d5-4d00-98a2-5fd091b2a9b6,其他_台中社會局,其他
445d8940-be8a-442a-9ea9-acf03737a686,其他_台北世貿,其他
69460c17-b206-453f-b723-8502a38ba9cf,其他_台南計程車表行,其他
7c0b1e91-f629-4c45-aa22-cceaa465230e,其他_台東國源福斯,其他
b5a04584-47d3-4f6f-9f45-c8b86a5846a4,其他_台東社會處,其他
cbcdf683-3c34-4d53-ad11-ea15f8974edd,其他_台福租賃,其他
1eb11b18-28d2-44c1-a990-0fdb55805e76,其他_四結福德廟,其他
8c5a9388-57dd-4b1f-8a37-e6ecb7ad8e62,其他_左鎮睦光三官大帝廟,其他
73c9191b-73fe-4bbb-98e8-5d2b56eed6e4,其他_平鎮匯豐,其他
286f0969-93e4-49ff-a2ee-d49abfee3c6d,其他_永寧捷運站,其他
67986c12-f0a8-44b4-a272-f5dd1293d15c,其他_永達捐贈典禮,其他
d3e7c25a-4f0d-44d4-9ab7-6bd3ad3c95ed,其他_玄宇資訊科技公司,其他
4903487f-90b8-4c6b-90fa-5f7a867e8272,其他_玉峰計程車表行,其他
c6789b45-43a5-4c77-bd56-94f94875a38a,其他_玉里Toyota服務廠,其他
1f5007a6-4aed-418d-9cc8-74530f7ea719,其他_全豪,其他
1e040d1c-a37a-411e-adb3-d9c7f3297da5,其他_好行,其他
22a5efae-b534-4d52-a537-cbc18315ae57,其他_安居日照,其他
bc4f697f-4756-4be4-986c-1fe90dabb966,其他_朱彩允,其他
007b4ddf-890a-4cc6-88e8-f5bcfc767131,其他_竹東火車站,其他
35856c46-4411-4487-86dd-ebbaf28bb826,其他_竹林寺,其他
49b6eba9-272c-4f51-9c1c-779c585204fe,其他_行福德宮,其他
eeedeb0e-e8bf-4626-b2a6-0f74b3e4c18f,其他_西關廟,其他
9cc24104-3198-41db-91ef-e01b63275d91,其他_住宿飯店,其他
01097e03-6494-4f51-9244-a80612f35726,其他_何孟潔,其他
a35b077a-b5aa-409a-adbe-2d910b047144,其他_何芳玉,其他
fb17f77a-f560-4b7e-922d-e51f922facba,其他_余春鳳,其他
33dab36d-4683-468e-8233-f51d303b7515,其他_吳冠升,其他
9d225280-0026-4b1e-a249-e7ef54e3407f,其他_吳宣鋒,其他
e2c0f602-b729-4ab6-84c1-941ce5af5293,其他_吳淑樺,其他
3c9d1da4-25e2-4c5a-aa06-66c7cbe112d6,其他_吳玉凌,其他
601ab44e-2a0c-4785-b3bd-f865b90cbc93,其他_吳玉凌，,其他
4f814be3-65b4-4e58-a853-ecb155874a56,其他_吳立揚,其他
f1c3d5a7-922e-48bf-91b3-db2325e7b8da,其他_吳铃雅,其他
373ce484-b450-45c7-8057-5661689aaa3b,其他_吳铃麗,其他
0ecd3cbb-4e54-4189-a5a9-b637f25ec194,其他_吳鳳英,其他
b48249c3-d3ac-45e1-9071-6edc5b52a3cb,其他_呂佳穎,其他
e764bd6f-13ab-4b8f-92d4-0cdebd3fca2e,其他_妙雲宮,其他
64a1dc6f-e3bb-446e-9fd2-907b300a7b6b,其他_尾牙會場,其他
98a71084-1432-494e-be0e-164cefbd4a06,其他_李大安,其他
e5ad5fe1-ebae-4af1-a1a5-52411e76d547,其他_李宇軒,其他
5e527fa2-3e4c-4f0d-93fa-98234a71d762,其他_李宗義,其他
9a950184-c1d7-4f6d-8e4a-dbcd1ef18d85,其他_李宜青,其他
4eb101a1-3c48-4eb1-9faa-2fb67cd096ea,其他_李志忠,其他
273add77-9d1c-4afe-93a6-a52fa172bd05,其他_李忠憲,其他
cb45b8e0-5281-4e7a-972d-8ecfaa209a2a,其他_李權宇,其他
c632f03d-fdf3-480f-8afc-ea347adc0f61,其他_李益勝,其他
f26f0578-4f0a-41eb-b544-084bc80dbd7a,其他_李興麟,其他
2fe3a553-0019-4def-8431-d19e7ea4d424,其他_杏福租賃,其他
b8f936e6-066d-4387-bdde-81bfdd775277,其他_杏福租賃,其他
1f658f8a-e8cd-499e-93c4-78ae9bf5f1b4,其他_沈毓薇,其他
7c50859e-8f62-4c78-9f83-4845a022a068,其他_周建享,其他
3f39942c-1aad-48ed-aae5-f9a1fd63cb60,其他_周德,其他
2ff1b6fb-b38d-445a-9b9a-6756d7a9511e,其他_周欣義,其他
5022b1f4-c2d5-4d58-94fd-2cddccb2cbd4,其他_宜康醫療器材,其他
f4f4700b-f13b-4922-9ae4-c3556bd93812,其他_宜蘭扶輪社,其他
7efe9cd6-168e-4ee2-84e6-f10c8c413ee0,其他_宜蘭社會處,其他
73898132-bbed-4260-b5c2-f9bda816c334,其他_宜蘭衛生局,其他
99bade60-6119-41f7-8b8a-f8ffc6b42366,其他_店仔街福德宮,其他
0c6e8817-efc5-4b32-a89a-c515afa406d6,其他_忠義廟,其他
381b64ff-b00a-47cb-9278-d404c1174e70,其他_東哲,其他
e2d3d7c1-5600-43f9-8e41-a2afbc312955,其他_林亞菲,其他
7e309118-a381-4ada-abc0-835e1bbd8b8a,其他_林加谷,其他
80ba1e81-bdf4-4f86-bff3-8344249df974,其他_林士堯,其他
140a1fb0-1482-42b3-92b3-332f88da13d2,其他_林奕棋,其他
9061fbc0-4d5e-4fd8-b431-070fba97fda1,其他_林妤珊,其他
80c5e7ae-df37-48c4-a396-cf68111956db,其他_林岳豐,其他
2f37815b-c774-4ca4-95c6-0c37e215d41d,其他_林政道,其他
96757837-f210-4bc7-9fb0-473b824b58a6,其他_林明志,其他
f99cd393-8ede-44e7-ae01-d84be9577017,其他_林明文,其他
34693d16-b6da-4aa9-b650-46227aa0c39b,其他_林水炘,其他
95867705-daf9-4ad6-bdeb-590106aa4ef5,其他_林添福,其他
9894ed43-d703-49a6-965d-c47a7eefa556,其他_林瑞珍,其他
8080f39e-7817-426a-8798-c9653c057f40,其他_林瑞珠,其他
e40b83d3-d1d1-43a4-9520-09eed901a35f,其他_林盟崎,其他
57536cfa-7cbf-41d7-92dd-d40ec475f75d,其他_林聖棋,其他
5a968f73-72bd-4f4a-9b55-9ff8834ec1c4,其他_林豈佑,其他
bfb275a3-f2f5-4920-b53a-c34c955b557b,其他_林鈺軒,其他
d7602965-0590-4c6b-911e-712318c5dde5,其他_林雍盛,其他
54898cdf-e070-4b18-a53d-b2bb9335ffbf,其他_板橋火車站,其他
831664a6-ea23-47ca-ab12-c7cafe5df3a3,其他_板橋體育場,其他
fd7ab0b2-315c-4d5b-8350-8accff8f2937,其他_武聖廟,其他
9da55e56-0424-4653-b22f-01488dd6d425,其他_花蓮TOYOTA保養廠,其他
5e8f90ec-65f6-419e-a9eb-b175ac688ffb,其他_花蓮鄉秀林公所,其他
e3aca3a0-b414-43f5-96c3-7b265be924f4,其他_邱珮雯,其他
2d838a8f-1fa9-41bc-8573-709777f1596b,其他_邱麟,其他
0e9a03e0-fa6b-468e-af64-f0aebb699974,其他_青山宮,其他
cdf115da-0f56-497a-8f74-30e2789f6342,其他_青年體驗學區,其他
ecdc5f5a-5dd0-4ecd-b3ee-2de8b41b4bb3,其他_侯麗霞,其他
7ab6eea9-d71a-4288-9f62-c0066dc578de,其他_保和宮,其他
eccc5703-a19f-472a-9dc6-aba1a3eb5874,其他_勁好央租賃,其他
b8c5ae3b-88c4-4763-8294-52f45b0249e0,其他_南天宮,其他
070f8090-2962-42f8-80a7-9e636349d02b,其他_南天宮,其他
a72fec61-b989-4af3-9ae1-2e51a0ea2d0b,其他_南投社會處,其他
c73b6cc0-258a-4311-8c16-56bcbb5f13e9,其他_南投縣府,其他
8b085c87-92b8-4a50-aeee-2f2b3caa03ad,其他_南港展覽館可打卡地址,其他
423eb34e-001d-4e07-8991-79b047db2165,其他_南澳公所,其他
cc887586-9193-4d7e-8c3c-d4ae7721101b,其他_南科大飯店,其他
5cc7e836-188e-4168-8a9c-b3f256df45a8,其他_南迴健康,其他
83bebb2d-e487-4443-a2d8-a50d35db17e2,其他_孩子的書屋,其他
77c11904-ac9a-40c2-9686-512cea65847a,其他_昭應宮,其他
966d931f-4eca-46b9-803d-a17ee79e81df,其他_洪䁱婷,其他
5368ec69-5a88-45da-9eb4-45d3802a53db,其他_洪啟州,其他
223ec726-6937-468e-acf8-3b926606c257,其他_洪逸,其他
b71a8e0f-73c4-438b-9911-cbf007dfb7f5,其他_個人,其他
a6ef8649-9139-4763-99ed-19c168bc66d0,其他_個人,其他
4a914bfd-8969-44b0-b1ec-09128cf1e72c,其他_埔墘福德宮,其他
f647fb2b-4307-41c6-95be-02dbe83e9a0c,其他_徐國均,其他
7d80972c-c39f-41ab-93a3-87ac87d122f0,其他_徐崇軒,其他
12e7f201-3f12-4a8c-8f16-a21b087f852d,其他_徐正方,其他
5b2b9d5e-75f5-48a5-a5c2-8dc12377d98d,其他_徐華國,其他
cf9406b7-9a67-454e-be27-e01b4cff43a8,其他_徐雅娟,其他
4a40a46f-cafc-4495-a59d-4e7c60f6ec74,其他_格上租貨,其他
9b7a8fb2-9286-47e2-9447-8c2db38b7700,其他_桃園仁愛之家,其他
3c2a74ec-0f54-42bd-a89a-283ea7c58ea7,其他_桃園仁愛之家，,其他
55ae13c3-9909-455d-ac66-94356e67bb44,其他_桃園復康巴士捐贈典禮,其他
8dad68ab-d781-43f7-95be-fe6296fa203a,其他_桃園生通,其他
5500f932-2ac4-44af-b182-c63c12fcd482,其他_海山宮,其他
15615344-f9d7-4a86-ac3c-352921b401cc,其他_真武廟,其他
1d46c12c-ffde-4f27-bbd3-1b996891786b,其他_馬仲租賃,其他
3afc2f6b-4dbb-4607-b893-5086ffd7c162,其他_馬仲租賃公司,其他
f6cd69aa-d8a6-4045-bb8e-5e04bbdb40b9,其他_高加足,其他
e96466e3-51b1-47ad-8329-1cb142f41208,其他_高毅方,其他
e2e30a4d-7a80-4191-8941-7d4385f47821,其他_高睿祥,其他
e14b8c83-b4a4-48c5-9934-55fff451673c,其他_高秋鑾,其他
6d517ee2-3833-430b-93e9-c3ad1d5f9373,其他_高雄展覽館,其他
56162f2d-d3b5-4a60-a9b7-3d74671e6969,其他_高雄漢神百貨,其他
2781590f-96ad-4058-bd74-f7800449b4de,其他_張京翼,其他
80e94b2a-3dcb-477c-ad5e-6ba2e69dee38,其他_張其嵩,其他
5e9249e6-866f-4556-958b-25b3005b1cb7,其他_張其東,其他
15fd350e-00fd-4d5d-8bac-72410f25c96d,其他_張家豪,其他
7717e194-ba1c-4e19-82b2-a83249e1096e,其他_張小雲,其他
3b99e529-de61-47ec-a6ed-66d30dfc83dc,其他_張小雲，,其他
d5fde6dd-50d8-44ff-a2c5-84a6e3f78d83,其他_張思韻,其他
605112fd-02bc-4a9b-bef1-d44ecfbe1c80,其他_張明忠,其他
bba6a5b3-5760-4abc-89bc-475cbe830ece,其他_張浩軒,其他
7dba4fe7-f319-4f68-9172-7d024c571f63,其他_張玉芳,其他
33f82bcf-c4af-4871-9575-7cee6309a781,其他_張美容,其他
4658fc8a-a34b-48f9-8157-2c9b62c020db,其他_張美惠,其他
665a768e-5deb-4c8a-8e3b-04d9fd9ada2c,其他_張議鍹,其他
c0aab7f2-d096-4300-a5fa-cd069b8b4b7d,其他_張采威,其他
d104fac2-1573-4e4d-a0c2-614325b28498,其他_救國團 捐贈 活動,其他
08637302-8125-4cfa-ba56-66467b751a05,其他_救國團捐贈活動,其他
141a5c1b-01f2-4535-b7b1-dc64eade1661,其他_梁瑋芸,其他
b611f9a0-5969-4f07-8d50-a1118798529d,其他_現代中壢商車,其他
095ecfae-d678-4c3c-b37a-84cd03085470,其他_祥發衛星車隊,其他
726a864a-c47a-4385-ba9d-0d6aa080435c,其他_莊幼微,其他
10443279-ef98-4a3b-856d-06e20cdf579b,其他_許哲清,其他
97c438fe-5341-4fc8-b37e-f2a2553dc679,其他_許嘉坡,其他
09d50403-99d1-4d5d-b0d9-a8cc4b7f752b,其他_許志光,其他
76ccecf3-9792-438c-831d-9133e91a688b,其他_許憶梅,其他
515ada35-c75e-467e-b2c2-3019e086584e,其他_許甄育,其他
b6d9d996-d149-4f27-a424-060db0b4e8c0,其他_許静怡,其他
206188e1-9a22-421a-b863-8d75f5a8504e,其他_郭友仁,其他
01f0d16a-c908-4a47-95b7-e1dd00081d86,其他_郭慧薰,其他
88dd2f51-9f5f-46c3-adf2-4d6438882596,其他_郭立凯,其他
333f43a4-de25-4ca7-9d72-3e36021a2a62,其他_陳佩皇,其他
fdfb1910-de1a-452b-8bec-53126158961e,其他_陳來友,其他
6df56ea0-1b50-4926-a059-e3516983d4ec,其他_陳冠儒,其他
31eb10e1-0430-4b31-b4a7-794bb20993bf,其他_陳冠榮,其他
906e8f43-10c8-45a8-87f4-80e1eba9ccac,其他_陳吉,其他
19015297-56b7-4388-aec6-9cfaccf4d9f6,其他_陳和謙,其他
b1470afb-82f0-4e78-8658-52f1623f0187,其他_陳品蓁,其他
106dbb94-dfe2-4891-bf0d-cc93d9e9a763,其他_陳子侯,其他
0ff81684-6f74-4606-a015-75b778192376,其他_陳彥晣,其他
093f2965-8809-4486-96ba-d446d448be68,其他_陳彥甫,其他
57ebaa24-b3d4-4dc0-9acf-0613de216550,其他_陳昕喬,其他
190c4728-8300-45b0-b1ff-b4c9527b0cce,其他_陳春,其他
622f9a39-e95c-40bd-89f5-eaf5802b4b75,其他_陳智偉,其他
66e260fb-fb0e-4eec-908f-d4fd24da7bbd,其他_陳智菁,其他
ec34e438-bcc3-433f-bd85-6fbca65cd0c8,其他_陳柏瑞,其他
59437c00-34b2-4cba-bc5c-443bef41031e,其他_陳美,其他
fca794ea-1ca3-4153-b5f3-ceff0be47ce7,其他_陳謁韋,其他
8c323284-17a8-4e1c-b3ce-87c154d3c15c,其他_陳財受,其他
7b0d9e2a-5460-4be0-9112-e056961bce4c,其他_麥田園,其他
bac3161b-840b-4821-90a6-7f2861a100c5,其他_勝光中心,其他
8c651191-2142-46c0-bef4-edb82fddeb59,其他_景福宮,其他
3f973662-db0a-4e47-87c8-333980645481,其他_曾文水庫 趣淘慢旅,其他
657c2c73-a02f-431e-9b52-6ef3a92cb2fb,其他_曾煜宏,其他
832faf4e-478b-4905-878d-3a003a9c1469,其他_曾玉軒,其他
f5f7bac5-b1f6-475b-aff7-10cba6534fe3,其他_曾玉軒,其他
eaebe23a-2560-410d-b764-d4d955394db9,其他_曾麗吟,其他
8d83bb5a-14e1-4919-99c3-afc8aa5d429d,其他_游世賢,其他
fabe22b7-76ff-4e44-8d65-f85b8d6fdc9f,其他_游宜達,其他
6c1c5fad-ad9f-444e-a6f6-fd2d2d8d3638,其他_游庭豪,其他
e82fbaf4-f3aa-44cc-a2e7-a331c04c7245,其他_游淑娟,其他
f8e0d727-1f34-4f03-8fb2-df25fbf2da03,其他_游素美,其他
a26d4a47-b03c-4bed-bf33-add528fcf7e8,其他_游輝年,其他
4e5f68ff-88a6-43ec-bf40-5b24721509a7,其他_游郡雅,其他
92cfea63-dbde-4346-bf62-8c61deef46b7,其他_游騰凱,其他
cfd4c6ae-0495-4ef2-9822-03285b80d48f,其他_游黃金,其他
1282294c-c508-411f-821f-abd233ab46f6,其他_華尚建設公司,其他
5189b6d2-0746-4be2-8a18-955d861b8d3c,其他_馮正偉,其他
2efc1e97-fad7-4f66-a02b-a87edb3baa2a,其他_黃呂安,其他
239a230c-70b5-4f1b-b4cf-bafd61412d2c,其他_黃宣穎,其他
eb5f72fc-904b-49c9-9e99-995fba659eab,其他_黃滿桂,其他
a171d684-60e9-452c-a056-ac82f25d128b,其他_黃玉文,其他
de0dcf99-7d80-4e50-ba84-37e3c3b38721,其他_黃素芬,其他
a4fe3598-0ac1-4f83-aa29-211199858154,其他_黃裕珍,其他
f3222501-bb04-4b74-82de-6c28e18d593c,其他_黃達俊,其他
31388f53-8134-4932-a256-6307b8940385,其他_匯豐台東,其他
4dde7fc3-f2af-4fb4-a148-f4cdaafb7f78,其他_慈安寺,其他
7a48686e-d3f2-4342-b8fc-dc534ba703cf,其他_慈航寺,其他
f1ba2c87-81ca-4d5e-a501-49de69c98e0b,其他_新北交通局,其他
3fc3ef11-b440-4912-805c-091a56890e6b,其他_新北交通局,其他
f1277365-894c-442c-b60f-25d9d37db86d,其他_新北交通局,其他
d7687763-5b3f-4ffe-86f1-ca296921af1e,其他_新北救國團,其他
58d22e10-829c-4439-a943-7d15dd66b35e,其他_新北社會局,其他
296bbef9-917d-458b-9c83-e1ac90161b5a,其他_新北社會局,其他
6ab6c223-4573-478e-b184-0bcc7476d561,其他_新北社會局,其他
67765abc-a1df-4222-9161-475576e7ac5f,其他_新北社會局,其他
7588de4e-d2fb-4e3b-b550-7334f96363a0,其他_新竹火車站,其他
6c255217-a408-44eb-8245-2934c428c1c0,其他_新竹社会局,其他
f7ac1956-4f68-4c29-b4c5-14a24f7409a5,其他_新航,其他
a3f69199-071a-46a2-bbb5-1b0e559d3ce1,其他_新航,其他
f6cdddcc-322f-45cf-82c8-8760854ee334,其他_新航租賃,其他
2a149317-70f2-4818-a1e3-eca8c2a1fb33,其他_新莊慈祐宮,其他
36dc2477-8adb-4bf3-b0cc-ce86279b5ed0,其他_楊俊哲,其他
2a15a839-53c0-4d75-ac86-dc4a0cd00a10,其他_楊俊哲,其他
d7873476-711d-4a71-b52c-aff5ca4fcf2a,其他_楊俊皓,其他
07fa7a87-96c7-4e5b-896c-125d92099918,其他_楊永宏,其他
cc94d1a8-2bfb-4c45-ad77-0553d4631bdb,其他_楊永祥,其他
b1e4cb45-1982-405a-8652-5f0460b806c5,其他_楊辰青,其他
2b3c060f-8759-478a-9534-daaccd4e5fb8,其他_瑞坤宮,其他
6ae51e7e-2d41-4b2f-888e-dc9b040298e4,其他_萬泰汽車電機冷氣,其他
8c5b1054-db00-42da-99ef-8b4653f2b8d4,其他_萬能瓦斯楊董,其他
7a1dedb6-7baa-4d7c-b33d-2788681ca4a9,其他_義山集應廟,其他
d18837f9-4662-43c4-aa0d-828f9dd34467,其他_義愛協会,其他
f2e4105b-0662-4d1f-9929-3acfef20d907,其他_聖右宫,其他
16cf9b76-731c-4fd8-b9fb-604536c0ba33,其他_聖嘉民啟智中心,其他
fda07123-3f7e-4814-bc1c-e5b37cbb1b8d,其他_聖嘉民啟智中心,其他
efac140c-21f5-4263-8fdd-f33114a6d38b,其他_葉欣龍,其他
81b88641-816f-4cbc-9636-0f09fe9876cd,其他_葉隆昌,其他
ad26bc95-fc44-42b0-a563-226dc88dfa3b,其他_鄒先生,其他
187f38a4-2342-4bfd-a873-73195691c3c9,其他_團委會洪先生,其他
5b79bf22-8efa-440e-b502-69eaf7720b66,其他_廖建洲,其他
b6b3cf85-9c16-4611-bf43-551cf3a4801e,其他_廖志朋,其他
7a4d02d2-ea51-4c95-a604-bed5b20c9e2c,其他_廖玉諺,其他
e16715e8-4fdc-47a5-87fc-08623899c721,其他_廖芷筠,其他
30ef5263-a560-4f1e-b2b8-eda5d29a0cbd,其他_廖苡佳,其他
ff644295-399b-4303-a35c-74c257cdc0ad,其他_福特發表会埸,其他
589dbf84-c4b8-4043-a577-a7d683867a4a,其他_福音園,其他
569dc30a-32ef-466c-935b-2429c0a1ecef,其他_趙湘龍,其他
a6865f51-7af9-40e7-b626-0fac5f49f801,其他_劉世陽,其他
6c801c58-8de6-4d49-afa4-1791063af267,其他_劉元平,其他
9b17bebb-9f1c-4dc6-aac8-1eafe93d3dd2,其他_劉光中,其他
ef0ef89b-6563-44a6-a68f-94e01bced672,其他_劉友順,其他
7d20fa4b-a4c8-48e3-add6-3d4c907a727f,其他_劉建宏,其他
4a0b31ed-16f6-4e71-8399-5bf0983a64da,其他_劉明秋,其他
612de842-b6f0-4079-8bc9-7c73b3e39150,其他_劉赐金,其他
355bcf43-6e6a-4a93-84eb-c14a9b0090ad,其他_劉金春,其他
9ec5510a-3628-4d32-8577-f9264a19c037,其他_劍潭救國團,其他
c9d56d55-dacb-4871-a740-9d1b0cc219a8,其他_廣厚宮,其他
5644dc5c-77e7-4063-8852-f4fa47c03de8,其他_慶安宮,其他
3015509a-3eae-4420-a593-a029153ed847,其他_慶旺建設公司,其他
ab1a4882-4fc8-4626-9bd2-e5dfa07d3e9e,其他_樂福,其他
adc91028-885a-468a-a62c-047b3c92e0ed,其他_蔣國中,其他
2014248d-4f26-4642-91c0-57a130749581,其他_蔡佳方,其他
17f1e670-9c65-4639-9734-9283959e944a,其他_蔡校如,其他
7edc086d-fda7-4880-ab28-0bf819324b0a,其他_蔡立林,其他
54d960ba-c834-49f8-a082-e80521e5ace0,其他_蔡立琳,其他
493e4aa2-59f3-48fb-93a9-0401f256876c,其他_蔡立琳,其他
39cffa93-5e91-40dd-9cbf-a2c5a5d04fde,其他_蔡豪偉,其他
f4d3e153-971b-4dbc-8c40-5c748a3d657a,其他_鄭俊平,其他
66ade810-1250-4918-8014-8af70082b209,其他_鄭傑升,其他
b95c7033-9c5d-416d-9cdc-fbc9d2a60611,其他_鄭傑升,其他
7615c892-b804-465c-8735-ea73aa3efa5c,其他_鄭君秀,其他
5737e510-cd24-4ca2-9e9d-a2918306e323,其他_鄭玉明,其他
c737511d-795e-4e3e-83f1-33859c37843c,其他_鄧维濱,其他
4e2c3eca-9c44-408c-9a79-16c9234c871a,其他_樹林監理所,其他
122a4388-325d-4a84-885f-5e2be03850c8,其他_興隆宮,其他
112f1da1-fe88-4a1f-a349-72a9859795bf,其他_蕭正文,其他
82223547-ed25-4945-a71c-a1069a8f2767,其他_賴憲良,其他
15f239ae-b849-4a33-bf82-ae5ec6a4f306,其他_龍元宮,其他
21078ce4-948d-441d-b3e2-51b987e12648,其他_龍山日照中心,其他
360ff4c7-232b-4273-a4ef-55d4c73320d2,其他_勵鑫公司,其他
c89611dd-9552-4e09-84f5-22760f0750c7,其他_勵鑫公司,其他
a772cc4c-bdcc-4eb1-833e-9cdd98de445b,其他_濟安宮,其他
984bfc37-5cfd-4f83-a782-76f0f16f191c,其他_謝佩琪,其他
21106335-d7b2-4e93-913f-1ccb67df8a14,其他_謝振亞,其他
b36171b8-7785-4795-bcea-46100c7a1318,其他_謝振亞,其他
143652ad-909e-4d67-bd84-2af09509c507,其他_謝文津,其他
b005f711-49f5-4716-bbd3-bc38d473727f,其他_謝明訓,其他
5294b595-2608-41a5-a671-fb7a29c9f017,其他_謝淳威,其他
4aaff9fb-2891-4986-ad22-d7f51a51e79e,其他_謝玉真,其他
d0b6cb67-640f-4a5e-9778-2e3bde6b2ac1,其他_謝運宗,其他
f6ff0be7-9009-43da-a1b7-3c6e9787c6aa,其他_禮享家,其他
e52ea127-5e78-45d6-8f09-25d041070325,其他_簡源治,其他
f095b638-87e1-41e0-b6d2-e1f04f2eacc8,其他_簡麗玲,其他
cfbed107-2d16-4c4d-b205-304af00fc3f3,其他_簡麗美,其他
b16e3c55-082f-4035-b9ca-800d55cd35f2,其他_雙福宮,其他
799021d1-a235-40de-bfbc-b57ecd4a08dc,其他_魏哲夫,其他
b60f1d62-11cc-4b42-b7e0-e711a2864446,其他_魏銘億,其他
5ea3b66d-4568-45a2-8738-b2a6487266a4,其他_魏銘,其他
25720415-e433-4d84-b30b-9ed8bd2c5895,其他_羅建名,其他
79e252d8-82d6-4ddd-bb68-67b4efc55aa6,其他_羅美惠,其他
c4072879-b5f3-4e97-8d68-d57eede5bbcb,其他_譚雪,其他
4c663a78-c6cf-4822-9097-1339b8d096b0,其他_關山慈濟,其他
b07c2a63-a45d-4f56-919d-e5fd42f2bb1d,其他_蘇家賢,其他
5c51bf69-9fd1-4f50-9ed1-b281a2574c91,其他_蘇玲娟。。,其他
260dccfd-1f12-4158-912d-062eb9e1c389,其他_蘇玲娟，,其他
e17b1da5-e078-4289-bf26-07d08a7d406a,其他_釋自弘,其他
2b8e9ae2-c3ef-40db-9967-3548182e9a04,其他_鑫昌汽車代驗中心,其他
3b51b1de-a308-47de-b660-c62d05e1f276,其他_滙安長照,其他
5abcca2e-c04e-4df8-8eb2-3e67812f3c3f,其他_滙安長照,其他
6706409c-04eb-49bf-9d18-2fabc1edff62,其他_鸿德養護,其他
5249f9b2-ff1d-40c8-a7b0-5b306e1d6118,其他_全家便利超商股份有限公司,其他
01ebcfde-06aa-4804-9fed-d969e151bc37,其他_成功養護中心,其他
b92091ae-2f78-4f38-ab97-08f28e54a7dc,其他_柏愛藥局,其他
d4905407-6a3a-476d-a1c1-09c83a5182fc,其他_員山醫院,其他
abd8ef82-b680-45cf-84c5-aba2d4a1f8f8,其他_崇德護理之家,其他
25e4a74b-ba49-4e59-830c-61e8de79afc9,其他_深坑衛生所,其他
b7e69cc9-ea59-4dd5-b22d-a9958308ce65,其他_喜大人協會,其他
a9944091-1b2f-4b00-bcc3-482f32abaefd,其他_喜大人協會,其他
a346fa9e-a2b4-473c-81f4-9fd66c175740,其他_陽大醫院,其他
0d6f26fd-2141-4482-b952-baeeebefbd07,其他_新埔家園長照,其他
48db2d56-5d9c-43ed-ae93-0bd93c5916a3,其他_新埔家園長照-,其他
32be8d60-5673-452e-8c1d-bfa561182882,其他_新湖長照,其他
bf6bd7e0-f586-490b-a351-1947d8241c62,其他_新竹老人養護中心,其他
053a3001-3567-4650-ae8e-c3d128674511,其他_輔康企業有限公司,其他
3c66d9df-9101-4152-906a-ecf99eadb9a5,其他_礦工醫院,其他
986b03af-475f-475b-b8ab-acdfe431e0f3,其他_大同鄉公所,其他
28411858-1ece-4be1-a902-ceefb4b3ddbb,其他_大同鄉公所,其他
2a29ef72-3160-499d-9514-31ebf2723e0b,其他_大同鄉公所-,其他
d040500a-28b1-4ba5-8264-124f1c873f1e,其他_虎尾鎮公所,其他
2f4e5b14-b560-4a78-9681-3f446c5759a5,其他_新北市政府身障福利科,其他
0fc97ff2-1762-471c-98dd-183a2ff02a82,其他_新竹縣政府,其他
17f119f2-efa4-4a09-bd9c-7c25915e14c0,其他_嘉義縣政府,其他
2139d85e-5862-4f97-908a-2945ab0b9280,其他_中正國宅銀髮族服務中心,其他
a1595d7e-f424-4a3e-8581-78ab0c9d992b,其他_益勤小客車租賃,其他
ba1398bd-2022-4275-b88e-e5850ebb1f27,其他_彰化身障福利服務中心,其他
93ba83da-c81a-4290-b26b-b1bed7e77301,其它_上禾,其他
008a526e-f3b8-4f7e-aef9-5128ab52b504,其它_上禾交通,其他
dc30d5b0-82b1-49a5-b013-3a499fa36602,其它_北市公運處,其他
bad26eac-7a58-49e1-9713-54f876f0809a,其它_永德川公司,其他
068d4fc4-c50f-4209-bd28-9dea44a6c5c9,其它_田學文,其他
cfaa24ee-2513-4254-b43a-b6007e98254f,其它_宜蘭社會局,其他
6a9ad74c-3601-4f6e-a058-627a4ffee8d0,其它_苗栗特教,其他
589c307b-99d7-43cb-bfe1-9984dbdfb7bc,其它_桃園所匯豐,其他
bbe7c181-e341-48de-86c0-c3e860f5e492,其它_陳林立,其他
a96c6c0c-da89-45fe-b7e9-5de842f4828f,其它_陳玉芳,其他
e223e889-5efe-41fc-9554-abb7198d956e,其它_富宸公司,其他
dbd25024-73f0-4dae-8c71-373c7a186bf6,其它_彭成宏,其他
a48787e8-14a2-4fb0-b592-8237305f9f30,其它_黃佩玉,其他
51bf42d9-3f03-463e-8a61-ed91884d8423,其它_匯豐桃園,其他
156fb07b-d1c1-4c91-84f8-14ae0a9e27b3,其它_匯豐桃園所,其他
e7984a96-8d5c-42fd-b1a6-0759ca27c623,其它_匯豐汽車中壢所,其他
d9b5b0b6-1d82-4f84-88fd-8ac52a6024a3,其它_匯豐汽車新店所。,其他
c3e9ef54-3592-48dc-aef5-480a0ddf729a,其它_匯豐汽車新竹所。,其他
9dab8410-793d-48f6-8e05-089c95ec7c72,其它_匯豐汽車竹東所。,其他
7ce0140c-925f-4176-bee7-a9e28b934196,其它_聖嘉民啟智中心。,其他
9b553b3d-3065-4b4b-830d-b1b53f3aeb3a,其它_嘉義社會局,其他
a290d9d4-e92a-48a4-8718-20a7b8cffd0a,其它_福特汽車建富,其他
96edc78b-f1cc-4847-8ac9-97f6c7787785,其它_潘立凱,其他
1bc316fc-711c-45b8-9b33-1542c3e488b3,其它_藍雀公司,其他
e37e90bf-8afd-46c7-ad1b-af9dfa6c6c69,其它_怡德老人長照,其他
90f011e5-ec90-4455-9b64-8267163b8909,其它_重建樂活護理之家,其他
fe226459-3921-43be-ae4a-09623c1d8e36,其它_基隆市立醫院,其他
7e5109ff-4d7e-4f39-bdb3-addc5bf92d6a,其它_富爾捷居家長照機構,其他
da20ed88-2ea6-4070-aeb1-8b4f596e7a8a,其它_愛心慈善會,其他
0f730aab-214b-47d2-933f-ae12fd9587db,其它_大同鄉公所。,其他
e30a7f3a-d267-48e2-a872-f69f85305404,其它_大同鄉公所，,其他
21fbc2b4-4ab9-416b-b55f-1b2bb6a2c0de,其它_蘆竹區公所,其他
995f8e88-6cd0-4769-b3c5-82530cb9e1ba,其它_勁好央小客車租賃,其他
0780debc-7850-4619-9d5a-00df4f2ee480,刷樂公司_刷樂公司,其他
116b740f-51de-4fd2-b000-80fc4a7ec509,協信通運_協信,其他
d6ab013b-491c-423c-b93e-45f9290cbdb4,協天廟_協天廟,其他
ba24092b-c8cf-4b2c-9ee3-cfd1a4156cc5,卓建安_卓建安,其他
d897d74d-d77f-4998-8324-f96c0b720154,味榮_味榮,其他
17538d6e-2516-4cc5-9614-7104ba1f1d36,和安宮_和安宮,其他
26913afe-526e-4144-92b2-3effb96aa17c,和嵩_和嵩,其他
a72385a8-9de0-4c36-ab45-cb844afdb105,和暘_和暘,其他
8966e5d7-0260-44d2-a5ab-73155efc8df6,和泰台東_台東,其他
925712e4-18ba-478e-861d-b3a48ec5f071,和泰建北_和泰建北,其他
1aa73003-8023-4f64-9618-c470fa2b4526,和泰新竹_新竹,其他
2182a09d-315a-4c81-8e2d-b16d6b5d1c24,和泰新莊_和泰,其他
c03a850d-65cf-455e-b985-42817f34a86a,和泰桃苗交車中心_桃苗交車中心,其他
ea932d50-e8c5-4d72-8d4f-c4e216f250a9,和泰樹林_和泰樹林,其他
7d5546b3-8c66-45e1-8e64-b0cac0b3886c,和泰樹林_樹林區,其他
4cd995ab-7607-4f0b-9bfe-c1541e037bc6,和泰汽車_八德營業所,其他
320a4790-4615-49dc-a4b2-cc919112f2fe,和泰汽車_和泰車體廠,其他
7ec78863-d09d-4b8c-b084-3dbb7ade8c33,和泰汽車嘉義縣_和泰汽車嘉義縣,其他
e3dd4672-1194-44e3-a428-c9047e71a13d,和泰汽車高雄營業處_和泰汽車高雄營業處,其他
05d0247f-9960-4005-8a7d-bce29658dfdb,和泰總公司_和泰總公司,其他
1a165bc3-3411-428d-9ba1-3a4897a48072,和泰車體廠_和泰車體廠,其他
82b21707-6e18-441b-8d38-60f39007334b,和泰龍潭_龍潭,其他
a673d769-7177-489e-95ab-5229022fc564,和美青商會_和美青商會,其他
aaa6d973-e3a3-48ab-9ac3-a77813781506,和運大肚_和運大肚,其他
1b6fb39a-fb83-45e2-8a16-9aa582908dd7,和運租賃_和運租賃,其他
4a49cffa-7a8e-45d9-ad2f-06ca2ddd6c9a,周先生_周先生,其他
9db0dd2a-a880-46f0-9bb3-9b7f62d22c7d,周思凱_周思凱,其他
be94e056-1b25-422d-b89f-5dedf742a6e1,周文浩_周文浩,其他
84d2d8c9-fe73-4fcb-85a5-37cad6686be1,周珈揚_周珈揚,其他
e3cac5d0-5561-4860-a068-db162543a254,固亞_固亞,其他
6c4a9e45-7cad-491b-984e-3a87defdb3ce,奉天宮_奉天宮,其他
68e11f0a-4fe0-4ca2-aac2-a5285f7076dc,奉天宮_麻豆奉天宮,其他
0a1d4acf-89b6-4e73-a9ad-6b8ea4a3a879,奇異果旅店_奇異果,其他
b3cb4b83-a375-44ea-bf8c-b8981660b737,定光佛廟_定光佛廟,其他
ebc544b3-7dc2-4b1a-b6c3-7b7757771a8b,官田日間照顧中心_官田日間照顧中心,其他
88ab623e-260f-4500-aa38-775e471f9cce,官道百年福德宮_官道百年福德宮,其他
eb2fea95-696d-4547-8b2f-4aaf59d9ff2a,宜康醫療器材_宜康醫療器材,其他
432b64b2-299e-46d9-ba77-ef1447aa4595,宜昌福德寺_宜昌福德寺,其他
127f1111-bae6-4514-96c7-f21294a0f7d8,宜蘭南澳弘道仁愛老人之家_宜蘭南澳弘道老人之家,其他
9dbd4427-8e5c-44b7-96d5-56f224ba5871,宜蘭國際獅子會_宜蘭國際獅子會,其他
9010e072-082d-4fcb-8a1e-23be7056b66f,宜蘭扶輪社_宜蘭扶輪社,其他
176e015a-0ea8-48bc-a7fe-e8cb46de8ad7,宜蘭泰安社區機構_泰安,其他
e18fbea3-8f59-4401-bd11-a6f8281fd014,宜蘭生通_宜蘭生通,其他
a68d8c34-24b9-4572-ac06-91a1cf92d80e,宜蘭監理站_監理站,其他
eeba2f1e-0a53-4139-a6d0-4a98bc0ded71,宜蘭社會局_宜蘭社會局,其他
11697517-75de-4065-a4bc-91a96d78e4ba,宜蘭縣社會局_社會局,其他
43f35600-45dd-4d14-9639-fc0e5e1e08cc,宜蘭衛生局_宜蘭衛生局,其他
98183dad-b939-4e60-9df9-362ffa69e4e1,宜蘭青商會_宜蘭青商會,其他
6d2ae36d-1c98-416d-b829-2d9803acf4b1,尚愛老人_尚愛老人,其他
1fa481a6-a40a-4213-b5ab-fa5c0c698dee,尚武民宿_尚武民宿,其他
73ac69c5-6f2c-42af-9b78-75ccf0d3599d,居家服務_旺福居家服務,其他
26853a41-2c39-401b-a5a1-357018025aeb,岡山大車隊_岡山大車隊,其他
eeb58826-f642-4d1d-a3f8-a0da9e3f36b1,岡山榮民之家老人日間照顧_岡山榮民之家老人日間照顧,其他
fe100020-fe79-469e-b0f0-6840d86faa13,岡山榮譽國民之家_岡山榮譽國民之家,其他
316e8f63-fddc-4d13-8f7e-4b29b7029d12,岡山青商會_岡山青商會,其他
68b2f3c2-b77f-4c4e-9c08-e4f2e59cda29,帛建企業_帛建,其他
237dbeaa-7670-44b3-8dc3-ad8b1fb21bcd,幸福日間照顧中心_幸福日間照顧中心,其他
40b7159b-1c0c-4fe5-b3e2-4f75d48607bb,店仔街福德宮_店仔街福德宮,其他
a2e8b748-62d8-4148-8211-fd8138efbb0e,府城衛星計程車_府城衛星計程車,其他
f893e0d2-84e4-4e9c-836b-c17e1fc4d760,府城衛星計程車_府城衛星計程車,其他
e7cd4335-65fa-4e6f-9c2a-0ec69b26cb37,府城青商會_府城青商會,其他
46a779ee-6ac1-474e-81cc-6e1ee592e6f8,延宜廣告_延宜廣告,其他
0ed30aa6-790d-45cb-a188-beda8c7b8dc7,延平郡王祠_延平郡王祠,其他
cf0f9748-09e6-4c6f-9e79-015c082ed21d,忠興公司_忠興公司,其他
06aa6dda-22d2-487e-9372-1773f4a92076,怡仁居日間照顧中心_怡仁居日間照顧中心,其他
7883ce17-f699-453d-9df5-02961632abd0,怡真日照_怡真日照,其他
615ceadd-3355-4f15-a60c-0c377cb1c0f5,承天禪寺_承天禪寺,其他
99ef41f8-bc01-4058-8857-55293a166662,承福宮_承福宮,其他
16179f67-17d7-411a-ba6b-e8af3a39aa6b,易而安_易而安,其他
7ef7bc12-634f-4fa1-ae0c-a497b7c10bed,易而安生物科技_易而安生物科技,其他
92477114-ef73-4440-b22e-78da079461bb,明倫三聖宮_明倫三聖宮,其他
b55d1045-f4ee-40bb-9642-d7175378c273,明善天道院_明善天道院,其他
3ef0a0d9-6407-4c24-be31-ae315ed2d2f1,明川福德廟_明川福德廟,其他
63c494f6-70c5-43d6-8549-e1ddbe40fcb0,明德福德寺_明德福德寺,其他
2805ce4b-7264-4765-a256-0221aa48a87d,明通製藥_明通製藥,其他
05a50b0c-1ac4-4ce5-bc48-1c762c768ac9,昇帝_昇帝,其他
918d377d-3983-4b25-8dc6-258d6a5ed2f0,昇揚金屬_昇揚金屬,其他
fe0c0cb2-c727-4749-9b7b-c40a38463876,昇輝車體_昇輝車體,其他
fb5f2011-c9cd-4899-85e8-27d56657b071,東力_東力,其他
f2f3cdfd-c634-460c-8f01-32cfdd72d0af,東勢巧聖仙師_東勢巧聖仙師,其他
7476aee4-5747-43b8-8671-2555f891a68e,東勢復興宮_東勢復興宮,其他
78cf540c-91ca-4290-ab50-03a771a82573,東勢扶輪社_東勢扶輪社,其他
8aab6102-4482-43ca-870d-78541fafa271,東勢文昌廟_東勢文昌廟,其他
24c0ade2-5025-4549-9adf-fd4d9bf40bb5,東勢濟安宮_東勢濟安宮,其他
f454a36d-58b5-4c1c-b5e9-c86aba934910,東勢濟安宮_東勢濟安宮,其他
47adab76-a6f8-42fc-abfb-012a595545d3,東勢濟安宮_東勢濟安宮,其他
58051ddd-7a8b-4682-a1ec-eb92b8c03b3a,東勢獅子會_東勢獅子會,其他
723fff3f-4625-4428-9563-cac5b1f297c4,東勢玉清宮_東勢玉清宮,其他
8c3d1bf6-8e0f-4940-95c4-5c1063095bb4,東勢青商會_東勢青商會,其他
56590be7-8fdc-418e-9300-ee91313bded3,東區何天相_東區何天相,其他
4411887d-fbff-4d6a-9a75-37ff8e004787,東區廖紫伶_東區廖紫伶,其他
fa3cc066-cefd-420f-ad7e-e85e429ada61,東區捐贈江小姐_東區捐贈江小姐,其他
369a54eb-071e-4a04-9122-9574b316d1d2,東台中toyota侯穆璇_東台中toyota,其他
acc8a8b2-a678-4081-8d22-56d6af9a4220,東城社區老來寶健康促進家園站_東城社區老來寶健康促進家園站,其他
fa83d1bf-f137-41dd-9b69-02a4cf85aa92,東寧農村_東寧農村,其他
1ebe1518-ce61-4e7a-8daf-4c43cf8e7c69,東嶽殿_東嶽殿,其他
acd89227-82d5-4dea-90e3-22e8c4d8912f,東明北斗日照_東明北斗日照,其他
8ac3594c-cce5-48be-8b94-9a42d3fdbbc6,東海扶輪社_東海扶輪社,其他
4cb3b959-726c-4adc-ad86-a9e9c39029f3,東海扶輪社_東海扶輪社,其他
2fb5c6a5-0b7a-407a-914d-ebaac89cef0e,東海街張先生_東海街張先生,其他
ac32b1af-a0c8-4460-9a99-fe4bf7c7e56d,東港日間照顧中心_東港日間照顧中心,其他
fa5b6748-c480-4e92-9230-de12601fc3f6,東港東隆宮_東港東隆宮,其他
9a79c97a-d639-4896-a5fc-64c23319b9ef,東港青商會_東港青商會,其他
84b3861e-9adf-4fe8-be30-b8db01ba8525,東獄廟-宜蘭市_東獄廟-宜蘭市,其他
0a408cf7-8582-4aa0-b20d-4b896cd4992b,東獄廟-苗栗縣_東獄廟-苗栗縣,其他
c8dea6c6-4df7-4d0c-9e7f-697852db53d3,東門失智日間照顧中心_東門失智日間照顧中心,其他
6a0b899f-994e-479a-a932-38fff7d6460e,東門忠義十九公廟_東門忠義十九公廟,其他
eeaa616a-840b-4d6a-9b77-75b6f81a94a6,東門日間照顧中心_東門日間照顧中心,其他
6f00dcef-c7aa-4320-88f6-56520f90bce5,東陽扶輪社_東陽扶輪社,其他
0a09bcc6-0a91-4ec4-954c-4a19e87c724f,林健弘_林健弘,其他
b075b442-2db6-4727-a9fb-384809bbcc4b,林先生_林,其他
190f73bd-970b-44e0-a834-d4aefd5d9335,林先生_林生,其他
a976948a-f622-4cd8-b144-a707abd0ac29,林口仁愛公共托老中心_林口仁愛公共托老中心,其他
e4ecda62-6f27-4812-843e-8616be49a6c6,林口國防部_林口國防部,其他
57c2f17c-621a-4cee-8375-a305e4877a8c,林孟令議員服務處_林孟令議員服務處,其他
2792f580-a605-414a-849f-02e26bdeddd3,林安勝_林安勝,其他
b1d8dd1f-f97f-4361-b176-c84faf05c95b,林小薰_林小薰,其他
8c13ec7d-e81e-44d5-a4b1-08df98270af4,林志恩_林志恩,其他
7a0dcdc9-e4c1-42d4-95fd-fd518446efba,林文_林文,其他
17d08f4e-30cb-42b8-a480-1f8f280f2372,林文同_林文同,其他
4a520e9c-c585-4389-9342-943bd83ea834,林文村顧問（吳）._林文村,其他
381a7e21-796a-4d30-a7d1-31ded2dd21fa,林文欽_林文欽,其他
97809f82-dceb-42b3-81fe-8ad97a7836fb,林文正_林文正,其他
9e02806f-4e06-407b-8ab9-17b8065c4b00,林文正_林文正,其他
e089b0c6-956c-4e62-abc3-2c07013975b0,林昊佑服務處_林昊佑服務處,其他
03bdd088-988f-45ce-89a0-637993ca5690,林明仁_林明仁,其他
baaedead-96c8-45b0-9d86-dd52e09c310e,林明德_林明德,其他
6a2631ef-f246-4d2c-a453-291606bc3991,林明德_林明德,其他
e1fffe5b-e223-4866-85f4-c5f024239093,林明真_林明真,其他
9b61b263-4586-4e93-b79b-25287695f126,林星正_林星正,其他
26d3775f-0d30-4702-932a-0ac94b79087b,林森海_林森海,其他
c8177911-5452-4e17-a72a-e38f0a118879,林森海_林森海,其他
092cb34b-86cb-4387-a5c3-8ed3654d0d89,林水福_林水福,其他
a55a35f8-17fb-4a4e-88a6-a119d7fe0e7d,林汝洲議員服務處_林汝洲議員服務處,其他
eee53ace-8d4c-443e-84e8-6782b114c9ea,林沛瀅_林,其他
388aa4c5-8cca-4284-a75b-1a7230582b83,林沛瀅_林沛瀅,其他
1d0ff582-6ff4-4dd6-b4dd-062e3f89c6e9,林清全_林清全,其他
39dd1cfe-3b85-46b1-b84f-2d2abcdcc2bd,林炘烽議員服務處_林炘烽議員服務處,其他
705373e5-7edb-4634-b582-1b01d8d24262,林煌洲_林煌洲,其他
893faa85-20c6-430a-9bbf-c45782f802e3,林碧秀議員服務處_林碧秀議員服務處,其他
88deaaf2-06ac-46b0-8ab1-13656e215cb3,林維邦_林維邦,其他
ec63170f-f6aa-43ad-9fc3-7306060016c6,林繼銘_林繼銘,其他
a771eb98-c568-4290-88c1-7f98e814e6f2,林芯如_遠雄大未來,其他
3444a795-77c2-4143-b769-8db8736ecf55,林蕙娟_林蕙娟,其他
2f11eaeb-86a8-47c9-9060-24347f8ae374,林裕展課長_林裕展,其他
359b605b-85ac-49f7-bd87-3108b999c397,林谷樺_林,其他
a954c875-efd5-4994-815d-d032a2b85579,林逸昕_林逸昕,其他
9e6dc668-1423-46e4-8c64-0b21a210a35f,林錦隆_林錦隆,其他
7c9ff202-2753-4b7c-bb86-59e2653f8fb1,林黃美娥_林黃美娥,其他
52c4a750-71d0-441a-842b-ee215d35a611,板橋北極宮_板橋北極宮,其他
6b2e2c47-f943-47ab-b20a-bebe8ef20455,板橋埤墘福德宮_板橋埤墘福德宮,其他
53f65bbf-4954-4287-8207-57556ba695a3,板橋大眾廟_板橋大眾廟,其他
333d394f-e726-44cd-831e-a33f59da4934,板橋彭國原_板橋彭國原,其他
233ae44b-8241-49ff-8360-26db7cd176a2,板橋愛活樂園日照中心_板橋愛活樂園日照中心,其他
d5d6aa2b-edfd-4af4-b535-a7645b466b7a,板橋捷運_板橋捷運,其他
0db6cad7-220f-494f-8fdd-83cb28a34eac,板橋救國團_板橋救國團,其他
5c0d4e5a-eccd-4cf6-8f55-d7625062aeb1,板橋林晉褶先生_板橋林晉褶先生,其他
3a23be89-4129-4f6c-9edc-db7a1c4f96a6,板橋榮民之家_板橋榮民之家,其他
58117a9f-1fc9-4b0f-b47d-fb086581f74e,板橋殯儀館_板橋,其他
a6ba56b3-6780-452d-a117-f0005efa0204,板橋海山公共托老中心_板橋海山公共托老中心,其他
d8041830-2345-4487-b6b1-8e2e46034f77,板橋福德祠_板橋福德祠,其他
30876836-71e3-4471-96d0-6ef6dfc426a4,板橋車站_車站,其他
391cd53f-822b-423f-b42d-05b5bc1c9136,板橋陳健民先生_板橋陳健民先生,其他
3d8227cd-551b-4a2e-b815-f4e837afdd5a,板橋頤安日照_板橋頤安日照,其他
752db920-21ca-4d8b-8d93-03a01c5330d5,板橋體育場_板橋體育場,其他
5b6b0dfd-0137-43a6-84d7-8575e39322f9,板橋高權旺_板橋高權旺,其他
2a6b8703-9fd7-4caa-a94c-d87e56e8689d,板橋高鐵_板橋高鐵站,其他
f6911868-eca9-44e1-be66-77b4e0237108,松之風旅店_松之風旅店,其他
5deabaf9-cc85-4dfc-8845-f14c4efe207a,松山奉天宮_松山奉天宮,其他
1dc9b525-a22d-484a-aee6-24b02889bc70,松山機場_松山機場,其他
013be989-7db3-4195-9f79-32f903113584,松山機場_機場,其他
7c948e89-9785-400d-b47c-d0c48a2d1c87,松山老人日間照顧中心_松山老人日間照顧中心,其他
cbad4c40-15a8-4678-93eb-0a81ee45db76,松山老人服務日照中心_松山老人服務日照中心,其他
85af660d-8a86-41b0-aeb3-d9fc5b0f2f67,松山車站_松山車站,其他
cd03fa03-3a34-4aae-ac05-71d77ee15482,松德據點_松德據點,其他
4a5b18e9-f404-4ff8-ab50-07b4f7f6f555,松林造船廠_松林造船,其他
454066b0-ba07-43e3-beb9-e685f2a354fe,松柏失智日間照顧_松柏失智日間照顧,其他
2c1923bd-e68a-4bd9-94db-6e399c510574,松竹福德祠_松竹福德祠,其他
ffbb5617-5dcc-4acc-b80d-dbff0957a80e,欣德日照_欣德日照,其他
ec0f5708-26d2-4d67-bcf6-00636ce7e3c0,武潭社區活動中心_武潭社區活動中心,其他
69a5b511-41d5-4fc4-a9c7-603866962ecc,武英殿_武英殿,其他
29c2c739-50a1-4a47-bb09-997768a6aee1,法藍_法藍,其他
b3825029-f20e-478b-b2a0-50b1fedf7b55,玫瑰聖母聖殿_玫瑰聖母聖殿,其他
5f5236a8-e6ca-472d-a927-dfdef9b204e4,直航租賃_直航租賃,其他
e5731f46-2064-4f5c-880b-1bf715b67814,社區大樓_何,其他
d523b6a8-1bf1-4bf6-84a7-f8fa2c325a52,社區大樓_洪瑋玲,其他
5d5575c7-5a83-4706-bbdd-6f7f7bbc7641,社區大樓_涵氧大樓,其他
b5012409-2e0e-438c-86a3-6560dc5f5431,社區大樓_東湖教會,其他
d170b5ec-5330-47d7-bf89-67c23eac5643,社口萬興宮_社口萬興宮,其他
3f2efe66-9669-4769-a2af-1436c0987129,社口萬興宮_社口萬興宮,其他
5a70142e-8a8c-4bb9-99a4-6506206f6edb,社福團體_十方啟能中心,其他
0dca1c7b-1c90-4ae7-92ff-e9cf656aeac9,社福團體_台南市火炬殘障勵進會,其他
a8384611-77cb-4c97-9c4d-e42cc06c7579,社福團體_台南市私立五甲教養院,其他
73d35a93-d543-40e3-aa4f-9a90605685e0,社福團體_希恩之家,其他
f1cac162-c7cb-4018-b16e-40531567d46d,社福團體_救星教養院,其他
dc41e96b-c74c-41d5-bd17-72db88bf77bd,社福團體_愛育協会,其他
31179eac-aab8-44e6-932f-479443b7f400,社福團體_愛育發展中心,其他
a0b2a6d6-35cd-4841-9e97-900a975faba7,社福團體_一粒麥子基金會屏東服務中心,其他
0997d29d-fea1-4fb4-9071-5d9e7efcb375,社福團體_中華民國肌萎縮症病友協會,其他
4dbd3019-f9fb-40cf-8d34-f0773d2e7021,社福團體_中華熱心發展協會,其他
01dca666-20a2-4057-98f3-1004b7b14e26,社福團體_台南市靜觀基金會,其他
d337ffc1-327d-4349-b5b7-76b924d4fe23,社福團體_伊甸基金會交通服務事業處,其他
303bd03b-0a7e-4ba8-8836-4e88c1289391,社福團體_伊甸基金會南區資源中心,其他
19e77588-c37e-471f-806b-014716a03434,社福團體_宜蘭縣脊損協會,其他
6e068773-9381-441f-8713-358da71538fa,社福團體_社團法人臺灣58金融仕家協會,其他
fff057db-c00a-4926-879f-6cf56aca84de,社福團體_花蓮老人協會,其他
be9918a5-093c-4833-9436-4d3ddda685cb,社福團體_屏東縣殘障服務協會,其他
2a2b2df6-a24f-4c65-afac-d15ff1956f27,社福團體_家安社關懷服務協會,其他
c7177198-47e5-4871-99d4-0c44e74e27bc,社福團體_財團法人利河伯基金會,其他
f1f6a4fa-22a2-49e8-9373-3312275452e8,社福團體_高雄市腦麻協會,其他
70d0f538-8a89-4941-956c-2a7af74dcec7,社福團體_達關社區發展協會,其他
e521f89b-20e5-433e-9d4f-da37efb75061,社福團體_羅騰園身障協會,其他
01a3cb0c-2b6f-4be9-b96a-569d4ede754f,社福團體_蘭雨社福協會,其他
a7959935-bf3c-4332-b150-7e2cea72d62e,社靈廟_社靈廟,其他
306babc4-06ba-4958-bc72-bf4b8025c0c8,空軍一號貨運公司_空軍一號貨運公司,其他
1e715391-bb23-424c-b212-0d080902ddf2,芳林居服_芳林居服,其他
205aec80-3f54-44d9-ac8f-a94935018d76,芝山岩惠濟宮_芝山岩惠濟宮,其他
3b219734-d0e8-4ab5-88ee-8acd1d25a205,花博日照中心_花博日照,其他
fed04c2b-83a3-4669-9b6c-16d289adf632,花壇青商會_花壇青商會,其他
d16633b4-ad5b-49ed-a30b-73997c1aec90,花東修息站_花東修息站,其他
43671705-f994-49bb-91af-60f9d1d355e2,花田喜事餐廳_奇果,其他
727fb375-b316-4063-84fe-6bc80411e302,花蓮-黎明教養院_花蓮-黎明教養院,其他
34308feb-2b9f-458e-8455-d3c62c143528,花蓮火車站_花蓮火車站,其他
59a9a688-b926-42c0-ac76-de0032fc25f6,花蓮福斯_進東福斯,其他
ebcd667a-b088-4caf-a207-42bb0eb37af0,花蓮站_花蓮站,其他
47469829-9013-402d-8d7b-197dbd7afc9b,花蓮陶陶居_陶陶居,其他
83a3d6f3-cd12-4316-b1ef-1314da26886b,花蓮青商會_花蓮青商會,其他
22a4f8cf-30a1-4523-9541-14d4c75e7195,花鄉汽車旅館_花鄉汽車旅館,其他
44fa0bd3-c35e-4047-a950-bd341fd260ac,芯逸租賃_芯逸,其他
28ff438c-8caa-41ce-aee9-c884004fbc87,虎尾清雲宮_虎尾清雲宮,其他
c036af54-bdf2-442b-81f2-c774505189a1,虎尾青商會_虎尾青商會,其他
f5b0f676-4d6b-4666-bb99-4a83ea0187c0,虎山巖_虎山巖,其他
d0a68ab4-9577-4a8a-bd77-250d22da3b41,虎頭山青商會_虎頭山青商會,其他
7e0fe4ca-aec8-443a-8dce-160d6cef57f5,初衷_初衷,其他
c2fb7f67-d9ce-4382-a94c-190cb5f44f37,迎富送窮廟_迎富送窮廟,其他
efddef21-717e-47ab-b9fa-5fe87a83c3fd,邵允諾汐止_邵,其他
22e077c4-49a6-4b87-8824-a2aa9ae398d1,邵阿諾_邵,其他
ab3e4b4a-95ad-45b9-b4f8-4b064e25b345,邱成樑_邱成樑,其他
b99bc64c-771b-4120-a018-df9ec245f4ae,邱成樑內湖_邱成樑,其他
7eba2171-fa8c-4c57-b2ea-505f26dd45a6,邱浩瑜_邱浩瑜,其他
09100ad4-bece-415a-a006-683569f62733,邱郭彬_邱郭彬,其他
75a5c6e8-71eb-460b-b6d2-f1337f60cca8,邱陳素貞_邱陳素貞,其他
515fa8a2-4fd7-4cc9-93b5-b0c335bcb124,金元山汽車_金元山汽車,其他
0f05b182-e76c-4ef2-a4a8-2c2b53a6bed8,金唐殿_金唐殿,其他
1d18b2da-e167-4dc6-ad53-5637964952f6,金城同濟會_金城同濟會,其他
94ebca93-b10c-431f-9859-3545d9b4ec62,金城同濟會_金城同濟會,其他
95eb4f95-14db-42a7-aa62-4161d8a8cd28,金城青商會_金城青商會,其他
154b0222-af3f-4440-b70e-0c1489accd63,金宇城建設開發_金宇城建設開發,其他
431ca2fd-dd2b-4f4d-adfe-e6ce323d6582,金山寺_金山寺,其他
bdfeadd0-4838-4ca2-89cf-6256a17a0a5f,金山社區日間托老_金山社區日間托老,其他
5f9dc5b5-8f97-4f03-b4fd-e923059aed61,金山青商會_金山青商會,其他
807eefdc-baca-40e3-b340-34fd8ed8102c,金崙鄉村民宿_金崙鄉村民宿,其他
3db272e9-f11e-48a3-adca-add8206d155f,金桔民宿_金桔民宿,其他
33fddc7f-eb88-4b75-a47c-7a580079964b,金華山堂_金華山堂,其他
11db1681-e029-45a8-9aeb-b4cfaca19877,金華電子_金華電子,其他
564ec0eb-8193-4163-b5ce-e24d45c44d0c,金門青商會_金門青商會,其他
3bca164a-9f62-469a-aac1-0e5dbbc82d6f,金門館_金門館,其他
5bf71b5e-a093-4f66-b8b6-0e42ca6982ba,長久興租賃_長久興租賃,其他
87978fd8-93ae-43a2-893f-9cb5ec805aba,長園老人照顧中心_長園老人照顧中心,其他
8e9d5d30-9503-4259-a08a-53f53d73522e,長安復康巴士_長安復康巴士,其他
d49d738d-32b6-422f-9666-fc89f12f289e,長安復康巴士_長安復康巴士,其他
c90f3f23-c152-47b5-be33-39a0fe483546,長安獅子會_長安獅子會,其他
4f2bf9da-2a57-416d-8209-3126febaefde,長庚星巴克_沐浴車梁先生,其他
ca81cbac-94eb-4402-9561-772ad2449768,長庚林口_長庚林口,其他
1e2ce91d-42a2-434a-8910-a522983ceea3,長庚科技大學辦理三重台北橋公共托老中心_長庚科技大學辦理三重台北橋公共托老中心,其他
557d37c6-f8fd-484f-b0e2-7fe8f3424e70,長春居(失智型)_長春居(失智型),其他
c7e26ad0-2d0c-4b72-943a-966939f27def,長春青商會_長春青商會,其他
1ac85f3f-04a5-4aad-a1e8-5d39e20e5270,長榮_長榮,其他
19b9c2f6-0bd4-455a-9c0e-6973b87000ae,長樂銀髮日照中心_長樂銀髮日照中心,其他
c6b0f919-9a02-4f54-89d5-e5d3edcd0263,長治大同之家_長治,其他
d0397428-16db-4917-b2f6-2ee343f7f482,長泰老學堂(斗六)_長泰老學堂(斗六),其他
83ccffb7-33fd-4bad-ac3a-673401dfa669,長泰老學堂(虎尾)_長泰老學堂(虎尾),其他
766b9f0a-3259-444e-9d28-9777dab632e5,長盈_長盈,其他
cf164909-120a-4f14-8761-f4926bcf3056,長福巖_長福巖,其他
9167481b-1195-4792-9158-01472d9fe242,長興宮_長興宮,其他
c5965a4f-58d5-4af0-b9f5-57b0206baa52,長鑫割字_長鑫廣告,其他
0c1566a6-54ec-4507-8163-6fc4d4450c86,長青園_長青園,其他
02d4af6b-4b07-40dd-820b-3af83e0e992b,長青日間照顧中心_長青日間照顧中心,其他
c88fd0ff-516f-4f7d-9e13-b2b33496a8dc,長青福祉租賃_長青福祉租賃,其他
4509251b-3b2d-4620-9340-cdf44a33e352,阿傑劉榮治_阿傑,其他
1709567a-a802-41c5-9b9f-f75e7710ba24,阿公店青商會_阿公店青商會,其他
f8da6c39-22b4-409d-ba14-697a71a29228,阿翔專業輪椅接送車隊_阿翔專業輪椅接送車隊,其他
f352da4e-43e7-403a-ae3b-91bf9cd68e5d,阿蓮超峰寺_阿蓮超峰寺,其他
672957e2-053d-4292-9316-6b98ffa067bc,雨港青商會_雨港青商會,其他
50aba0c5-0ce9-4b7e-ac31-24b21509d0ed,青商會_一德青商會,其他
69fa01d2-ec6b-4661-8b0f-f54c855ebb72,青商會_二林青商會,其他
70557ded-acd7-4a73-b343-eee9a4467200,青商會_八德青商會,其他
b0b496e2-aafc-4fe4-b595-eeb36070a40f,青商會_力行青商會,其他
8164e1df-a5e6-48b3-b55a-d81ac521a152,青商會_三重青商會,其他
e5be2444-c0c6-4cae-9309-a07f8ca5afb0,青商會_土城青商會,其他
7bd6f80b-58cc-4f7e-8ba5-8b24947f0ec1,青商會_士林青商會,其他
b8abe812-e1dc-421b-99cb-675a1f60a01b,青商會_大同青商會,其他
d4a917ca-6923-44ae-8adb-b08ae0a746e1,青商會_大園青商會,其他
59bbe8e8-8727-46bd-81ef-683922430263,青商會_大墩青商會,其他
c76d2eca-b709-4707-b17a-c57c35a50a04,青商會_大崗山青商會,其他
ba433a86-9c92-40e6-bcf2-b329b98b4662,青商會_大彰青商會,其他
3013a3a1-9dfc-45cb-90f5-685381dd7237,青商會_大松山青商會,其他
baa5dead-63d6-4ca5-84e2-e168fd056c2e,青商會_大林青商會,其他
bc157918-5388-4d08-85d7-c412abf0e2ef,青商會_大甲青商會,其他
a4671a75-b3da-4ea7-8a75-359e3e5f365e,青商會_大里青商會,其他
ae5a6181-9744-418c-bc48-adeefa52c4fa,青商會_大雅青商會,其他
0f1a1beb-0a49-4f1a-85e6-9a2f7407640c,青商會_山城青商會,其他
e5a5c77b-6e30-4735-a75e-f54b51fed99b,青商會_中友青商會,其他
519f011a-af25-4654-ade4-3e4472b365b9,青商會_中和青商會,其他
625abe5b-5f99-4a4f-afbd-e470dacb412c,青商會_中壢青商會,其他
efd98f45-f2e3-4c2f-9de1-607bbeb89b97,青商會_中山青商會,其他
133892ca-907e-4aab-b446-18a3f5f73030,青商會_中正青商會,其他
bc4bb000-f6d8-4664-8230-c1f0108ad5bd,青商會_五股青商會,其他
78ed63a3-27b9-4cc3-b7ef-079ccde7b106,青商會_仁德青商會,其他
bce1e0dc-8fd8-4196-b8b9-f5d11bc9d0e6,青商會_太平女青商會,其他
9455df94-bfa1-4236-be12-9317a1fe68d8,青商會_太平青商會,其他
75370b31-a700-4a57-b0d2-8f8f5cd10190,青商會_太陽城青商會,其他
ec6d95e3-3b9b-4f8d-8206-9b2723844160,青商會_文化城青商會,其他
c113ac8a-6acf-4510-aa28-eb499937a4e4,青商會_文山青商會,其他
69629ad6-a218-44c4-94ad-3d3122deb5a9,青商會_文心青商會,其他
b6c97811-57da-450b-b8dd-872ee1b9dc46,青商會_水里青商會,其他
d4747c0f-b915-46fe-8b76-b73e7c5927e8,青商會_北投青商會,其他
7fc0fd0c-67cc-49b2-8e51-4cc7e2abf6c9,青商會_北斗青商會,其他
24640e65-5475-4201-9f47-cb985bf502a8,青商會_北港青商會,其他
193fe007-b4c5-48c0-baae-54c27be5d089,青商會_半屏山青商會,其他
a8141d2a-9a27-433f-a868-58cf84e6c7f0,青商會_古都青商會,其他
51528c2b-873c-4ed4-b289-73edd8d96555,青商會_台中女青商會,其他
fde1f5b8-2f8b-4ead-9f7e-b9e0b7123163,青商會_台中港青商會,其他
06afa358-2fa8-4ae8-b093-9930b521c245,青商會_台中青商會,其他
fc890e18-d0d9-4cf0-bda3-2c463bc8327b,青商會_台北女青商會,其他
ce6a10f4-7162-445a-be72-7e6b1f257d32,青商會_台北青商會,其他
adc41dc3-79ef-4e9f-ad75-3ed01bca9ac6,青商會_台南女青商會,其他
e5be6786-ac5a-40bf-a383-08839a52dfb5,青商會_台南青商會,其他
444fd362-221a-407c-9c18-1d54560082cf,青商會_台東青商會,其他
c6291f9d-7963-4ca6-97ca-eaeb5e97356d,青商會_四海青商會,其他
80f79790-1e8c-4276-a495-09fb3afdfebe,青商會_四維青商會,其他
2ebe8b6d-ae60-432c-b6e4-a33910967fdc,青商會_外埔青商會,其他
60cc9b7a-eccd-4d81-bbc4-42abfafbc5ad,青商會_巨港青商會,其他
2f653b5f-32ab-4d1f-8c3f-f4b76fb9e222,青商會_左營青商會,其他
e70842e6-3add-495a-96de-d43f25d3bbc1,青商會_平鎮青商會,其他
491ac3d7-747c-4b37-8566-bec98350f450,青商會_民雄青商會,其他
8776ad4c-3e76-4dcc-a4b6-7f72231bbe32,青商會_永和青商會,其他
7b3b8e42-859b-4dfc-bc5a-c3b9a85d970d,青商會_永康青商會,其他
d385d906-a294-421b-8b82-0e2399313a5d,青商會_玉山青商會,其他
9b7c1841-6f8b-4011-b19b-e68ad83da17e,青商會_田中青商會,其他
ebb00bd3-c748-4b43-891d-745188dde342,青商會_立人青商會,其他
3fba7904-19c1-4232-b12e-9d35313dd569,青商會_名間青商會,其他
8bbfd8e5-870d-4754-871c-1cfc71cf1cdf,青商會_合作青商會,其他
060eacaa-b057-4ee9-9fd8-42e31171e93e,青商會_后里青商會,其他
3b42cf3b-1ad5-47a1-adfb-cd39c7da5d14,青商會_安南青商會,其他
1ca1a39c-ee23-432e-b636-e751f0d1351b,青商會_成功青商會,其他
7558bbc0-58d8-49fa-8ce2-51a0e5397898,青商會_汐止青商會,其他
a97defe5-f079-4fd2-8ffb-e1f287ebf94c,青商會_汐科青商會,其他
62cf136e-23db-4777-b038-2909f4998402,青商會_竹北青商會,其他
348517d7-5989-471e-9a6f-cc6e1988dfbf,青商會_竹山青商會,其他
a108996d-9f0e-4a16-915a-052d3c68eed3,青商會_竹東青商會,其他
4dfd1da8-479e-43a1-b463-7e338b582966,青商會_西子灣青商會,其他
5e1637b5-6665-4587-aca9-a9cc4b1070aa,青商會_西螺青商會,其他
e922e925-2ca3-465d-8c7f-e1fd01b9d0ba,青商會_沙鹿青商會,其他
4770d5b2-b00a-407d-baac-0814c486c24f,青商會_亞哥青商會,其他
addd2f43-219e-4d29-a313-02948864e636,青商會_和美青商會,其他
78bb00e6-e19e-40fc-a8a0-60fe26cc8603,青商會_宜蘭青商會,其他
bbcc61dd-c04a-4206-bdc0-1858dbf29bee,青商會_岡山青商會,其他
7549dd84-7eb3-4b39-ab94-89fba8c02226,青商會_府城青商會,其他
3183d191-710b-421e-a34c-4c6f0506088f,青商會_東勢青商會,其他
b71c79a3-87ad-4264-839c-f57d19a3fdfc,青商會_東港青商會,其他
e88d6d7d-26db-484b-ae49-b4193b06491d,青商會_花壇青商會,其他
a3a6f00a-7726-4db7-94c8-4ed9d4aa9a42,青商會_花蓮青商會,其他
9c556db9-2a0b-44f7-a403-1805febbd542,青商會_虎尾青商會,其他
77387334-64f6-40ec-823b-3e04e9102090,青商會_虎頭山青商會,其他
7e0c7b4c-68c3-4ae5-a0b9-f3ca42690c73,青商會_金城青商會,其他
ff85a328-4f9e-47cc-8617-853bd32c363e,青商會_金山青商會,其他
fa4688ca-586a-47c4-b879-b3ae344447a2,青商會_金門青商會,其他
b781fea5-461c-42f3-9d63-ab92b40cd342,青商會_長春青商會,其他
0deeee0f-78a7-4026-8286-76dab66c5c1a,青商會_阿公店青商會,其他
a8372bb5-24bb-4220-9061-049926f3d8a8,青商會_雨港青商會,其他
88a30731-4bdd-4577-b00b-cd098bb06f3d,青商會_青商會三峽,其他
41708641-c7dc-495c-8b4d-2dd116a4113e,青商會_青商會板橋,其他
959054c1-9154-4b1b-8fa1-ba0aa4518dc9,青商會_南崗青商會,其他
71b8a426-b37a-4ded-8705-3992bc099d8c,青商會_南投女青商會,其他
2681b29b-e224-4b54-b078-1588dcbd1343,青商會_南投青商會,其他
4d3b18bc-79fd-474a-965a-85cc20bee1e8,青商會_南星青商會,其他
f775b78b-86d1-4d30-a0b8-e832e4def9a5,青商會_南科青商會,其他
f26eff11-d053-41eb-8bc7-172b2c397286,青商會_城中青商會,其他
e2810937-f0c0-4a67-8b19-1494c9d6e05a,青商會_屏東青商會,其他
029d8987-1704-4514-b372-13a2df77f034,青商會_春秋閣青商會,其他
85e325c5-dc6c-4b26-bbcc-6e67c24ccfeb,青商會_苗栗青商會,其他
7a68892f-d615-4f99-89f1-464163f4df4d,青商會_風城青商會,其他
08a37dfc-773e-4ae7-8691-6bcd2874b22f,青商會_首府青商會,其他
72117560-32c6-49b3-b264-06769aa94d6f,青商會_員林青商會,其他
332e0649-6694-4e72-8bf8-71cc0066dc07,青商會_埔心青商會,其他
4858a871-211f-44cf-9038-9fa3e74cfc25,青商會_埔里青商會,其他
68079427-4ff5-472a-91c0-b7e003e1d7d8,青商會_柴山青商會,其他
544b30af-8748-4d3a-9945-38943641c041,青商會_桃園女青商會,其他
8fff8063-f997-48f0-97d7-2996ccd37e86,青商會_桃園青商會,其他
d580cab7-5aee-4e48-aeec-823d71a41c46,青商會_泰山青商會,其他
d1533a13-3ab0-4de7-830f-e2b080247a74,青商會_神岡青商會,其他
97a1f8c0-8d58-474f-9044-994389a09267,青商會_草屯青商會,其他
32ca0406-5a45-455c-9b40-3adf4199d416,青商會_高都青商會,其他
5fc8bec3-2278-4629-858f-c711461a253f,青商會_高雄女青商會,其他
e5587efe-fedc-48c2-8bce-7b49dde9ae8c,青商會_高雄青商會,其他
4953748d-7a26-4c86-997f-b42aadc27981,青商會_基隆青商會,其他
07c0c03c-ce7a-4ca7-940a-421b6647fc0c,青商會_梧棲青商會,其他
f153c32a-75ac-464e-8e65-4c57bac8e7b7,青商會_淡水青商會,其他
901e9a60-e295-4a16-a59d-81835ee1755e,青商會_鹿港青商會,其他
a3500c24-25c3-4b28-b056-db55ce465c70,青商會_博愛青商會,其他
f796a01a-8af9-4f10-8dea-548f84545445,青商會_湖口青商會,其他
c9d47076-efb6-4f0a-8317-5b029bc6c486,青商會_菁英青商會,其他
5fe7271d-bd0c-4e8d-95c5-d1e9d160d80d,青商會_陽明山青商會,其他
f4986583-7195-4125-aca7-084b4d92193b,青商會_雲林青商會,其他
e3620761-f0b3-476a-a228-52babc9a835e,青商會_新化青商會,其他
c282b878-2c77-40c1-ba39-007d4afcb9f8,青商會_新北青商會,其他
7609ccef-f56a-40da-ac6d-03dea1d4de23,青商會_新店青商會,其他
6270b3f6-3946-446a-b8f1-f400b7020ea6,青商會_新營青商會,其他
395212a3-44f2-4cc5-ae3a-cf634c36c309,青商會_新竹女青商會,其他
73a14df5-b446-4633-b9c3-cd22fe28d5a0,青商會_新竹青商會,其他
5ae3a3c9-a975-40ad-a323-d7714d1bfe20,青商會_新莊青商會,其他
ac097e8c-2eeb-49fc-ab8c-86a69420318f,青商會_楊梅青商會,其他
3c10c574-437f-40fd-991f-25b216dd03fa,青商會_嘉義青商會,其他
7aff24a8-254f-49b6-9a81-66bae6532402,青商會_彰化青商會,其他
d5931312-9a3b-4906-a843-fdb1060b2cd9,青商會_漯底山青商會,其他
69171ae1-dde1-4e2a-859e-3b16ef538fcd,青商會_鳳凰城青商會,其他
178a5fff-1853-448a-93b5-919663f6ea0e,青商會_鳳山青商會,其他
c4ed6228-9ed5-4b3c-86d7-f1435d4dec59,青商會_潭子青商會,其他
9617bcba-02aa-4e5c-88ac-15cbbcc316f1,青商會_潮州青商會,其他
d1891b9f-d7c1-48aa-823c-d068b7da4da7,青商會_澎湖青商會,其他
a4f9dbbc-3aec-4e8a-ab65-acb5086c5561,青商會_樹林青商會,其他
5db4e9ea-add1-4882-b512-f6744df6c2ab,青商會_橋頭青商會,其他
a86da88d-3a0a-4535-a17e-748a9864899e,青商會_頭份青商會,其他
b5a4d870-d5df-490f-a3c8-478e22d5a6cb,青商會_頭城青商會,其他
0f37b24b-cdf0-453b-b57f-46642c3971a3,青商會_龍井青商會,其他
73b02a3b-2b8d-4986-9750-790e6ed7e191,青商會_龍山青商會,其他
e2fc1454-73c2-4b70-baa3-c76e923ba408,青商會_豐原青商會,其他
2614622e-24a9-4ec9-9c00-f2e0887c00d5,青商會_雙和青商會,其他
7e437aae-05bd-4810-a1a5-3c9f9bdde691,青商會_雞籠山青商會,其他
1672f8be-9e01-4a58-bf3f-da108e60d74e,青商會_羅東青商會,其他
e4bc77d7-d6dd-4b83-87ae-3c75c2b696c0,青商會_霧峰青商會,其他
48d55e03-5759-4e7c-afb9-d97d55cd6843,青商會_蘆洲青商會,其他
4083b9ee-a118-4b28-a30c-2a46dac2ac30,青商會_蘇澳港青商會,其他
07064a54-4ef5-497e-9874-5195f8c13f5b,青商會_鶯歌青商會,其他
d714228b-0a18-476f-a347-9cf97db0f09b,青商會_莿桐青商會,其他
be5d397d-7906-43d1-94ae-6d885f14a5b6,青商會三峽_青商會三峽,其他
14b37519-5809-4cc3-8a17-773ce4f29c8f,青商會板橋_青商會板橋,其他
ba3c4b97-40c3-4ea0-83a1-e59ed1c571c1,青山宮_青山宮,其他
34139b29-fe1f-4215-bb73-e759039b4d6d,青年體驗園區_桃園青年體驗園區,其他
867cd841-a0c8-4e97-bc70-672415834c74,青松健康集團_青松健康集團,其他
65e69f03-b9fa-4b6f-a6ef-85b78d316519,信大貿易_信大貿易,其他
1b5a755a-05ce-43c9-9ba7-3f3ef99b71ef,信義傳道會_信義傳道會,其他
373f9eac-1d29-48f1-9bb2-f8471462e105,信義長青快樂學堂_信義長青快樂學堂,其他
0fd87fcd-c463-4a69-ae8e-d9ad95542076,信隆救護車_信隆救護車,其他
6dc2d213-e94a-41be-9af3-ed2752d90ded,侯百璜_侯百璜,其他
711f5147-c50d-410b-aef1-9907fa645ea5,保修廠商_啟勝車輛維修廠,其他
facf8b18-4174-4080-83a4-0e5ac356d452,保安宮_保安宮,其他
8e4c3889-74eb-45aa-aa7d-0e4a7a515937,保安宮騎虎王廟_保安宮騎虎王廟,其他
b10ad9a6-f65b-46ea-8824-19bd1a7fcafc,保寧宮_保寧宮,其他
fe105d80-0f58-42bc-8787-1d82e9c664f0,保時捷租賃_大成租賃,其他
f8b0c054-7de6-49c5-8762-5bb16f1375ed,保生大帝廟_保生大帝廟,其他
dcb620bf-9239-48ef-8513-08547330dc68,保福宮_保福宮,其他
b0430722-a2b5-42bd-a379-aa95ceea98f8,保福宮-_保福宮-,其他
ac50d9c0-62d8-4c2e-8da5-d543666414cd,保西代天府_保西代天府,其他
96323d55-a59f-4217-af5f-2d1c2d4433a8,冠怡日間照顧中心_冠怡,其他
51f85eb7-4fc8-40db-b7b1-e926018c03a2,冠福車業_冠福車業,其他
187f76ba-5f26-485a-afa5-a8b86110659d,勁好央_勁好央,其他
ec91fbc3-2b92-4d14-a8d7-4cd5a0e205d6,南區捐贈蔡先生_南區捐贈蔡先生,其他
707cc4f3-e6a7-4494-8dda-3bbac7bc8654,南區捐贈賴小姐_南區捐贈賴小姐,其他
7b7ed7d6-ba07-4342-a90e-e42388ab89db,南區日間照顧中心_南區日間照顧中心,其他
cb3d3480-b51d-4e4b-a41d-53a9e8d040b6,南區湯先生_南區湯先生,其他
d31d9c78-ff19-46cc-93c5-33e9eeab23c2,南天宮_南天宮,其他
46e41894-5d31-4bec-9d0c-9e89de67c922,南天宮，_南天宮，,其他
1ecebfe1-a838-4e4e-86cc-00d0ea25d776,南屯區 至善園_南屯區 至善園,其他
333a066c-5310-4e55-995f-758e602b7a0f,南屯吳黃誠_南屯吳黃誠,其他
8afa3043-a362-44ef-869e-8f3bfa9dcab1,南屯徐素美_南屯徐素美,其他
1239adff-1596-416c-9a25-cd46ad56fac5,南屯捐贈劉先生_南屯捐贈劉先生,其他
7dbf6970-dde3-434f-b4c2-60695f69001b,南屯楊雅惠_南屯楊雅惠,其他
51dced3e-374e-4dea-9afa-548e7bbb53a6,南屯白先生_南屯白先生,其他
b0b45481-b099-4cf6-9eff-8c06907a8fcb,南屯萬和宮_南屯萬和宮,其他
1a2dd516-bfb1-4685-9d2b-90aaf20c2170,南屯鄭美玲_南屯鄭美玲,其他
80d15c4d-b776-4ddc-8b3f-e1cd3e8961ff,南屯順益_南屯順益,其他
00994a4e-608b-481e-a7f8-7e93165c1b05,南屯黃美珠_南屯黃美珠,其他
3aa73ecf-d910-46d2-aab1-b52181b10c1d,南崁五福宮_南崁五福宮,其他
36ffc5cf-d958-464f-a618-d7a5ceb898f6,南崗青商會_南崗青商會,其他
7c502c99-df31-4f34-b925-9c983e25b8d7,南投仁愛之家_南投仁愛之家,其他
67838a5b-8467-403e-9f87-4aa77df60afa,南投仁愛之家_南投仁愛之家,其他
621bf4b8-57a7-4990-892c-1cb1b80007d9,南投仁愛之家_南投仁愛之家,其他
1f9ede39-181c-440e-bc22-d3356f4e2bb3,南投伊甸_南投伊甸,其他
99e995ff-6214-40f8-8cc5-3a18f99ec83e,南投休息站_南投,其他
c6a1e748-f9d1-4e7d-a95a-48dd746b72c7,南投匯豐_南投匯豐,其他
fc82b921-5ac7-461a-b05c-1db9fa3648d6,南投受命宮_南投受命宮,其他
3c34b4ce-446d-4606-9482-1ba50247ddf4,南投基督教青年會_南投基督教青年會,其他
04bfff74-3620-4ad7-9ec0-f5e59dfd6137,南投夏都_南投夏都,其他
400c1b38-5284-46d7-9279-a0426d9f4461,南投女青商會_南投女青商會,其他
28c2f670-e394-4c2b-bddc-9ed0e3521ea3,南投好媳婦_南投好媳婦,其他
bf251ddd-22a7-4590-9634-9cfc42928c35,南投徐儷珍_南投徐儷珍,其他
caf1c310-acd8-4fac-9fd3-83291dec9294,南投復活啟智中心_南投復活啟智中心,其他
2f70a4b2-3364-4c8b-a0a2-b8998da446e1,南投懷恩_南投懷恩,其他
34ea631f-b1fa-4148-b3e0-2eaffc03afb8,南投教養院_南投教養院,其他
8a7148bb-323c-4a73-8219-85a1600fd2ee,南投文玄宮_南投文玄宮,其他
95117de0-f2c5-4934-8efa-af2cef300c99,南投永明汽車_南投永明汽車,其他
9132aaff-cf75-4181-932a-b4af65e33570,南投獅子會_南投獅子會,其他
6bc1d7b8-04d5-47c5-a280-26c8dd50f5dd,南投現代李興恆_南投現代,其他
e8f9c7ba-5a8e-4e95-b3e0-53401e869313,南投監理站_南投監理站,其他
d7d1d597-1848-4e79-bfd7-655ae36e6b33,南投監理站_南投監理站,其他
d214d9b8-9b7f-4adf-b823-14005bcaab48,南投竹山紫南宮_南投竹山紫南宮,其他
5842b4bd-c3ed-42bd-b2ec-8c4c234bba2f,南投紅十字會_南投紅十字會,其他
bb40864c-a253-41d6-93a7-92bb19ce9557,南投紅十字會_南投紅十字會,其他
acd8f97a-13d5-49c1-8eea-9ed777aeff50,南投紫南宮_南投紫南宮,其他
e28d2fe1-e643-4972-8288-6e56c7e3a93a,南投縣基督教青年會失智症日間照顧_南投縣基督教青年會失智症日間照顧,其他
077c7e00-e902-4080-ab7f-8700965f180c,南投老五老_南投老五老,其他
cbe81ab1-e202-4291-9ca6-36dad7b20721,南投肉品市場_南投肉品市場,其他
36ff9e08-a54c-41e1-81c8-938d80d7deaa,南投脊髓損傷_南投脊髓損傷,其他
674bc487-50bd-4411-8fcd-f03f4c71015d,南投草屯 莊志煌_南投草屯 莊志煌,其他
bc45bcaf-4e76-46a5-9a2b-bced56406d24,南投配天宮_南投配天宮,其他
f4d9c7c8-a0e0-48b8-b1b0-5892a0a7cc41,南投青商會_南投青商會,其他
4a71c682-d9aa-4a59-b2b7-7d56f8cfa324,南投飯店_南投飯店,其他
4b039c61-6065-4e65-981e-24a1481a76cb,南投黃先生_南投黃先生,其他
7b5b8070-b6ed-4b68-af34-84812512cd4d,南星青商會_南星青商會,其他
b172ff1a-2023-4c19-abd6-12eca7c9bce9,南梓日間照顧中心_南梓日間照顧中心,其他
1954d01a-5817-4e90-86c4-1a05d9a35a4d,南樹林_火車站,其他
ced48cba-0c50-441a-b9b4-f3e550d089b7,南港展覽館_南港展覽館,其他
c7df2b17-d6d8-40d2-ad24-b7e2d63f67c9,南港展覽館可打卡地址_南港展覽館可打卡地址,其他
929ba90f-0a72-4772-ac7d-a7af8a8e1de9,南港老人日照中心_南港老人日照中心,其他
f07d21ec-7b66-492a-9038-e4deb484a14a,南瑤宮_南瑤宮,其他
00e3d2e6-94af-4c8c-ad2b-9f066d11aeb2,南科大飯店_南科大飯店,其他
66e49201-c51d-4cfb-b17d-531fed846c65,南科青商會_南科青商會,其他
24c43460-56cd-431d-aa37-da23dd50bb1c,南竿機場_南竿機場,其他
f8eb4d70-d1a0-4209-bb4f-010cc3804690,南興宫_南興宫,其他
75e17a8d-e157-40d2-9209-9e517f9f077b,南迴張小雲._南迴張小雲,其他
050b69b5-1db7-4e20-b3a1-30b07a837b40,南陽總公司_南陽總公司,其他
47f238d4-db98-418e-bce8-efdfb2f921d0,南陽總公司_南陽總公司,其他
06340e9f-ca39-4154-8f5e-7061a3adb330,南鯤鯓代天府_南鯤鯓代天府,其他
de900526-c49f-4d61-b867-11906c9db8a8,厚安_厚安,其他
c3c7480b-3953-467f-beab-ca532669066b,厚安_厚安,其他
621185c0-32be-403d-8b8a-6e7c8cd76b03,品業食品_品業食品,其他
e5121c58-81c3-4fd2-8dee-440b8b44dd85,品豐投顧公司_品豐投顧公司,其他
bd343b04-ea9d-4a88-baf9-8866f3616101,品辰法律事務所_品辰法律事務所,其他
1ab6fe29-923c-4e66-a0ee-fcd22cc1177e,哈博_哈博,其他
f84cab84-cf9f-4227-a6f6-7168224b4b6a,城中青商會_城中青商會,其他
6a7b715d-1596-4ffe-8833-4ed68e427080,城隍廟-基隆市_城隍廟-基隆市,其他
99ebe6a2-ef3d-4e3a-9b2a-585295f91e50,城隍廟-彰化縣_城隍廟-彰化縣,其他
25476210-9990-4a20-b623-8f726fa769fa,城隍廟-苗栗縣_城隍廟-苗栗縣,其他
28cc6ebf-47dd-4ecd-a99a-6aad87befa2d,城隍廟-高雄縣_城隍廟-高雄縣,其他
86800c28-ca09-4d08-a1fa-f084f440e8e0,屏東六堆交通_屏東六堆交通,其他
1b80dbff-15e7-4f5f-b657-fcd696c814cd,屏東日照第一照顧_屏東日照第一照顧,其他
50141761-975d-4514-b5fc-cea8e269742a,屏東春風護理_屏東春風護理,其他
9a8bf7b3-c9f6-47ab-b3b7-d3cad20a2d17,屏東春風護理_屏東春風護理,其他
4379a206-7110-4562-9bf5-10eac26428e4,屏東武廟_屏東武廟,其他
b8b29fdb-97b8-443a-886a-c1cfdfe6ad66,屏東玉皇宮_屏東玉皇宮,其他
a8f51bb7-ad0f-446e-a70d-4205b30c62cb,屏東百合扶輪社_屏東百合扶輪社,其他
79a89a4b-8d2e-4e01-b92e-4707a914a6a3,屏東百合扶輪社廣東路_屏東百合扶輪社廣東路,其他
66d979d2-9326-4490-aea8-9a9b5a49ca00,屏東縣僑勇國小_屏東縣僑勇國小,其他
206a6c6e-94af-47a1-ae7f-9b896a307bec,屏東縣新圍國小_屏東縣新圍國小,其他
be2d513e-9051-4cf1-b66d-b032bae38306,屏東縣溫馨扶輪社_屏東縣溫馨扶輪社,其他
672c0d95-69f5-4fae-8282-74050da7e00c,屏東縣潮洲社福園區_潮洲社福園區,其他
23a33bed-9532-4b7d-bede-688bdeddc32a,屏東縣萬丹國小_屏東縣萬丹國小,其他
71be2846-dc80-4c92-b030-8670b6863a5a,屏東縣高齡長輩照顧服務永大支援中心_屏東縣高齡長輩照顧服務永大支援中心,其他
b655d6ce-a24e-432e-81b2-6a07667a29d3,屏東青商會_屏東青商會,其他
e082b8e4-bdab-49c3-8b18-e46e13f0642c,建富三重_三重,其他
193640c6-f19b-4626-ba96-ef2baa1998d4,建富土城_土城,其他
0a992996-4163-4b4a-9f33-459395bb25dc,建富新莊_新莊,其他
6df12685-9b69-4786-889d-d4310ebb3305,建富新莊陳美惠_建富新莊,其他
d4c1b136-1b1a-4bd6-a9d5-bfc027b0fd7f,建富板橋_建富板橋,其他
c820ceeb-e791-4f01-92ee-210205c98bea,建富板橋_建富板橋,其他
ec35b350-c547-4bd2-b6d3-6eb7ae75be51,建富林口_林口,其他
e1c53440-3c3f-4882-a270-f08130f84766,建富汽車五股準備廠_建富,其他
e54ed7a6-ee7e-4098-8a2b-cc93438f0e57,建富汽車新莊_建富,其他
ae0a73c8-260f-4f31-8a23-aa9eced7ab28,建富汽車陳美惠經理._建富,其他
f5356650-781b-433b-9c45-211ce862ff36,建富集賢_集賢,其他
ac9c3d99-b699-4d4c-8a44-aeb2fd703cc9,建平日間照顧中心_建平日間照顧中心,其他
9325083e-f72e-438f-9f31-4e3aaacbc9a6,建德宮_建德宮,其他
59f6170e-77fb-471e-9548-f8b2e2865dd8,建築業_偉浩工程,其他
b5584955-f819-45ca-899a-6eee519dec33,建築業_國廣,其他
0fc49216-9dc4-4c4a-aaf5-c33ce6593088,建築業_新潤建設,其他
6468d90d-a63b-4096-8eab-d33fe1d5bb3a,建築業_龍騰建設,其他
41c8782e-7ad1-4e07-b963-34b6009837d6,彥隆企業_彥隆企業,其他
3b1f92b7-1eca-4cb7-8267-0deb15c6b3bb,後寮福德祠_後寮福德祠,其他
00492dd5-b4e4-48b5-a3f5-1bc1ce21a3ae,後龍北極宮_後龍北極宮,其他
2277f2f7-bb02-4197-84cd-93a0a9587b66,拾夢樂園日照_拾夢樂園日照,其他
36d910d6-3966-4e4f-8b91-2fe6f8ff3202,拾智園(失智型)_拾智園(失智型),其他
19ff8678-02b4-444a-8dde-2f8d946eec45,政府單位_台中市交通局,其他
5c9faac1-203b-44c6-aaae-0d0638b96d8b,政府單位_台中市交通局,其他
1ab39478-c883-4f71-be38-c068c851a005,政府單位_台中市衛生局,其他
958b21f1-bfcc-45a3-aae5-673cb43a3ee1,政府單位_台中照管中心,其他
dab703f7-e063-4d4f-b2e6-09bf87d4952d,政府單位_交通部,其他
9d0313cf-f6b6-48a8-97c6-c1d835a990b1,政府單位_林口國防部,其他
77b0c25c-f1f5-499d-8a43-0c3a47c4eb30,政府單位_屏東監理站,其他
39afcd01-8d19-417f-b2d9-6695789da45c,政府單位_苗栗照管中心,其他
af24c91b-1954-4f90-97b6-411084f8a454,政府單位_高雄市衛生局,其他
aceac882-bfee-4c26-b472-22850669c0dd,政府單位_基隆關五股分關,其他
5f92e245-6975-4336-9859-0536859bad82,政府單位_基隆關八里分關,其他
8e91b0a3-f881-4e62-af03-958f9044233a,政府單位_新北市輔具中心,其他
f3255115-c7f2-457d-bcea-6d094553c503,政府單位_新竹市衛生局,其他
66d74d2a-921c-4432-b832-4e67daae71a9,政府單位_彰化照管中心,其他
f9537deb-7e23-43dd-9ed0-be6a6ddafe7a,政府單位_大同區公所,其他
f5093419-31d9-436a-881d-260666a22dcc,政府單位_台南市政府照管中心,其他
741266b5-c801-43bc-9244-23704f1495b7,政府單位_四湖鄉公所,其他
9995fe82-eadd-457c-a684-08f6f76be493,政府單位_左鎮區公所,其他
7d05df0d-5ae3-4125-8b34-0e8814a637db,政府單位_林園區公所,其他
2f094169-d910-4af5-bfdd-c25d3733d3f6,政府單位_南投仁愛鄉公所,其他
ddda4801-78eb-4b04-b1d6-562834f66bdb,政府單位_屏東縣政府教育處,其他
2cf18cde-273e-44a8-9486-6092826d5278,政府單位_澎湖縣政府,其他
71bd0215-f5cf-47ae-a9e6-c8a78b7ac1fa,政府單位_澎湖縣政府,其他
55b05f18-1dd7-4cd6-9c18-24509dc8cdea,政府單位_龍崎區公所,其他
7af166ec-6c2b-48d9-b100-d79c0b1b4fcb,春社日間照顧中心_春社日間照顧中心,其他
00d0729d-b7f8-414e-94db-a4f7daad953d,春秋閣青商會_春秋閣青商會,其他
751e163f-caf0-440a-a4e6-bd52f720d9b9,昭應宮_昭應宮,其他
d5a4cace-b35e-4870-9baa-c9cebae96d12,昭烈堂_昭烈堂,其他
d95e9160-bb17-4ec0-b68b-14135abe235e,星光日照_星光日照,其他
56f03f20-ad18-48df-a612-84a2fadac42f,昱炘烤漆廠_昱炘烤漆廠,其他
add7ecfd-340c-42bd-af03-51923caa4fc6,柯鈺羚_柯鈺羚,其他
a4bbc28f-2815-42a6-bb8a-e3402e3f111c,柳川家園_柳川家園,其他
de457f0b-1ed2-49b0-b3a0-eb8af4a34ad9,柳林苦竹寺_柳林苦竹寺,其他
671627a1-7d44-4ff9-b1d6-89149f44adbd,段小姐_段,其他
fc209d73-93f8-47cd-be76-8c79deb9c662,洪主委_洪主委,其他
8692fd4e-c39c-46db-9ce5-23fdbf06d87f,洪子淇_洪子淇,其他
8ef8d2a0-b637-4504-ad97-df97643a5df0,洪瑋玲_洪瑋玲,其他
72cebeca-711c-448a-b9d1-c252a76a31c6,洪辰諭_洪辰諭,其他
d4d628d2-e26c-41a6-be2d-69a7d05553b3,活泉之家_活泉之家,其他
6d7be295-4f0b-41c3-9610-547241e5657a,皇冠北投_皇冠,其他
c18137fb-7ecc-4879-9ac0-9e4f6c6a222c,皇冠大車隊_皇冠大車隊,其他
69076896-2715-49ab-9fbd-327253795053,皇冠大阿_吳俊德,其他
ec6b5c65-7bdc-404b-b133-9ac2116f4918,皇冠蔡先生_皇冠,其他
246e5880-8dcc-485c-ba58-5fec10caac26,皇爵大飯店_皇爵,其他
85f8cd46-1226-4641-855d-0e1703ea4b74,禹帝宮_禹帝宮,其他
4086100c-466f-452b-bce8-f5e4f342c976,科誠科技公司_科誠科技公司,其他
8f561394-59ce-435c-96ff-a89286d44686,秋霖園_秋霖園,其他
37336508-b3da-4e3f-b000-a6bd65eb583a,紅蘋果日間照顧中心_紅蘋果日間照顧中心,其他
4636f944-0f0f-43b6-b18e-e25f9b32041e,紅蘋果日間照顧中心_紅蘋果日間照顧中心,其他
5fc708ab-a966-489f-b5d8-df70ea5ef6ca,美佑安平日照_美佑安平日照,其他
d10ba0c2-2f56-4204-ad12-2c1acb3c2eca,美克斯_美克斯,其他
ba5e65ad-4eff-47cf-9ebb-8895d30508a0,美家人力樂齡_美家人力樂齡,其他
67a7f75b-f62e-441c-a616-e8a2ae6e0a33,美聯社_美聯社,其他
d5051137-98e1-44aa-b01e-ecbabfd201eb,胡志郎_胡志郎,其他
49117857-42e6-47e1-90e0-8be0f8622978,胡志郎創新路_胡志郎,其他
ed9109e4-4696-431c-8b5d-0746d2579648,胡正雄_胡正雄,其他
d90e523c-71bb-4f9b-988b-ef4e334136d1,胡永瀚_胡永瀚,其他
82712e30-0bc8-4bfe-a5f1-c06253fa5037,茅港尾天后宮_茅港尾天后宮,其他
bc43abcf-193a-4129-a1f7-30762aef369d,茅港尾觀音寺_茅港尾觀音寺,其他
5fad4e18-d663-4117-b433-0a5588402034,茂洋建設_茂洋建設,其他
1004b4c5-d95e-4d76-85b2-7d2aea3527e1,苗栗 陳俊輝_苗栗 陳俊輝,其他
6876046e-6e5a-47b9-a296-304aac1e447e,苗栗初衷_苗栗初衷,其他
b6f03939-5e1b-409a-bbf0-5498ff7baca6,苗栗杏福租賃_苗栗杏福租賃,其他
7df16450-52dd-47a0-9163-2fc279602fe5,苗栗照管中心_苗栗照管中心,其他
1559cd3c-a78b-4a64-b4f3-1a505c6622f2,苗栗生通_苗栗生通,其他
2ef002dc-eba4-4833-bd57-41634a9161a1,苗栗站_苗栗站,其他
28b65c30-69c6-41a0-9ecd-c1e29c09efec,苗栗縣輔具中心_輔具中心,其他
2aa9be3f-bc33-4736-9c6f-a296f1ceea99,新北市輔具中心_新北市輔具中心,其他
e6e151b9-d9a0-44b0-8f68-0f882b8a4dac,苗栗縣輔具中心_苗栗縣輔具中心,其他
4d9b9693-b5f8-4039-9cda-7460336a06ca,新北市輔具中心_新北市輔具中心,其他
f6109a6f-3dc8-4249-b72e-83827108ce62,輔具中心_廣慈衛福大樓,其他
229a6d4d-353d-4a4c-bcad-25dbf8113b59,苗栗銀髮族_苗栗銀髮族,其他
23aff7a7-7a6f-4798-8a4c-02848f44bf0c,苗栗青商會_苗栗青商會,其他
5a4c6b80-691b-4796-8451-bed85eb297da,苗栗高鐵_高鐵,其他
99e0ad3a-e858-4653-ac34-25f5ef05b96d,英登企業_英登企業,其他
367f40f9-7eef-44c8-abe1-7b091d2b1cc4,苑裡鍾馨儀_鍾馨儀,其他
72876d2d-bd8b-4f6d-a488-b54f80334840,計程車_大慶,其他
92453b83-cd74-4fe4-9026-c4736c7622c4,計程車_大慶,其他
127f2545-2fcb-4501-8603-10b91653d206,計程車_台中中華大車隊,其他
f05fd340-3b1e-451d-a792-646cf1729c99,計程車_台中中華大車隊沙鹿站,其他
b0369c6d-5427-46ea-bdc6-ce859158bfa6,計程車_台中國通計程車,其他
f632d6a7-c015-4fd2-ada4-8759b8ad0679,計程車_台中大中華,其他
0abd5d13-10d5-49e7-8927-3d9c27ea83a8,計程車_台中富國計程車,其他
26b376a7-9211-4c71-b442-7d6006359e06,計程車_台中永隆計程車,其他
e4bc4a91-0bda-4e60-89cd-ca5194eafbeb,計程車_台南後壁錦龍汽車行,其他
1cd7df2c-d5d6-4827-8f88-f2fcf6d17c70,計程車_台灣大車隊-現代車,其他
414e124d-52d1-47de-b4e3-3f88aa8ef4e5,計程車_府城衛星計程車,其他
1f1c0e45-428f-4f87-9679-78596a6e84fc,計程車_皇冠車隊現代車,其他
192f2795-a4c8-49a1-b5ce-07897ffa9629,計程車_皇冠車隊現代車,其他
8e1bed91-0ea9-4575-8fd0-898e24a82ae6,計程車_基隆計程車工會,其他
73b97be1-256e-409e-a3be-fc2a52d2afbe,計程車_快樂計程車運輸合作社,其他
b3d27968-6b5f-437d-a99a-a2869d9eb81d,軍功寮軍福宮_軍功寮軍福宮,其他
2c1d22f8-46b8-4296-abce-3c75d59c532d,軍功福德寺_軍功福德寺,其他
db3e2033-eeaa-473c-b8b7-485b68925b1e,迦南日照_迦南日照,其他
7b53f972-7cc4-40da-a72e-b4cce6254270,迦南日照_迦南日照,其他
da8c9045-7ec7-4f29-ad2d-61988e3ceb9c,重安_重安,其他
bee90186-3946-4ff9-9813-084e05856ceb,重安_重安,其他
e4204e53-307d-41f0-8943-1570cc97f271,重安新據點_重安新據點,其他
c29208a6-1011-4493-a4b2-0c5e394c2f14,重慶寺_重慶寺,其他
cbd0503e-2e50-46e0-81d6-885618a4b0d0,音樂世界旅邸_旅邸,其他
bdacfd11-17a7-4fd3-b677-07e3e6f9a311,風城青商會_風城青商會,其他
3840f509-601d-4fff-8e58-26f3444a3ead,風神廟_風神廟,其他
469d642a-4a14-4091-8497-f4a8025c3633,飛峻多媒體_飛峻,其他
c4cbf1a5-0bcb-461d-80d2-bcee8b095b95,飛躍旅遊_飛躍旅遊,其他
717d06fa-e5a7-40a0-a657-4f94aa3c324e,首府青商會_首府青商會,其他
1f3b9ec7-d801-428b-9577-f84bcb8734e7,首昌電器_首昌電器,其他
ce531be5-573e-4ba6-998e-a425c36a69e1,首都五結羅東站_首都五結羅東站,其他
3c377eee-1049-4131-a4e8-02418d3aba3c,首都內湖站_首都內湖站,其他
c73ce589-2c7e-4788-95c4-ff42f738e581,首都北客_首都北客,其他
cb9ed331-ca00-49cc-b3cd-cc90befa18d8,首都士林站_首都內湖站,其他
2321bb2c-516d-44f4-b7e9-441d78ec40f1,首都士林站_首都北客,其他
128e5118-f39a-4735-86b2-8bb5785f5168,首都士林站_首都板橋站,其他
1406f60e-791c-438a-9b8f-beddcd6219be,首都板橋站_首都板橋站,其他
03104968-ee31-4ef6-8d7c-62735f882278,香柏園_香柏園,其他
9f8348b3-b03f-4e71-a68e-7cb69b86a8da,香柏園日間照顧中心_香柏園日間照顧中心,其他
4311af4a-65aa-4233-b495-6afc8fef981a,香格里拉飯店_香格里拉飯店,其他
10939e7b-3806-4193-9522-c12a91446b42,個人_123,其他
697dbd44-9dba-4173-b954-37b82ebd66c5,個人_123,其他
79a8b67e-a0d6-4bf2-a576-5d574b471a78,個人_test,其他
44d05e07-ea44-48d4-a1b2-6c3d1f408e80,個人_Toyota 業代謝秉廩客戶,其他
38660239-ef46-4a54-9f4a-ea57b6f60362,個人_八德許育齊,其他
f1604863-0075-487d-a449-0914a05fa033,個人_三重蔡小姐,其他
a4b0a75a-552e-4b17-885d-d0ee842d2e53,個人_中和劉先生,其他
66f0d280-4fe7-4697-a9e1-4223b7fad0b0,個人_中和林先生,其他
8deb639c-fc70-4aee-9c34-2e7847163f86,個人_中和秦先生,其他
9af88bdb-5ce7-4d77-bcfb-f5ef90975a46,個人_台中太平侯先生,其他
8dd7096f-1ac4-4145-bbf7-80dd7cd9784f,個人_台中張小姐,其他
6dc3d610-fb35-4981-a650-864948876b59,個人_台中沈小姐,其他
3b0baf21-da9b-42eb-a9b6-c0bf4cd02bd6,個人_台南溫惠菁,其他
fee8bd13-69d7-40f8-ad24-0f5733ecb330,個人_台南王裕傑,其他
0386bffb-3dd5-4490-9288-0541ec93aa69,個人_台南盧先生,其他
8853f4c0-7ecb-4c09-9330-9275ea7fdda3,個人_台南鄭小姐,其他
1673265c-370e-4dc6-bfc6-1a2e2cde28c4,個人_石小姐,其他
5cc79e38-e0f1-464f-bd3c-b0d1c84d58c2,個人_朱家倫,其他
b4bd4652-5449-401c-bc80-b52d1d6de115,個人_朱家烕,其他
f74879de-06c0-4138-a881-62f96c385a89,個人_江雪白,其他
587156d9-6515-46f3-a15e-1953ef9bec08,個人_何小姐,其他
236624a8-001d-44c4-893c-5be9ffc61aea,個人_何辰芝,其他
2a9a6915-e914-4133-8d08-b31595c41bec,個人_余會長,其他
f2db8379-9f23-48e1-bac7-fe02d555f743,個人_吳榮治,其他
cb505c2d-46fe-4318-b98a-a5ed33638a48,個人_吳淑華,其他
767e8402-8429-4e1e-a011-36a05baf2612,個人_呂紹達,其他
b71469f6-78d1-421c-8814-9f0b18c0a00b,個人_宏斌汽車,其他
46b8835d-3880-445b-a632-7ec0040fdf2a,個人_巫小姐,其他
aebdb494-5b35-4f52-9d4e-d25f9a617547,個人_李佩玲,其他
c8dfe602-458a-4c3f-8951-2a256bb2c85c,個人_李先生,其他
71bc73cf-0ec7-4cac-b465-0fad53ed8241,個人_李冠樺,其他
8e27da21-3896-4d2f-b5f5-ce33663522d8,個人_李國芬,其他
7127ab91-3160-4559-8c0c-03b8370ffbf5,個人_李恂恂,其他
d786627d-7fc9-48a6-9b79-9af94fc1e0a0,個人_李漢明,其他
609288e6-01fb-4289-b12d-7fa551da39c5,個人_林先生,其他
41d6edc4-ab7f-4b7d-9f07-bddf5f931f99,個人_林李秀貞,其他
4c0c2887-1810-4941-916e-88c51fa48137,個人_林源隆,其他
2ab37722-47b4-46e6-bb89-77e133578985,個人_林煙朝,其他
2854c322-1cf4-4932-9677-d7ef6a0271fb,個人_林芝如,其他
7ad13b04-9bbb-426e-87b7-c408cf848f1c,個人_板橋,其他
5151545c-9c5a-403c-acd4-1b26a12a32b4,個人_武先生,其他
ee84f455-f15c-4cc8-869e-3c29b78eb7d2,個人_姜禮壽,其他
5e789cb0-78e7-4e26-89cd-0ef2889cbd29,個人_柯佑倫,其他
66209f44-3191-40fb-a119-7969daae0553,個人_柯鈺羚,其他
3a7f7dec-220c-417d-ae4c-b4cfc051f18f,個人_個人,其他
86b9a16e-5cd5-4398-b89a-07eb5456166b,個人_個人,其他
1d66d667-2fe4-4054-80b9-4e4026e1b058,個人_個人,其他
279d53a4-88ad-4d42-96ca-975ed033daf1,個人_個人,其他
253778c3-4429-40f1-b71e-ff63868da4d2,個人_個人,其他
373efbb6-b16a-4488-92d5-98aa1c7a77ab,個人_個人捐贈,其他
75754b98-cb66-4ec4-bc5a-7f75bb67ede2,個人_個人捐贈,其他
10e93ad8-5e38-4b2f-a7fa-f7d9d0382219,個人_桃園侯逸青,其他
b6fd3690-248a-4e9c-abcb-6d0b7fd32709,個人_桃園，經理轉向椅客人,其他
6229ad61-58c0-4006-b184-3ab610c8ba2e,個人_海恩靜寺,其他
e65cfacb-3599-4931-b396-913ffd3ac9f9,個人_特助1-kimi,其他
933aa4c5-d9e0-4962-8d91-60680defd989,個人_秦先生,其他
295ef7c7-d805-4b5b-aed5-a332104a53a0,個人_高祥,其他
363122cb-8333-4069-adf7-07fd8debb977,個人_高雄余先生,其他
30ce0da4-ced8-4135-8253-4ea44b14fe10,個人_高雄楠梓許燕婷,其他
b5c12f28-4777-477a-bc41-07eed2e40735,個人_高雄閔先生,其他
c5b43cc6-fa72-422b-9264-5245dd52d362,個人_基隆陳小姐,其他
ed47a227-5b10-4d7b-98a8-5e876dd58baf,個人_張小姐。,其他
323bf0d4-a806-4e8f-8a0f-7e71136cfbef,個人_張胡月桃,其他
103679ce-007c-4ef7-bfa7-ee65ac5f34dd,個人_梁建芳,其他
f027c5ee-fb4f-4182-a46f-11cd8bbfb114,個人_莊R,其他
406b3b49-20be-410f-945d-dd3e4937fc66,個人_許國楣白用,其他
0bcef28a-c920-4d12-9329-d285a286cf14,個人_許家瑋,其他
013b1cc1-c585-4480-b986-da2273044e8a,個人_許育齊,其他
b713ed5b-47d5-4684-b455-8f9ef0248fcb,個人_郭小姐,其他
b54dce0e-423c-4748-924f-248889f3408a,個人_郭小英,其他
66406cb5-908a-40de-9d7d-21d3aafcdf01,個人_郭燕,其他
9053582f-ff69-4c3d-bb72-90f4e843bb8b,個人_郭雅妮,其他
ec236330-128a-4693-8f26-ac6c1e6da113,個人_陳小姐,其他
72a2099b-ad96-44a1-b2b5-35205f2129f5,個人_陳小姐，,其他
a637166a-4c2b-493b-b4bc-2ce8dfa1ec0d,個人_陳建源,其他
93aaf647-7c5d-440a-83ac-26ebd378bb46,個人_陳盈成,其他
5dffbec4-a951-4228-8e10-f0ec5f2931d5,個人_陳美珍,其他
9af76574-8ed8-42cf-84ac-5584c152bd4e,個人_陳萱,其他
5633eb92-fa5b-4f26-a758-b0a21ad5713a,個人_陳麒方,其他
cd9b8d6a-41c4-4055-b43f-291eee6a5586,個人_彭先生,其他
b15c124d-ebc3-454d-ba3e-24d004422734,個人_彭貞香,其他
ded47e5e-f37e-4920-9ef1-bc8ea4654f30,個人_曾繁彬 蕭宗儉,其他
5d194d04-e7b9-4abd-9eb9-910b34f918c1,個人_黃小姐（楊子儀）,其他
55cff4dc-d82c-401f-bb7d-5d9f517b9cba,個人_黃淳仁,其他
513372e7-2019-4ac8-918e-8ca40a78215f,個人_黃雯珊,其他
ef1a00c8-f571-4606-966b-0efabb61b50f,個人_新莊許小姐,其他
d8e5f86b-3ce7-4958-b881-ef1c1ce77752,個人_楊永詳,其他
617948b5-ca6d-43f3-9f27-d94cffa48bc1,個人_葉佳誠,其他
186170dc-9fab-4e8c-84f0-bfde52a7090f,個人_葉先生,其他
e5325903-933c-42ce-a63f-0fb0c31de88d,個人_葉春望,其他
d1e40a20-a810-4bda-af4c-8559d61db7ae,個人_詹小姐,其他
b0f7a3dc-1b16-4798-a4ce-7d8f26229a06,個人_彰化陳小姐,其他
babe003a-2525-40de-86a8-8b22ba392f41,個人_翟先生,其他
3b14935f-b7ea-4593-8317-8437bd504d4a,個人_劉先生,其他
19ae520c-8159-473a-9f41-6a1cda4c10d7,個人_劉寶珠,其他
8a6d4e04-316c-430d-ab17-881f8259277a,個人_劉文裕,其他
9d7bc0e3-f4ff-40b5-80fe-215c2d119554,個人_劉文裕,其他
93a3d8ea-c100-49c1-bade-c1eeddb33471,個人_劉雅妮,其他
48777844-e2f8-48c5-b7ab-3153ba9a947d,個人_潘易凯,其他
2ab52151-421e-4f26-9f81-dbd4520d5f3b,個人_蔡杰峰,其他
c5dc02b1-7330-438f-af18-f28616396627,個人_樹林杜先生,其他
dc6ce4cf-d187-4063-a1d4-4e2fc201b10b,個人_蕭小姐,其他
daf5a2cd-ebf7-4787-bce6-e8e2439ac240,個人_蕭糯,其他
dda8e044-5a10-40ac-9915-4f629fae3e67,個人_勵公司,其他
5b84d14f-d58c-412f-9cc1-6a00672e2685,個人_戴小姐,其他
a3e410e6-9e53-46ec-9dba-a4bb81e8e139,個人_謝佩萱,其他
a6b0f89c-74d1-4b11-b8e8-839998fff3a9,個人_謝志良,其他
ddfe9c70-3e68-4321-88ea-cb5077b56230,個人_謝明宏,其他
3b48b395-728d-4c6d-96e4-1f1a9a0166f5,個人_簡小姐,其他
b4d304ef-e693-491b-b254-62c5eef7efe6,個人_蘆洲劉先生,其他
43c5390b-8a41-4841-bb19-b4b9c05a321d,個人_蘇淑珍,其他
280250fc-27e7-4b01-afb3-618eedf581d5,個人_蘇鈺淇,其他
9b7a3855-d0f2-4607-97b8-355b068d1f90,個人_涂嘉峰,其他
21e11c65-8840-4821-aa3f-a815681541ab,個人_中醫診所,其他
719514fd-e7af-4bc7-a57a-226f6bd41c5a,個人_永昌動物醫院,其他
3ad474f7-8b0c-42e4-a2b6-5884b275cf0e,個人_慈建診所蕭醫師,其他
a447c77b-4d77-4d39-a5a6-6ba0f241e1bf,個人 唐先生_個人 唐先生,其他
86224377-f3d6-4937-b165-35b2ee7f692c,個人吳秋杏_吳秋杏,其他
08699fa8-2745-4008-b8e6-7dfdafe967c4,個人捐贈_三峽吳先生,其他
148aa30c-c4ae-4f7f-a75b-852389a0ed34,個人捐贈_三重陳先生,其他
87eb4632-83c6-4fa1-8f92-2515ec41698c,個人捐贈_中和黃女士,其他
8efb2fa8-97c0-4f60-aa8c-98ef1599812e,個人捐贈_五股吳先生,其他
6e18f57b-cf90-465e-a091-b5b11a86acad,個人捐贈_五股黃小姐,其他
ad129c15-acc5-4a61-9f6d-d720ab4b8bf9,個人捐贈_王富雄,其他
5a9fe25e-70b9-4055-b2df-9eb4e4cd462f,個人捐贈_王林德,其他
1348ad30-1f14-4551-ba7a-48943e99cec8,個人捐贈_王金員,其他
4a66180c-24c3-4556-b1d6-0b314163a1db,個人捐贈_王雅珊,其他
ac0014d8-465d-4bf9-ab3e-7456e38245e0,個人捐贈_台中 陳小姐,其他
760162a1-5527-48f1-9970-d6a90f0a31df,個人捐贈_台中林先生,其他
98aeca64-6b08-45d9-94da-562a9e3ab00d,個人捐贈_台中柯同鐵工廠,其他
8ea5ac6a-e31e-4d8a-9de7-cc2980457e24,個人捐贈_台中楊媽媽,其他
65985fef-2fe0-47c9-925f-2e4fc04d70f7,個人捐贈_台中瀋陽路王小姐,其他
a8fe9230-d864-4837-a282-1b2627a4f6cf,個人捐贈_台中瀋陽路王小姐,其他
601ac3d0-78f7-4ebe-b6d1-355f055f2136,個人捐贈_台中王小姐,其他
6de48242-c7c7-4213-9206-9f6546a6d7fa,個人捐贈_台中王小姐,其他
7705c6ac-a2e2-4af0-bac8-71c8870f8bd0,個人捐贈_台中王小姐,其他
7100d4eb-5567-4541-84a2-2758b0bacc48,個人捐贈_台中王小姐,其他
c7b1d3de-81b3-4f97-927d-b92b21873d63,個人捐贈_台中王小姐,其他
a639b8c4-c08d-4122-ad7c-c7970987ad44,個人捐贈_台中石小姐,其他
6a1319c7-61b0-4ad9-b4b9-0c686cc3011b,個人捐贈_台中蘇先生,其他
f2618f94-75ee-4176-880f-66e80cab2cae,個人捐贈_台中賴先生,其他
ca620ff5-7d9d-4c23-ae6c-14c41614156a,個人捐贈_台北王先生,其他
daacd774-2de4-4591-a88c-1d39c545e2ba,個人捐贈_台北陳先生,其他
af470328-db4f-4500-880a-c43940f83a61,個人捐贈_台南杜老師,其他
411575f6-53af-44a1-be6b-5c38eaa6fe1b,個人捐贈_永輝,其他
2a0b8110-1d7e-4842-9138-9f527403af45,個人捐贈_安信國際,其他
00397488-1a85-4c52-9409-25dda1114ad5,個人捐贈_吳淑華,其他
16e00934-0694-41a4-bf6f-4505b3b74182,個人捐贈_巫小姐,其他
81fcb5a0-6dd9-44b1-afdb-cb94d93b210c,個人捐贈_李維昌,其他
5409efbe-b073-420c-a264-d0b7dca4d804,個人捐贈_杜小姐,其他
1f177c63-154c-455a-a347-6fb2651ea2f4,個人捐贈_周小姐,其他
86fa5147-2075-4f27-b165-581cfa51e341,個人捐贈_宜蘭莊先生,其他
b2b0c5c1-bda1-4151-8258-9fdc5a664dc2,個人捐贈_昇達-李總,其他
0256d71a-2b74-4b2a-a6ea-fc99b9d82b11,個人捐贈_板橋林先生,其他
c1a7653a-4bcd-4f85-9b7a-95dfbf24aaca,個人捐贈_板橋陳先生,其他
8fee3b0e-5779-4f72-9e9b-a10e4d58133d,個人捐贈_板橋黃小姐,其他
642688e5-3bff-4461-95d4-fdfec7b42bf1,個人捐贈_欣桃瓦斯,其他
69689bd3-2129-4fdf-b1a8-7ba954931194,個人捐贈_信義黄先生,其他
87649e7a-675a-4985-9e22-86380167b4f1,個人捐贈_侯家滷味,其他
c6d3966f-e911-413b-91be-397bd033f702,個人捐贈_威镫電器,其他
3e1d581d-c74e-4d54-9d67-f9a52d73fdd7,個人捐贈_屏東王志銘,其他
5d203e3f-4c34-4f84-b6d9-f736ddbb3a16,個人捐贈_洪清暉,其他
4064480f-dcc6-4db6-9e77-553d87473187,個人捐贈_徐劉完妹,其他
1d84656d-2e39-457f-bc38-38a76e0a41c7,個人捐贈_桃園陳小姐,其他
91d4da80-bb89-4c14-9fe1-1606532dc1c4,個人捐贈_泰銓五金,其他
0c74a1e6-a7a2-43d4-b664-5bc34babe41f,個人捐贈_烏日蔡先生,其他
f60819ee-7c90-4419-acb8-a08ba27f7887,個人捐贈_高雄劉先生,其他
c9b214ae-8ab6-45b0-abee-15cdfbd6f33a,個人捐贈_高雄林先生,其他
2a53c6ce-d8ee-4008-a6e4-568e0c154248,個人捐贈_寇茂華,其他
2bba072e-8eba-4883-a139-eb207f2f4cf5,個人捐贈_張幼梅,其他
4f5ba70e-254f-412a-abca-096f15ad3114,個人捐贈_張愉羚,其他
e4e06c06-bef0-4754-ae61-8ff376562705,個人捐贈_許應欽醫師,其他
76a2a774-1d14-422a-a0ab-79cde35eabcf,個人捐贈_陳光偉,其他
1aa8a64a-2c3f-4d1e-8642-837474ac48a7,個人捐贈_陳小姐,其他
8d59dcfa-7bee-4242-95f8-2a30add39fb2,個人捐贈_陳小姐 公司捐贈了解,其他
29ede4f7-551e-425f-88df-23832d37070e,個人捐贈_陳曉妍,其他
67dcb6da-a5c5-46da-848d-9475fc2f6352,個人捐贈_陳鑾嬌,其他
fe805bfb-dfdb-47d9-91c5-d35e80dc460f,個人捐贈_斯貝克,其他
c3e7946c-da65-4ccc-bbcf-fd0b050c6f7e,個人捐贈_雲林王先生,其他
f2b47f47-c5f5-45db-ab83-880dd70f99b3,個人捐贈_雲林陳小姐,其他
d081ca8c-4c19-4c84-8b1a-7fb5dccece56,個人捐贈_馮先生,其他
115522ee-8fac-4781-946c-d30bb132ba6d,個人捐贈_黃千慈,其他
5b6da4dd-46ee-4e59-8092-f96d797c094a,個人捐贈_黃惠敏,其他
74b69514-6dc2-4efd-9f91-13c48f44ce94,個人捐贈_黃武春,其他
e4be4601-67cb-4f8a-b760-802bc3d7106f,個人捐贈_新店朱先生,其他
344e8942-8344-44b4-96b6-80b28536127a,個人捐贈_新莊林先生,其他
d4084516-1806-44e3-b691-5aec23383e60,個人捐贈_楊先生,其他
91880c9c-63fe-47e5-b384-60aeae7ae346,個人捐贈_誠揚會計事務所,其他
efd7242c-9874-4977-946d-5fad38ee9976,個人捐贈_鄒來庭,其他
7fe16318-c9e5-494b-bcdc-0270c04c7986,個人捐贈_彰化黃先生,其他
36ac0be0-5efc-43ac-b21d-166dcb8b9981,個人捐贈_福邦企業,其他
750b2f48-d0f1-4d20-bea5-d63ddefe65aa,個人捐贈_鳴偉國際貿易,其他
b8041e94-0462-4129-b47e-79997a9438e9,個人捐贈_鳳山李先生,其他
d5169d5a-331e-4e4c-b671-df6fed7c25f1,個人捐贈_鳳山李先生-萬泰,其他
236112a6-21ec-4dd3-9300-51270435e81e,個人捐贈_鳳育,其他
358b64d4-a5f4-424c-967e-95bad07feefb,個人捐贈_劉仁甫,其他
b741990d-8eb8-481f-af54-4305532dbd59,個人捐贈_劉秀卿,其他
bebf283c-6cda-4152-84dc-6e554cc4a46e,個人捐贈_劉銀惠,其他
294c4592-4ec1-473a-a2ce-453aa808a4cc,個人捐贈_蔣先生,其他
3adcb484-f63c-44d6-a2be-d9a1549cca07,個人捐贈_蔣國忠,其他
2ef56ae1-1e42-45a1-8a64-42fceec2ee96,個人捐贈_蔡献忠先生,其他
b08a71d3-cd8b-454e-8f17-3ba73f76872b,個人捐贈_賴金山,其他
57d2be20-d34b-4876-9f0a-e60394e36d63,個人捐贈_藍玉琪,其他
2c3c0898-5e4d-4a9b-bdc1-c0b2383765de,個人捐贈_豐原徐先生,其他
12f7966a-f937-439a-b394-72c9ae4fe069,個人捐贈_雞蛋糕,其他
8bce98c9-881d-457c-85e0-47d63c88f73f,個人捐贈_蘆洲里長捐贈,其他
596566fe-c6f6-47e1-ade1-b71ea90504a7,個人捐贈_蘇秀珊,其他
659ea613-c4bf-48cb-868c-4184cf70b6cd,個人捐贈_台灣祀典武廟志工協會,其他
2381116a-996c-4161-b014-e07a701248ee,個人捐贈_永通國際物流股份有限公司,其他
dc15d872-14e2-4183-91cc-91339f948beb,個人捐贈_永通國際物流股份有限公司,其他
32bff0fc-8b34-4934-8581-cceb6f97911a,個人捐贈_甘露慈善會,其他
d71cc89b-e94f-4890-a6a3-11133833abd5,個人捐贈_甘露慈善會,其他
c89e819b-1c2d-4f4b-a2c9-5e7a41b579ed,個人捐贈_百是通國際股份有限公司,其他
2c2965be-1600-48da-914c-0fb60cd55545,個人捐贈_佑春企業股份有限公司,其他
4b65f80b-08f3-4971-87ad-f165e3efb303,個人捐贈_昇達彈簧工業有限公司,其他
6733047d-ce47-40c3-95ee-61f807954d6a,個人捐贈_帝潮實業,其他
f853a645-7cb0-488f-839d-4cdc8f6aa7d4,個人捐贈_宿泰有限公司,其他
e0041f91-e7ce-4fde-866b-17adc2e067fa,個人捐贈_祥景精機股份有限公司,其他
3d373dfb-db25-453c-94f7-800ab3892fe3,個人捐贈_瑞鋐儀器股份有限公司,其他
ec0fb12e-5595-46fd-bf28-c86b136ce0ba,個人捐贈張文龍_個人捐贈張文龍,其他
552c949c-cca7-4540-8b34-4f1430c0788c,個人捐贈李榮炘_個人捐贈李榮炘,其他
268edb46-eadf-4ecf-9f3d-0485f59740fc,個人捐贈江小姐_個人捐贈江小姐,其他
da580eff-88bb-44c1-a138-89ef623c0e58,個人捐贈謝淑女_個人捐贈謝淑女,其他
2b651da1-83d4-4888-b3f8-ee61b6b1a5e7,個人捐贈陳雪嬌_陳雪嬌,其他
72725e94-716a-4868-bd16-60805d43aaf0,個人捐贈黃文翔_個人捐贈黃文翔,其他
a66f3ef0-fb10-44ac-921b-cfe6c48080d2,個人程文華_個人程文華,其他
d167e842-d8a6-4cb4-93dd-4d7384cfaaed,個人自用_YMCA台南,其他
93e85e48-4117-409f-873a-d952f5b0a684,個人自用_大雅黃先生,其他
1c8edce5-492f-4950-8e64-edd80ffa1132,個人自用_方全通先生,其他
f363e5b2-32f1-453b-a6cf-c831f53f17c1,個人自用_台中吳小姐,其他
37a1f8c8-2e7d-4d2e-b53a-192d990ec080,個人自用_台中張小姐,其他
775e6756-1937-49d7-930e-244ae80ccc00,個人自用_台中張小姐,其他
4ea68c64-eb77-4dba-8732-898c03e18c77,個人自用_台中李先生,其他
c216b88a-431e-466f-ba59-8b9522f5e5a9,個人自用_台中李先生,其他
b30a8650-a4b6-4203-bdf1-ecc380b5cd7a,個人自用_台中詹先生,其他
dbb9a347-2b32-4fe9-9e7c-7b7078235958,個人自用_台中陳先生,其他
72aae449-c2c0-4ad7-86c2-790517eda681,個人自用_台北楊小姐,其他
e3aac0b5-4e80-42d8-b39f-0e22f4ed4ec5,個人自用_台北汪小姐,其他
b6a395da-c4c3-498c-aa5b-4060a0276a75,個人自用_台南徐先生,其他
dc604868-25e3-46fb-aa57-7a4a54f740e1,個人自用_台南葉小姐,其他
2eed9acd-b43d-42df-97e1-bab29a752ac5,個人自用_台南閻先生,其他
c632e32a-d3af-450e-a9a3-711d5a9f9f48,個人自用_永和張小姐,其他
a931ee0a-d1d9-4b41-ba44-0c7fd2a48e3e,個人自用_汐止王小姐,其他
d42a0e2c-d361-43fb-b311-f9a61413b26d,個人自用_宋先生,其他
f5e33684-469a-4257-acd9-e3e47950b8b7,個人自用_沙鹿陳先生,其他
2aadfb82-6ffa-45ff-baad-5c11f2459705,個人自用_宜蘭姜先生,其他
8654b411-d6d6-4eb8-9370-7992f810f654,個人自用_宜蘭姜先生,其他
a23555d8-ed40-4b31-860b-080a8401fbe5,個人自用_宜蘭曾先生,其他
44cca248-98b2-4973-83ac-6f514ff2487e,個人自用_宜蘭陳小姐,其他
65cd7492-4890-4578-a319-4b559388edd2,個人自用_南投張先生,其他
4e0030c0-e5e5-411d-bda2-f8597fcfdbe8,個人自用_南投莊先生,其他
d97495b2-c248-41a0-bd56-45c647eb44d6,個人自用_南港楊小姐,其他
929b994e-ab43-48f4-832a-6741821cd393,個人自用_高雄,其他
7b42467a-b702-4439-820f-5636fa3c3c92,個人自用_高雄王先生,其他
bae7bec0-37fd-45ef-8103-5be0e0f69ab0,個人自用_高雄顏先生,其他
2a21bff1-18ec-488b-9e4d-cad4f219ef3c,個人自用_喬暉電子,其他
86675160-55ac-4903-ae20-5154d9667c0e,個人自用_喬暉電子,其他
5ff73dcc-5e58-41c6-913e-ded864b44cc7,個人自用_曾先生,其他
cd2d2afe-1fba-45df-9311-734c709ea21f,個人自用_雲林張先生,其他
17c979cb-4ada-4a1e-83ca-f777011e25e2,個人自用_雲林林內張先生,其他
2898a12d-58b0-4c2a-88bb-0a426f95e6a0,個人自用_雲林黃先生,其他
91d70392-3a4f-4a9d-9572-3d5e7c91ac3e,個人自用_新店高先生,其他
749a5769-8ea8-4991-984d-36af6a0963d5,個人自用_新竹黃先生,其他
8d1c0a1b-5910-459b-b4ba-903950dc47bd,個人自用_葉小姐,其他
b01db35b-0d94-46b1-9b84-727a03f66ced,個人自用_裕聖化工,其他
8c359119-49c2-4542-a34e-bbb10a695c7e,個人自用_嘉義林醫師,其他
affd040a-62bc-40c1-b4fa-1821d7fddc5e,個人自用_嘉義王醫師,其他
39417b5c-50ca-481c-bb70-d806fc8fcbb6,個人自用_彰化江先生,其他
e65512b0-0787-4ab8-975e-a853587abbb0,個人自用_薛小姐,其他
464c6e40-281a-4524-a0ee-5fb7b5c21c74,個人自用_高雄黃先生,其他
f50cfd5c-acf2-46ae-b0b5-c45c432bbb69,個人自用_嘉義蕭小姐,其他
e0f4e196-559c-4f09-82d4-56a6d6f319ac,個人自用_羅榮玲,其他
6ce9ee9f-e442-4faa-b437-22ee552fe25d,個人自用_永愛社會福利關懷協會,其他
15a2dcfd-6533-4ecc-8a6f-acdfd627a130,個人自用劉先生_個人自用劉先生,其他
ce16178e-b4d6-4ee8-ae1b-e468521e2781,個人自用陳永濃_陳永濃,其他
b04f3b1c-f947-4644-9076-4572140fe5d6,個人自購_史小姐,其他
62443895-0692-44f7-a930-8a5554f178be,個人自購_來電彭小姐1/12,其他
6feab705-c069-4995-a77d-c796c6d0d6cc,個人自購_林先生,其他
1fc3ee48-a092-4c43-b35f-e7ec1ba1fabd,個人自購_南澳張先生,其他
5d419499-92c4-4132-b28b-0a638fa65177,個人自購 徐振綱_個人自購 徐振綱,其他
ef126a65-8456-48a9-bc2d-ca374c2c09f4,個人自購吳勝生_個人自購吳勝生,其他
b8417168-7272-45b7-bdbe-16cff4b155e3,個人自購石逸聰_個人自購石逸聰,其他
29c08953-ba23-4c73-83fb-50bb42ac0350,個人自購葉佳龍_個人自購葉佳龍,其他
20e41a14-a73b-47e6-8aa8-6493dc1a9bf0,個人自購藍森_個人自購藍森,其他
422b44d3-18be-429a-b845-d8724d7e13b1,個人莊聰能_莊聰能,其他
06b461d4-321b-4b51-9e0e-ef6c5ea0eef0,個人陳雪嬌_個人陳雪嬌,其他
e8556776-00c5-4547-a221-12f403a2127f,原動力托老中心_原動力托老中心,其他
859aebf7-d3ef-4df4-878e-bae6c411480e,唐修豪_唐修豪,其他
b66b3452-f1a8-4b2f-9122-e14b0a183b98,哲任租賃_哲任租賃,其他
5d4219a4-331a-4b0f-abf6-f45d37b98dcb,哲任租賃北投_哲任租賃,其他
fd071aca-dacb-43d7-bde3-99eb4ca2c8d3,員工活動_員工活動,其他
c124a7b0-e6b3-4c12-96f2-a9aa8df5aff2,員林 中華賓士_員林 中華賓士,其他
fe137df4-1c99-461e-b4dc-51157fbce683,員林扶輪社_員林扶輪社,其他
c109e91b-ef49-41b9-9cf5-65fbfaea9839,員林青商會_員林青商會,其他
506c6aeb-51b0-4e1d-a33a-a9955bee4716,員林順益_員林順益,其他
5b292e44-ae3f-436a-9ac7-04cd476e2562,埔心昊天宮_埔心昊天宮,其他
15d252ea-664c-4d23-b75d-32b3e2fd5e79,埔心青商會_埔心青商會,其他
40ed7722-4fbf-4262-af8a-6349a4660dcc,埔里toyota游依珊_埔里toyota游依珊,其他
d27fbc5e-13e9-4e32-b26f-4edec7955ff9,埔里個人楊小姐_埔里個人楊小姐,其他
dbbf7306-22bb-44a8-b231-8aeda06d492d,埔里所toyota_埔里所toyota,其他
6b3a19c9-3606-4066-97ea-1655527e2a28,埔里所匯豐_埔里所匯豐,其他
8a1fb62e-7aaf-4826-b5d2-b97b4e087a36,埔里現代何宏裕_埔里現代何宏裕,其他
ed969980-7867-4a8f-af80-59a78d793d75,埔里現代汽車_埔里現代汽車,其他
174260bf-2b20-41a4-944d-9ddbc42cc5e0,埔里青商會_埔里青商會,其他
8d6d27a3-f1bd-4437-b636-3422784a1cc5,埔鹽陳丁松_埔鹽陳丁松,其他
fbb7d334-c0b4-4675-9b5e-2531297233f0,夏威夷衛星車隊_夏威夷衛星車隊,其他
1484bac3-b202-41d8-b8ec-b287a78b477c,夏都_夏都,其他
a318023a-01bb-4cee-bc22-ceb351dac2b6,娜魯灣飯店_娜魯灣飯店,其他
54174c6c-32df-40bc-a86f-e5d26c91ad3e,孫仁杰_孫仁杰,其他
a25d4cf1-8d2d-43b9-b467-ed354ffea7a1,孫鉦忠_孫鉦忠,其他
7c943bb4-3004-45fd-850d-64caf7133797,宰樞廟_宰樞廟,其他
953e1a47-9f52-4041-9b81-dd51bdb90bff,家恩日照_家恩日照,其他
7ad40513-ea98-4310-9eba-ff22e09107ce,家托_花媽社區,其他
70a552bc-06b9-4f79-8818-e2ae2442d6a8,家福社區日照_家福社區日照,其他
fe413a68-3406-4e1e-981e-813a453f1463,宮廟_八里無極宮,其他
b9c9c94b-ede0-4434-b9b3-b85a7a2b100c,宮廟_大園仁壽宮,其他
acb5ebb0-8b45-4370-9c4a-02c13debb201,宮廟_文昌宮,其他
9e18efac-4cfd-4b4b-9016-ef6953e7bc72,宮廟_北安宮,其他
89d56bf0-8b7c-446c-a1cb-a18d89c9b7b8,宮廟_明善天道院,其他
81395650-77f6-4f64-9d13-557c6bde0c5f,宮廟_長興廟,其他
eca3b908-af07-4170-be6b-81b5bcfe2e31,宮廟_長興廟,其他
6d85ebad-2a45-44b1-b628-dad165d7eca3,宮廟_長興廟,其他
2a299c72-e7d1-458b-9338-c845da87c849,宮廟_長興廟,其他
1d02a8f4-0920-463c-8f37-7672c838d206,宮廟_南山放生寺,其他
8df6f624-1107-4879-8f41-5db95291155d,宮廟_南投紫南宮,其他
e618856b-bcf6-488b-af18-d89d081b734c,宮廟_高雄鳳山代天府,其他
f7d68657-51f6-41b4-bd61-8f3693d3c6ff,宮廟_清聖宮,其他
54ce055c-123f-41ba-94ab-e18785c8c84a,宮廟_賀聖宮,其他
ff461224-b29a-4b70-8702-5f0a7463a89c,宮廟_新店開天宮,其他
3fe98ed0-0e2d-43e3-88be-e6985ccb3ebd,宮廟_嘉義城隍廟,其他
0cdb3d08-c6e2-4790-9112-bdf9f341f1f2,宮廟_嘉義城隍廟,其他
3515500e-d5a7-4350-8337-a974d8b007af,宮廟_緣道觀音廟,其他
20adcaf4-7458-468d-b9fc-291a99ed6302,宮廟_蘆洲湧蓮寺,其他
7b6fdc3f-8e5d-40cc-8fd1-bc053490e3df,宮廟_三代祖師廟,其他
d4969c96-4598-4a91-b6bd-52aa7b1baa19,宮廟_三清宮,其他
e5bd9455-281f-4c20-bf12-e107e4b47c4e,宮廟_大莊關帝廟,其他
759b2590-d8a0-49e1-9587-3085d11e7958,宮廟_中安宮,其他
a35cccb1-01b5-4ab6-8dae-87a4ce82258e,宮廟_五穀王廟,其他
1e4d0820-b5ed-4466-b96b-40b8bf083069,宮廟_元天宮,其他
f895938d-5955-4d17-ba3a-fee16d855584,宮廟_六合境油行尾福德爺廟,其他
4edc6cb8-9195-4569-ab58-7ea0058b7439,宮廟_太子宮,其他
36ab4f4b-fcb8-4a45-ab60-db9572dc369c,宮廟_太子廟,其他
bce46626-0fb2-402e-91fd-394d9aee739b,宮廟_太子普安宮,其他
2e716e7e-7cca-44ad-bf0b-ff471aae9d96,宮廟_太安宮,其他
5de25299-42ca-420a-8a7a-bb0c60110a74,宮廟_月港武廟,其他
92a9ede9-d5e1-40ef-8912-516804740812,宮廟_代天院,其他
c273c9d4-8bb9-49ca-b1dd-1a7759dde25a,宮廟_北極殿,其他
90f0d1b8-1a5c-44e5-b605-112c5594e4d2,宮廟_北辰宮,其他
9efb2bce-b78e-4119-8e04-bda64fc5a1a5,宮廟_池王宮,其他
d3f420c0-4d3e-4613-be76-e6452d13fc89,宮廟_竹圍代天府,其他
99c608cb-e07c-4184-a1c4-09d65f1efd11,宮廟_赤山福德寺,其他
cae05f81-b2fd-4174-9b99-8f6c13ca7193,宮廟_車店開山尊王廟,其他
9fbeef38-1573-4a9e-8128-7a15c3394c81,宮廟_青龍宮,其他
8abc4985-2920-48de-9980-22350abf9313,宮廟_保安宮,其他
38b65097-59ec-4ef0-b3ef-1a2e63c38866,宮廟_南天府,其他
ebadf09e-3ab1-4cdb-96da-c215e54eb1b9,宮廟_昭清宮,其他
9c50d398-0d8d-4f99-9514-33c66618a488,宮廟_飛虎將軍,其他
6292a67f-16d2-4217-9fde-b3af3ef2fc07,宮廟_真亘古廟,其他
a74bdb73-0315-4332-b678-c7674348e0ec,宮廟_配南宮,其他
68a82da4-4ac0-4f15-8abd-22a106a3bed9,宮廟_崑崙宮,其他
ed1f5909-befa-4b6c-8b9b-b951213e05d6,宮廟_清寧代天府,其他
134ec0d8-897f-4136-9912-648a927c1773,宮廟_朝天宮,其他
d86bbc38-0483-4a2a-b9c7-5a684e29d42f,宮廟_朝天宮,其他
30e5aa78-435d-4630-8c12-abf75f8f8570,宮廟_開基包公廟,其他
7604755e-7cbe-45fa-aca5-ccb05112b650,宮廟_開漳聖王廟,其他
33315b9f-d3b6-4ee5-b4ec-ff83ce01666f,宮廟_慈和堂,其他
fe0fd0d4-9c26-44bf-889c-f68d49df0ce6,宮廟_慈明宮,其他
d1b66de6-1c67-491f-9eda-9f5e7792775a,宮廟_慈聖宮,其他
f11b4b96-12f5-4d15-b124-652e7a177e29,宮廟_慈聖宮,其他
7fd93dcb-d673-4734-a578-2a2c48ed0c77,宮廟_新化護安宮,其他
1b3f0bc6-0565-451f-b36e-7fe96d2d1512,宮廟_新莊仔青雲宮福德廟,其他
e91aaeba-94d2-42f0-a569-64915dce72fc,宮廟_聖后宮,其他
18d05c0f-d683-4a8e-912a-3d1bcf6ad30b,宮廟_嘉興宮,其他
6c463847-62ab-42ea-a4b5-d54ad79325ad,宮廟_嘉邑玉皇宮,其他
56ffa7e1-3269-4189-8e39-1fe79689fdf1,宮廟_嘉邑鎮天宮,其他
616f7396-0576-4b6a-afe1-d4efbe973613,宮廟_壽天宮,其他
580911e3-2ba3-40cb-9a47-3eef478f6b6c,宮廟_福安宮,其他
4ba292ff-246c-47c1-aec4-b32db252296f,宮廟_福安宮,其他
8c87a16e-ea9b-422e-b4fb-ed1318cf86d5,宮廟_福祐清宮,其他
9c4cbd61-8117-41a6-af72-4007c5e2455a,宮廟_鳳山天公廟,其他
b6e44b0f-8579-42e6-9ec1-d7f4cddf397c,宮廟_龍峰宮,其他
6165365e-1e5e-4f6b-a81d-ac1ca1e1c78b,宮廟_鎮南宮仙宮廟,其他
1aa5ced7-668e-47fc-9d6f-33adb68c3a78,宮廟_關廟保生大帝,其他
102c5557-62c4-4a82-908e-6005d81b62c3,宮廟_護東宮,其他
50f5e3b4-4350-40db-bbf5-833ae06a468d,宮廟_靈善堂,其他
015225da-65d7-4af1-a75a-f75e7de88444,宮廟_鹽埕觀音寺,其他
79183ede-9dc1-4352-9e32-257915417401,宮廟_觀音廟,其他
12768933-1980-4e90-95c4-af20501cc819,宮廟_觀音廟,其他
c6244936-b8b1-4ce2-8706-4eea28546d5b,展志興業_展志興業,其他
69a207b7-24c3-4e01-9f0d-519c208aa3b2,徐世鵬_徐世鵬,其他
9055dd96-d4cd-4d06-9ef5-ba03fe11f638,徐享_徐享,其他
0faaabfe-c73f-42a5-89f9-d6f0a090c562,徐修宇_徐修宇,其他
bdd1f0b2-e6f6-485d-9931-f1a72cfe9880,徐榮鳳._徐榮鳳,其他
cc722abc-b03a-4909-97d4-0cc6309ac737,徐榮鳳觀音._徐榮鳳,其他
51f1f086-fe07-433d-9122-a129ae29f14d,徐榮鳳觀音.._徐榮鳳,其他
ade52808-0db7-4091-8c77-7dace801d113,徐紹恩_徐紹恩,其他
b925c3db-4db2-43ec-a2fa-f86e93a52411,徐耀鐘里長_徐耀鐘,其他
1a14bc0a-0092-4b06-a673-a9ab3c2ceb9d,振發_振發,其他
20147068-54a7-4dc0-9fc7-3c171821ed92,捐贈_長城獅子會,其他
48a20db6-8c5c-45ff-885f-b4fe3b37f01d,捐贈_台味到國際貿易有限公司,其他
4457c9ee-1bad-43de-aba2-104f4672f54e,捐贈_易而安生醫股份有限公司,其他
487e4701-de3a-4d59-b899-e4113ced19ab,捐贈_冠億食品股份有限公司,其他
e94eaf76-7442-49bf-8096-816b1863ec16,捐贈李明霞_捐贈李明霞,其他
f8ef5754-88d8-4c84-aab2-e9d3f90c105e,捐贈陳先生_捐贈陳先生,其他
8c143179-0cd0-4a02-80d1-f93a8c10efb1,旅館_DiDiHose,其他
cdcf15b0-65e2-4197-89ec-c6ad60b16915,旅館_森林寓,其他
2509a276-814c-4d98-b41d-2e4fc1817d67,晉德宮_晉德宮,其他
b2afe5e9-dd76-4286-95c5-9ea72f616fbc,桂田飯店_桂田飯店,其他
e6f36ac9-8251-49a0-90e5-01944d64f079,柴山獅子會_柴山獅子會,其他
a69aca79-8a03-45ca-8c43-ad6a98d41ae1,柴山青商會_柴山青商會,其他
cc79dab5-c154-41e9-8218-e19e5492705f,柴頭港福德祠_柴頭港福德祠,其他
576f230a-bf88-45ec-9a40-cc9d96550eab,桃園國際獅子會300 G2區_桃園國際獅子會300 G2區,其他
7ef475a5-767b-492b-945c-7d22f2b48277,桃園女青商會_桃園女青商會,其他
c7c3b1b3-e208-45e0-aeec-351496dfc5f8,桃園市大溪調度站._大溪調度站,其他
fd038465-fd3f-4de7-a434-0d13ee90c061,桃園扶輪社_桃園扶輪社,其他
e1e93348-0728-4629-ae7c-100dafd83990,桃園格上_桃園格上,其他
3f67f6ad-b1e2-4ef9-9624-3bf561b2f79f,桃園火車站_桃園火車站,其他
1c7c209c-73a3-4f2e-b60f-7fd6ae9ec064,桃園生通_桃園生通,其他
0dcc58a1-a4c3-4d5a-a4aa-2ec36398dc70,桃園福斯_桃園福斯,其他
e6dce8b4-72d2-478c-b69e-8f8bd8567159,桃園福斯_榮陞-桃園,其他
8f497863-da24-4fe2-9872-6a717fdf3274,桃園福斯文中廠_桃園文中,其他
afa753e4-ce8f-4bb1-998e-003611955234,桃園青商會_桃園青商會,其他
8981a4d0-043e-4d12-83f9-603022e42c56,桃花源扶輪社_桃花源扶輪社,其他
980a782a-89a9-477c-ace3-879b9da79d71,泰北高中_泰北高中,其他
b47f7476-cf74-4528-86f5-6cd00d039aec,泰宇營造_泰宇,其他
9a9e593b-31e2-450e-b804-840f07196299,泰山奇蹟公共托老中心_泰山奇蹟公共托老中心,其他
2d5cbc71-3b6e-4141-bd6a-6b855682ebfd,泰山起仡點_泰山起仡點,其他
86fe0b6b-e94d-4cc2-af77-446b32ef4049,泰山起屹點_星統,其他
8c0ea8b1-f821-44db-9367-7cf116b6a4da,泰山青商會_泰山青商會,其他
99bbac70-0ab8-4c7f-b4cf-4619c918e71e,泰風工程_泰風工程,其他
7a16d807-26ff-4458-ac1a-ab2372f9333e,海山宮_海山宮,其他
08b0e416-bf57-42b3-9e6d-d416bbc8508e,海峽會_海峽會,其他
329f3829-2b11-4879-9657-2132a1d9d0e3,海霸王_海霸王,其他
c4e818ce-6323-4b56-b464-ea036a50a2c0,浮洲福德宮_浮洲福德宮,其他
6b175385-44e9-43e1-87dd-afcc2b1bf8ef,浩然居_浩然居,其他
f8ebfffe-700a-4352-8e32-737040f9a1d7,烏日 南丁格爾_烏日 南丁格爾,其他
4e5b164e-b89f-49da-b4bb-467f0eb51ce4,烏日九和汽車_烏日九和汽車,其他
bb06dfb5-f7a7-4eb3-aea3-37533bcc0bc7,烏日朝仁宮_烏日朝仁宮,其他
f001f1bc-9a2f-4009-a61b-ba8a7fdd229a,特殊教育學校_台中四育國中,其他
20fb77f3-17d3-4069-9851-f924bac9383b,特殊教育學校_台南啟智學校,其他
b9ec367f-a11b-48a6-b38c-08f317cb16d1,特殊教育學校_市立仁武特殊教育學校,其他
73a6dc8b-d8e2-4acb-9e7d-214689a52b5f,特殊教育學校_市立啟明學校,其他
ca58ddaa-6325-4ab2-a4cc-bca50f1cf3f3,特殊教育學校_市立啟智學校,其他
47206b4b-1091-4a40-b345-4a54f6b009c1,特殊教育學校_市立啟聰學校,其他
e656faa0-604b-4886-a577-0394921bf5a8,特殊教育學校_市立成功啟智學校,其他
848866d0-1ab0-48fe-bf61-725687c6e1af,特殊教育學校_市立文山特殊教育學校,其他
4c5dfba6-abe6-41b1-9cfa-107a22efd085,特殊教育學校_市立新北特殊教育學校,其他
8875dac2-e6df-4a1c-8dd8-b3fee6f027c5,特殊教育學校_市立楠梓特殊學校,其他
43b07b61-9014-4afc-a2ea-da0211a8549c,特殊教育學校_市立高雄啟智學校,其他
6ce2a5f0-56c3-4ac7-9b75-d966f8fd61db,特殊教育學校_私立惠明學校,其他
5038a66a-c660-4207-81e1-6e45256774ba,特殊教育學校_國立南投特殊教育學校,其他
83e33203-03b5-46ba-866a-95ec40ad6eaa,特殊教育學校_國立和美實驗學校,其他
d70da194-ba5f-453a-8201-effb01ed5798,特殊教育學校_國立嘉義特殊教育學校,其他
db89f9fd-4c1b-42ee-a66c-80fee9532abf,特殊教育學校_國立基隆特殊教育學校,其他
275b9e7d-08a2-4293-8deb-ed2b41999994,特殊教育學校_國立宜蘭特殊教育學校,其他
4e223c18-59e3-4b93-9b85-8a47e3d3dcad,特殊教育學校_國立屏東特殊教育學校,其他
9a47bcc0-ccc9-4053-b9f9-a52fb00ab4be,特殊教育學校_國立彰化特殊教育學校,其他
b024f95f-b3ec-497b-8ce4-9a6b4cc84cdf,特殊教育學校_國立新竹特殊教育學校,其他
925bd11f-e722-4b95-9361-132edd64a3dc,特殊教育學校_國立桃園啟智學校,其他
0b82fcf0-00f4-4681-ba59-a66fbe365f67,特殊教育學校_國立臺中啟明學校,其他
47b3811b-af69-4a09-8da0-5260ad20b9fe,特殊教育學校_國立臺中啟聰學校,其他
9ff51e63-1b1f-470c-8cd8-0157ceda4040,特殊教育學校_國立臺中特殊教育學校,其他
d3d36f10-5d03-468a-aedc-60612202a5e0,特殊教育學校_國立臺南啟智學校,其他
ded0da3d-d678-4bad-8acc-d14bd05680ee,特殊教育學校_國立臺南大學附屬啟聰學校,其他
8982dee0-1587-434c-a498-75c8d068959b,特殊教育學校_國立臺東大學附屬特殊教育學校,其他
1b17cfd6-70d3-442b-9652-7174b568357f,特殊教育學校_國立花蓮特殊教育學校,其他
2fe2cc93-aa42-4804-a162-7dc73a3ff4ad,特殊教育學校_國立苗栗特殊教育學校,其他
aee9b9c2-e668-4616-9b3c-1a27b98e3e6a,特殊教育學校_國立雲林特殊教育學校,其他
5479bec7-779a-46bc-b80c-4a6d0813431b,特殊教育學校_德蘭啟智中心,其他
9771aed4-25cf-475d-ba8d-13a1566bcfcd,益光交通_益光,其他
bfe2f4d2-ef2c-4360-831b-3b433f7f2e52,真一寺_真一寺,其他
f3cb4d09-e32b-429a-817f-c3830f7006c6,真愛日間照顧中心_真愛日間照顧中心,其他
0b284c5f-7532-477e-ae5d-c6ed47da3233,真武廟_真武廟,其他
4c4a5da8-dbbd-475f-82f5-147bb2ec46cc,祐成租賃_陳獻仲,其他
810a0156-2d6e-4b82-8d2d-8e409cea27b0,神岡大明宮_神岡大明宮,其他
4293d1f7-5fdd-4eb8-b447-bd72e997eae1,神岡朝清宮_神岡朝清宮,其他
0ccb830f-ca97-4ba3-b56e-c83e6c01b39a,神岡青商會_神岡青商會,其他
9fad3ada-4daa-414c-b1ce-ee64f972e31b,神農宮_神農宮,其他
16f454ee-e625-4054-9049-204e0ab3a12d,神農殿_神農殿,其他
64414c25-6865-4a6f-8239-27d586207cf7,祝三停車場_祝三停車場,其他
19c00b1d-a27a-47ca-a6d4-8c8223ecd173,祝三多廟_祝三多廟,其他
61d086ad-f400-429a-8772-b1044e072750,祝維中_祝維中,其他
6d363c7a-d642-4aed-ad70-6b79c916aafa,租賃_大利豐租賃,其他
97e5a627-da20-443a-bfb1-b8086c671100,租賃_大立亨租賃,其他
138107fe-4b3c-43fb-a6b4-9fb543addf62,租賃_大鴻租賃,其他
09934574-d509-4b84-87fd-3df81f65e863,租賃_小驢駒新莊,其他
2a29b1b5-f113-42b8-9b6c-b2d2838ca5a1,租賃_小驢駒租賃,其他
c95fdc53-10a4-4856-80ee-95495bf9b238,租賃_中租,其他
dc0b8ad0-763c-4143-9560-2b8c21361de3,租賃_中租迪和,其他
61eb1f5c-6e47-40ec-a8ca-95f539d9354f,租賃_中租迪和,其他
5a91868e-0ef9-4584-84a5-e5852171ab1b,租賃_中租迪和總公司,其他
96b1ba17-bd26-4955-adbe-1f052cbdc349,租賃_日盛,其他
3d0f98f2-6bd4-47a3-9c52-a468c87a945d,租賃_日盛租賃台中分公司,其他
0cfa9a10-d997-432b-a607-4567b462d910,租賃_生通,其他
c3b71bf2-76e1-49e1-a32f-692080b0f357,租賃_立林租賃,其他
8987aaac-8d3f-4491-a6bf-4ad1aa0273aa,租賃_和運大肚,其他
a488e41a-8000-4e31-b374-f52f91857d72,租賃_和運租賃,其他
6a84c9d6-978e-48ce-af0d-d94a8433ae98,租賃_直航租賃,其他
83ec96fe-bf1b-4f57-aa7a-71ddc72f6e76,租賃_長青福祉租賃,其他
c57822a6-d955-4e0f-8df9-eac808df702f,租賃_格上租賃,其他
e5fe72b9-fc47-44dd-ab44-4e04de12d87c,租賃_郝日租賃,其他
6e6497bd-21f6-4d8b-aeb4-b65a5ed50996,租賃_統一東京,其他
681c3189-abaf-4ccd-8e16-76747566b051,租賃_普羅租賃,其他
065171d3-92d2-4ef2-84a1-3222f24f6c8b,租賃_嘉義伯捷租賃,其他
63fabba2-5d2d-4a45-a4cc-576cc2790b5b,租賃_駿德,其他
fe1781ef-a639-434a-844e-2ac1b508ee64,租賃_大心小客車租賃有限公司,其他
d6664bd3-88d8-4fb3-8a06-e1c35f5dee29,租賃_太豐交通有限公司,其他
c96cfec8-c5ef-434c-96b7-030116f2f58e,租賃_安銓國際租賃有限公司,其他
50843a97-46f8-48b0-9a40-b0925f3c52e6,租賃_康健小客車租賃有限公司,其他
77b81623-2c85-431d-b9e2-d558bd5134f9,租賃_雅峰小客車租賃有限公司,其他
d47958fe-a480-48b6-8820-65fc30ba3c44,租賃_新保生活關懷股份有限公司,其他
e1f35754-a093-4494-a0ec-6576e3ffb33c,租賃_摩克動力資訊股份有限公司,其他
76f7479a-b519-4be4-b63c-bb4b623fe72b,租賃_台南市小客車租賃商業同業公會,其他
188d3b11-9817-46bd-82e0-2b9805ef9d68,租賃_小馬租車,其他
8c1a9e77-a3f7-4d33-8786-e16186f37472,租賃_台中安維斯租車,其他
2bc4d5db-0714-479d-88ad-4ab1e80267b6,租賃_京華小客車租賃,其他
eb36931f-e9f1-4a70-b3ac-51fed18f01ea,租賃_洪嘉小客車租賃公司,其他
4a1ed862-2203-4c68-9c82-68f3043da9e6,租賃_益勤小客車租賃,其他
c6fd87eb-3d72-47a9-a445-a6c265a35110,租賃_惠心租車,其他
d9d67bbd-37dc-4afc-9ffa-c975aa3c2d57,租賃_順風小客車租賃,其他
a74a9203-c0c5-4e81-afdf-ac8850cdfc22,租車_租車,其他
516c8767-84c1-4ec4-87ac-182535901018,租車_租車,其他
18b2d0a1-57ea-476d-85d8-c036dd726646,純德獅子會_純德獅子會,其他
49a5df75-77e8-4b0d-bb16-5dc4c742827f,納智傑土城_土城,其他
a80ad6c1-e7f3-4c06-ba0a-9c77709029df,納智捷_納智捷鳳山,其他
5487acc9-14ea-4773-bde7-f5323cfabeb9,納智捷內湖_納智捷內湖,其他
0176f853-e2c2-467e-82d8-70abd15fa186,納智捷新店_納智捷新店,其他
7d2ca499-096f-4842-8394-c53893ab0469,納智捷新莊_納智捷新莊,其他
d525a7a8-523d-4546-9db9-5dc4fe792cc3,納智捷鳳山_納智捷鳳山,其他
3b8015c9-b58b-4bcd-968c-c834b9d3100f,翁子福德祠_翁子福德祠,其他
13b0f112-1894-4e9f-9c29-a12f001af87c,脊捐協会_宜蘭脊損,其他
f54a344e-35f6-4a82-be42-2a34ec49940b,脊捐協会_新北脊損協會,其他
7e74e71d-20d4-4404-b875-22b469fb1983,脊新家園_脊新家園,其他
5a74f497-e8f5-4b0e-ab9f-9dd4db4ed240,脊髓損傷潛能發展中心_脊髓損傷潛能發展中心,其他
5373b8cd-80f4-4e35-bfb3-696f61694397,草屯惠德宮_草屯惠德宮,其他
a0ef9826-0cf0-43a0-bfe2-84ea904e018e,草屯所 toyota_草屯所 toyota,其他
ebf5ae45-30cb-4f46-94ae-df542810ea5a,草屯扶輪社_草屯扶輪社,其他
13496981-7d08-4f8e-9411-9a4110d3e6b8,草屯敦和宮_草屯敦和宮,其他
41e8d390-c45f-4fa7-bb89-50b09bd235d0,草屯日照中心_草屯日照中心,其他
1fb1b05a-f761-40ca-b585-77141758c561,草屯林太師廟_草屯林太師廟,其他
f0f23c6d-0e96-4254-be2e-ed57d5499caf,草屯福彰_草屯福彰,其他
6f49a56b-82ad-44ef-859a-350305b19022,草屯青商會_草屯青商會,其他
203601bf-9266-47b9-8954-e22aea3d4349,草屯青松_草屯青松,其他
7320bbb0-5875-4443-b309-37cdb7c058ba,草屯順益_草屯順益,其他
4e9d13fc-06c5-40e9-a673-d00c24037266,茗山岩_茗山岩,其他
f979a8cf-0caa-4b5b-b812-f94f847ea0e7,袁先生_袁,其他
c2bf00a6-bc89-4cf2-84d0-1a9ad2858c04,袁家柱_袁家柱,其他
e86866e8-7d3c-4b67-a985-7adc807e3026,袁家柱_袁家柱,其他
cf28f647-bf61-4c22-9b56-714d29d15c8a,袁家柱潭子_袁家柱,其他
f9ceca45-c0ed-47de-93f7-65b860df6abd,財鼎公司_財鼎公司,其他
2ce91cdb-4ea3-4372-82a7-a47f9e48c9bb,郝日租賃_郝日租賃,其他
b6512e5b-6229-4708-b6ea-811cf520f498,馬仲_馬仲,其他
160271e0-a4fc-4cc6-b9fe-d1ad3ec4ed5f,馬公天后宮_馬公天后宮,其他
98ea2e6a-2d94-4bb0-9de3-45bca515adb7,馬公市光明里辦公室_馬公市光明里辦公室,其他
888e893a-224c-4384-a211-b701ef72534a,馬公廟_馬公廟,其他
1d4b04ce-60c0-4a13-9c7e-c6df587cadc8,馬公施公祠_馬公施公祠,其他
24a7c2d3-5df6-4366-8d08-a248a011c39f,馬公機場_機場,其他
ec47d1e8-86a1-4aab-9a15-2f1b30ae379c,馬公觀音亭_馬公觀音亭,其他
42791734-f621-43a2-8afd-f70d68f89397,馬鳴山鎮安宮_馬鳴山鎮安宮,其他
beabbb5e-7d33-4b0e-b9ac-bb48fa46f9fd,高地飯店_高地飯店,其他
177fadd2-92d6-46b3-9b32-7b491f763c27,高客_高客,其他
c987d7b4-eb67-4fb5-813d-bd52fdac8e9d,高客高鐵站_高客高鐵站,其他
4c416cbd-4edd-4b97-90c6-c717805fc7f5,高寶月_高寶月,其他
b32bda99-25da-4e47-a08e-cda9059d6911,高明寺_高明寺,其他
d3ab49a1-267d-42c8-99b5-f99701c692ee,高樹鄉日間照顧中心_高樹鄉日間照顧中心,其他
2e5bdea7-5761-428b-8da2-6b20b10836dd,高第_高第,其他
ed5ff052-fb67-47ec-9965-bfc2880f7375,高都汽車三多營業所_高都汽車三多營業所,其他
a764ed32-22ea-4351-914c-1f33d8b209d9,高都青商會_高都青商會,其他
eb8cafbf-c125-479b-920c-7ea0f73c4789,高醫_高醫,其他
2f2be188-a7e0-45fe-9b6f-5a23e1813063,高醫大_高醫大,其他
629fd46f-56c0-43d8-8263-d3a4d36ab96a,高鐵_苗栗站,其他
2e801674-cbed-4497-81e7-a0b9668311c7,高鐵_高鐵台南站,其他
203f1516-ba76-4ea2-8672-1ef9a1da8dd5,高鐵_高鐵左營站,其他
5a00e562-aa60-44e3-aa44-df20e5f5036e,高鐵_高鐵彰化站,其他
4b607d73-9601-4c36-881f-301e97aa4a4d,高鐵_高鐵板橋站,其他
ae5ac7be-b77a-4c46-be76-66c05a779d5e,高鐵_雲林高鐵站,其他
d3a486e2-6ca1-4f03-971a-def79b2a2162,高鐵_嘉義高鐵,其他
3f74f686-8975-4723-a1b2-b8aefe637040,高鐵_彰化高鐵,其他
356954d9-83c6-48ca-a0ad-be0b831a2e9d,高鐵台中站_台中,其他
9625295e-00b0-49c9-a51f-c8aa261a710a,高鐵台南站_高鐵台南站,其他
3fe21aae-ca22-477b-8124-913c2a530ec1,高鐵嘉義_高鐵,其他
d00de80b-fdff-431d-99c5-ce5b3f7593a0,高鐵左營站_高鐵左營站,其他
96d1b545-6b2a-46cb-a29e-425f278ae363,高鐵新竹站_高鐵新竹站,其他
3e251ffb-33ca-4b50-bf2b-953958317865,高鐵板橋站_高鐵板橋站,其他
16e09a1b-5daf-4bb9-bf3a-25c24999b1e1,高鐵苗栗_高鐵,其他
0477cf86-e52d-4132-b519-284adb01d46e,高鐵雲林_高鐵,其他
876467ed-0cf6-4ad3-83be-b203aa60a59b,高雄中山大學_高雄中山大學,其他
eecae2ea-ffc1-454a-aa02-c44fe8fa0e30,高雄中山大學_高雄中山大學,其他
483d1250-853c-4754-9e83-9a9097ab2282,高雄中山大學_高雄中山大學,其他
3b335e8b-94dd-45c7-b08e-ad720b2206ab,高雄仁愛之家日間照顧服務（失智型）_高雄仁愛之家日間照顧服務（失智型）,其他
97fe23bd-c88c-475e-8658-42ac23485530,高雄凱旋大車隊_高雄凱旋大車隊,其他
e912f500-fbd4-4b93-bfeb-c399ea9da1b1,高雄印水涵_高雄印水涵,其他
40b5a653-0d67-423a-95e5-5ebacabb73b1,高雄女青商會_高雄女青商會,其他
c7ccfc6c-a5da-481a-96a4-612b00e9e927,高雄展覽館_高雄展覽館,其他
177178e0-c56e-48b7-abb9-f0e09630e413,高雄山地育幼院_高雄山地育幼院,其他
f7877750-f33b-4976-bcc0-00eab7612dd4,高雄巿副市長辦公室_高雄巿副市長辦公室,其他
a4a1d9b3-b722-401b-9494-003f904c450b,高雄市明山慈安居老人日照中心_高雄市明山慈安居老人日照中心,其他
c24e344b-e1be-4f3f-86de-ec7bc12d2f09,高雄市明山慈安居老人日照中心_高雄市明山慈安居老人日照中心,其他
60a72615-f2e1-4375-854a-57ef70d80462,高雄市東區獅子會_高雄市東區獅子會,其他
6d70b854-c60d-4162-9680-e329f9391d9f,高雄李國志_高雄李國志,其他
d87b9abe-9b83-4a2a-b8e2-18449438cfb1,高雄松禾日照_高雄松禾日照,其他
f14ee2e0-9b6f-4eee-baab-0ec49ea14b3c,高雄梓官老人日照_高雄梓官老人日照,其他
cfa22e8a-cfc9-406f-923c-49c0bf51d9bd,高雄榮民之家_高雄榮民之家,其他
1c6bda47-5c7f-4ad6-967c-d1485ecf2a8e,高雄皇冠大車隊_高雄皇冠大車隊,其他
cfb6a347-f833-4d26-943f-bbba4670bfcd,高雄碼頭_高雄碼頭,其他
db85772b-244d-4df2-a110-f8265a7cba33,高雄葡萄園日照中心_葡萄園,其他
9624144f-c32d-45f1-8e5d-d81af1df3a02,高雄關帝廟_高雄關帝廟,其他
67d36ed2-2455-433e-9f91-3c081c97f6f6,高雄青商會_高雄青商會,其他
b175e921-f8c4-458e-a57c-446ae52545e1,高雄鳳山代天府_高雄鳳山代天府,其他
d1cde938-349c-45e2-bf34-c9c5c0181a30,高雄鳳山監理所_高雄鳳山監理所,其他
e20fc027-00c8-4086-8a0d-601336184ce9,乾德宮_乾德宮,其他
99e9e6c2-b230-4fd1-990c-10181bbf2d70,假期商旅_假期商旅,其他
69deb79b-bc40-4bfb-8e69-b13f7128dd66,偉浩工程_偉浩工程,其他
e9f53bac-c1be-4303-b65a-a3c9f9e40c56,健保署_健保署,其他
f96329a9-22c0-43bf-b9f7-fa241d3f0683,健保署_健保署,其他
8f0390d0-c66e-4fd1-997b-5adff85ddfc8,參展_老爺行旅,其他
4041ba40-5e4a-4597-af55-8bd63e5b8274,參展_參展,其他
b279f2a1-4e2a-4c50-92cf-58d08d0063f5,參展_參展,其他
da020414-3085-4f86-b350-3bfeb232ec57,曼巴_曼巴,其他
fbdb5a01-16b8-48bc-94e1-ba51c8f4a99c,國姓林小姐_國姓林小姐,其他
e58bf547-a7e6-4c40-8dd0-d76cdb4335d1,國宏日間照顧中心_國宏日間照顧中心,其他
9cc13ba5-d865-45b6-b626-4c3462d7cbbe,國小_暖暖國小,其他
235a2b62-c2d2-452a-a2dc-b01774a7d050,國廣_國廣,其他
e255f194-8f7c-48b0-8531-aaf35b628866,國捷拖車_國捷,其他
6927760b-6885-4f56-937d-297ea7423b47,國泰世華清水分行_國泰世華清水分行,其他
6106c8f6-05e0-445e-b55b-3b2cb6db701b,國立中山大學_中山大學,其他
30dffb7d-2184-425e-a207-03d10e370629,國立南投特殊教育學校_國立南投特殊教育學校,其他
404a0b53-f460-4e19-98b1-3f24cae07004,國立和美實驗學校_國立和美實驗學校,其他
23d7c4c0-5e1d-42fd-8e6c-411a6eb7948f,國立嘉義特殊教育學校_國立嘉義特殊教育學校,其他
e4603056-cd39-41c3-97d2-17056e082b1b,國立基隆特殊教育學校_國立基隆特殊教育學校,其他
67722310-a1af-4c95-b139-5f9a19a6a9bf,國立宜蘭特殊教育學校_國立宜蘭特殊教育學校,其他
a49218df-a643-41f3-805b-5a12622bb579,國立屏東特殊教育學校_國立屏東特殊教育學校,其他
517a4e14-fdc2-4ce9-956a-780f18f40590,國立彰化特殊教育學校_國立彰化特殊教育學校,其他
46d6b78e-26a6-47ea-b7ec-7de5f9dc0a00,國立新竹特殊教育學校_國立新竹特殊教育學校,其他
ffa04fca-0824-4ddb-ab82-a5e61dc0fe65,國立桃園啟智學校_國立桃園啟智學校,其他
ee89ae6b-0cee-4eca-a2c0-a88c4633f086,國立臺中啟明學校_國立臺中啟明學校,其他
89d567db-4634-459a-8dab-8949d96b784c,國立臺中啟聰學校_國立臺中啟聰學校,其他
e804bdec-c181-4cb5-83f2-f93fd0c0e6b6,國立臺中特殊教育學校_國立臺中特殊教育學校,其他
48bdff0a-067a-4400-b400-6c5295c00d50,國立臺中科技大學老人服務事業管理系_國立臺中科技大學老人服務事業管理系,其他
61a05eb1-7c0a-45f5-97be-90ea16a83a86,國立臺南啟智學校_國立臺南啟智學校,其他
69d4139a-0d7c-4927-9403-015f88204bf0,國立臺南大學附屬啟聰學校_國立臺南大學附屬啟聰學校,其他
23ccbe7c-e76a-4637-9d4b-9b5a128dd4d6,國立臺東大學附屬特殊教育學校_國立臺東大學附屬特殊教育學校,其他
b81bd587-5b2c-4bda-9cd6-7c42812839a3,國立花蓮特殊教育學校_國立花蓮特殊教育學校,其他
e62ac207-3a73-4025-bcdf-6d04d7c27fcd,國立苗栗特殊教育學校_國立苗栗特殊教育學校,其他
55eb0726-d61e-4982-9661-710f0358824f,國立雲林特殊教育學校_國立雲林特殊教育學校,其他
68a31364-1310-4cb5-8d09-36681228ac53,國美青春日照中心_國美青春日照中心,其他
609391b0-aad9-47d1-985b-b33184c6f0f8,國都蘆洲_國都蘆洲,其他
c6f87af6-8a21-45c3-8d59-42c24177f38b,國際獅子會300A3區_國際獅子會300A3區,其他
12cda42e-2509-4cb1-a72f-14eddd003106,國雋_國雋,其他
0df1f815-de27-44fd-aeb7-94b9f0e04ed3,埤仔頭福德宫_埤仔頭福德宫,其他
6e85f1f4-4a65-4dd9-8fda-13a7972188e0,基隆中山國小_中山國小,其他
f18f38ed-dd8d-437f-9eb5-d1062e651e9a,基隆中正國小_中正國小,其他
4492b3e2-773a-47dd-991d-de20ee535674,基隆自用楊興富_基隆自用楊興富,其他
b29c5df6-982f-4226-b742-bbde9a13ad01,基隆計程車工會_基隆計程車工會,其他
3eef0910-2c8e-408d-a181-ba0a6ceea08b,基隆身障中心_基隆身障中心,其他
d0921a91-caf5-44fa-bdfc-553cbe8af43f,基隆關五股分關_基隆關五股分關,其他
b0349438-9def-469a-9804-3d2da80a15e9,基隆關八里分關_基隆關八里分關,其他
b98ca45b-7840-46c3-90d0-3f810a1bf8a8,基隆青商會_基隆青商會,其他
01c13f52-1704-49cc-b3ed-90631bc5d899,寇茂華_寇,其他
dd76552c-3fb2-4699-8ab3-7683b0c192ec,寇茂華_寇茂華,其他
d6277df5-5e83-4635-a795-59742662c4df,崗山仔中區老人活動中心附設日間照顧_崗山仔中區老人活動中心附設日間照顧,其他
075fb19d-6042-44fb-b956-f021a9a1a6ed,康壯長期照顧中心_康壯長期照顧中心,其他
3f932c0c-384e-4821-bd00-48bb2140ce0b,康橋高中_康橋,其他
7109cfc5-b0ae-4016-8ada-821c45abf49f,康橋高中_康橋,其他
f6f945aa-83aa-4556-852c-8e94b8c0266b,康立日照_沈哲宇,其他
61418777-7979-40dd-a62a-24cc6d6bed09,康義勝_康義勝,其他
0f9132ee-5b77-4153-a99c-2345ac8ba01a,張世昕_張世昕,其他
80eaa93e-3aec-45ae-b043-a19aedecfe81,張先生_張,其他
7d960582-7eda-4029-9c08-51361a1bc61d,張先生_張先生,其他
85d833d6-6942-488e-bb67-58acbf4f590b,張加成_張加成,其他
9dc50fc3-2371-4d05-adc2-d00f23a25d2c,張化陳金晶_陳金晶,其他
8c3d8b58-bc8b-4604-95fb-0068b1426a86,張宏仁_張宏仁,其他
7a954040-3512-4b0e-8ae2-e4131148ec05,張宗裕_張宗裕,其他
aa3278d0-e319-443a-b64f-f0842ab4b1f8,張家豪_張家豪,其他
56afe764-e160-4744-9745-e5e190884fae,張家豪_張家豪,其他
7443b89c-741b-4eb3-aec8-ca8e45fba07e,張家豪_張家豪,其他
d0684980-e2bc-4d81-8533-45b481109176,張廖乃綸議員服務處_張廖乃綸議員服務處,其他
05175953-0b39-42ef-bbcc-419a75ec5114,張志成_張志成,其他
6ab3dc7f-3eb4-428e-be15-bce04af444d8,張惠萍_張惠萍,其他
0678534a-0105-4c54-b43c-8bb43665f745,張昭隆服務處_張昭隆服務處,其他
29857f73-7e29-4c09-b160-f100719459bc,張晼蒨_張晼蒨,其他
62a96f65-ae9f-4f35-a652-3005949ec11e,張曉玲張慧玲_張曉玲,其他
76a6457e-6f9a-420e-90d1-6985544dfa6c,張榮洲_大齡,其他
06e5fd63-24fe-4fa1-ac8b-ad13d0ac1f08,張欽旭事務所_張欽旭事務所,其他
29dce966-ad3f-4dce-805c-fad401952704,張淑慧_張淑慧,其他
dfc8827d-7868-46fa-9c7c-fb1e9582cddd,張清照議長服務處_張清照議長服務處,其他
907bf8fb-9945-4c3f-bc05-466fafcbed1c,張滄沂議員服務處_張滄沂議員服務處,其他
28caaa5e-e1fd-4963-929a-e0494026ec7f,張益勝_張益勝,其他
a77c0b9f-d9a5-4bfc-9604-39b58a837f94,張益誠_張益誠,其他
75b02a24-2ac2-4903-b36a-480091eeae70,張美麗_張,其他
2cb24a45-d722-47fa-9dc8-0ff1675b6bf0,張芸慧_張芸慧,其他
1b578f20-04ce-4200-a232-46b6ff892fd7,張錦全_張錦全,其他
3604a495-69f3-4ec6-8565-273191ad373c,張靜芬議員服務處_張靜芬議員服務處,其他
459f22fe-1f74-4f65-9701-76511f7c8993,張靜茹_張靜茹,其他
45da7537-b3d7-4c48-916b-f6e1bec6496b,張鴻志_張鴻志,其他
7592236a-1408-45e1-b4e2-f853b903f9a7,張麗美_張麗美,其他
b6b71feb-2d36-4d57-9352-2ef3975f4c89,得天宮_得天宮,其他
1950c005-5314-4992-bc57-9f5b28574eb5,悠悠家園_悠悠家園,其他
6d1581ca-2c8c-4d43-809f-eb30721d33b1,悠悠家園開元失智日照中心_悠悠家園開元失智日照中心,其他
12ccb3e6-a0d0-4a0a-b302-680cce0f412c,捷絲旅_捷絲旅,其他
4a560b27-5b52-4e08-9db8-4816ee44a6ea,捷運_台電大樓站,其他
11d23cc5-5b40-46bd-858a-cb941b99d00e,捷運_市府轉運站,其他
8ea69323-1d3a-4543-ba01-9ff579675059,捷運_民權西路站,其他
ebc9a063-d6b2-4ad2-ba2e-e8fea64fff27,捷運_永寧,其他
d7af5be1-7719-4079-a0f6-fdad52f8accc,捷運_亞東捷運站,其他
50e8634d-7e34-4a7b-831e-c44b4affeaaf,捷運_板橋捷運,其他
d88478b3-316c-47cb-ae3d-62d9924edb06,捷運_捷運芝山站,其他
a29b0925-1b5e-43d0-b67d-902f41cc4dc2,捷運丹鳳站_捷運丹鳳站,其他
d8e1c510-a315-4382-b699-5af5594f585a,啟勝車輛維修廠_啟勝車輛維修廠,其他
a886980a-6023-4ee0-b4df-a67e68ad486d,啟天宮_啟天宮,其他
12556680-c476-4c7d-a389-f0220b7a0668,晨星社區機構_晨星社區機構,其他
6b562081-05bc-4671-b16d-24bb8771409e,曹公祠_曹公祠,其他
32382c43-3004-4afd-b000-8b3dc5334489,曹晏方_曹晏方,其他
22f35daa-8326-497a-a6ee-3625fb5de9be,曹晏昱_曹,其他
ccb412d0-fb40-46c1-9f54-9b960b603f69,梁宇春_梁宇春,其他
fae2a07c-963b-42af-99f8-51ca7baf297e,梁宏民_梁,其他
ae5a6c01-25a1-4f43-b9f6-57f534707ac8,梁宏民_梁,其他
1215c0de-9cbe-498c-b58b-bc9902180702,梁珊珊_梁珊珊,其他
cf9706db-a843-4292-a9f7-e44cc9fb91cc,梧棲區農會_梧棲區農會,其他
08634b99-467a-4708-b68a-ec4cb7e19535,梧棲富美宮_梧棲富美宮,其他
c0756edc-1c51-4810-a9af-1aaf6756e52d,梧棲朝元宮_梧棲朝元宮,其他
1a9354e7-1c2e-45b4-aa34-b26a65b717a2,梧棲青商會_梧棲青商會,其他
6c0894c6-fb55-410b-86f8-e75fe5b7696e,淡水北海岸公共托老中心_淡水北海岸公共托老中心,其他
5ff33283-e738-4587-939b-33c0d8b5339d,淡水義山集應廟_集應廟,其他
ed0f558f-003e-499c-8818-2c7f9ab52ccd,淡水青商會_淡水青商會,其他
09edff60-2463-42b0-b6c4-5de9a7d84ca7,清水區老人日照中心_清水區老人日照中心,其他
36b7d701-36e8-4832-b2ac-61d2e136a199,清水寺_清水寺,其他
52446616-3f1f-4d07-80d8-8694266472e1,清水巖寺_清水巖寺,其他
f1fedfb0-e11a-479e-9a81-8bc13b29e4fa,清水林小姐_清水林小姐,其他
07db2ab6-7e0a-4409-be59-95545acf4686,清水紫雲巖_清水紫雲巖,其他
aec6756f-b4d5-4097-8caf-c0f5baf60879,清水莊先生_清水莊先生,其他
122fdfcc-1d8c-4cd1-996d-c724d6463a85,清源健康事業_清源健康事業,其他
693402a0-8236-4731-8d57-e4965ce691d9,清爽逸風日照中心_清爽逸風日照中心,其他
77a66cc6-2464-414c-b7a4-16bd1622627b,清聖宮_清聖宮,其他
a7072ba4-8768-4e9f-892e-039f3a66fe1e,涵氧大樓_涵氧大樓,其他
125b8c82-dd57-4025-a4c9-58cbf74e09b5,淨恩師父_普照寺,其他
25462d1b-b3dc-41f8-bcbe-632ea0d5fd46,理周_理周,其他
b66e1dbd-c11a-4250-a070-f1dccf57568c,現代_土城,其他
716dd19c-ff05-48d1-8b85-924d294c57e5,現代_中壢,其他
02a56c01-c883-43cb-ac85-9ea9ed37b5c8,現代_中壢,其他
a45e882a-9b5e-426f-b6bc-a71d3bcb9eb2,現代_現代三重,其他
e7c41d50-fa43-4f84-8b3f-6844b5443cf4,現代_現代宜蘭,其他
44b30a0e-5a9a-44a7-b331-fc758624ce61,現代_現代新店,其他
48b68b25-d514-4da2-91b5-0a7b863d6b0c,現代_現代桃園,其他
8c8a409a-77ee-4613-b223-a29fc0ff9b4e,現代_現代竹北,其他
5d69712e-3a38-4c74-9b58-106cb966e296,現代_現代蘭陽,其他
44339842-d6d0-4281-b040-15b3871f36be,現代南桃園_南桃園,其他
44cfbe46-16db-482e-b17f-533a79a17055,現代平鎮_平鎮,其他
62d77336-9732-45a8-ba67-f54d31add17b,現代斗南_現代斗南,其他
88a06952-6fb5-4596-a637-befc792598a2,現代新樹站_現代新樹站,其他
c2a8566e-227d-4662-922b-52d367481a80,現代楊梅_楊梅,其他
67108924-7684-4b04-8375-885f32a5c44d,現代汽車_三重所,其他
f8b46eb8-2a72-4b20-8d00-705218bbf4f2,現代汽車_右昌服務廠,其他
fd5d550d-462c-4e48-852b-0869f0f5584c,現代汽車_右昌服務廠,其他
01dec341-1101-4818-b9ba-06c7426348fc,現代汽車_台南交車中心,其他
02442162-7164-4f46-b15a-67caecd5d817,現代汽車_台南交車中心,其他
c17a5948-3947-49ac-bbce-ad74976e7797,現代汽車_民族店,其他
b147d0e7-94bd-4c13-9ff4-a90f52d15595,現代汽車_民族店,其他
d59ae837-c4ae-48e9-93b7-424edcefc8b1,現代汽車_竹北現代汽車,其他
09e9ce97-39b8-4d18-af0b-e4c3fae9bce7,現代汽車_宜蘭,其他
ba2dbd04-9aca-4ed2-a4d4-98f9c3b13bc2,現代汽車_宜蘭,其他
23f62ca7-5ef2-4775-81c2-5a7e808314d5,現代汽車_林口,其他
6672f4fe-9374-4ebb-b77f-f6bc02dfd7f9,現代汽車_林口,其他
e2e66da2-6766-4ac6-9a88-fdfcece6e04c,現代汽車_花蓮,其他
8baddaf4-68f6-435e-8b89-86dd3448c854,現代汽車_南桃園,其他
3437f76f-2d14-44dc-9c59-637a3a8fdb7f,現代汽車_南桃園,其他
c059c7fd-cc73-477e-889d-f8d6a5e6924e,現代汽車_南桃園,其他
c4c72000-d25f-465a-b9e6-24b3a0a7a285,現代汽車_計程車工會,其他
eb5252b4-4f4f-447f-8246-9f15d268e6d9,現代汽車_埔里店,其他
4ba5569e-ddea-42bb-a3bd-f57748a7d2fa,現代汽車_桃園現代汽車,其他
73d87e20-b8f6-4ca4-984f-4498e7e9a4a7,現代汽車_現代中和,其他
510f0f24-5745-4804-938d-91540511fb45,現代汽車_現代中和,其他
8fc7f907-81a2-4109-ba2f-368b069457a5,現代汽車_現代中和,其他
0fee4b3f-b264-4398-b8c5-910730a2fc09,現代汽車_現代中和,其他
7eee0233-5360-4ac3-b325-5f9af99a5ed5,現代汽車_現代宜蘭,其他
742ce1c8-f59d-4f37-ad05-5f31e0650d40,現代汽車_現代樹林,其他
c1711b25-99b8-4617-91a7-6b4719a7bb5e,現代汽車_現代汽車,其他
38c3d86b-d19c-4ce3-a145-a2c85084b6a4,現代汽車_現代汽車中壢,其他
f352cda5-bf52-4258-8ed3-f908f402af5b,現代汽車_現代汽車土城,其他
9e7fbc0f-4b8b-418d-ab85-8b15493e4ed7,現代汽車_現代汽車土城,其他
c2f2e825-47a8-47d9-a5be-ae90ddcd4ecc,現代汽車_現代汽車大園,其他
d5bf14ab-daf4-4ba8-b478-acd70ee26954,現代汽車_現代汽車新店,其他
a86b25cb-e873-4e29-9d11-501c86bf79c5,現代汽車_現代汽車新莊,其他
37207402-3d7f-465e-a084-0630dc6a950e,現代汽車_現代汽車新莊,其他
c5c3938f-0859-4707-9f4a-d91940c77335,現代汽車_現代汽車新莊,其他
5a8ee9aa-44c5-4234-9959-26bbc3a87c8c,現代汽車_現代汽車林口,其他
6332b82a-6a26-4622-90c6-3bfc3bdd8483,現代汽車_現代汽車楊梅,其他
33fc5e7c-e354-452e-8b0d-8cda179b23e3,現代汽車_現代汽車萬華,其他
fe23c0da-fe22-4729-8b1c-c3b84eef70db,現代汽車_現代汽車龍潭,其他
d6c073bb-fa1c-4871-9f0b-6d9b301969a3,現代汽車_現代蘆洲,其他
cb964265-2576-4ec7-a8b5-34b8f91a6de4,現代汽車_現代蘆洲,其他
0de978f8-a316-4689-b785-e970841a442f,現代汽車_現在代汽車三重,其他
05568cd4-ee30-4538-93a6-328d8eb4dc76,現代汽車_新莊,其他
74d60a92-71a7-42d5-8206-286c713d8c8c,現代汽車_新莊,其他
43a84afe-a242-4ccc-9750-ccb4c2f2d2ed,現代汽車_鳳山展示中心,其他
8d457462-4b22-4c54-994f-e784fcf62858,現代汽車_鳳山展示中心,其他
ebf7669a-81f0-4521-b4ee-6c4ed86b48c2,現代汽車宜蘭_宜蘭,其他
9934c01c-f12a-4b0e-99bf-0c82376a0d91,現代汽車展售中心_二林展示中心,其他
a763714e-7a78-4a3d-9977-eb23a2474edc,現代汽車展售中心_二林展示中心,其他
5a2af7f9-571b-4cd3-acf6-93897bc77c5b,現代汽車展售中心_三重展示中心,其他
21398dc0-4ba2-4343-b6d2-5ef3f0bcb9f4,現代汽車展售中心_三重展示中心,其他
29d8454c-c978-4831-8e09-29ef45b1a781,現代汽車展售中心_土城展示中心,其他
2183a369-9a98-4184-ae30-84dd579088e7,現代汽車展售中心_土城展示中心,其他
7a1126b7-122f-44fa-9d9d-1453885bdd73,現代汽車展售中心_大園展示中心,其他
9b99b9d1-836c-476d-8619-f8fec1b96ab1,現代汽車展售中心_大園展示中心,其他
7be99e55-b3b6-4c28-a428-c53d0a6ec2fa,現代汽車展售中心_大里展示中心,其他
41803dd5-7539-4778-b239-1b8dfb592dff,現代汽車展售中心_大里展示中心,其他
bedfddc1-60f6-4997-9708-ec3e4a90198b,現代汽車展售中心_小港展示中心,其他
d282bf04-4afe-414b-8dc4-a68469f6e3a6,現代汽車展售中心_小港展示中心,其他
c971dd21-abed-4396-bdb1-5dc4fea89b9e,現代汽車展售中心_中和展示中心,其他
96224d3a-ece4-4ac1-8ee6-d781156bc87b,現代汽車展售中心_中和展示中心,其他
f36299d5-29f3-47bd-acf7-aae74c644927,現代汽車展售中心_中壢展示中心,其他
aa31b0b7-31c6-45e8-b764-26af6b0c035e,現代汽車展售中心_中壢展示中心,其他
ecf7f86a-8aa6-4c4b-b71b-230b02bd1b6e,現代汽車展售中心_仁德展示中心,其他
4c419da1-0c54-4149-aa2f-ce0ce9863116,現代汽車展售中心_仁德展示中心,其他
7ecfc56c-5804-49e3-b585-e30af52ff9ad,現代汽車展售中心_內湖展示中心,其他
a1ca160a-b0cd-42dc-b149-1826c41a1989,現代汽車展售中心_內湖展示中心,其他
37ae5fa1-38a7-4a0c-ae2c-de88abd46628,現代汽車展售中心_斗六展示中心,其他
02317c9c-c80c-4774-9d8b-ef6ea7610dd2,現代汽車展售中心_斗六展示中心,其他
bd15602a-bd7c-4cd3-83ad-5b04cba66dd3,現代汽車展售中心_斗南展示中心,其他
0b5bf128-347b-45c9-ac12-99ae4e9dbfbf,現代汽車展售中心_斗南展示中心,其他
6e9e4680-29ff-4d8f-9694-ee69f049af9b,現代汽車展售中心_北台中展示中心,其他
740dfc6b-654c-4119-8902-8bc2e990b6b4,現代汽車展售中心_北台中展示中心,其他
ceee307a-5a93-4b38-9b62-205a72eff173,現代汽車展售中心_北台南展示中心,其他
41ead442-9b76-4932-928a-3c763bb45c43,現代汽車展售中心_北台南展示中心,其他
db9805e0-8626-4c8c-8043-74945bdbf0c7,現代汽車展售中心_北投展示中心,其他
86efb13a-624a-44e1-a29a-321f7a85cba3,現代汽車展售中心_北投展示中心,其他
fcab0060-77fa-44e7-ab37-37779e0d1e16,現代汽車展售中心_北港展示中心,其他
cc515190-a1fc-4f59-b934-55289f435b1c,現代汽車展售中心_北港展示中心,其他
05adaacd-e70e-4f5e-b7ef-270e25526770,現代汽車展售中心_右昌展示中心,其他
0626812f-88a8-4eaf-9e23-0e71f25fb7c9,現代汽車展售中心_右昌展示中心,其他
d735614e-e962-4920-a5a2-0953701689b6,現代汽車展售中心_台南展示中心,其他
791b31ba-473f-4cde-b7aa-f9acdf0aae09,現代汽車展售中心_台南展示中心,其他
18347311-0373-4f83-9b81-bfeae36b89bc,現代汽車展售中心_台東展示中心,其他
08fb53d1-0300-4dbc-8a81-ae88357db7b0,現代汽車展售中心_台東展示中心,其他
b2d69b09-9325-4888-aa66-18a91ae5b7e4,現代汽車展售中心_民族展示中心,其他
8941ae68-3217-4b33-b70f-b634ab5d622b,現代汽車展售中心_民族展示中心,其他
d3b26741-1e73-4fc8-8f70-a8244b4fcbbb,現代汽車展售中心_民生展示中心,其他
25616733-21c3-4fb2-9a4e-7dc9c175b79d,現代汽車展售中心_民生展示中心,其他
fddcedbb-52c1-4dd9-8f90-70e497543ffa,現代汽車展售中心_汐止展示中心,其他
e91f3c2c-0fb0-444f-bcf0-c7497e628c14,現代汽車展售中心_汐止展示中心,其他
54902d4a-4b72-4226-ae63-fddb38df5275,現代汽車展售中心_竹北展示中心,其他
983baacc-c46e-4e07-bc51-ca47b7539a21,現代汽車展售中心_竹北展示中心,其他
20012793-27c7-436e-8e4b-4e3b9631dc42,現代汽車展售中心_西屯展示中心,其他
2d433ec9-92a7-456f-9672-b73874b94267,現代汽車展售中心_西屯展示中心,其他
390aefd6-25ec-4be8-b1fc-98490caee35b,現代汽車展售中心_沙鹿展示中心,其他
953228be-0fc8-4453-b030-ee9238ced03b,現代汽車展售中心_沙鹿展示中心,其他
8918f967-d7c9-4c50-a243-6f799c74e5f5,現代汽車展售中心_佳里展示中心,其他
47878404-6427-4e65-bb8b-2568665b4b84,現代汽車展售中心_佳里展示中心,其他
b610ee3d-3e09-4688-a02d-35765b8303e5,現代汽車展售中心_宜蘭展示中心,其他
10f1e69f-7c5e-4487-8594-64e6b72e6e36,現代汽車展售中心_宜蘭展示中心,其他
363ac48a-d8ee-40d6-ac27-e24be8399be0,現代汽車展售中心_岡山展示中心,其他
21711230-d8ff-462b-bdd0-63322d4da9d5,現代汽車展售中心_岡山展示中心,其他
69f5af8e-6e50-4126-a0ab-6283e1a8cfe9,現代汽車展售中心_東台南展示中心,其他
b748a57b-224f-4524-9b57-6004c27b5ab2,現代汽車展售中心_東台南展示中心,其他
c6bf1c5c-39fd-4c79-a9b9-c14f379e5ade,現代汽車展售中心_東港展示中心,其他
f8db6afb-c549-472f-8087-a5182d1223d9,現代汽車展售中心_東港展示中心,其他
b054a1e3-4dba-471e-a780-57fe54dbca58,現代汽車展售中心_林口展示中心,其他
4035ab62-fd27-4998-9bdd-5d9abc9d36ff,現代汽車展售中心_林口展示中心,其他
d58045e3-3d64-46b7-9205-781f351a9f96,現代汽車展售中心_武慶展示中心,其他
0ce5e8b6-380e-48e9-b82f-26404994fdec,現代汽車展售中心_武慶展示中心,其他
ef37975a-af51-43a3-8e1d-b02822cb69af,現代汽車展售中心_花壇展示中心,其他
b400c228-d001-455c-8448-183b58589d37,現代汽車展售中心_花壇展示中心,其他
0960e815-6220-4483-88f8-2ca61b54839f,現代汽車展售中心_花蓮展示中心,其他
de27f47c-6435-4bbc-b1e1-fa06627a9330,現代汽車展售中心_花蓮展示中心,其他
d167f6a4-fdd5-48a6-a9e0-ab725e4edd11,現代汽車展售中心_前鋒展示中心,其他
59534cbf-d847-41de-aa36-c92e13fda680,現代汽車展售中心_前鋒展示中心,其他
dcc5cc89-4bd3-4fc0-8394-be1a552ec708,現代汽車展售中心_南台中展示中心,其他
911b654d-5653-4fa9-817b-3b82de032da3,現代汽車展售中心_南台中展示中心,其他
f5f90d12-719c-4629-91b9-5bfa3b4d330b,現代汽車展售中心_南屯展示中心,其他
afa406df-ab53-48df-89cc-86938e6e7b7b,現代汽車展售中心_南屯展示中心,其他
d26d2646-da19-461a-a1f5-3d5f3fafc72d,現代汽車展售中心_南投展示中心,其他
a8d41656-f63f-45c5-b639-072b199ce981,現代汽車展售中心_南投展示中心,其他
6aa0876c-6c70-4f69-bf08-08effc5e8847,現代汽車展售中心_南新竹,其他
f7ad51c7-a0ed-4178-801d-edb5d8622187,現代汽車展售中心_南新竹,其他
14485ad8-8df2-4d67-80f4-e878cced459a,現代汽車展售中心_南新竹展示中心,其他
0bfaa94a-4e40-408b-963c-09c7500550d2,現代汽車展售中心_南新竹展示中心,其他
a8fbf741-b556-48c7-b01b-368d95dfbdca,現代汽車展售中心_南桃園展示中心,其他
f78fc342-9318-4411-b7ec-0fb3e3cc2795,現代汽車展售中心_南桃園展示中心,其他
b3d32bd4-0793-4a7e-83a3-4d821e40ccce,現代汽車展售中心_南港展示中心,其他
6cdc3cab-0933-4b96-b2a9-a309c7c87eab,現代汽車展售中心_南港展示中心,其他
62e2da4f-0800-43fb-a359-62b31578bd58,現代汽車展售中心_屏東展示中心,其他
2dda8913-c13a-4c95-b0db-b8b7f015f8a4,現代汽車展售中心_屏東展示中心,其他
df1956d1-35cc-451b-9655-6a9819b14870,現代汽車展售中心_苑裡展示中心,其他
e83daa1a-8049-4b0b-9e6a-70ac9fce8987,現代汽車展售中心_苑裡展示中心,其他
ea8270c6-e29d-4d48-a8c1-aadccb88a51d,現代汽車展售中心_埔里展示中心,其他
b49f3cab-ab64-43f5-9b2a-609bd4ed1d85,現代汽車展售中心_埔里展示中心,其他
1de331be-b576-4742-a0d8-8a019139f742,現代汽車展售中心_桃園,其他
64520d31-5987-4442-b69a-58cf88394b94,現代汽車展售中心_桃園展示中心,其他
728f5f85-d384-4567-ad86-cc2248517eb8,現代汽車展售中心_桃園展示中心,其他
7e75b311-faba-44d4-8ef5-41d51da33ad2,現代汽車展售中心_基隆展示中心,其他
60229798-7d1b-4a33-a528-df6cdba0803c,現代汽車展售中心_基隆展示中心,其他
f0246307-313c-47a1-a121-23b0ed1cc93c,現代汽車展售中心_淡水展示中心,其他
1149bf6c-c62e-4779-99b5-ecea1b061da8,現代汽車展售中心_淡水展示中心,其他
102e122a-6cd4-4ec4-91d9-50204d63ea9e,現代汽車展售中心_鹿港展示中心,其他
e2a612fd-b4ef-4f1c-8439-5126a03fe4e6,現代汽車展售中心_鹿港展示中心,其他
91020650-e417-41b2-bfbf-897d007f2ee0,現代汽車展售中心_博愛展示中心,其他
bb558af9-d4cf-418e-94c6-ef3b77719c92,現代汽車展售中心_博愛展示中心,其他
4164e5e1-a18e-419a-b2eb-cac5e26b2946,現代汽車展售中心_新店展示中心,其他
3df96d97-b058-48d5-9329-828144bf417d,現代汽車展售中心_新店展示中心,其他
ed3c3962-9ebb-497b-be48-576796167f6e,現代汽車展售中心_新營展示中心,其他
236017d1-0312-4a4c-9c70-3fe03e14c935,現代汽車展售中心_新營展示中心,其他
0eac4206-5f0f-4b63-a095-60b18221efe7,現代汽車展售中心_新竹展示中心,其他
f1513237-bc1a-4168-a54d-37ce0459af33,現代汽車展售中心_新竹展示中心,其他
7aed8648-6ac5-49f2-a8c6-077c832499bd,現代汽車展售中心_新莊展示中心,其他
6fa6bcdb-845b-4fff-acf4-c25816913c79,現代汽車展售中心_楊梅展示中心,其他
04b7fad5-cde0-4916-bf8e-68de9ddc4af4,現代汽車展售中心_楊梅展示中心,其他
4af353a0-b48f-4dae-be95-1fb82ae75cf7,現代汽車展售中心_萬華展示中心,其他
ac6f42b2-0527-4ad8-9231-9bf1495ce597,現代汽車展售中心_萬華展示中心,其他
fd132c6e-55f9-46c2-b05b-a05989c5e3d2,現代汽車展售中心_嘉義展示中心,其他
5ee95e51-a4fa-4de3-b62f-e20a995394e5,現代汽車展售中心_嘉義展示中心,其他
ab4b2d9c-5448-4d77-8c2f-63479b6ce2ec,現代汽車展售中心_彰化,其他
f43c69ca-5e49-405e-aa96-27598e6deea7,現代汽車展售中心_彰化展示中心,其他
28885f0d-0f6d-4660-a1eb-34ef23b0fbe2,現代汽車展售中心_彰化展示中心,其他
f8be1466-d5c1-4172-a018-83b95ebc081b,現代汽車展售中心_旗山展示中心,其他
f106f0a9-6c3d-49c4-b928-da2bc676f293,現代汽車展售中心_旗山展示中心,其他
19e5c72b-e7b5-472c-9c69-e93345347263,現代汽車展售中心_鳳山展示中心,其他
32a101fb-f432-4550-a78a-85bc45cb70b0,現代汽車展售中心_鳳山展示中心,其他
cf730872-2b89-46d2-af65-2ba0649e81ff,現代汽車展售中心_樹林展示中心,其他
23f092e6-92f7-4401-946d-55a4c084cba3,現代汽車展售中心_樹林展示中心,其他
af96a9fc-f52e-4701-b526-a7089966375b,現代汽車展售中心_頭份展示中心,其他
a9d07110-888d-46de-8bb9-ac6dbd81e37a,現代汽車展售中心_頭份展示中心,其他
3fadb3ff-768d-4b6d-abdf-9ecc2d3ea6d9,現代汽車展售中心_龍潭展示中心,其他
db1fca45-d611-449a-a229-1d59bfc6d01b,現代汽車展售中心_龍潭展示中心,其他
1ac497e3-34ba-47d3-b1b9-83a0fe3f1cac,現代汽車展售中心_豐原展示中心,其他
e6aad80e-40d2-4c34-a9ff-49c348780972,現代汽車展售中心_豐原展示中心,其他
b2f245be-c860-4942-bc13-9b6275fd8ae9,現代汽車展售中心_蘆洲展示中心,其他
01c1d70a-a521-464f-906b-49d41730fe60,現代汽車展售中心_蘆洲展示中心,其他
6e913494-ac98-4ec6-9379-665375598094,現代汽車展售中心_彰化,其他
eda63cff-2572-4e8e-871a-97efc337b00e,現代汽車平鎮_平鎮,其他
58e7e2c0-a225-46da-8161-ce87c2da8694,現代汽車蘆洲_蘆洲,其他
4391b767-926a-4159-9f6f-d70630fc87db,現代汽車高雄博愛店_現代汽車高雄博愛店,其他
e7f6cd36-1013-47ca-ad20-bef9a7b6f6ae,現代營業所_土城,其他
89fadc28-f0bf-4ef4-8123-250447fba98b,現代營業所_中和,其他
9ea19c27-78a0-4aa2-a33c-202f1553d7cb,現代營業所_中壢,其他
51eb7b5c-3f3b-4ef9-b040-94daa9a74ccd,現代營業所_竹北,其他
bb9e4d09-3eb5-46a2-b459-d2772a3a0a1b,現代營業所_南桃園,其他
36b3e317-ee26-4b60-b5fa-3b41083defeb,現代營業所_桃園,其他
9e085505-ef45-4c5b-a83a-0cf42bdc2123,現代羅東_羅東,其他
d7e2aec7-9132-4a93-9d8f-e718923350de,現代鳳山_現代鳳山,其他
25f21667-44ed-4390-8c4b-2b98092f984f,現代鹿港陳政豪_現代鹿港,其他
7a1cd377-6d40-4b55-9449-260d30370dde,瓶蓋工廠_瓶蓋工廠,其他
69018909-aa83-44ea-a27f-3777456f31e2,畢佳士總部_畢佳士總部,其他
7152624e-4484-4d53-97b2-bac15a98122b,盛悅工程_盛悅,其他
5eb0736d-d878-47e4-9e8d-233ba00c3a19,眾在_眾在,其他
6ce2b608-f83a-459c-8a01-1b3419c42106,眾在_眾在,其他
e41d9703-932a-4162-badd-8ca7743eabc5,眾在福祉_眾在,其他
e3022d37-a777-4f0a-b293-869de6947680,眾在福祉_眾在,其他
41f78148-d47e-4ccd-be56-df0c967bf5a0,眾在租賃_眾在,其他
c322e918-2559-4d70-bea2-a197644fc27a,祥瑞居_祥瑞居,其他
dcb88d7f-f9bd-42cf-b558-2de41c679cb0,祥發衛星車隊_祥發衛星車隊,其他
7288c5b2-a42f-40df-a789-779a1ae20230,祥讚鐵工廠_祥讚鐵工廠,其他
c6cabfbd-4a99-4d96-a44d-0d310c2165ab,祭典武廟_祭典武廟,其他
0b594c1e-cde9-4c74-9f27-204a36e2f2f6,笨港口港口宮_笨港口港口宮,其他
646919d7-7172-4902-94c0-75c1fccf4c4c,第一老人日照中心_第一老人日照中心,其他
66501c6d-996b-42ae-b5ec-d1327c058ba7,第二日照中心_第二日照中心,其他
8772e919-b138-4a6c-a12e-18fcd0f396c4,第二老人日照中心_第二老人日照中心,其他
df163143-d754-4c42-a73f-ee0f640588cb,統ㄧ園寶_園寶,其他
8c009146-0772-4155-b932-edc230ea563d,統一京育_京育,其他
7b06964f-60fa-4350-8e9f-875f686306be,統一京運_京運,其他
32c0f28a-ffe8-4551-915d-ca58f295a167,統一仁和_仁和,其他
780fd057-7a11-470a-b99e-72d7776522b5,統一佳佳_佳佳,其他
cbab76fa-8193-4858-a8a1-1e35e0c55c53,統一保聖_保聖,其他
19133408-df2e-4513-bb5c-c6282f319723,統一偉倫_統一,其他
b035b5df-7895-4539-98ef-51e7bfad9a69,統一凱富_凱富,其他
82af221f-ad16-445f-8c17-72ff70da42a2,統一勝權_勝權,其他
b23420f1-643b-4a0f-997d-384744e0984e,統一吉安_吉安,其他
67142f00-9918-443d-9266-e6a756a4ba86,統一吉安_吉安,其他
f2069da8-a290-491c-b033-f3c0b9ff3faa,統一國賓_國賓,其他
5aed2f48-c48b-4e02-90fc-a433526e8e2f,統一園寶_園寶,其他
d0554dee-a841-4f1d-80bf-f36dc66430f4,統一圓金_圓金,其他
6f88582d-c6a5-44c9-aa38-f11475007fa5,統一基河_基河,其他
5a9e7f24-b842-4ff9-a756-4b93532494b8,統一士東_士東,其他
45531125-bbe5-4c8f-9c4d-460268fc1fea,統一大道_大道,其他
2aec02de-f8c1-4bf1-96d9-5adb9f5f1bfd,統一安信_安信,其他
f3f76fdd-b85e-4263-9c38-db2802142021,統一安泰_安泰,其他
67bfb968-514f-46d1-a671-13a46301b4d8,統一庚塑_庚塑,其他
dee8f4bd-1cc2-4790-9e66-7497ae20a5e4,統一康福_康福,其他
d959b2ae-1713-4bfa-9a8c-5160b53aa101,統一康葫_康葫,其他
9f6ea7a3-90c5-46dc-8c5f-27389a3d6950,統一廣慈_廣慈,其他
2b14942a-eb03-47e4-90ec-db44cf5c11ea,統一建權_建權,其他
391e5342-3c99-4b5e-a183-28f3450e60f4,統一建權_建權,其他
6d9538bd-be23-4219-8395-853ff7435920,統一復北_復北,其他
eaa58b07-38ad-4b86-a721-20d211aca179,統一復興崗_復興崗,其他
ef59a74a-6d0a-4262-ad58-3751858a8e77,統一德行_德行,其他
3074cc04-9d9a-43bb-bc8d-8cd1753edf02,統一愛國東_愛國東,其他
806e2d3f-2987-4b42-a21d-3cf4c44b8bfb,統一慶陽_慶陽,其他
73c1d988-da46-4c7f-a5aa-d18e4f3bdea1,統一敦南_敦南,其他
c35b0fb0-b399-49b1-bcf7-690de10dcb67,統一敦巨_敦巨,其他
35a6930e-2ff3-45fc-9381-4333f6292d65,統一文大_文大,其他
b5be815a-aa81-4b87-87ce-0a21d85cabd5,統一文大_文大,其他
4a6b3f04-e26a-4951-b9d9-7eadb319678b,統一文大_文大,其他
329ec09e-b2c1-4aee-bf51-1978378dda23,統一文大門市_文大,其他
5e01afd8-ca4b-415e-a725-160a7b7a2e06,統一文學_文學,其他
2bc3168d-1c44-4d59-a636-4ebb89e5c0e3,統一文林北_文林北,其他
88503ff3-e521-4082-8f24-576ed7eecbd4,統一文森_文森,其他
bb1d479a-2e92-42ae-a7c3-b71f42a7eef2,統一新福慶_新福慶,其他
8fac3f19-ef6e-4655-8972-8d3bfa9ad64f,統一春城_春城,其他
144d14da-1e2e-44bb-bf9e-994dd428d495,統一晏揚_晏揚,其他
a61cb47e-cc3c-4665-95f7-a739b876a247,統一東光_東光,其他
388a5303-162f-4142-ad9b-feb2d29fe166,統一東復_東復,其他
ee550f12-5a23-43bc-b459-afdf4ad488a3,統一松盛_松盛,其他
049af74d-8b72-4874-b24d-a390c5e89b11,統一榮總_榮總,其他
5c5e49c2-dbfe-4f75-918f-dcbd0f1a5cd3,統一樟弘_樟宏,其他
a04b4481-2aee-4e71-9fda-ea520f0798fa,統一樟弘_樟宏,其他
fd140825-94e2-4508-962a-9cedf6e07502,統一樟弘門市_樟弘,其他
1a68f4b8-9094-4ac9-8b4d-75b58a355f1c,統一永明_永明,其他
b565018e-b285-4acc-b18d-baabedf1bdb9,統一泰利_泰利,其他
9ce8b1aa-8d36-4520-9062-134dd4fea515,統一泰順街_泰順街,其他
9f959173-c7b1-4222-9c91-d6903ea75a11,統一涼州_涼州,其他
5f2f9b33-453b-4d81-bd37-c641dae3dba8,統一深坑辦公室_深坑,其他
fe9e6817-e5e6-40a7-a55d-7ba1052bdcab,統一社鑫_社鑫,其他
f0cfaec5-7b3d-424a-b760-091991de5515,統一立陽_立陽,其他
de9a1e3d-ac11-4d59-89a5-96e866b12d56,統一統威_統威,其他
41e04773-236a-4bfe-85d2-916d253a6621,統一總部_總部,其他
376e60ea-af4b-4d1b-919b-87ed1950dc73,統一耀港_耀港,其他
3b1856f5-dfd5-44ba-98ef-b57ebba26760,統一至善天下_至善天下,其他
856d34c6-4eda-4ed5-ae76-9dd36e9a6dfc,統一興鄰_興鄰,其他
7beb29fb-e95a-4c15-ac25-f06c062d6261,統一興隆_興隆,其他
eb4bf137-480f-4799-8570-8409a046ef21,統一華崗_華崗,其他
310ca06d-79e5-4da0-bb0a-a443532ea7e2,統一華經_華經,其他
24de13e6-454c-40b0-a957-7dd68b3d33bf,統一行天_行天,其他
d900f56c-cbae-4344-b733-34be6b357c35,統一西安_西安,其他
e2435731-9329-4a4d-a460-6d1900de16b5,統一超商開會_統一超商開會,其他
620aa843-dd81-415b-a898-71e739cd32f1,統一軍總_軍總,其他
04f5191a-612a-4973-8f59-8e00855a7cfe,統一金宴_金宴,其他
ce875986-0827-4fa6-a4f1-b7e04e79f57a,統一鑫仰德_鑫仰德,其他
223005ac-b8e7-4e02-a3d7-aa314c206080,統一鑫樂昇_鑫樂昇,其他
241a52d2-e887-44c4-9a9d-9100ba899d96,統一鑫青天_鑫青天,其他
efd9d2da-9812-4f1c-bdbf-e1556df965a2,統一鳳翔_鳳翔,其他
457cccc1-37da-4df9-b203-276e2366ba48,統一鳳翔_鳳翔,其他
f7721255-af46-4803-a8ca-182013c80de2,莘龍投資_莘龍投資,其他
0324ffd6-75a6-43b4-94ad-7e70588adaf4,莊佩玉_莊佩玉,其他
3befa725-63fc-48e1-b84d-eb9c14636ab9,莊鳳美_莊鳳美,其他
5338dc81-3e9d-4916-a60b-7067e2005cf2,荷園佳里失智日間照顧中心_荷園佳里失智日間照顧中心,其他
a0053a0e-ff72-456e-a427-5ba3088b81a7,荷園玉井日間照顧中心_荷園玉井日間照顧中心,其他
7768e389-a507-4ee5-97c4-c4049f5d6810,許嘉坡_許嘉坡,其他
d5fb6227-bbbd-469d-b5e9-042dcab25400,許政傑_許政傑,其他
c28f6c57-2c69-4bdf-b4f9-ce6ba288879c,許瀚升_許瀚升,其他
3c1100b3-9277-4153-b2af-b340eca7814b,許瀚升烏日_許瀚升,其他
83942f20-4d35-448b-aa24-009b663b30e6,許衍習_許衍習,其他
08e62362-04b7-425e-acda-1138a06651ae,許財華_禾亨小客車,其他
6359be1f-769a-4c8b-8ecb-4e07355eca16,通淮宮_通淮宮,其他
c33181f5-df4a-4e96-bebc-8815d18956f7,通用不鏽鋼_莊家承公司,其他
4d96e71d-8782-4359-a289-a22cae17a20e,通霄日間照顧中心_通霄日間照顧中心,其他
a33dece6-a4d3-417a-9a97-9b44ba7c00f1,連江縣衛福局_連江縣衛福局,其他
562bf229-ac51-4e62-bab4-2c74b3df6942,連江縣車船處_連江縣車船處,其他
c5723ca5-b0a5-487a-a712-23584f2be390,連翊科技_陳光煒,其他
d274fe64-44cb-4c5d-8252-59a9ce56616f,速優_速優,其他
97940cbb-ef8a-44ad-a1c1-e96503120d77,速優_速優,其他
b33b408c-c56c-475d-879a-87e5014f79e5,逢御_逢御,其他
b2277176-b0f4-48d2-bb44-ff06125e32c2,逢源科技_逢源科技,其他
b4ff5647-2dd2-4cd6-b855-8f8dcaf36c3f,郭文淵_郭文淵,其他
71ad26d6-22ef-4277-889d-17aec6b6e26b,郭欣儀公司_郭欣儀,其他
bee47134-f761-4b2e-8c19-5ac3922eecdd,郭立銘_郭立銘,其他
934cde43-0e03-49b5-979b-845ae5d79dec,郭立銘_郭立銘,其他
599e9882-0387-4b35-8f55-62d5b804fbc1,都城隍廟_都城隍廟,其他
0745f09a-90b2-4d4a-85ee-ce6a7c28e3e6,都樂汽旅_都樂汽旅,其他
c4904e9f-c125-4a93-8388-f0ae3a489fd5,陳_陳,其他
ea6dd12f-c07f-45e9-bf5f-330c7824cc5f,陳佑吉_陳佑吉,其他
8e6f1237-33a8-4e3f-b6e9-0c4d56d63f4b,陳信宏_陳信宏,其他
b0a6fe5e-2d50-41a5-9767-64358da6f530,陳修謀_陳修謀,其他
85c484ce-38e0-4ea2-bc62-a4587e8e0fac,陳儀芝_陳儀芝,其他
ea773ede-7c49-4d56-acd5-2b4c5b2089da,陳元鴻_陳元鴻,其他
4f8e86d5-9906-461f-bda1-94d4feab30ff,陳先生_陳先生,其他
c1301f5f-2131-4c3a-a3fc-08775dcf5708,陳先生_陳先生,其他
b8495a13-bea8-425c-bfd7-d5668cb00127,陳光幃_連翊,其他
29412dcf-ba30-45ea-9fe5-8fd2064e5632,陳其宏_陳其宏,其他
c22e8e23-c36c-4428-b96e-a19ce1a53488,陳冠宇_陳冠宇,其他
9cff0b0f-8300-465d-9dcd-bcfbaca850e9,陳冠宇_陳冠宇,其他
18c3150e-ceae-4850-a8da-ad61a61b1f85,陳冠宇_陳冠宇,其他
6456a238-4c47-40f3-b736-da2ae90c9d8f,陳太太_陳,其他
eab656af-295b-4371-8acd-c74ad4038c27,陳妙_陳妙,其他
7dbdd25d-b145-450d-a6af-f4933929bfbd,陳威宇里長服務處_陳威宇里長,其他
88bf3761-13d1-4311-90bb-52ad5a16de8a,陳威燦_陳威燦,其他
763eca88-0285-40ec-a3e1-996e6bb80c97,陳威燦_陳威燦,其他
058122da-970a-4c86-80c1-52537a29035e,陳家赤肉羹_陳家赤肉羹,其他
92a655e0-ee4d-4516-bed7-39884d23114c,陳專榮_陳專榮,其他
488c8071-28b7-4a14-bac7-fb549fb4c905,陳專榮南投_陳專榮,其他
e633675c-4a7a-4f06-aceb-aab992f9331c,陳小姐_陳,其他
cb1a4d66-fa00-4296-bebe-ae0c153fce22,陳小姐_陳小姐,其他
20ce259c-25d3-4e9e-ac05-52c6a8afbbd8,陳帝嘉_陳帝嘉,其他
bf387af1-b31c-4099-b6f5-129cea5d6943,陳府將軍廟_陳府將軍廟,其他
95af95f3-3d95-4732-95fe-04c722fc4632,陳彥忠_陳彥忠,其他
d6a7dd17-1a28-41af-89f7-de779413f680,陳德鴻_陳,其他
b72fd38c-ad46-41a9-8e2a-6f7800666c66,陳怡潔_陳怡潔,其他
273cae1c-f380-49fa-b77e-fa21c7f5125d,陳成添議員服務處_陳成添議員服務處,其他
6e55cf8a-8233-4304-bb7c-67372232d41c,陳政顯議員服務處_陳政顯議員服務處,其他
c6a9f0a0-eba6-4313-99c9-dab36217d3c3,陳文德_陳文德,其他
13c699ad-74c1-4621-982c-fb2de33f1885,陳文忠_陳文忠,其他
c5ea073a-95d0-452b-a36d-37229f8da98f,陳文振_陳文振,其他
44b7f50d-4cb3-4328-8e41-8e552c5aa59a,陳文政議員服務處_陳文政議員服務處,其他
abaf6799-7db6-40d9-b0d7-cfc47e1300a4,陳文欣_陳文欣,其他
a527de38-fd93-4024-8635-a5e03d9a4085,陳文章_陳文章,其他
7422f6e8-6823-4154-bf2d-8b9d4349cb92,陳文豪_陳文豪,其他
1f26860f-e695-4ed4-bce2-26b51d635944,陳文鎧_陳文鎧,其他
a4bd083c-4373-4661-9008-9d34d7466657,陳明光_陳明光,其他
54373541-b14c-4d4b-a204-a9c658ca9519,陳明輝_陳明輝,其他
2e0908c2-4ec1-44fc-a089-8212a54a71d8,陳暉閔_陳暉閔,其他
663fba80-faca-4385-9841-6f64224afa7e,陳曉妍_陳曉妍,其他
dd5294b5-356e-4cc1-808e-2cfbce375d3c,陳本添議員服務處_陳本添議員服務處,其他
7cdbc6e1-e4f3-495c-a3d2-7f45d40bbefc,陳梅芳_陳梅芳,其他
be510a8e-4d54-4b68-ad37-14d9fee3a478,陳梅芳_陳梅芳,其他
acfdc152-3bef-4a31-bc0f-3295328446e6,陳樂天_陳樂天,其他
ec66f82b-ca72-46ed-878d-b885c26d87bb,陳正鴻_陳正鴻,其他
d1dd9c0e-e9fc-4501-ab1a-e55e146046e0,陳沛蓁_陳沛蓁,其他
b061e910-b50c-40cb-87d1-172208936535,陳浩明_陳,其他
64fd376b-5315-48a6-abaf-bbd69357da45,陳海順_調解委員會,其他
a4c9c7bf-ff5a-4f22-93c1-37c50139d9dd,陳淑如_陳淑如,其他
5b4b774e-c408-4199-9a9a-9d59a8f1f240,陳淑華議員服務處_陳淑華議員服務處,其他
0721ea0d-b55e-4935-914f-4eebd15fa936,陳淑貞_陳淑貞,其他
824d1ca8-3bd5-4fbe-b726-d6b4992c8d2f,陳添福_陳添福,其他
aed4572d-e887-47c0-b0cb-b810e0e760ee,陳滄海_陳,其他
e8dfe3e4-b4bb-4e11-ab1a-e4ddff41cede,陳潔儀_陳潔儀,其他
dab24f16-d73d-43a1-8ae5-d87cb6b5c6ff,陳璟儫_陳璟儫,其他
3c291ea6-9562-4171-89c3-7db3c14b6272,陳盈成_陳盈成,其他
5d31e1dc-033b-49d3-b20c-4741b676ec1b,陳福卿_陳福卿,其他
3110652e-df77-4e1f-ad92-79f2a5e89b66,陳紀豪_陳紀豪,其他
223beb3a-694c-43a6-90b8-02ec9931594e,陳績元_陳績元,其他
c926eafe-960a-4c69-ac2a-706ff048d67c,陳績元比漾_陳績元,其他
ce5d2860-35df-4e1d-8ee3-8e6579c58828,陳績元比漾_陳績元,其他
519dab58-74c2-4f68-acac-a2f69c8112b6,陳績元比漾_陳績元,其他
98aa0894-4425-4e7e-b3d2-3e73797cbe7e,陳美彣_陳美彣,其他
4ca5df0d-95ac-4e85-af00-60dac0dbdd3c,陳美彣老家_陳美彣,其他
c7d42d3b-e31e-4837-978e-d4cdad7ed280,陳美玲全家_陳美玲全家,其他
a5fe5260-87e4-4100-90db-e425714454bf,陳美珍_陳美珍,其他
53ebc357-af08-428b-a3e5-c0a1ab46a016,陳致昊_陳致昊,其他
5bfc822c-e0fb-4b31-8ad1-61343bc4a9ae,陳芎林_陳,其他
d334b0ee-5593-4ffc-ae6a-945ee6a733ad,陳芳婕_陳芳婕,其他
a193ffb1-3c33-4ac1-90e5-6d349912a7ac,陳莊月嬌_陳莊月嬌,其他
b0d87c59-8fce-43ed-8c80-b0587988ab35,陳金塗_陳金塗,其他
a47813ab-900a-4f84-b010-632803482d21,陳金田理事長_陳金田,其他
a3e4ead6-2283-4808-ae10-7cfabab36f74,陳雲娥_陳雲娥,其他
16c04327-cca1-4fdc-8b23-6d6a53d5330a,陳麗珍_陳麗珍,其他
e7365f9d-2cd3-43c5-b26b-65fe22a5eba1,陳麗美_陳麗美,其他
68db0db4-c77e-4437-b531-40a4547ce719,頂晶洗車坊_頂晶,其他
0b0f3e1d-8d58-40b2-8583-b63068d5ceb0,頂橋福德宮_頂橋福德宮,其他
ed819751-eead-433e-9cfc-22d614ebd41a,鹿港區老人日照中心_鹿港區老人日照中心,其他
30e68e0b-6e25-413c-8c58-9a4cf347a318,鹿港地藏王廟_鹿港地藏王廟,其他
00939f2f-47e2-4331-a540-4b85e825cafd,鹿港城隍廟_鹿港城隍廟,其他
e2d8ad9d-da45-4e34-a495-eae04b199dad,鹿港現代_鹿港現代,其他
12978edd-7abb-4d6c-a4a9-12cb7d6197a5,鹿港青商會_鹿港青商會,其他
049cee54-ab0a-4417-aea3-2ad6c3f1389e,鹿耳門天后宮_鹿耳門天后宮,其他
96c1bbbb-a883-4531-addc-7816099e1a76,麥克田園_麥克田園,其他
fd7f87d2-2b45-4ffc-9c8d-01586181250d,麥寮吳佩津_麥寮吳佩津,其他
525f6689-ee0b-4d90-ab0e-4d831c90d5e7,麥寮孝親園_麥寮孝親園,其他
8d397f9b-a7a3-4a8e-a0b8-ed333858e2a9,麥寮孝親園_麥寮孝親園,其他
870c3244-1c15-433b-a9bb-7931695a85a7,麥寮孝親園_麥寮孝親園,其他
0484ca05-93d4-4d9c-bccf-99793319e031,麥寮拱範宮_麥寮拱範宮,其他
54930ed4-ac51-413e-85de-875c227742c9,麻豆代天府_麻豆代天府,其他
bebfe78e-05d6-499b-9bb8-c7c9cefee383,麻豆失智日間照顧中心_麻豆失智日間照顧中心,其他
1452199b-551f-48fb-bf93-7bf204d2e44c,麻豆文衡殿_麻豆文衡殿,其他
80bf2cd0-b66b-4d83-8975-ea07e82a1be7,麻豆日間照顧中心_麻豆日間照顧中心,其他
de990047-9228-414f-918e-63a9d78d7b97,麻豆監理站_麻豆監理站,其他
4f66c71e-35fe-4715-b30c-84d3ed8f3475,傅張雲燕_傅張,其他
8d9f14d6-d33f-4fcf-8a13-45288d951994,傅張雲燕_傅張雲燕,其他
cef55320-7ed8-4afb-8725-11d1fc63f73f,凱勝綠能嘉義_凱勝綠能嘉義,其他
60b44b15-1d07-426f-b023-f2bc382d73b0,凱莉都_凱莉都,其他
7057ba2f-cdba-4d52-bd2e-b3876ebaf498,創世_創市,其他
70e6b106-f693-4aac-894e-7e3f648439f7,創世台北院_台北院,其他
e84d831e-01bb-4af1-9b55-63e4c19d8edf,創世基隆_基隆,其他
19fb16df-0f1c-448a-a851-52a8ea9bb34b,創世壯圍_壯圍,其他
6f56b468-ba81-46fb-9f4d-a1e005c9bfdd,創世文山院_文????院,其他
10411935-90ed-4cc8-a173-46d0d370ae71,創世桃園_創世桃園,其他
01b0c8c5-0e22-4b9f-84ed-64dba04714ec,創世總會_創世,其他
63f239fe-b06e-46ee-bfd7-e623fd44023b,創世羅東_羅東,其他
3eae1ace-07ab-4142-a7f3-d6ffc0052b79,創奕_創奕,其他
c9d2ed07-1e5f-430b-a51e-2ef4d358a03a,博愛日照_博愛日照,其他
a2ff9ef4-5112-4b94-91ac-63f2422dbd5b,博愛長期照顧中心_博愛長期照顧中心,其他
37306e59-2ef4-4e21-8d04-1fa97f359cbe,博愛青商會_博愛青商會,其他
1537e913-7cd9-4eb3-b6e1-8282ab6b4f2c,喜大人_喜大人,其他
e9ec94f3-2d35-437d-92f1-4c394b585fc2,喜大人 大園_喜大人,其他
7b8189dd-e548-4177-9f8e-edd05f71d51a,喜大人 大園_喜大人,其他
c76e5413-b58d-4f24-b2ef-f2c54b94171c,喜樂伯立歐_喜樂伯立歐,其他
19c107f1-07ce-417f-a1ff-79130cfb2da7,喜樂伯立歐_喜樂伯立歐,其他
d0649c49-6790-4d1b-ba08-954ddfeb0bbb,喜樂伯立歐日照_喜樂伯立歐日照,其他
62663857-b837-4717-86fd-2aa05249dfb9,喜樹萬皇宮_喜樹萬皇宮,其他
ed3ca977-8a2a-421c-be3a-797de1ac96f1,喜瑞村日照_喜瑞村日照,其他
0d0fa395-7d72-4189-8326-f585c52153e9,喜福日照_喜福日照,其他
2414dbfd-3713-4c50-be9c-df40de6138a7,喬維科技_喬維科技,其他
692da2a6-6101-4bf0-ab3b-711b5f4c2624,報恩堂_報恩堂,其他
f52e053f-73a2-4294-8512-7b32e2532d7c,奠安宮_奠安宮,其他
6fe8fc12-18f8-4105-9e3d-2058cae3ed38,奠濟宮_奠濟宮,其他
cdf5d1a5-0606-48c5-941b-3d6c9361bb3a,富光商旅_富光商旅,其他
1098f13e-312e-444e-a1e0-88499f19695d,富宇建設_富宇建設,其他
523811aa-e68d-4aa2-8aec-fcee5c87701e,富宸材料_黃佩玉,其他
6eb12568-23a4-4064-8b2c-80de8207edb1,富泰旅運_富泰旅運,其他
b2fba10d-331b-435e-a12a-840cd5aea0e7,富爾捷_富爾捷,其他
6f54be37-bce7-4447-8f30-57c7a6ea34dc,富王建材_富王建材,其他
c8bc9b10-42d5-4cb1-8f43-2767f917df41,富眾汽車_富眾汽車,其他
f112b16e-13cb-43df-9e06-582f14c3cd49,富華創新_富華創新,其他
87a03527-3525-436e-930b-d456dbd396ab,富邦產險_富邦,其他
3f0002e1-018b-497c-8935-ba74f406d216,彭瑞俞淡水區._彭瑞俞,其他
96a285ff-e251-4c13-ab96-1dcf787b231b,彭貞香_彭貞香,其他
5a94ef65-4594-4e73-ac1d-1850a1503d76,彭貞香_彭貞香,其他
ab12b925-8322-43bb-abb9-6012ce38ab84,彭韻芬_彭韻芬,其他
f97cac82-bd48-4b63-897c-f9803ac970dd,惠來福德寺_惠來福德寺,其他
7dcad83d-831a-4b09-a6d7-0f8c9b9e2197,惠傑工業_惠傑工業,其他
9e399760-ecbe-4ab0-92c6-fdc6535c01d7,惠心租車_惠心租車,其他
327539d2-2343-4c92-9282-0ea627b3d331,惠比須名產店_惠比須名產店,其他
76237879-652e-427c-8207-110ff3720966,敦泰建設_敦泰建設,其他
bf7d6dc4-ce3a-4ca7-bb58-05dc3d60c5bd,普濟堂。_普濟堂。,其他
cdf389f6-a2ed-422e-996a-1de09cfd5d73,普濟殿_普濟殿,其他
8d675491-6824-49a6-a4aa-9b70a7b544ea,普照寺_普照寺,其他
fa174d9d-56f0-4e48-b89e-4a52e17a472a,普立緹_普立緹慧智照護機構,其他
50004d20-5068-483e-bc72-c1d312da633a,普羅租賃_普羅租賃,其他
939ae5e8-0ac7-441a-a7f4-434730d04c2c,普羅租賃_普羅租賃,其他
a8daac9b-7ff1-4a85-8dfe-8e075cbd33af,晶宴會館_晶宴會館,其他
f73a47b4-ad4d-45b0-b63e-a8f421eff0c8,晶華酒店_晶華,其他
61a7d80c-e19c-493d-82bf-8436aa1608f2,景文汽車玻璃_景文汽車玻璃,其他
abfa9d4f-0a13-4788-8acc-4b4527c38f03,景福_景福,其他
8c3b3acb-9952-48da-8c0e-52565aa22ffc,景福宮_景福宮,其他
bb77cb98-4bab-4ba6-8eb9-937ef99b1fcb,景福祠_景福祠,其他
6c01eaa1-cf96-4bfb-9d4d-0382d3c804ff,景美集應廟_景美集應廟,其他
d6d0891b-4de1-42ed-b990-2c8aa1d2e037,曾寀菁_曾,其他
fcc04942-90e8-4b5d-92da-ec3bd1c7560d,曾志偉_曾志偉,其他
ce788e51-6e3c-4a11-a52c-88171ba77922,曾志銓家_曾志銓家,其他
7d2abf64-2c99-42d9-8ddb-788ac5836445,曾愛嬌_曾愛嬌,其他
5e14a684-3f8d-42bb-8615-41ef6f28d772,曾永淐_曾永淐,其他
8355c4be-4ae3-4019-a225-c4a63a13609a,曾美珠_曾美珠,其他
d1c74733-9bfc-45ee-9e5f-7b865bfb0ae2,曾銘宏_曾銘宏,其他
656ae53d-c645-49ef-a22a-4205710b174e,朝元宮_朝元宮,其他
5e4f1a72-ed73-4630-85f6-a1bdd3129f4a,朝天堂_朝天堂,其他
db2e7d7a-b744-4788-8f25-28aefdf4aa0b,朝興宮_朝興宮,其他
bc0481e9-f6de-45de-a536-e5ab5ae8d737,朝馬站_朝馬站,其他
fe5e20b0-7ca0-4386-8fe7-49d29454a697,港尾福德宮_港尾福德宮,其他
2006dbd9-7ca9-4848-8af3-6f72186292da,游文琪_游文琪,其他
0a6aeb08-4d89-46bb-ac50-a20dc377f727,湧蓮寺_湧蓮寺,其他
a76871a9-b501-4974-9048-d30b7522f2b2,湖口青商會_湖口青商會,其他
d361fb3b-33ce-474c-b9d2-b24e7225d916,湖山寺_湖山寺,其他
e163c522-af0f-40bd-83c1-794679d935cc,湖西香柏園_湖西香柏園,其他
0f812894-12f4-4027-acf6-5640775630e6,登豐米蘭_登豐米蘭,其他
7599ad33-e5d9-4bbc-8f0a-d4c87fd9ec31,程乾名_程乾名,其他
93410264-0588-4b37-a9a0-25ebe30e179e,程乾名_程乾名,其他
bdfd6a1a-23b9-4a15-9f42-1852dbde6f5d,程英稠記帳士事務所_程英稠,其他
2d961f57-908c-4283-9ce5-36da50c8c18d,紫雲巖_紫雲巖,其他
a7878314-6583-4555-99ee-26704f6abe92,善化慶安宮_善化慶安宮,其他
1b3f151d-1f66-4942-8e1f-9a993ce6c4cb,善合台南_善合,其他
7c9ed4d0-efd2-49c0-8985-258856243d95,翔園會館_翔園會館,其他
404906b0-7e8b-4b1e-b11f-da175fd712da,舒世雄先生_舒世雄,其他
a3afc39d-ea87-4e07-aa42-e01458d81306,舒蘭旅館_舒蘭旅館,其他
0b626576-456f-4c86-b2c7-2aa2fcfe0c1f,菩提仁愛之家_菩提仁愛之家,其他
4ca9dde4-8255-4df0-b398-7bad2dff650a,萃芠三民區_萃芠三民區,其他
7173d0cf-8ff2-48ad-9777-28e497c75d8c,菁英青商會_菁英青商會,其他
ed5ae800-648e-42c8-9a13-109ed3156b74,華仁_華仁,其他
d20c5e58-6c62-496b-b5d1-0e4a71d1b921,華仁_華仁,其他
1548f3fd-6dad-4f95-a836-073bd7bb3bd9,華仁_華仁,其他
953dd867-c2cc-44d6-9166-bf47a3749620,華仁楠西_華仁楠西,其他
fa9c0702-2e0b-4f80-94c3-65f56eba2a22,華仁楠西區_華仁楠西區,其他
e8bde297-36d1-434f-8ba2-a0fc88b7ea1f,華尚建設公司_華尚建設公司,其他
cbae4bbb-11b0-498d-83d9-dbe24eb13d59,華德動能_華德,其他
0e27c013-d4b5-4969-acef-4aeb3f0cedbe,華德電動車_華德車王電子,其他
c3ae43c7-f7ae-4052-a6a7-a58e50a80dd3,華洲汽車_華洲汽車,其他
1b9b6cc0-8af3-4957-a103-eb2b9d2ae573,華藝希爾頓_華藝,其他
2a4e43c4-89f2-454b-8775-4897f9789654,華麗交通_華麗交通,其他
e3965e46-5a97-4c08-b8f3-6d7baf897e6e,詠晨汽車零件_詠晨汽車零件,其他
708f02e4-80da-4dea-8f07-ae000655a66b,象山園日間照顧中心_象山園日間照顧中心,其他
3c45eddf-7877-42f5-9dd6-7760d8c7a01b,象山捷運站_象山,其他
117d2838-9e84-4914-8eea-ba4b582f7df2,貴賓通運_貴賓通運,其他
df686584-c589-4b48-941d-92f005b0d178,貴賓通運_貴賓通運,其他
fbf4c6b5-a528-4120-8381-dece120b6db2,超商_7-11通霄金金門市,其他
4f6a1a7c-68a6-4ca3-857b-ac63d540c5f1,超商_7-11通霄金金門市,其他
fef4736c-0447-4a82-9f9e-06fbdc577529,超商_统一羅昌,其他
29e91191-92e4-4ead-8639-30a4d029418d,超商_统一羅昌,其他
031840b6-1b7a-41ca-a8d8-f190c7a8439c,超商_上饌,其他
268c2665-9932-4f08-8b6a-358f0ed4bbbe,超商_上饌,其他
ec1f82e4-98cf-4075-9acc-93fa6a596cf3,超商_全家信美,其他
0c634fb7-5378-4b6c-96ec-37743a841664,超商_全家信美,其他
3774d248-2a5e-4074-826a-336fceeaff5c,超商_吉祥,其他
f8a09cdc-ba82-4478-8bbd-1e4c1987675c,超商_吉祥,其他
577d6a92-728d-4315-b885-9e4520780e69,超商_朱崙,其他
fbb389d9-eb79-4e59-a3f9-2996cd85c97f,超商_朱崙,其他
c5ff91d1-8bda-45f7-89fa-16c9eddbc4fd,超商_江陵,其他
08955d3f-29ee-45dd-a045-78c3c0afa58a,超商_江陵,其他
69286b81-12c7-4f43-956d-68dea4758208,超商_吳興,其他
94c4a72d-ed72-476d-9f7f-b647d18bff06,超商_吳興,其他
4a45b390-1746-40c6-84ae-2dc17224dee0,超商_京運,其他
2a400117-2597-4e94-9a47-112436994d25,超商_京運,其他
b9c813c5-d7ad-4857-b3e5-72bb120d5d46,超商_忠孝東,其他
e76afffd-e69f-4090-a6a4-85b2577058f8,超商_忠孝東,其他
b4e47ea5-ab32-4cd1-ac90-6d18e46fb169,超商_東睿,其他
0a7b3bac-659e-4813-a264-95a04db473b1,超商_東睿,其他
a78bd84b-51de-4939-87da-971c50fb6563,超商_欣漢華,其他
34e158a2-03e3-4a56-bd36-e1f9d514c08e,超商_欣漢華,其他
d5eecb4f-01a8-421b-b8b6-8cf09e3eaedd,超商_阿波羅,其他
dfc35372-ed4b-4b88-b952-91ad078468c2,超商_阿波羅,其他
c96e98ee-289c-4c7b-81af-fbab3e6e2577,超商_建安,其他
8a825dda-d8d7-465d-a5d7-6f79a58be37f,超商_建安,其他
82968a60-3615-4db8-8b3c-e8bfde102c31,超商_柯興,其他
55e817ae-8448-40bd-ae3e-681ed9a49022,超商_柯興,其他
cdfefc5f-d6e9-41fc-801e-0633e8e9ce24,超商_清境,其他
8851c22d-81b4-4275-8b7f-349c29a90063,超商_清境,其他
4e837eb2-7afa-42e3-bff6-e5a68f8a8142,超商_統一吉安,其他
e96a7b9c-078b-45cb-8ee7-9b21a4effc13,超商_統一吉安,其他
8621201a-9f0d-4c2e-bd08-36f24f959e79,超商_統一征東,其他
6b510ecb-0407-4885-84fc-613f56afe6d8,超商_統一征東,其他
4a1f7f03-0f69-4efa-a006-1965f9f2962d,超商_統佳,其他
644f6adc-07ee-43e2-8763-6cfd3faeb79f,超商_統佳,其他
427c52b8-99d6-4082-9565-5412c672ffdf,超商_復興北,其他
8d32b983-8e3f-4ee0-badb-d66f19635702,超商_復興北,其他
13a20e91-b57a-4825-b4ef-7d54c9cf200b,超商_森泰,其他
86ab060c-5b87-4c55-9cef-3439727e86b4,超商_森泰,其他
de486931-2d8e-4018-84db-b5eadcdcf6ef,超商_湧久,其他
613b3dbe-f836-46d0-939c-086fd9bae53e,超商_湧久,其他
5edba9af-4048-4daf-9e8f-951f45dd827e,超商_超商愛國東路75號,其他
b5cd11fe-12e7-45c2-8d3a-211492ca5119,超商_新西華,其他
84924302-c862-448c-9e55-79582119374a,超商_新西華,其他
a7abb52a-1c26-4a74-bd5a-a37a3633808b,超商_館前,其他
40ed1b22-9f67-400a-b89a-df2043e2998f,超商_館前,其他
4a165e9b-8b20-4080-868f-39b51a918678,超商_總部,其他
61e41638-c607-4411-b48f-fcb8cafbc283,超商_總部,其他
56c4ad57-7e68-4699-9427-cee5e1d0d920,超商_羅斯福路三段29號,其他
a93ea7ed-a72d-44a5-ace8-ea6a7a002dfa,超商_羅斯福路三段29號,其他
4b9bda74-88db-4003-842f-c165b5e8416c,超商_鑫樂昇,其他
3e1943e4-ab9b-42f1-825d-78e50bf9b1d3,超商_鑫樂昇,其他
5850e7bc-4636-4e8e-9971-9bf4c1918716,超商_鑫華福,其他
c490cfc6-a105-43a9-94bc-b5044103f6ca,超商_鑫華福,其他
9a590e7d-857b-4d10-98a7-1d787fe99da0,超商_超商愛國東路75號,其他
d4a51c7f-476c-48c5-b418-0cb4b77268e2,辜婦媽廟_辜婦媽廟,其他
1155611a-522c-49b1-b759-947953c155aa,進化路東台中toyota_東台中toyota,其他
0b1f6c55-ebbc-4eaa-9227-ac6b3db5b845,進安宮_進安宮,其他
23a3e777-26f4-419b-9fda-da6f2e74aa2d,郵局-南屯路郵局_郵局-南屯路郵局,其他
b38acdd3-947f-414e-9a54-054b5f3b4014,鄉林皇居_鄉林皇居,其他
0a23837d-12c2-45f5-8ad9-3390785c4fdd,量子膜隔熱紙_量子膜,其他
3ced57b7-8ec2-418c-afff-0a5cccf4aa09,開元寺_開元寺,其他
6865d916-ae3e-4db0-a1d4-4bbfc2ff8793,開化寺_開化寺,其他
5a1b2979-7f86-43a6-b30f-d21f73c5b764,開台天后宮-台南市_開台天后宮-台南市,其他
46e85881-fa4d-40d7-8295-8e4a105b8e56,開台天后宮-新北市_開台天后宮-新北市,其他
236ab77a-6105-4d44-b5f4-19288489ffce,開台聖王祠_開台聖王祠,其他
5181425c-f214-4d07-a7fd-936ee0b5fb58,開基天后宮_開基天后宮,其他
efeee877-a989-4227-98d3-474c4f2e1469,開基武廟_開基武廟,其他
cdaea314-6ad5-4a32-ba19-194d11381be4,開基玉皇宮_開基玉皇宮,其他
da2d0b59-602a-4240-9ba3-2138ea5ad939,開基靈佑宮_開基靈佑宮,其他
12dbd3d7-1044-459e-a225-f4a6d48c60f5,開山宮_開山宮,其他
9f9232bc-9d82-45e6-84e5-2861e2d563e8,開成寺_開成寺,其他
34c814fc-fd33-4203-8a71-33269baa0f10,開農宮_開農宮,其他
3ed05bbf-a133-480f-b4ad-2abb9cde2965,開隆宮_開隆宮,其他
cfc6089d-ace2-4282-b861-8d7f9be2fcdd,陽明山青商會_陽明山青商會,其他
aa2e4d7b-aaf5-4b2a-aae4-e2752deaf10f,雅莊商旅_雅莊商旅,其他
11857c0a-4681-42e6-aaf6-ec149e29362f,雄獅旅遊_雄獅旅遊,其他
f62a49bf-df55-46f3-b15a-ed4e824759fd,雄獅旅遊_雄獅旅遊,其他
16e65e46-0132-4023-bb7f-c7faafc90343,集應廟_集應廟,其他
8f0affb3-2a16-4b5c-af05-00bb8cbf2045,雲廬日照_雲廬日照,其他
e9b28f63-1602-451d-921b-e86eeb74323e,雲林向陽局_雲林向陽局,其他
376e28e5-059f-468e-8371-3bb50dc3ba1c,雲林孝親養源_雲林孝親養源,其他
95c11249-38ec-4fca-8330-fee5e5e4e01f,雲林小太陽_雲林小太陽,其他
8c1e580e-414d-48b6-8d30-68813352e5dc,雲林德蘭老人_雲林德蘭老人,其他
0b5e8326-338f-4f23-91ed-4c5d61887524,雲林德蘭老人_雲林德蘭老人,其他
dfaaa07b-22f5-446b-b16a-abc8769eeed6,雲林社福館_雲林社福館,其他
6a42cf1a-b83d-43d7-aedc-270786e64477,雲林紅蘋果日照_雲林紅蘋果日照,其他
bf7f7f9a-2a2b-4fd8-a360-27804eade309,雲林紅蘋果日照_雲林紅蘋果日照,其他
9abcfadd-aceb-4f64-a7bc-5d718685851c,雲林縣斗六市林頭里家庭托顧據點_雲林縣斗六市林頭里家庭托顧據點,其他
97831795-c6be-43f5-944b-a8ea7b90300e,雲林脊損_雲林脊損,其他
bcc60614-8614-4aee-8cad-8e726a551350,雲林青商會_雲林青商會,其他
895186a0-7fdc-4b05-a5f2-8cbc19d2a97a,雲林高鐵站_雲林高鐵站,其他
70fd4f5c-5fcf-43c8-8965-17d1a93f5e74,雲盧_雲盧,其他
d9c01630-c1ae-431f-8e39-938af0bcf2c2,順元日間照顧中心_順元日間照顧中心,其他
37c70f2b-9191-4ce1-9946-4920473bcdc4,順天宮-苗栗縣_順天宮-苗栗縣,其他
ef4bed95-fd64-47a4-b855-c8c3973ec1a3,順天宮-雲林縣_順天宮-雲林縣,其他
973a3424-58ab-464a-8bea-8bb2ce5ac496,順天宮輔順將軍廟_順天宮輔順將軍廟,其他
638ddbfd-9432-4def-b1a9-0f22b8087e56,順安宮_順安宮,其他
d076e63b-f583-4a92-9d67-bcb16c364c77,順心_順心,其他
2545a875-bdee-4bc1-98c0-5cd41f3f798a,順毅_順毅,其他
0c1f6c03-334c-4be9-9bfb-9b7a8c9f5b5b,順毅紙業_順毅紙業,其他
6a6b87a6-ae87-48ed-8640-e4df45555d9c,順益土城_順益土城,其他
377782ed-2c89-454f-aa78-dfeca703a5ac,順益太平所_順益太平所,其他
2a9ee3b9-ba96-4a34-984a-ae2b6eeae563,順益彰化_順益彰化,其他
fd9a255a-42dd-4d85-9c0a-784441e4dbd1,順益汽車_一心,其他
34bfb40e-a97f-4c14-a971-3c8578860e13,順益汽車_一心,其他
840e11a3-7b9e-4771-a921-8f444994f00f,順益汽車_八德,其他
1e0b4a0d-a84f-4491-b222-b50a64434ed8,順益汽車_八德,其他
8301cee3-87ae-4dc0-a90a-91bd464cc361,順益汽車_土城,其他
b31dc320-8992-4df6-8fdf-c55a5a3b891b,順益汽車_士林順益,其他
79a8a1e5-8f7e-42dc-a39d-e1d7aa0bfa9d,順益汽車_士林順益,其他
4feb684b-0d94-406c-95f3-760e411317c6,順益汽車_大園,其他
56413788-f562-448a-90ea-cd4f7da3d278,順益汽車_大園,其他
1bb2ce8c-db68-4463-9eb5-5e47d3bd5e12,順益汽車_大里,其他
74d46d67-7c66-4a08-8c5e-69e2870ab51f,順益汽車_中和,其他
a4fcfb69-0d01-42f3-aa6e-9afa5795b753,順益汽車_中和,其他
784bee39-1adb-4f2a-b538-b3172d7c194d,順益汽車_中和順益汽車,其他
64784a59-16b1-42af-9d22-6826cb77424b,順益汽車_中壢,其他
b6145c30-9f83-408b-84b6-90a9bc880145,順益汽車_中壢,其他
89191de4-c239-42da-8fc9-6151d254b2ab,順益汽車_中清,其他
90cdf1e9-0fdc-49df-8f8c-56dd25a5f490,順益汽車_中清,其他
e94ba643-1945-4a0f-9ae3-a25b6a57df86,順益汽車_中華,其他
6d722d55-ae4b-4a2f-bf60-a16fe4e20b21,順益汽車_中華,其他
157fea59-f9e7-4048-98ab-6fb4b4ad7fb8,順益汽車_五權,其他
4f9a3366-6122-4828-a6e7-3e28c0a91c2d,順益汽車_五權,其他
a7881b7c-8294-48d2-9ea5-54f32be71ab3,順益汽車_五甲,其他
b0fe1fb0-90e9-4b97-8678-38963c7c82f3,順益汽車_五甲,其他
d0e80e3b-354f-4db2-baa2-90cba42ce364,順益汽車_五股,其他
1b30f201-f497-4522-896b-12c065306d33,順益汽車_五股,其他
8440830a-7065-4db9-8392-f15815809dfa,順益汽車_仁德,其他
725600d4-e293-42b2-be82-a0377f54b442,順益汽車_仁德,其他
0b46c8e0-922b-4852-a9c3-0badad0f1430,順益汽車_內湖,其他
0150e48c-8c3c-4c6c-9d66-50c7c08c16fa,順益汽車_內湖,其他
1bd635d0-7a01-4480-942b-b55c9e279a17,順益汽車_太平,其他
eda94ed4-ee5e-42d8-b322-c3048daab1ce,順益汽車_太平,其他
b041ce0d-f1fa-4322-9c54-8bccbac54bc1,順益汽車_斗六,其他
1b49eedb-0b4e-46f8-a5e7-2055d1c9bb14,順益汽車_斗六,其他
2c384421-45ab-48f3-8169-e5db1262da6b,順益汽車_北港,其他
b8e7b32a-9edf-482e-99ff-d18f8fbf289b,順益汽車_北港,其他
b3453299-6cdb-4566-8732-449eeacc35ae,順益汽車_古亭,其他
bf06a858-f9d3-41e5-9acb-8fe25c2c19aa,順益汽車_古亭,其他
0ee5291a-b7bd-489f-88ef-009e100b0809,順益汽車_右昌,其他
f83b400f-17a6-4324-890e-3ad48006dec9,順益汽車_右昌,其他
3630bbff-229a-4b72-aab4-a7ce673e6954,順益汽車_台中,其他
eef68c8b-8b36-454b-9242-8d0738d02929,順益汽車_台中,其他
0f51ffdf-385d-4c1c-a9b6-e741c2df4a58,順益汽車_台北,其他
95eb0d4c-393b-45c8-a58a-9a563741816c,順益汽車_台北,其他
90c2f7b5-10ad-4956-a05b-633dc88163cc,順益汽車_左營,其他
fb305990-50ba-4e80-9ece-7a1ee6809273,順益汽車_左營,其他
d172fe92-8504-4ed3-8f93-f63b7de65633,順益汽車_市民大道,其他
a127f2c5-2bfd-422e-a50b-3e4274975fd0,順益汽車_市民大道,其他
4ec1ad9a-ea37-4512-af47-626670031d29,順益汽車_平鎮,其他
295eb098-1a70-4f59-a8c6-ddb01f718296,順益汽車_平鎮,其他
7f6828c3-c9bd-45f5-b448-b1007bd17690,順益汽車_幼獅,其他
c5669efe-4396-4784-8bc8-f8aa444f85e9,順益汽車_幼獅,其他
266f5239-11d7-447e-b40c-5e78924fb37e,順益汽車_安南,其他
b86e5513-7ef1-4470-99af-aae25c75f102,順益汽車_安南,其他
2012bafd-f267-4acc-9c60-f0884ad0f5fc,順益汽車_安平(CS績優廠),其他
682f9f58-0f06-4a4f-b9ed-a0708c5012c4,順益汽車_安平(CS績優廠),其他
10158114-efd9-4b1e-b3e0-6e1c7b33a13a,順益汽車_竹中(CS績優廠),其他
cec5c929-85dc-4da2-95b5-f7c128dc39ea,順益汽車_竹中(CS績優廠),其他
aea1e010-22ac-450f-9278-ec8dabe796ae,順益汽車_竹北,其他
4a9fdd52-1469-4a59-8f33-e004597e99e2,順益汽車_竹北,其他
4f47846b-0489-4de5-8d2f-77a86e5837b8,順益汽車_佳里,其他
0236f4d8-627e-44a8-9386-ce14dff522db,順益汽車_佳里,其他
0f16b7db-f207-4268-8d8d-0e5a49e1dc9d,順益汽車_宜蘭,其他
82cfcd41-a175-494a-af45-dfd84a541038,順益汽車_宜蘭,其他
65043da0-030c-43f3-a3a8-c8aed4d83ffb,順益汽車_岡山,其他
b2056211-3e35-41ab-b6b8-fe67c9979f3a,順益汽車_岡山,其他
72bb483e-6926-4d03-b7f7-c791d8196c4d,順益汽車_東港,其他
8ea2c544-5d4c-4a50-856e-2f8921412893,順益汽車_東港,其他
65968262-97df-4c1a-b1f3-70dc332b3f4b,順益汽車_林口,其他
ba397da7-c875-4065-934d-684ad6527b72,順益汽車_林口,其他
a9523dd0-2d73-480a-9e4c-ea85cbb3f46c,順益汽車_板橋,其他
1f02ba58-2216-4132-b915-34b54f95ba88,順益汽車_板橋,其他
f3afc31f-f360-4329-8d2c-4d394dbf8b42,順益汽車_花蓮,其他
ebb028bb-537d-4240-b605-ab5bbef91d04,順益汽車_花蓮,其他
f103eea4-9c33-41fb-b49d-bc129dbf7097,順益汽車_南崁,其他
9cc8c808-4475-478c-aa9f-495d529070c2,順益汽車_南崁,其他
fb17fbab-061b-4c2f-895a-87bc360c3e8b,順益汽車_南投,其他
4b58ba40-a06f-49a6-a0f9-dd25bd71b1ae,順益汽車_南投,其他
f0e2d3f0-c965-47ad-876d-fe0deb9f2e94,順益汽車_建國,其他
51f43e12-094f-42e6-b853-a3b045b8495a,順益汽車_建國,其他
8d72e9aa-05a1-41dc-a381-d16de06a7510,順益汽車_員林,其他
3256a535-0bc8-4f9a-8ba4-e6dfbe90b5b6,順益汽車_員林,其他
39e768a9-fb9c-4632-b8a3-078971cb67e7,順益汽車_泰山,其他
13caf82f-b66e-4d6e-b145-73f74d430423,順益汽車_泰山,其他
cc4003ed-605b-4e95-a25d-32b17cd51d7d,順益汽車_草屯,其他
2f931085-8e0e-447b-b424-72a8615d4fb6,順益汽車_草屯,其他
a810ab6d-f97e-49a5-94bf-35fcdd3df694,順益汽車_基隆,其他
3f4bf69f-4c71-4d04-b205-1e43cd68ac8d,順益汽車_基隆,其他
379ac1e5-7db3-4a2d-9e9b-e4fa08b5863b,順益汽車_崇德,其他
7542ea31-ed0d-43c3-ae7a-46bbafd15f6a,順益汽車_崇德,其他
0266e251-de8b-459d-a2cb-09ef41bbe43d,順益汽車_博愛,其他
0bd2bd70-31f4-411a-8e12-fc8b0d0a1c46,順益汽車_博愛,其他
add2f6aa-d964-417f-8753-9dc43c64b934,順益汽車_順益南崁,其他
b6abed33-8da1-440d-a49c-b9c0897f8129,順益汽車_順益南崁,其他
5457f9b9-dd61-4356-bfbf-9badeb6598f9,順益汽車_順益林口汽車,其他
74adf653-0d1c-471a-be87-e5679b832e67,順益汽車_順益民權,其他
511f90f9-161d-4624-9ade-f031a8c39c2f,順益汽車_順益民權,其他
41ac5109-9b97-47f5-9355-83a582f6755d,順益汽車_順益汽車-土城,其他
af0fff84-8b21-4abe-b4e4-f802bd1098e8,順益汽車_順益汽車-大里,其他
8edf780a-f3a3-469a-8c4a-511946be18a7,順益汽車_順益汽車-羅東,其他
b26b9856-c984-4f59-8913-0251bebe3885,順益汽車_順益汽車-蘆洲,其他
03621b8b-81e5-4b5a-bdb0-09d4c0347c99,順益汽車_順益汽車-豐原,其他
c3de76d1-372e-4cea-8a2f-ebb369d32be2,順益汽車_順益汽車-頭份,其他
6cce7bc2-e680-4103-abb5-f004cdcfbd93,順益汽車_順益汽車八德,其他
78707889-10f2-4b9c-8a3c-80d95bee202e,順益汽車_順益汽車土城,其他
dc4994d6-b8b2-4417-9e7b-0e96a22317f5,順益汽車_順益汽車平鎮,其他
ccd1847b-f1dc-45d5-a400-89cc50895092,順益汽車_順益汽車新店,其他
264658e5-ecc1-479a-91c8-b7b112e05041,順益汽車_順益汽車蘆洲,其他
dfcaa1ae-b09d-4539-8532-9297f87fc011,順益汽車_順益泰山汽車,其他
8c5ba149-9e93-42e7-95e6-d8cd5d724cd3,順益汽車_新店,其他
a3733bf1-1f87-4f34-962e-f7caaf22d6ac,順益汽車_新店,其他
0caadd11-ea51-4961-9e0d-ad1ff36f4099,順益汽車_新營,其他
cce7dc95-f50a-4a85-95ba-0c9ce603affc,順益汽車_新營,其他
d137ddef-88a5-4d12-903d-b66002e01293,順益汽車_新竹,其他
f5663bc9-1ce3-4da0-945a-f45dc1a76705,順益汽車_新竹,其他
68add4a9-e825-42bb-982a-7d8a36af182b,順益汽車_溪湖(CS績優廠),其他
5e32bb1e-bfe2-4695-8e25-019bf570014e,順益汽車_溪湖(CS績優廠),其他
be8220f7-5179-4315-ba80-e8ad082ca879,順益汽車_彰化(CS績優廠),其他
ffb7e337-0f3a-45b2-9226-a527dc7e58f9,順益汽車_彰化(CS績優廠),其他
8ae90614-807a-479c-ac41-b5b0e1cf6e47,順益汽車_鳳山,其他
dc41cdda-39b3-4412-b03b-826a64d0b62b,順益汽車_鳳山,其他
53eed4f1-b996-43c4-acd4-0bf75400fed5,順益汽車_潮州,其他
fd6b964f-cfb4-4eae-8216-8d9b6fa45477,順益汽車_潮州,其他
ade38551-2a83-4dae-bbf3-697b3dc65d94,順益汽車_頭份,其他
61023f6c-d31f-4142-8fb7-54a408d85ac7,順益汽車_龜山,其他
483f69b2-37e0-4e45-b34c-39782c608915,順益汽車_龜山,其他
4e25a83a-5c36-4c48-838e-be7c21598f80,順益汽車_濱江順益,其他
35fbf1f0-1e14-47e7-857c-fc3b10ca6742,順益汽車_濱江順益,其他
2e7ed637-6ace-443f-8d2d-b477f188c8d2,順益汽車_豐原,其他
cd8509d9-e2cc-4375-bcca-833f610e92d9,順益汽車_羅東,其他
605aae3a-b94f-4eeb-b6d2-5ceb4dc10acd,順益汽車_蘆洲,其他
64f55d59-1134-470b-94a2-2a427e665b6c,順益汽車_蘆洲順益,其他
ddbb7c1f-6e7c-4dfc-bb03-18714ac94a9c,順益汽車土城_順益,其他
93e39d37-5923-48fb-aa31-980702fb9575,順益營業所_蘆洲所,其他
29547db8-9a6a-45d3-8d89-5e676a2663dd,順益車體廠_順益車體廠,其他
30108f04-f121-4218-87e4-a38ed5856152,順緣小客車_順緣小客車,其他
231984ff-0f08-4ff8-b22a-e79c675c50ab,順緣租賃_順緣,其他
cc658ff8-4273-4e80-8ee9-d3f03e95a394,順緣租賃_順緣租賃,其他
de14e9e3-9b18-4c08-b04b-46b27bdd6671,順詠興業_順詠興業,其他
54dc9042-2363-4397-a88c-bf13c36d8732,順隆椅子_順隆椅子,其他
0477f5fc-8c5d-415a-962a-f26407de579d,飯店_玉井山水居宿,其他
4d041079-26fe-4b52-ba1c-374377a01dc9,飯店_法藍,其他
e09b5127-23b7-43eb-a1b5-767a03266c73,飯店_花鄉汽車旅館,其他
437a8fe3-f1f1-4c72-b498-d29707082e87,飯店_長虹大飯店,其他
e1c9efd1-0e38-4d46-bb1b-e97977530ed9,飯店_南投夏都,其他
2f285278-7ea2-4622-8b3c-03825d49d0b5,飯店_南投飯店,其他
245c06fe-f69f-46d7-9cde-5811316c38ca,飯店_美福飯店,其他
7fb7c271-bb83-4998-a965-ebc447b6d1b4,飯店_夏都,其他
21aabcb7-7610-4ba2-954c-5f27282a1726,飯店_娜魯灣飯店,其他
6bd8e47f-31d4-4edf-a6ad-7e53526f0b2d,飯店_高地飯店,其他
a6d52de9-3361-4709-9b71-fbb05ab35504,飯店_高雄印水涵,其他
533ea241-bb34-40bb-bd63-09119e58ac1b,飯店_假期商旅,其他
6aafe102-efb0-4b8d-8499-bf6dc3ba08f7,飯店_凱莉都,其他
2c7e992e-1d0f-470b-b2f0-79a41d1bf144,飯店_舒蘭旅館,其他
02218103-b599-4501-bc4c-832aac23a923,飯店_彰化歐悅,其他
52163dab-9aef-4f74-9b94-1df647ee25b2,飯店_福華飯店,其他
d6c52b46-dd2e-47b3-8081-9b54833699e9,飯店_歐悅汽車旅館 永康,其他
e5563db7-c7b8-49b7-8f45-8cccc6f94eba,飯店_歐遊汽車旅館,其他
f257daa3-71ef-43e2-814d-51b2ab810327,飯店_優遊商旅,其他
c785a6e7-fad5-4444-b582-2c5397f31ad6,飯店_薇風,其他
dc1c83a2-4c3d-4c75-a8c4-22f89258b26d,飯店_麗缇汽旅,其他
472c5d8b-71c6-4ac8-b188-2f442d069a85,飯店_鐵道飯店,其他
96ffbbe6-e1df-493b-8a27-5461a65503b1,飯店雲林風華_飯店雲林風華,其他
89667740-80d5-4408-91b6-e44dbb2303da,黃世賢_黃,其他
6ebb08e9-1d3f-47e9-bea7-c9381da524e6,黃世賢_黃世賢,其他
188a39bf-707c-4513-9a64-31256ffd440a,黃仁議員服務處_黃仁議員服務處,其他
c751778c-6e80-4bc6-a928-fe16686cccbd,黃信瑤_黃信瑤,其他
2ce0e3b3-7bf4-4683-96b2-92d479abe9ce,黃健豪議員服務處_黃健豪議員服務處,其他
3d0ec969-b54e-44fc-8a37-b93863869a75,黃先生力行路_黃先生,其他
57ce947e-fb9d-4652-86f3-e6a217f8cf74,黃千慈_黃千慈,其他
a532ea1e-4f27-4793-8573-7011b8ff28ce,黃國洲_黃國洲,其他
45f7738a-6188-4a0f-a5d2-1f942236dd9c,黃國珍_黃國珍,其他
03f4d791-dfcd-47f1-bcc5-1176f4fefcb0,黃志堅_黃志堅,其他
c0516349-51bb-4987-a23b-9ef0f81373bf,黃慶采_黃慶采,其他
28967538-12cb-4bb3-a13d-3727e5fa9b11,黃慶采_黃慶采,其他
c5102ca0-53c4-49aa-82de-a990c2f44f41,黃敦信_黃敦信,其他
80b5e042-c2b7-4558-aa3a-f4198ebe564d,黃文升_黃文升,其他
291ae887-c956-477d-acf9-118c0296b849,黃文升_黃文升,其他
a1e24f16-c3e0-44fa-a65d-51f5d5b9ece0,黃正義_黃正義,其他
dd89c2a4-3f2b-4dd3-8a45-c9c8606e57f7,黃汝慶_黃汝慶,其他
741c19ce-f3eb-4d49-8381-9ecbd6f1dd20,黃淑媛_黃,其他
bc89483b-a185-4857-9e4e-667712260aa1,黃淑芬_黃淑芬,其他
6170b8de-20f8-4fad-976f-15c49688f159,黃淳仁_黃淳仁,其他
fe3969d4-c8af-4750-b89c-b5294a795498,黃登豪_黃,其他
0e9944d1-f036-4f8f-b22a-4f251fe4c373,黃聖嘉_黃聖嘉,其他
ce2d5e83-bdfd-434b-8e97-82e2c59789ac,黃蔡_黃蔡,其他
7327c63a-a9cf-434e-9985-62a55faa3642,黃阿昌_黃阿昌,其他
df9db3a8-691f-4763-95fc-a7bd610b5d8d,黃雪齡_黃雪齡,其他
80c4a36a-7b5d-4ae9-80e0-4cf0382bf2df,黃馨慧議員服務處_黃馨慧議員服務處,其他
2e7ba6e3-549f-4b68-9983-32dfdb9bbc18,匯昇五股_匯昇,其他
05204f13-e779-4408-9a52-9d92ea4cf4a0,匯昇五股_匯昇,其他
fb0d8ac0-29ff-4055-a471-c5cb808d3dca,匯昇汽車五股所_匯昇汽車五股所,其他
94fd2327-fe0b-4ce7-86e0-3e81da758a4a,匯昇汽車台北_匯昇,其他
6729ea43-93c0-43a5-b6e7-e9179626eae5,匯豐_新店所,其他
87529724-8426-43d3-9261-128f57ebcfaf,匯豐三重楊偉平._匯豐三重,其他
c4f68ca5-19e3-4eb5-9ae3-b7d343ade946,匯豐三鶯_三鶯,其他
7378c9e2-ac69-4c08-a8b4-e30d45a6b7ea,匯豐三鶯錡洲樺._三鶯,其他
bfe3c2d8-ac48-4434-aca2-7814175743fc,匯豐中和陳鏗仁._陳鏗仁,其他
ff1d4132-b1ab-424a-a620-2111f1866bb1,匯豐中壢_中壢,其他
4116e020-8a41-4bab-9269-137257188577,匯豐中壢_匯豐中壢,其他
2dda4c00-1db7-453e-9450-1c678564de2a,匯豐中壢朱俞辰._朱俞辰,其他
905e281e-d96b-4a9b-b67c-5692b55854ae,匯豐保養廠_花蓮匯豐保養廠,其他
faf3c181-cb6c-4d0d-b9f7-d99bf10e5eff,匯豐內湖_內湖,其他
e186532a-20a0-40d6-a67a-ec85aa60b143,匯豐內湖_內湖,其他
c854dff0-54fc-45c1-b6bb-c4f6fab2348b,匯豐內湖_呂紹宗,其他
24d9cc89-384d-4109-b0c0-08ced606ada9,匯豐內湖_匯豐內湖,其他
eae6fc9e-c669-497c-8c74-3a5597dfc1c1,匯豐南基隆_匯豐南基隆,其他
c548cafa-f7c6-4464-a0f8-22a7a0430c33,匯豐南港_南港,其他
256ef537-d386-4ca1-b1c6-b83626c16bca,匯豐南港_匯豐南港,其他
bc327ae3-223d-46ed-9ae0-c112130bbf3f,匯豐台中所林宏偉_匯豐台中所,其他
9d29ddb8-024b-4b76-9852-f64be7332384,匯豐台中連健喜_匯豐台中連健喜,其他
850d7f51-20a2-4de3-9a63-ee8749c1d16a,匯豐台東_匯豐台東,其他
16a76060-0713-4f6d-b4de-a72898e4c087,匯豐嘉義柯文鐘._匯豐嘉義,其他
fc08f86f-d211-4554-82aa-9447a5abe247,匯豐土城_土城,其他
6054237a-de9f-4659-86a7-94d542562cf7,匯豐土城梁宏民_梁宏民,其他
6d35871b-b290-49d5-8e13-8585eecb310a,匯豐大里_大里,其他
3eb2fbe8-b7e2-421e-80e3-6b66bfbf3a89,匯豐屏東_匯豐屏東,其他
10609dc4-816a-47c2-894f-b84a68bd9a2e,匯豐屏東保養廠_屏東保養廠,其他
ac514f96-0e96-4aaa-84ac-fa203d993970,匯豐平鎮_匯豐,其他
44ee8a23-d79d-48ad-81a9-a59d31770dc3,匯豐平鎮_匯豐平鎮,其他
8aabea21-8c67-49bb-9b72-84e614b861d9,匯豐文心_文心,其他
f61eec48-9e89-482b-b658-1f940cafe726,匯豐文心卓進正_匯豐文心,其他
e6560cd3-a1c4-4635-b544-aea27754a941,匯豐文心李政峰_匯豐文心李政峰,其他
e9a987ce-4a52-4e91-b620-5c67254aa2f0,匯豐文心王凱莉_匯豐文心王凱莉,其他
16627c65-2df2-4b43-bb82-c2da62de7923,匯豐斗六_匯豐,其他
4b77ca50-c94a-46b9-affb-c1f9d1e99580,匯豐斗南_斗南,其他
122904d8-eedb-402e-9dfb-b815ddd5e073,匯豐斗南保養場_斗南,其他
21173676-d095-41e7-99cb-5f838b233c0e,匯豐新竹保養廠_新竹,其他
1c6abf89-2f0a-42af-9fb1-d36e0e0cf63e,匯豐新莊_匯豐新莊,其他
01144a89-76d4-4856-a0ca-ffe395813b8a,匯豐景美_景美,其他
0c29e00d-93ab-4b5d-91e5-2bbb3994a0a7,匯豐景美_匯豐景美,其他
b8d21f67-7f2f-4a12-bfeb-9da202bbb509,匯豐朴子_朴子,其他
65850ab7-0f7d-44db-8056-b89c55234264,匯豐朴子江宗祐._匯豐朴子,其他
163b5f10-baa3-4817-95da-4f4ead70c379,匯豐板橋_板橋,其他
0b50cac6-55fa-4f41-aa4a-e2c01fb34ad5,匯豐板橋陳雅婷_陳雅婷,其他
171e102d-b8d3-4d7c-acec-a17b8a78c8d7,匯豐桃園_桃園,其他
48e489d7-6d96-48a8-9281-27e074d96ddc,匯豐民雄鈑噴中心_匯豐民雄板噴中心,其他
8e7ecf77-c6c9-4c2a-abf3-01df70940ea4,匯豐汽車_滙豐三鶯,其他
9a45b304-d1b0-4616-8772-e227d4bc5261,匯豐汽車_滙豐三鶯,其他
8012fc83-736b-4d29-b277-11c73247c645,匯豐汽車_滙豐三鶯,其他
bbca9f1a-6d63-4bff-90d8-bbc57935b103,匯豐汽車_滙豐三鶯,其他
b9395d56-f251-421d-9af2-d892c458106b,匯豐汽車_滙豐汽車景美,其他
3f47b1ef-cd14-411e-a473-dfd8e2c94976,匯豐汽車_滙豐汽車景美,其他
b2c4a45c-5802-43bf-9f4e-2259487f83fc,匯豐汽車_三峽,其他
6f9666d5-8765-40d4-91b5-5af1f5f7c82d,匯豐汽車_三峽,其他
272d47d8-5706-47a8-b557-c087964ded4a,匯豐汽車_三重,其他
49036556-171d-4330-9e67-1e8e3c6973ee,匯豐汽車_三重,其他
6d285ec8-c93d-4b84-87c2-54e9e0440cf0,匯豐汽車_三重滙豐,其他
b75a9780-0954-4e81-a0d3-e9dacb2dc778,匯豐汽車_三重滙豐,其他
cbb8779d-fc9d-4e79-adb7-18841e86d193,匯豐汽車_土城,其他
87162fc8-8a70-4f78-81a6-8684bb910a79,匯豐汽車_士林,其他
aef4dc68-1e4c-4a7d-bff0-54690001c838,匯豐汽車_士林展示中心,其他
f44497b1-13c6-4126-b823-ff64a2d5529e,匯豐汽車_士林展示中心,其他
643fa273-4e2a-4edd-a4f0-4b78a82819e5,匯豐汽車_大安展示中心,其他
119a57fa-f4b0-4365-9e95-24d043d88be5,匯豐汽車_大安展示中心,其他
75a264bd-2320-4caa-8ebf-c22828af0abf,匯豐汽車_大甲,其他
7564f89a-b63e-4880-9e47-bdd562b0ffe3,匯豐汽車_大甲,其他
e1640e09-957d-4185-9717-1ffd2f723a3b,匯豐汽車_大里,其他
a097d39e-8e07-40f6-875a-f215e299a176,匯豐汽車_小港,其他
5726d17d-302b-4c87-8ed3-0f28e5fe73f2,匯豐汽車_中和,其他
361142be-2a28-49ad-b23c-fa66e3a97924,匯豐汽車_中和,其他
9de3b244-9b24-4876-9f9c-d10c5733da1e,匯豐汽車_中和滙豐,其他
8e461291-3b96-4250-92c9-072bab224b10,匯豐汽車_中和滙豐,其他
358cc546-210a-474e-a1e6-c34cf1534c7c,匯豐汽車_中和滙豐汽車,其他
1f39952b-8380-413c-bf71-a13bf78abc3e,匯豐汽車_中和滙豐汽車,其他
5b1d3495-fab6-4770-bd44-fcfe4a83d337,匯豐汽車_中和滙豐汽車,其他
a699e51b-3966-4983-93e3-70d9539cbeb6,匯豐汽車_中壢,其他
5d693793-f347-48ae-8d66-b9f507b36bfb,匯豐汽車_中壢,其他
5600876a-45e1-407d-bd31-4b7a5fe9711c,匯豐汽車_中壢匯豐,其他
4cfc7c8a-c339-4d2f-bec6-f0818b18b499,匯豐汽車_中壢匯豐,其他
00a6bc1f-b3f7-4e8f-9197-1177ad61b19f,匯豐汽車_中華,其他
fd48c612-e8be-46f4-a605-03035143b8d4,匯豐汽車_中華,其他
3afd34ea-2fb9-4c52-844f-3ce2b2ee235c,匯豐汽車_五權,其他
3386f90c-fb2a-495b-a363-96bc62b24f66,匯豐汽車_五權,其他
7163ce48-ed04-4843-a48f-f084f44fd9ad,匯豐汽車_仁德,其他
bb09a7fa-a22b-48a8-8933-8e705b3a6ba1,匯豐汽車_仁德,其他
479294fc-43a4-4ac7-803f-758bc7a8e126,匯豐汽車_內湖(CS績優廠),其他
4e6c0b51-109b-476b-9403-939827837903,匯豐汽車_內湖(CS績優廠),其他
aa1bd63d-5deb-49d4-aece-e251b024e286,匯豐汽車_內湖展示中心,其他
cd452dfc-7aed-4db2-8c92-8cdb11a45a31,匯豐汽車_內湖展示中心,其他
882576f8-d7ca-47d3-9632-57644869f38c,匯豐汽車_文中,其他
2ded1ac0-22c1-404c-bf23-4416e62983f4,匯豐汽車_文心,其他
b2e1ce54-db96-4a05-a397-830e948c9d36,匯豐汽車_文心,其他
66223a7b-2f4b-4bbe-879e-0a989cbc85ae,匯豐汽車_斗六(CS績優廠),其他
f957d3f6-0a7b-4ec1-80e2-50556515b1c3,匯豐汽車_斗六(CS績優廠),其他
b83d6172-dda6-4e58-b53c-c088d58c7885,匯豐汽車_斗南,其他
963df29d-8f27-4d2a-a363-30d0ad8b102a,匯豐汽車_斗南,其他
a2e06d0c-9372-491b-9cc3-e46e0c5d0d8f,匯豐汽車_北投,其他
67dc1251-f573-4a13-99b1-4c1c84d5687e,匯豐汽車_北投,其他
59414906-84bf-420b-a5ba-e3370cc4ca51,匯豐汽車_北投,其他
726e3753-5621-4651-a2ed-e0caa8b9bf41,匯豐汽車_北港,其他
d6091092-6e9e-476b-b5e2-79e13e6461b2,匯豐汽車_北港,其他
ccd2b199-7acc-41a4-bfa4-e27ca9a3b529,匯豐汽車_北港,其他
976da311-7ed5-4279-a343-8c5936beb58f,匯豐汽車_台中,其他
ab0efcf9-eeb5-43b1-969d-283ebe5860b3,匯豐汽車_台中-沙鹿,其他
89eb080b-6fb6-4bff-8391-6ff3222dd6e2,匯豐汽車_台中匯豐五權,其他
00b85f9f-2bb7-4e8d-9558-9979df7c5a75,匯豐汽車_台中匯豐五權,其他
aed60fc2-805f-46e4-9169-9773b64d31da,匯豐汽車_台北,其他
c57be4ce-5d49-4cdc-8475-c8f1d4f916b7,匯豐汽車_台北,其他
8c15711f-a43e-41e1-a15b-aaed7feca248,匯豐汽車_台東,其他
f4fba756-9af2-4394-a4f1-a257a5060f11,匯豐汽車_台東,其他
4faaa10e-72d5-4390-b99b-fba21ce757db,匯豐汽車_台東滙豐保養廠,其他
2a8dc42c-147f-46c5-ac83-cf78ea026a20,匯豐汽車_台東滙豐保養廠,其他
4f86b7bd-12bc-47a6-b0c6-48f3b1569624,匯豐汽車_台東滙豐汽車,其他
78b9161f-0332-48fc-b393-a5d5059adec1,匯豐汽車_平鎮,其他
0ea1ab09-4a90-4361-b4f1-b0ab76f28fd1,匯豐汽車_平鎮,其他
f3eac962-bf51-4ec6-a002-7bf0d0c5ac96,匯豐汽車_平鎮,其他
ec27cb9d-fa2d-423c-adce-db7fd9d109e1,匯豐汽車_永康,其他
8af5c5b2-80e7-4feb-bfaa-2d3bcdf184d7,匯豐汽車_永康,其他
ca929921-fbf5-4898-a33b-7cf798779f94,匯豐汽車_安康,其他
48822d4e-4687-40fd-a3b6-e1822bc26526,匯豐汽車_安康,其他
723c2a4b-96f9-48fe-b6e5-50c852b03e01,匯豐汽車_朴子,其他
77b39c72-4edd-4d39-905f-b29c0fd21708,匯豐汽車_朴子,其他
c147e897-5f13-4ab4-a240-0527e5e9b339,匯豐汽車_朴子,其他
29182dd0-f1ae-44c6-8ea9-596874b4a987,匯豐汽車_朴子所,其他
fe326d36-49de-4464-a0b2-bfb36b75e827,匯豐汽車_汐止,其他
a01a2288-a9e7-42fc-ad6a-db217e1025d5,匯豐汽車_汐止,其他
ce6ef26a-d585-4156-8543-6e5c19001b35,匯豐汽車_竹北,其他
716127b6-d79a-4c0c-bcbd-cb40a3870677,匯豐汽車_竹北,其他
11164c7f-536a-4c69-886e-84a572d147c2,匯豐汽車_竹北滙豐,其他
638c40a6-211c-4269-8cce-744b36cb174d,匯豐汽車_竹北滙豐,其他
45018de0-1485-4ce8-bcfd-1ec24422ee8e,匯豐汽車_竹東,其他
27672eee-e390-4f6d-a414-4e5aa6fa8bd3,匯豐汽車_竹東,其他
5aebdb34-7a0a-410a-a01a-579900402c63,匯豐汽車_辛亥,其他
cd29932b-1d96-4406-b610-7c7b6bfd344c,匯豐汽車_辛亥,其他
f65d0769-9258-487a-aff7-f9c84161b605,匯豐汽車_佳里,其他
90218855-5422-4702-8bfc-f714bf7beb1d,匯豐汽車_佳里,其他
58a52096-bb68-4309-ae82-8196a6cd5567,匯豐汽車_東台南(CS績優廠),其他
a9b56b99-8676-4d98-b6ca-f4a3b80fd376,匯豐汽車_東台南(CS績優廠),其他
8bec262a-8e2d-404f-95bf-72f4e9aa049d,匯豐汽車_東海,其他
7abba7ea-292d-4a44-9f6f-4cdc3589ca52,匯豐汽車_東海,其他
16e76438-f49b-494c-9fe0-e267c3ec9b38,匯豐汽車_東港,其他
37ac690d-3704-4743-9f96-e633057f5b95,匯豐汽車_東港,其他
927b0ca0-f1b8-455a-b702-774d7c8422c8,匯豐汽車_林口交車中心,其他
52b9b2a5-70dc-49f3-85fb-ce0cb90a5095,匯豐汽車_林口交車中心,其他
47141401-3712-47ec-a009-3086bb69f91d,匯豐汽車_板橋,其他
51423b07-a4ba-4b1b-bf7d-6fe6c17a605a,匯豐汽車_板橋,其他
f4f0fda0-dcbe-499d-b988-1c58fc14512c,匯豐汽車_板橋滙豐,其他
ec2700f0-be90-41a9-924d-1297da055d5d,匯豐汽車_板橋滙豐,其他
c5dbb846-8487-4824-bc4e-73430bb11571,匯豐汽車_花蓮,其他
9c3e9915-f4fb-4666-b9af-61692231fd9a,匯豐汽車_花蓮,其他
54167b5b-e37d-4e75-864c-f7b4c53db3ee,匯豐汽車_南基隆,其他
ad785b4e-e82e-4a7c-86f8-7c7dafe7e591,匯豐汽車_南基隆,其他
a48818b4-c076-435d-9622-3c0f884ea6a2,匯豐汽車_南基隆,其他
694034af-7c94-4cc8-96e6-437556fe0e0b,匯豐汽車_南崁,其他
78e037d8-9c67-43f6-939c-9f1c1fb5adb7,匯豐汽車_南崁,其他
a73b157d-953a-4586-9ce9-a697bdbd1bed,匯豐汽車_南崁匯豐,其他
f7e5c8ea-2f2e-468f-93d5-b754596f4ae0,匯豐汽車_南崁匯豐,其他
de653e6d-06b3-4f67-a2a1-8d409bbb8f27,匯豐汽車_南投,其他
c6b58e60-62d8-48dd-977c-9af6eba10f9c,匯豐汽車_南投,其他
3c5feb2d-ec4a-49cb-94da-324089e0baa1,匯豐汽車_南投,其他
df83e642-c2a6-4a34-9cce-0f961959c0e3,匯豐汽車_南港,其他
b937b6a8-f964-400c-b557-338483e0f257,匯豐汽車_南港,其他
f044409f-cc35-400a-b864-5c4b8373d70a,匯豐汽車_南港展示中心,其他
73ac9c89-11e6-4f6b-b287-10c9abbf816f,匯豐汽車_南港展示中心,其他
9d0dbb76-c8d7-4cee-aeab-918a14dba78d,匯豐汽車_南港滙豐,其他
38795e2d-e46b-4396-a799-1a49d4478745,匯豐汽車_南港滙豐,其他
19fca971-b1ed-4bcb-8f17-279929a85567,匯豐汽車_屏東,其他
16afe4cf-0c4a-4c46-907c-2aaeb83c8d71,匯豐汽車_苗栗(CS績優廠),其他
ad52efd5-d2f0-4f86-ab7c-b32cf8b43287,匯豐汽車_苗栗(CS績優廠),其他
385a3584-b007-41da-bf9d-511fbf0f669d,匯豐汽車_員林,其他
0f2545a2-1240-4b9e-9ff1-801dab82b1b5,匯豐汽車_員林,其他
148f81a2-8cd8-4dff-a35a-2d5684a1bea7,匯豐汽車_員林營業所,其他
02a4a7a6-0145-4763-acd6-0b1ae67aeb1b,匯豐汽車_員林營業所,其他
feb31a7a-23e1-40dc-ba90-881765ad50b8,匯豐汽車_埔里,其他
941db54c-f268-47e1-8d46-7aa9a99238b8,匯豐汽車_埔里,其他
200c79ac-a44c-4211-80b4-d0d970dc977b,匯豐汽車_桃園,其他
b68180f4-bc9e-4b1a-a805-499c5920d749,匯豐汽車_桃園,其他
6088ccc8-ce66-4d51-bbc0-0e3a97ffc71a,匯豐汽車_桃園,其他
50a6becf-0a9d-49b8-8e61-ce6e1159ba99,匯豐汽車_桃園文中,其他
c1552c12-08a1-4907-8034-53bdde26949f,匯豐汽車_桃園文中,其他
bbc1e979-c0c1-418c-b509-aef72d542ad9,匯豐汽車_桃園營業所,其他
5affeaa8-219c-4044-97ba-64f02971c98d,匯豐汽車_桃園，,其他
ad6f0c6b-ab1d-4e31-8aaf-0b21e9714fa8,匯豐汽車_泰山,其他
78cc16ac-102b-4e25-bc1f-39d77d6b7aca,匯豐汽車_泰山,其他
77363182-19b4-4978-86a3-83d54cbcea24,匯豐汽車_高雄左營,其他
8540f696-7cf5-4887-b27c-1e5921fe1b28,匯豐汽車_基隆,其他
4e8336e5-4ac2-4208-b265-5eb4469a949d,匯豐汽車_基隆,其他
5b315019-eee3-49e6-bca1-8424a9092d36,匯豐汽車_基隆,其他
547db38c-3634-4a29-b2b3-cf9278025e6b,匯豐汽車_基隆匯豐,其他
21998e00-3469-44ed-85f0-82744fd8848f,匯豐汽車_淡水,其他
3673384f-1a5b-4619-8595-57d1b19488ce,匯豐汽車_淡水,其他
e10a735f-6e8c-4ddc-8a8f-e92808b43e8f,匯豐汽車_清水,其他
827678f5-07e6-4fbb-9760-251361d5562f,匯豐汽車_清水,其他
39b892e0-c5c6-4007-a5bb-fbbd1a227a84,匯豐汽車_鹿港,其他
5115de98-51d0-4c02-923e-4023f1cf16df,匯豐汽車_鹿港,其他
0b2568ac-1421-4897-983f-81dcb48d8f8b,匯豐汽車_麻豆營業所,其他
77ce5ed0-e481-4e0e-a096-354ca93b70f5,匯豐汽車_復興,其他
8d3cb0ae-191b-4756-bc70-fedbd8bae532,匯豐汽車_復興,其他
96b3ef3d-bd47-4abc-8759-294ad87440ed,匯豐汽車_景美展示中心,其他
bf08fd8d-7957-4edc-a85b-d2f3778a0109,匯豐汽車_景美展示中心,其他
a980cc1b-5e29-42bf-9a02-ffd5ac0be11a,匯豐汽車_景美所,其他
593e341c-3301-4343-b6d4-512624c0aae2,匯豐汽車_匯豐新竹營業所,其他
9b5cad96-c457-4ab8-9159-5591ad3d13fa,匯豐汽車_匯豐新竹營業所,其他
65495a5f-1965-4dca-a6fe-eab69c5176b9,匯豐汽車_匯豐汽車-土城,其他
e1377b14-fcf9-4e7d-9c59-c0e6a0c3a091,匯豐汽車_匯豐汽車-士林,其他
5b6d935d-96b4-48a4-9c0c-40682428d3bf,匯豐汽車_匯豐汽車-大里,其他
12fd45ae-f8db-491f-958a-837d280999b2,匯豐汽車_匯豐汽車-羅東,其他
3066c0bc-668f-4a88-935b-8974c6d69198,匯豐汽車_匯豐汽車-蘆洲,其他
cc2826c5-af9e-4ff6-a4dd-2ff235b1972c,匯豐汽車_匯豐汽車-豐原,其他
31e014d1-8141-4c90-8edb-7a21c600b8db,匯豐汽車_匯豐汽車-頭份,其他
f920961c-600a-415d-8b3f-7517d6582a87,匯豐汽車_匯豐汽車三重,其他
a3003d0f-6abd-4eaf-b814-f23858354c8c,匯豐汽車_匯豐汽車三鶯,其他
745fd41a-f962-4afa-ab3d-da4729203f66,匯豐汽車_匯豐汽車三鶯,其他
70505b36-7a92-4ccf-b633-9e44d59c9522,匯豐汽車_匯豐汽車中和,其他
0c2da34d-bb1b-4dfe-82ce-f671ffae5442,匯豐汽車_匯豐汽車中和,其他
edba1f5f-2dce-454d-9b79-e3f6cf6adde6,匯豐汽車_匯豐汽車中壢,其他
6a2f2a28-4637-406a-a519-d6bf5d3290bc,匯豐汽車_匯豐汽車北投,其他
62aa64f8-62b1-4d74-85b8-e004ed46edfe,匯豐汽車_匯豐汽車南崁,其他
f63769c1-2428-4d8a-aa4a-d5df29b2a808,匯豐汽車_匯豐汽車桃園文中,其他
e92db0c7-e8ee-4212-a44e-1d4353135dd4,匯豐汽車_匯豐汽車桃園文中,其他
70c6b91c-374d-4864-a8f4-6dbff705070c,匯豐汽車_匯豐汽車樹林,其他
3eb25bdd-e899-410e-a1ec-ad0ddc4bfcf4,匯豐汽車_匯豐汽車竹北,其他
abebb4f3-1b65-4785-904c-ec5ddcd3f7eb,匯豐汽車_匯豐汽車竹東,其他
ac081ce7-d35f-4aaa-9236-f4a23f297df2,匯豐汽車_匯豐汽車花蓮,其他
f9672bdc-f567-42a9-adb9-cec334df566f,匯豐汽車_匯豐汽車豐原所,其他
04869589-193e-4db9-bd3b-4b46c0616c19,匯豐汽車_匯豐汽車龍潭,其他
a7b39faf-e736-4841-a9b9-d68b7e3e336d,匯豐汽車_匯豐竹東營業所,其他
c6b41b70-fd8a-4357-9ea7-29b1576a854b,匯豐汽車_匯豐竹東營業所,其他
904fd1e4-5b0c-475e-ad8f-0cf3bfe2a6f4,匯豐汽車_匯豐龍潭,其他
ece8f2c7-bc07-430e-878b-8399421a2a9d,匯豐汽車_新店,其他
2fef689e-2221-491c-a0d1-b54beb2e3146,匯豐汽車_新店,其他
137b3bb2-fe39-401f-824e-45f65129dcd3,匯豐汽車_新店匯豐,其他
048be308-8b3e-4fda-886f-fd28c29fcc3e,匯豐汽車_新店匯豐,其他
a6ecbd56-ffeb-4569-be29-35c1e885afd1,匯豐汽車_新店所,其他
a0763c98-0a23-4204-9bad-b836aa0209ed,匯豐汽車_新營(CS績優廠),其他
4959d890-cc7d-4fba-9347-30e4343d1753,匯豐汽車_新營(CS績優廠),其他
f353ef95-3e7e-4707-9cfa-1a4fec3ef6d1,匯豐汽車_新竹,其他
8b349fe6-5d1e-4081-b888-e8e29397ff60,匯豐汽車_新竹,其他
7b560706-5350-42d3-abeb-b06197a5839e,匯豐汽車_新竹匯豐,其他
dfb54693-7f21-4eec-863e-2f765cd6f53c,匯豐汽車_新竹滙豐,其他
b2180dcc-5015-4f8c-b7ba-4fd9773abd50,匯豐汽車_新竹滙豐,其他
e04854ab-2ca9-44b9-abfc-cb8fb2581917,匯豐汽車_新莊,其他
098f5a96-8839-473d-8e23-4ac7349d70dc,匯豐汽車_新莊,其他
14a49b00-3576-4941-90a3-40584d290715,匯豐汽車_新莊 匯豐,其他
6f25d7d9-a1d8-4b40-94f6-cf47f451d5ac,匯豐汽車_楠梓,其他
47f1c330-a60e-40b7-9bd1-bb0939cc4c40,匯豐汽車_楠梓,其他
67bdd79e-0e9a-469a-9e8b-b70e120dbe64,匯豐汽車_楊梅,其他
cf92abfe-f912-4b6c-82b4-697741fba520,匯豐汽車_楊梅,其他
233732a2-e845-4083-bdc2-ce7eb74280f2,匯豐汽車_溪湖,其他
68d5308c-0903-4eb2-9db6-b1005558de24,匯豐汽車_溪湖,其他
05839973-beed-4800-b879-1147c109e0a5,匯豐汽車_經國,其他
00de367c-7297-41fe-8baa-a6b7d320588e,匯豐汽車_經國,其他
0574fc01-e963-4b13-bde5-98d4fa5ab3e7,匯豐汽車_彰化,其他
b75f735d-399b-48aa-bd1c-a80ea3d8f37f,匯豐汽車_旗山,其他
43736967-ab51-4260-bc5d-d16f63e58dc4,匯豐汽車_旗山,其他
335bb4d1-0bae-424f-8c10-b891e99a4870,匯豐汽車_澄清,其他
f94aa763-1e84-4355-90b2-8ddd12427c8a,匯豐汽車_澄清,其他
36c5fb4f-2e41-48d9-8b72-adbddd629788,匯豐汽車_潮洲,其他
81d90768-19be-4b98-a657-6950e8e36f11,匯豐汽車_樹林,其他
ddc5dde2-0765-48fc-961c-9680ee8f5918,匯豐汽車_樹林,其他
abb4347c-b849-4372-8228-9375ffd8d0d7,匯豐汽車_頭份,其他
4b29c614-6ec2-49bc-961b-0cf3f490b0df,匯豐汽車_龍潭,其他
d449057e-f950-41cb-af07-c768e31899b9,匯豐汽車_龍潭,其他
fabd1088-8288-4635-b55a-5634264173e2,匯豐汽車_龍潭匯豐,其他
c63e6704-addd-45df-bdf2-433a1ff9a979,匯豐汽車_龍潭匯豐,其他
e1069275-d3e6-4aff-b44c-39f2a58431b8,匯豐汽車_豐原,其他
82848f9e-086c-4ebd-b6e6-16b98daf2921,匯豐汽車_雙園,其他
98910740-497d-40ba-aded-bc9545feb08b,匯豐汽車_雙園,其他
20d82219-f3b5-41b8-a996-128873ac29df,匯豐汽車_羅東,其他
40c43d26-fefd-4062-8041-1ded2a51b194,匯豐汽車_羅東匯豐汽車,其他
fbff81e7-1b60-4288-9133-287964d2ad9a,匯豐汽車_羅東匯豐汽車,其他
7cd3ce04-d537-40f5-988d-7e9c97372e63,匯豐汽車_羅東匯豐汽車,其他
436179a6-b0f0-4891-89ae-f2c837d829ba,匯豐汽車_羅東匯豐汽車,其他
9a2d81a7-223b-4039-817e-185cd7d9dc22,匯豐汽車_羅東匯豐汽車,其他
a7a81f1a-764a-4635-bda4-24397dc64580,匯豐汽車_蘆洲,其他
1fe1651a-4359-465a-9e6f-e912ad64b69c,匯豐汽車_台中-沙鹿,其他
ab823c4c-aa26-4690-b777-372cd45aa85f,匯豐汽車_彰化,其他
d929df66-7df6-4522-86c3-b5c255d1f2f8,匯豐汽車中華所_中華,其他
7532525a-b2d8-47b2-be7d-9c5243a39359,匯豐汽車羅東_匯豐羅東,其他
c1fc9901-a613-4072-b9df-422121287a05,匯豐沙鹿_沙鹿,其他
77586e32-1b0f-428e-a09a-8f675ad363a8,匯豐營業所_三鶯所,其他
1d41674f-5f89-4946-a1f4-cb987e2f9541,匯豐營業所_龍潭,其他
8f3086ce-d3fc-4c63-95ba-18ae40ca0fc1,匯豐竹東_竹東,其他
93a71376-971b-4d47-bb92-33e6ccbe9815,匯豐經國保養廠_經國,其他
08c63442-4956-4ae0-b1d5-e541a5cfc797,匯豐羅東陳明喆._陳明喆所長,其他
323f47ec-983b-44cc-bae5-0646ae2755f6,匯豐花蓮_花蓮,其他
29c3bdbe-4ce8-43e8-9e7b-693d8c44db88,匯豐花蓮_匯豐花蓮,其他
833be31e-23d5-4f05-b4bd-4a23c5b19f59,匯豐花蓮_匯豐花蓮,其他
541dfa4e-22ca-4868-b709-cb816a72804e,匯豐花蓮保養廠_匯豐,其他
ac4e8c66-a04a-4d04-9f59-4a66f7ea4330,匯豐花蓮張鎮宇所長_花蓮,其他
73c9c1c6-86c8-4489-b666-a20590498bda,匯豐苗栗_苗栗,其他
e60f24a8-660a-4fac-9779-92b4ef6437e2,匯豐謝安迪_謝安迪,其他
190b4d3a-7a3c-4548-95f4-88865d4354f5,匯豐豐原 蕭智勝_匯豐豐原 蕭智勝,其他
c0f7693d-48b1-4974-9af3-fe362b99d003,匯豐頭份_匯豐,其他
29a28f8d-3459-4df0-a6a0-f2d5382b22f1,匯豐頭份_頭份,其他
89e664fc-3917-438f-93ab-15f6cc37c252,匯豐頭份_頭份,其他
79b7e5e5-99d8-41b0-a4f8-0ff55bd0f6ca,匯豐頭份._匯豐頭份,其他
38c12230-203f-4819-86a2-0d592325070c,匯豐高雄中華所_中華,其他
559d1d21-6da0-4c63-825a-2969469bd190,匯豐麻豆保養場_麻豆,其他
8d209ecd-0e64-454e-b966-f63b63706cca,匯豐龍潭_龍潭,其他
c40b9e10-142d-48e4-ab24-a9104cb39a53,匯豐龍潭_匯豐龍潭,其他
85c2f632-c44c-4850-8799-ad5b38d1b669,圓通禪寺_圓通禪寺,其他
42ed35e6-fca3-4a1e-ba11-e470848a074c,媽宮城隍廟_媽宮城隍廟,其他
1eddef8a-a90b-49d2-84b4-dcfbd7018014,嵩田居日照_嵩田居日照,其他
d8c36d13-dbdc-498c-a747-60c7e8188b97,微笑扶輪_微笑扶輪,其他
286d791f-69fb-4498-9ade-80e9a5bb49c2,微笑扶輪社_微笑扶輪社,其他
33d5b47a-8e74-4ace-a8a3-93f61cf63165,微笑扶輪社_微笑扶輪社,其他
949630de-98e8-470c-b4ac-cc3fd2b60626,微笑扶輪社_微笑扶輪社,其他
43353607-4530-4e8f-a9f7-1721e0b604b3,微笑扶輪社_微笑扶輪社,其他
31e35e01-5342-4a6b-a74d-f8e31ef3927c,微笑扶輪社_微笑扶輪社,其他
d056973b-efab-471d-a9a7-1c9248b16e78,微笑扶輪社_微笑扶輪社,其他
bb160ace-ab9f-4b0a-aaa9-32985c5c7771,微笑扶輪社張家豪_微笑扶輪社張家豪,其他
97f60985-ca4f-4734-ad5c-93f61b165b6c,微笑社_微笑社,其他
c5d1bce7-af10-45a0-bd22-a641775889a7,慈后宮_慈后宮,其他
4764d63e-16a2-4542-9413-26051c888ebc,慈和宮_慈和宮,其他
0522b459-1483-43ae-9697-908feec6c479,慈安宮_慈安宮,其他
c212559f-dbf8-4a5e-b680-cb27ef1e192d,慈宏日照中心_慈宏日照,其他
8baffaba-6722-4770-baa1-37c7f6ae0699,慈德宮_慈德宮,其他
25134104-a72f-4a0f-95db-e102f0447b98,慈德寺_慈德寺,其他
721817d2-ba7a-4c1b-81a5-ea57bc71c477,慈德慈惠堂_慈德慈惠堂,其他
390aca58-0e95-4a9d-a0b3-f9e55f251b0e,慈恩_慈恩,其他
6b4d9609-c994-4e79-8153-b31dccd05b71,慈恩長期照顧中心_慈恩長期照顧中心,其他
1d6f07d8-f089-4e7d-ae59-1c88fb6ca075,慈悲寺_慈悲寺,其他
4629ce9d-b063-46d6-bbc1-030c0338281c,慈惠宮_慈惠宮,其他
39dff387-0432-4f54-b311-e91f0db8a804,慈惠宮。_慈惠宮。,其他
bb7d2bcd-2d8c-4d5d-8c06-f9e3b30568d6,慈惠寺_慈惠寺,其他
3fcaa03c-bfcf-42a0-93d2-3156540d0e16,慈惠老人_慈惠老人,其他
9096810b-6b53-46e6-b80d-e50ba29dd0d6,慈揚交車_慈揚交車,其他
4d830169-e134-4730-8f3c-1bb154fe364f,慈明高中_慈明高中,其他
2b88b200-dbff-4f6e-a269-b2ab6936cdc6,慈濟宮_慈濟宮,其他
74437533-5051-4c6d-8d49-e56e1a9969b6,慈生宮_慈生宮,其他
81d83bb8-b24d-4242-9bca-2b2918365ec4,慈蔭亭_慈蔭亭,其他
0ce39607-fc2f-4a69-a9d8-f42401693d7a,慈護宮_慈護宮,其他
c152ba87-ff07-4b80-8a71-fb1fd9e84829,慈雲宮_慈雲宮,其他
a0044484-743b-407a-bf13-e9fda34ea74a,慈雲寺-基隆市_慈雲寺-基隆市,其他
e729402b-2703-4f95-8350-98d36e23a610,慈雲寺-彰化縣_慈雲寺-彰化縣,其他
ff3239c9-2a36-4758-a46b-abc3731d85aa,慈鳳宮_慈鳳宮,其他
6466dc6a-1cf0-4526-87ce-4cb93affbc01,慈龍寺_慈龍寺,其他
3e1ac726-e1b6-4505-b305-6c32e8b69047,愛德日間照顧中心_愛德日間照顧中心,其他
d90afdf0-0cba-4759-a659-81fea3215002,愛愛院_愛愛院,其他
19a495bd-9d31-4bae-ab2c-f207b96f857b,愛活樂園日照中心_愛活樂園日照中心,其他
4c6c8bc1-3c03-4184-aa0b-fd73c450a6b2,愛活樂園日間照顧中心_愛活樂園日間照顧中心,其他
7c6b901e-9064-4358-9552-e824f2303a83,愛老郎_愛老郎,其他
1a97e477-1aeb-4b1e-a842-2f6317a56755,愛育協会_愛育協会,其他
991931fa-9b90-4b7f-bb4e-525c7389afd3,愛育發展中心_愛育發展中心,其他
0e4cd045-f399-43f0-9335-c1e601090671,愛迪樂機構_愛迪樂集團,其他
5a01abb8-f7ba-431e-900b-a3ad6ce1b0da,慎德齋堂_慎德齋堂,其他
f546cabb-df42-494b-a4df-796c1c4be0bd,新光保全_新光保全,其他
0b504436-2c6e-4713-9050-ec0c2c385bba,新利達計程車_新利達計程車,其他
087f3f02-58b9-4fbd-b79d-6773ac30201b,新利達計程車_新利達計程車,其他
14c7a972-7862-441d-b2af-b96808e06f4a,新化青商會_新化青商會,其他
95f3e606-fe1a-4ac3-a0e2-25d177f86171,新北市工務局_工務局,其他
59c14a2d-27c3-426c-99e6-0a1bec6506b7,新北市平溪十分公共托老中心_新北市平溪十分公共托老中心,其他
09d4fd7c-c1d8-4f71-99d4-9fbf83bb7701,新北救國團_新北救國團,其他
7d4f2be0-f2b2-49c1-9235-a74a3f569929,新北輔具蘆洲_蘆洲,其他
7dd01ddf-409e-4b27-bb05-b3c313ca4409,新北青商會_新北青商會,其他
2f8c4b0b-b2ab-49d7-841e-f8966cea9d4d,新埔日照中心_新埔日照中心,其他
3bff6590-addf-493c-87dc-892bbee74eea,新埤日照_新埤日照,其他
03c24692-13bc-4528-855d-42fe1717c092,新平福德祠_新平福德祠,其他
0f62b19e-0753-4e9d-b667-f374d4a0e8c1,新店公共托老中心_新店公共托老中心,其他
e6232e85-9c2f-47b3-ae2f-1d2c2fe759d0,新店太平宮_新店太平宮,其他
772be3a4-518d-4014-8891-ca6261736d7f,新店碧潭公共托老中心_新店碧潭公共托老中心,其他
db8db4d5-839b-4172-9c8c-5da2938922f4,新店自用陳建羽_新店自用陳建羽,其他
30e8aeb2-4d95-4144-b547-53b21bd8f2af,新店開天宮_新店開天宮,其他
32e482b5-cd3d-4288-b9eb-da5b5de8f58d,新店青商會_新店青商會,其他
07b2915f-5084-4040-a771-625261da11b9,新形象大車隊_新形象大車隊,其他
5fedcce2-5540-420e-935e-2f16a37038f5,新惠宮_新惠宮,其他
c6b8a96c-4725-433a-97f9-90cc77a6dc53,新潤建設_新潤建設,其他
ddef890b-e34b-493d-9ff8-fa3935585c80,新營火車站_新營火車站,其他
15e7d544-5618-4333-8595-94f3d00918e4,新營青商會_新營青商會,其他
583797d8-ee3b-44f2-9d79-3546da5eb242,新社日間照顧中心_新社日間照顧中心,其他
87b79997-d328-494b-a158-8a21eb2ebfbb,新社鎮安宮_新社鎮安宮,其他
85b1e5e6-4409-42b7-8c1f-a1cdab97f695,新祖宮_新祖宮,其他
c273f4a3-1102-45d4-abb7-cb692c97a60b,新竹女青商會_新竹女青商會,其他
0e37640d-5de4-447b-82be-93c66b865be7,新竹如星_新竹如星,其他
b687edeb-c700-4ca8-9fe4-42260904aca6,新竹新埔監理站_新竹新埔監理站,其他
000d5e9e-698b-4938-bd3a-9d664301ec09,新竹榮家_新竹榮家,其他
f1ee65f3-8ad8-421a-a866-8f7c4bbfe98e,新竹紅十字分會_新竹紅十字分會,其他
63ced862-e7fc-4334-9e66-0e4c48adc488,新竹縣知心會社區照顧關懷據點_新竹縣知心會社區照顧關懷據點,其他
e6d03aaa-937a-44ba-9978-ef1c9133026a,新竹自購林先生_新竹自購林先生,其他
0ce52fd1-1dc2-47da-8215-1ed9b67272af,新竹長青_長青,其他
47079e06-ecb2-4188-9c06-15ce57ee1eb4,新竹長青租賃_新竹長青租賃,其他
b9901a47-dbc3-4aeb-940d-683276ac3823,新竹青商會_新竹青商會,其他
15602c2f-a987-4939-b2fb-6a923fd76cf4,新竹順順居家護理_新竹順順居家護理,其他
9a8f2ca9-784c-4cfc-a6da-9a1d2a25266f,新航國際_新航,其他
084b0345-2853-4aa3-9dd9-d1e164bd2f33,新良威會計事務所_新良威會計事務所,其他
e488826a-d4c0-4625-91ee-a8a72970456c,新苗（福特）新竹_新苗（福特）新竹,其他
a3b7463e-92f6-4d18-bea9-1f7e1bb1e669,新莊地藏庵_新莊地藏庵,其他
43b3754a-3499-41ff-9b7f-08437877d496,新莊慈祐宮_新莊慈祐宮,其他
4a4456f0-f7e6-4e08-a18c-872cd9710a1a,新莊東區扶輪社_新莊東區扶輪社,其他
6b1ba2cf-fc52-4a6d-aaa2-91222df1c98b,新莊林家民先生_新莊林家民先生,其他
9411e235-f58c-4619-bdbd-9790dcf12609,新莊青商會_新莊青商會,其他
e1d94fb7-2474-43fc-93ec-b341e74960b2,新莊頭前公共托老中心_新莊頭前公共托老中心,其他
6b6c9ca3-5c17-4fa8-99bb-7982426bcf51,新莊鳳山宮_新莊鳳山宮,其他
d4a57bf1-ede6-4e52-9a46-5a46530f31de,新莊黃先生_新莊黃先生,其他
219aaa50-2706-4960-865d-a0b46cbad8cc,暖暖國小_暖暖國小,其他
cf097caf-4bb4-4a8b-874e-c681b54167d5,暖陽日照_暖陽日照,其他
3fdd2583-187a-4dc7-8468-8e3b07cd2902,極樂寺_極樂寺,其他
91603e52-ab03-4931-9b60-90118081a17d,楊 蔡宗憲_楊,其他
453b0c88-a7cd-4341-829a-ba520b253b3d,楊世珍_楊,其他
2c5174c0-7400-403f-8b7b-255e229d4062,楊偉平_楊偉平,其他
4f27af59-bc0a-4b15-8bbf-2c733e5c1859,楊偉平_楊偉平,其他
c816e42e-8f57-4cc9-9ae6-cfe1dae06895,楊子儀_楊子儀,其他
8377c414-b5ca-483c-9f80-0542b5429b47,楊小姐_楊,其他
127eed3a-b35c-42f4-a097-98f625264053,楊惠萍_楊惠萍,其他
0f497918-f2a0-430f-b48e-31a5ea609682,楊文堡_楊文堡,其他
90670641-d157-4302-88ab-419b1f763109,楊梅弘淨寺_楊梅弘淨寺,其他
764c51c8-a428-4274-a6ae-39104d7f0092,楊梅青商會_楊梅青商會,其他
af25c9aa-c79a-429f-99f3-9b99ff13940a,楊正中議員服務處_楊正中議員服務處,其他
870e965c-5445-45aa-96e4-83ee5aa53c76,楊瓊瓔立委服務處_楊瓊瓔立委服務處,其他
e5625a45-b6cd-439f-ba03-a2629dae37f1,楊美文_楊美文,其他
366157a5-f798-4b2e-a3db-3136afda4e97,楊董印刷廠_楊董印刷廠,其他
114f69db-8746-4a75-b229-32a216f8fa2e,楊錫禛律師_楊錫禛律師,其他
d0614520-2b37-49ea-a4a1-0111cb917ace,楊麒貿易_楊麒貿易,其他
b7650783-da21-453c-8d6e-b4590206e39a,毓德大里日照_毓德大里日照,其他
c5507b42-72d9-44a6-8867-1944877cd0fc,溢倫企業_溢倫企業,其他
db426d34-e995-41eb-85aa-633cd7bc0404,溝皂日照_溝皂日照,其他
4073bf3b-f42e-4571-a03e-ad328ed1f4f3,溫本通_溫本通,其他
41a3854a-cbd0-4fe1-95c4-e8ec9b200a78,溪湖toyota_溪湖toyota,其他
667b8890-b956-4418-bbfd-8e856e4935a7,獅子會_300B1,其他
c565cf22-cfac-487b-91de-d0fc395ef2ae,獅子會_300B1,其他
dd671041-eac2-48fd-b58a-922ffffedb46,獅子會_300B2,其他
93664c30-d701-40dd-83d7-2bb2a7516ddc,獅子會_宜蘭國際獅子會,其他
ff1f6fb3-3986-482e-9631-fe9805003421,獅子會_柴山獅子會,其他
93d5e05f-d6c8-4e61-81cc-e052b9a84a8b,獅子會_桃園國際獅子會300 G2區,其他
c711fa2b-f706-44ba-b3c8-5b7b18d4b874,獅子會_高雄市東區獅子會,其他
b2dcb252-3ac1-4464-ab91-245f3f3c43ef,獅子會_國際獅子會300A3區,其他
cf3eb80c-bbc6-4732-82bd-2620cc33a119,獅子會_嘉鳳獅子會,其他
3af7871e-f08f-401d-9c38-1674c289bbc4,獅子會300-E1_獅子會,其他
d23b6bfd-d132-4183-922d-fd1a292bb865,獅子會300B1_300B1,其他
93b32035-e0e0-450a-9c5b-a6f8325c767a,獅子會300c2區_獅子會300c2區,其他
9b729e69-2e82-4423-8a11-88768c414f77,獅球嶺平安宮_獅球嶺平安宮,其他
0e257f4c-aab5-41e1-a9bd-e4bef6d32628,瑞中建設_瑞中建設,其他
6c59b3a1-6121-4745-af2a-2579b7a17cd4,瑞億福德宮_瑞億福德宮,其他
1a2b7a3f-360e-412d-b2d5-8df91dd36995,瑞坤宮_瑞坤宮,其他
f05c0197-ba04-47cb-a469-5e4350533e6d,瑞城國小_瑞城國小,其他
f64fcc0e-6b51-4152-bfb7-b039636cab7c,瑞芳明燈公共托老中心_瑞芳明燈公共托老中心,其他
c325cafe-8de9-49e5-942a-e45ca1ff24e0,萬丹紅日間照顧_萬丹紅日間照顧,其他
34ceaa09-745f-4911-bdbf-fc23e5e27906,萬和宮_萬和宮,其他
8eb081ec-9116-46ed-947e-5fd87e4b0d19,萬善祠_萬善祠,其他
fa027ed7-26bc-4dc6-8c7e-fce3ecc987e9,萬春宮_萬春宮,其他
16d2ac54-b556-4567-894e-9ee27fff08ae,萬泰修車廠_萬泰修車廠,其他
6a0d042f-8d0f-40a5-b2fb-5026a1217d5e,萬泰汽車電機冷氣_萬泰汽車電機冷氣,其他
ff736b0e-302e-4e69-9d1c-8593a1f6f68e,萬福庵_萬福庵,其他
6639b949-5f14-402b-821f-7dfa6edfba52,萬能瓦斯_萬能瓦斯,其他
1b16f009-81be-4e0f-8a07-732628b80f45,萬能瓦斯楊董_萬能瓦斯楊董,其他
74ab404f-48da-43be-9183-77639357be5e,萬興宮_萬興宮,其他
8f1896e6-4335-4db6-8513-b4694cbc4417,萬順宮_萬順宮,其他
52f777b8-5da7-4906-b53e-20e7cab3e33f,經典開發_經典開發,其他
e6bb13d1-f776-4fa4-a409-40bd2bad46b5,義德寺_義德寺,其他
e4cd746b-cbb7-4f87-aa2c-62182af4edc8,義德發芳苑日照_義德發芳苑日照,其他
1e783d1b-c2b7-48d3-94fa-dc889d9eabd8,義愛協会_義愛協会,其他
6f37d65b-8109-4234-8099-650a9330aa54,義民廟_義民廟,其他
b7603a98-420d-41a0-8827-616fa991145a,群上_群上,其他
28753eec-7301-41d7-b503-f3b8bbc60f64,群捷機械_群捷機械,其他
ca2fd070-7036-450a-b9ee-ac107f627f6c,聖公廟_聖公廟,其他
5f8ecfdb-d90a-4801-8ac0-bb478f174b6b,聖安宮_聖安宮,其他
65936e22-1096-4994-a68c-4a0d1e46fbac,聖家日間照顧中心_聖家日間照顧中心,其他
fbf5b986-2658-4595-91b0-4f77ddd423fa,聖心_聖心,其他
287ee4c3-4649-48a0-a8e0-ca06f238dcbf,聖心成功日間照顧中心_聖心成功日間照顧中心,其他
b3cbc2da-3347-4907-be1d-32660b0ccd2e,聖方濟安老院_聖方濟,其他
714c4c64-4d6e-4043-bf5a-4cf5fa61ea8e,聖濟宮_聖濟宮,其他
2459798d-b569-4ddd-a4be-72abdaada783,聖若瑟日照中心_聖若瑟日照中心,其他
98f035a2-b464-407f-9b6c-bf7af889dd23,葵花皮椅_葵花,其他
0772b7a4-153c-4bc1-b5aa-9f96d4b46697,葉小姐_葉小姐,其他
af6feabf-a7d6-4d6a-b515-25ca357955f2,葉恆旭_葉,其他
86e19a0e-0684-4919-b910-1bc714205d01,葉慧文_葉慧文,其他
85126df5-8158-4948-8caf-25a25ce4af43,葉文萍_葉,其他
3f2166e5-c720-4f0f-859f-657ba5b0b481,葉智維_葉智維,其他
f245dbed-c886-4cb1-88f6-d06227a4f97f,葉正雄_葉正雄,其他
e59f2174-a6af-4ff0-97b3-61d2a3923a9a,葉素英_葉素英,其他
49f1be9e-d959-4d77-8a89-6df88bd63145,葉麗美_葉麗美,其他
773df84e-18ae-4e24-82a5-e60ab7eac4e4,補天宮_補天宮,其他
d3c4b37c-2c39-4816-b34b-e4e448758ca5,裕益汽車_土城,其他
baf614ae-40e3-4261-babf-634f7b50488e,裕益汽車_士林,其他
f1fdf15f-68c0-463a-8d7d-5a351d46dd27,裕益汽車_小港,其他
c1dfcb3b-d233-4dc5-9615-ea0f8b0550ab,裕益汽車_小港,其他
5abd6c5e-3b3b-438b-8dcf-6c87d4a249e1,裕益汽車_五堵,其他
eccda01b-bf43-4cf2-8f7e-9ee4af4a0247,裕益汽車_五堵,其他
7e80ad42-2516-47cb-92e1-34d6a0c74cab,裕益汽車_斗南,其他
98fc4a79-e13b-4ac8-9eea-82dac07e87b7,裕益汽車_斗南,其他
60c64bc9-e8a3-4e4f-9523-902417a1a255,裕益汽車_台中,其他
86e4d4dd-9e7f-4a0f-86c2-e5f62a3d8d08,裕益汽車_台中,其他
ec8ac0fb-46d8-40b4-8f6b-d51848d5fcd1,裕益汽車_台南(CS績優廠),其他
00b78713-0eb9-441d-b1a0-791ef53c9fb9,裕益汽車_台南(CS績優廠),其他
12fd8d63-a304-45f6-bd2f-6a79d324f375,裕益汽車_台東,其他
5c6a2532-1bf0-4871-8f03-5d439de9094d,裕益汽車_台東,其他
407dded5-8056-45f0-9baf-0310b1b76817,裕益汽車_花壇,其他
0cfb02a0-d4d7-4dde-b195-046db03ebebc,裕益汽車_花壇,其他
ccd8b6a7-6090-4284-b79e-87c75b24efb1,裕益汽車_屏東,其他
18b6c806-a1b4-4ab7-9bed-8681ffce6752,裕益汽車_屏東,其他
1add7efa-2b73-46f9-a0ba-7d55df128e6d,裕益汽車_美崙,其他
cf18ec28-30be-4eaa-97dd-9a41937af01f,裕益汽車_美崙,其他
61443ee1-64d1-48d4-bd16-e361d526e86a,裕益汽車_苗栗,其他
9f25365e-fa83-43a7-8ba3-eb9a1299f6e8,裕益汽車_苗栗,其他
1de6c9f4-5ca1-4f4b-8e91-22f96d3afb29,裕益汽車_泰山,其他
fc3906ec-1954-4d6b-9482-fbdfa146204d,裕益汽車_泰山,其他
16cf8d01-be3b-43a6-a425-5f374eab6ada,裕益汽車_高雄,其他
742b44a5-2d09-48fd-9ed3-9acedd568fe8,裕益汽車_清水(CS績優廠),其他
44a88ffc-180c-4b4f-8be6-e1574d38fe08,裕益汽車_清水(CS績優廠),其他
726515cc-8541-4b08-8f26-92322ba2fb1d,裕益汽車_新竹,其他
ce4786ee-d67a-40c0-a09a-ff3f64e8d213,裕益汽車_新竹,其他
6709c919-4a12-4f25-97b7-5bbb3ad14042,裕益汽車_裕益汽車-土城,其他
0c42e20f-f607-4f3b-a7c7-101f40bdc40e,裕益汽車_裕益汽車-士林,其他
608a3253-e18a-4113-ae0c-cc5a739ff3b1,裕益汽車_路竹,其他
c64038b8-261b-49b6-a254-51d852400fbe,裕益汽車_路竹,其他
5f9e521d-50c5-45f5-9b22-d57f4e2a0357,裕益汽車_嘉太,其他
59a39078-fa77-4204-987e-17718ea39a57,裕益汽車_嘉太,其他
6384701d-afd7-4190-b2bb-7f17440299f9,裕益汽車_龍德,其他
946e504e-964b-48e3-b29c-2b0650484ad1,誠園失智老人日照中心_誠園失智老人日照中心,其他
71a21bc2-d407-4a45-bbb5-f6376d9d62bc,誠馨日照中心_誠馨日照中心,其他
dcfbab74-b3ee-432f-9e56-a8159029af37,詹昆翔_詹昆翔,其他
e8fd7f74-633c-4260-a2ba-c976daac85eb,詹淑媚_詹淑媚,其他
d0bc5009-8c23-449e-a9cc-bdbcee413069,路德日照_路德日照,其他
9871964c-2c95-47c7-a42a-0a87ea8721cb,農會_板橋區農會,其他
c0d0a187-7001-4aa5-a5a8-a21d773d7cc6,遊覽業_全達,其他
d71d19c7-4ca3-4ddb-83b4-272a437192ec,道學哲理行善團_道學哲理行善團,其他
2713b115-8f68-4bc7-b01b-0f9b38652d9c,達興怡興車體廠_達興車體廠,其他
a259daf8-f5ff-46c3-8923-b052fe8faeb0,達闊友力_達闊友力,其他
826a24e6-b3de-4f1d-8690-55f62febf4c0,鄒榮生_鄒榮生,其他
ee12304e-7afc-4e5d-973b-70e972acda12,雷興寺_雷興寺,其他
dbedc548-8711-46ca-8e14-8a180ad3a154,電_李興琳,其他
3f7a9476-1dda-438d-9aa6-e6fcba846fcd,電_林紀良,其他
0a843b40-addb-48c4-93de-db6fbd1179a3,電_陳揚,其他
3e43c7e2-9808-4160-8ffb-b4ae44b4dbd4,電_彭如瑜,其他
50216ff7-c9e2-456d-a670-2adc8fa44f76,電_曾怡菁,其他
eb581dae-e0a1-4bc5-b2a6-60473818acb1,電_曾靖清,其他
200c02a4-94ca-42ac-8f5b-9fd8d2cd70e6,電_楊紫玲,其他
f5a6cde9-ff21-4f2b-8c6c-78412acb74c3,電_蔣美玲,其他
a7f1ba4a-0222-469e-ba33-0f01cf6f3bfe,鼎誠通運_鼎誠通運,其他
7e768cb6-bc51-4285-83d5-3e6f63407ceb,鼓山龍泉寺_鼓山龍泉寺,其他
1424665a-7602-4dd1-970d-8b18953c7dc9,嘉冠大飯店_嘉冠,其他
98c0e974-a582-4e48-b215-caa7edec567e,嘉愛_嘉愛啟智學校,其他
fdedf829-b526-4595-af04-ba4ea69302df,嘉應廟_嘉應廟,其他
18e49a09-1a19-414c-bc1e-694495485f76,嘉義伯捷租賃_嘉義伯捷租賃,其他
34b99f9a-ae45-49cc-bfed-b23e649ff3c3,嘉義太保蔡先生_嘉義太保蔡先生,其他
df26ce13-38ca-4b97-8847-08fe2473e63f,嘉義市圓福寺_嘉義市圓福寺,其他
031332ef-38d7-462b-bdaa-52771e08f334,嘉義市城隍廟_嘉義市城隍廟,其他
faf21fc3-777a-4515-aafe-7703f778b871,嘉義市彌勒禪寺_嘉義市彌勒禪寺,其他
df595654-8091-41d3-97b0-d075e4ce2352,嘉義市朝天宮_嘉義市朝天宮,其他
40b2843b-e42e-458e-bbaf-51a068d77ac4,嘉義市衛生局呂小菱._衛生局,其他
bb678c63-5879-4468-b29c-0cdf86c10179,嘉義敏道_嘉義敏道,其他
29fc89e0-d07d-4f18-93f8-680fe87b714e,嘉義晨光_嘉義晨光,其他
59a694da-a09a-40ab-b951-26eefdeb2679,嘉義水上日照_嘉義水上日照,其他
b4dd7138-641a-4d99-b24f-5b40eddad908,嘉義水上日照_嘉義水上日照,其他
c59f3835-ec95-4b09-bd9d-fdf0b7a03c43,嘉義皇家扶輪社_嘉義皇家扶輪社,其他
fc92b933-9d58-4f33-93e0-b50bae9394e4,嘉義縣社會局葉瑜珮_社會局,其他
6412a28e-95e3-45c2-9c09-b7d11ca7d307,嘉義縣私立一心教養院_嘉義縣私立一心教養院,其他
12e65310-218a-4cb5-9b8d-ec629a6c3c77,嘉義縣私立一心教養院_嘉義縣私立一心教養院,其他
bb4e0bd6-417b-4609-a081-6ea3fe125821,嘉義脊傷_嘉義脊傷,其他
bad4495e-2158-47b9-85dd-afe5ce2f3e44,嘉義車站_嘉義車站,其他
0340be2f-ef0a-414c-b75a-8d80a6e1b418,嘉義長青園_嘉義長青園,其他
b81b809d-f736-4c57-a15f-c32d8607c9f1,嘉義長青園_嘉義長青園,其他
a4138369-daae-4339-ae16-b2f3c5a91552,嘉義陽嘉_嘉義陽嘉,其他
72ead578-92a2-457c-bbed-1427731044cf,嘉義青商會_嘉義青商會,其他
3d4f49d6-3dfa-47da-8865-02abb07c07c8,嘉義高鐵_嘉義高鐵,其他
ff234276-8c2d-4280-be2c-1f80809b704e,嘉鳳獅子會_嘉鳳獅子會,其他
c35eb1ca-0621-4f26-b6fc-a53ac3c59127,嘉麗建設_嘉麗建設,其他
7f8752c9-0c9f-4c63-b10e-d3192725033c,團委会_團委会,其他
cbb19fab-17c6-4d8a-a5de-fd02ebd84b61,團委會洪先生_團委會洪先生,其他
bcb7e241-3b9a-4ca1-921b-35c0247e9a65,團體_一粒麥子基金会花蓮中心,其他
a71b8b74-704a-4c6c-bedc-52b74f2cb793,團體_土城團委會,其他
30d35bf8-819a-421f-8823-08a99d33e0ae,團體_五结農会,其他
85b6cc8a-20a5-43e3-9ad9-5cca302d33c2,團體_北台灣無障礙運輸產業工會,其他
71329bfc-3667-4597-ac57-eb8eff7e08e1,團體_台中市綠生活,其他
599e4eba-0898-4713-b043-b55038124760,團體_汐止救國團,其他
5cf22c9f-42d8-45fe-913d-43d0f4656d5b,團體_板橋救國團,其他
db52f8c3-73ab-415c-bf50-f76f75f3df22,團體_板橋榮民之家,其他
99ce3871-0ac5-4a7c-b3d2-0e91f6cb9dc9,團體_洪主委,其他
b7d9045f-047d-4d64-b380-53c2775053d4,團體_基隆身障中心,其他
d7ffcc4b-86c1-42d7-913e-25f66f981194,團體_新北團委會,其他
aca1e6e0-7057-4b20-9436-894f6b8328f4,團體_新竹榮家,其他
6c1e6735-9d67-4360-aaee-a00f162a11f3,團體_新竹紅十字分會,其他
bc0c8c9a-ab2e-4d8e-a2c2-d54be4b94a3c,團體_爱育協會,其他
251fd46c-438a-47b8-8453-dbf7fde7a86e,團體_台北市脊損協會,其他
16b1ef6a-b091-4a3a-8e8b-5c588c253eed,團體_社團法人臺灣計程車學院協會,其他
90c3406d-0a45-4551-bdeb-cc5f52e6a0bb,團體_新北市脊損協會,其他
7643b3ef-d9ef-454a-a058-01dd351985b2,團體_新北身障協會,其他
51e2b3e2-e93d-44d7-a8a2-f54802d6dd5e,團體_新竹生命連線基金會,其他
7a1a938c-68f8-49e5-b3df-9b0c7b10799e,團體_達觀社區發展協會,其他
430302af-5f99-4ab0-9822-d34a8fd700ca,壽山巖_壽山巖,其他
c8de3bbf-d038-4e77-8b8a-96465c1dcafe,壽山巖觀音寺_壽山巖觀音寺,其他
0952bd18-af56-4d60-a35b-f1f4a9f3e9a4,廖佑專_廖佑專,其他
6d24041d-4eef-4e10-ae58-4df7557176d5,廖先生_廖先生,其他
15d23b7f-2e7e-4595-8767-65e9d2f0c75e,廖國盛_廖,其他
f5d6157f-6731-47e9-bcdd-b2ee4e7735ce,廖大河_廖大河,其他
df73f816-e45f-49b6-9620-a0519a01f26b,廖富聰_廖富聰,其他
103b7102-e67b-499b-8c40-eda631cdc0f8,廖慧珍_廖慧珍,其他
869eba6a-a8c2-4d83-998e-39972329de30,廖慧琳_廖慧琳,其他
e5b8d7b8-ac24-4616-adaa-ef06f5c4057a,廖昱雯_廖昱雯,其他
25af03f1-a618-43f4-a048-6edccdf9ba54,廖昱雯農會_廖昱雯,其他
2fcc92f3-e8fd-45c1-9a37-19615b63f108,廖福松_廖福松,其他
79147d35-0638-4381-be87-94448d9587d9,彰化 特約_彰化 特約,其他
b475b2fd-7510-4579-9565-82ef13e4fd29,彰化toyota_彰化toyota,其他
541e7bd3-ad52-4823-b439-cc728fa97433,彰化個人邱小姐_彰化個人邱小姐,其他
d00af6b1-0413-48df-b5b7-1d0186061df9,彰化名倫_彰化名倫,其他
d97f040f-d3d8-46cf-8549-c0f5b8abc308,彰化吳再強_彰化吳再強,其他
3c2d4588-d59d-49d3-8f26-78336478f60d,彰化吳再強先生_彰化吳再強先生,其他
4435b772-243c-4f9b-bf53-370c38f5ab75,彰化喜樂_彰化喜樂,其他
8a29f6e8-d89e-4f94-9398-2d9585d30e9c,彰化四面佛寺_彰化四面佛寺,其他
a71ddf3a-1b7f-44cf-8d1d-9cea5ee2fa79,彰化基督教二林分院_彰化基督教二林分院,其他
c9f7e1ae-2f10-490a-a890-268dc6299984,彰化基督教二林分院_彰化基督教二林分院,其他
8b336c1f-ef1e-4b3b-8ee3-39c7d1136e95,彰化富宇建案基地_富宇建設,其他
d8fd884d-c6b2-459c-ad58-da5d293243b6,彰化慈恩-田尾_彰化慈恩-田尾,其他
da45031b-a3f8-4cda-8021-457f2dfb6182,彰化歐悅_彰化歐悅,其他
8166ea95-4fa7-48f2-9727-53198a95a78b,彰化照管中心_彰化照管中心,其他
b6990d4d-0afe-4bdf-8cd0-47b924357de2,彰化特教學校_彰化特教學校,其他
3e0d0029-4c3a-4f89-985d-f8bd1c44c173,彰化王金桂_彰化王金桂,其他
446826a2-ffdb-4c01-83fd-8d9d1dc8115e,彰化現代_彰化現代,其他
4fa10853-c413-4b4a-973d-5a1cecbbc66a,彰化監理所_彰化監理所,其他
553d6602-f80d-45e6-8528-23b2645399ab,彰化福斯_彰化福斯,其他
ba73ce2a-0406-45ce-bc60-d992e516b480,彰化禾橙 陳先生_彰化禾橙 陳先生,其他
6f5f53c7-cbca-4b1a-87c8-bd76b1610f92,彰化老五老_彰化老五老,其他
bf8e9709-3a86-4236-b517-a4cfe2a3c1c6,彰化銀行_彰化銀行,其他
db627ae8-74fa-498a-afa2-90e6e1d25b3b,彰化陳叡陞_彰化陳叡陞,其他
e1c3ed29-9e7e-40f7-b585-4f55bcca88fa,彰化青商會_彰化青商會,其他
f1cbfeb9-d238-4bbb-85da-1d28af35dd92,彰化順元_彰化順元,其他
0018924a-d4b6-427b-8a78-bcf8c9817d82,彰化黃小姐_彰化黃小姐,其他
83c05705-3818-4d9b-82fd-9a45a38ec3d2,旗山匯豐_旗山匯豐,其他
d77f7d54-3f3a-4591-875c-b04677b80acc,旗山天后宮_旗山天后宮,其他
2289f1bf-b5a8-4ba9-980b-079b264417e6,旗後天后宮_旗後天后宮,其他
9701da87-e442-447e-b031-34a0dc8b6579,榕博日照_榕博日照,其他
75f96b87-dc2d-4e0a-86c9-f55f14afa164,榮民計程車_榮民計程車,其他
95267ca2-3bf8-4433-8b73-30be7689eafe,榮民計程車司機_榮車司機,其他
2425981c-ba1c-4acf-aefa-50d6d357b4b7,榮琮汽車_榮琮汽車,其他
6e4c27d4-b7a0-4124-85c0-60e9190a7236,榮總_北榮,其他
63b0f46e-a9aa-45c3-a0f3-64cbd1996df2,構年青居服_構年青居服,其他
9e2e38cb-795f-4c30-864c-bb7f53ead2a2,漢聲租賃_漢聲租賃,其他
743e973f-0881-4734-a612-10733b570165,漢聲租賃_漢聲租賃,其他
f36c0dc1-d7d9-405b-ac8a-dd2ecd19ad0f,漯底山青商會_漯底山青商會,其他
2d16b746-ddd7-4010-a5d5-3cfa3a51dec8,漁家樂民宿_漁家樂,其他
3ab422b8-5ac8-4fa0-b339-ffce03ba8d16,監察院_監察院,其他
0eaefb67-c4f7-434d-9b3d-0e2a5b72c876,監察院_監察院,其他
d8f5deaa-7d7a-4dd1-8832-4de180a9b927,監察院_監察院,其他
9014116d-892d-41c1-b6d3-f1d5ab8eb434,監察院_羅俊斌,其他
1823b370-8caf-4f52-a808-506d749b0cf2,監理機關_士林監理站,其他
92a8861c-7e3a-47a8-8d35-5bb87cbed746,監理機關_台中市監理站,其他
07cd663e-ba21-4c34-9bfe-5ddcb7fee4d6,監理機關_台中市監理站,其他
4b0835a3-da98-4b16-a739-df6808fa16d0,監理機關_台北區監理所,其他
df6262c7-9863-4bc1-b513-bed7ca792d7b,監理機關_台北市監理所,其他
6ed41fbe-1056-4c87-ad4b-91e2ac526d85,監理機關_台北監理所,其他
7b74bcad-624f-48fa-a321-1c783996f19d,監理機關_台南市監理站,其他
202cf2e9-e869-403a-bb26-706c912b1a7a,監理機關_台東市監理站,其他
e592a520-a723-4c15-a961-d3a101362f36,監理機關_屏東監理站,其他
0ee192c7-e977-4f78-86f7-bfead3d555a6,監理機關_高雄市區監理所,其他
780a41e7-eb3f-480a-a357-cefe633882fe,監理機關_高雄市區監理所,其他
01f6a473-8ab4-4055-82bd-744923dcfac2,監理機關_高雄市監理所,其他
b440e547-75ce-4bcd-83cc-d97c7bd11341,監理機關_麻豆監理站,其他
ffc4d2c2-8a80-4475-a5c2-41d530ac320b,監理機關_雲林監理所,其他
c0522728-03b0-4b18-a1eb-d61e52709310,監理機關_新竹市監理所,其他
94b708c3-cebb-4fcf-9b45-808eccb93ebb,監理機關_新竹縣監理站,其他
b4425363-4b6f-4934-9a18-5595d37133e1,監理機關_嘉義市監理所,其他
bb010d1e-a06a-4b35-8ed0-17187fb2f187,監理機關_嘉義縣監理所,其他
51db7677-0ef8-4c3d-81df-33cddafc38bf,監理機關_彰化監理所,其他
577f5f78-5d94-4baf-ba35-c30970332c19,監理機關_樹林監理站,其他
3092a12a-3d30-434a-89be-a1f965e2fd4c,監理機關_豐原監理站,其他
36ebb254-44cc-4a55-9def-bfc696e789d7,碧山巖_碧山巖,其他
88cea561-5a1a-4803-9718-de29925ee860,碧水寺_碧水寺,其他
76350bfb-476f-4d16-8352-9cc0cd069991,碧河宮_碧河宮,其他
55311e7e-d692-494f-bc1f-dd862e99e91c,福仁宮_福仁宮,其他
143331ff-5163-4a2e-8e8e-99070b0b8744,福佑宮_福佑宮,其他
1c100d2b-e763-4732-9006-e082299d6c55,福倫交通_福倫交通,其他
56043db6-9908-4198-bdf2-c32ddc2d5193,福元宮_福元宮,其他
3a23aaed-d211-406a-bce1-cd3b0e1ca6a6,福全境福德祠_福全境福德祠,其他
805935f0-c4d2-4cd4-9785-1d691778876d,福和宮_福和宮,其他
b140827a-9107-4fa9-850a-7cb2f2d872ce,福善寺_福善寺,其他
88a91f26-427f-4a2b-9bb4-95c0db7e3d2a,福喜緣日間照顧中心(失智型)_福喜緣日間照顧中心(失智型),其他
c7c34cbe-5a87-4253-9650-fc639dbfd474,福安宮-彰化縣_福安宮-彰化縣,其他
079dcd76-0a6a-4c81-bed5-24416a6e04f8,福安宮-新北市_福安宮-新北市,其他
b52d819c-3b36-478c-94a5-1ab614571eba,福寧宮_福寧宮,其他
c274c460-e745-404e-9b44-c38ddf9492ae,福彰汽車_福彰汽車,其他
3ba44d94-ad73-427e-99cb-0e45522c8a26,福彰鹿港_福彰鹿港,其他
512b7c55-5905-4571-9ebc-68aef35fe5de,福德宮_福德宮,其他
3b5a699e-1c45-4bca-9f22-de3934426696,福德廟_福德廟,其他
cd8cc1bc-a594-4a7e-8a35-db5cf5da2f9a,福德祠_福德祠,其他
f274e552-852a-4ba3-977b-c7074daa1710,福斯_北投,其他
37097d4c-a650-4323-896d-7fbcc32323cb,福斯中和元三展示中心_福斯中和元三展示中心,其他
7d828a6a-272e-42df-86f3-a54da318bd41,福斯內湖_福斯內湖,其他
91593b70-7ff5-4b25-ad2e-93a0eb4c6fd8,福斯北投廠_福斯北投廠,其他
a25212c8-31a5-4c64-8614-47e86bee80df,福斯汽車_太古福斯北台南營業所,其他
8dbb59e9-83b8-4241-8c1c-9d2a16163ce4,福斯汽車_福斯汽車,其他
6f2ed429-466f-46ea-bb64-f3ac3b6dc7be,福松園日間照顧中心_福松園日間照顧中心,其他
27dd3eb1-4f93-4337-95f4-8b5c6d306743,福松園日間照顧中心_福松園日間照顧中心,其他
99c163cc-27f0-493c-aa6d-0f043caf2898,福林宮_福林宮,其他
6b26a257-6adc-4a2d-974b-dfc908d58c87,福泰宮_福泰宮,其他
9d469eff-9659-4aa2-9a7e-c8cf0fb9c11c,福海宮_福海宮,其他
d47bca7b-e27a-43b6-9b9f-b04f0fdce162,福特中園_中園,其他
fc5394b3-b4a8-4c5d-b8e2-0ceca188f1a2,福特九和北投_福特九和北投,其他
b6af2159-3616-4d33-9f51-4034d8680ef9,福特九和復興所_福特九和復興所,其他
a492b319-9ca4-44db-b9cf-8769442dabb5,福特信義_信義,其他
d5839fb4-d9dc-4e03-9972-dcbe6cd13ce3,福特信義_信義,其他
b5e04704-1a37-4e70-8667-e33c65134d27,福特內湖_內湖,其他
78f45d75-f8a8-4325-b32d-2ba218ed5ec8,福特八德_八德,其他
bfde38eb-1bb9-4101-bde5-1414e6fcabb4,福特南港_南港,其他
99b45bd3-b5bd-43e5-95fb-5a505791c71c,福特基隆_基隆,其他
5ca391b2-bc46-469f-aaaa-607f3965322d,福特汽車_九和所,其他
73bb32d0-60c0-47ba-85a4-173ff4dfe3f2,福特汽車_上正汽車-屏東(展示中心/服務廠),其他
115ead3d-80c3-401d-9491-eb9ed0f33ade,福特汽車_上正汽車-屏東(展示中心/服務廠),其他
574b179c-d84c-49c0-a7b4-4a135ec3e51c,福特汽車_上正汽車-岡山營業所,其他
d5eafc71-dc52-43e0-910d-7435e524d99a,福特汽車_上正汽車-岡山營業所,其他
1e7e4799-728b-4f45-a0ef-28513a4d1ba0,福特汽車_上正汽車-鳳山營業所,其他
52934119-f8c0-4797-8b1c-5c85dd5fedae,福特汽車_上正汽車-鳳山營業所,其他
b4e62cdf-beee-43de-8d46-7423f51d7976,福特汽車_上正汽車民族廠,其他
7e751633-d190-45f3-a1c7-3980d66b2c70,福特汽車_上正汽車民族廠,其他
529c5b36-03c3-4d94-9d64-d7a9e603c9a5,福特汽車_上立汽車-崇德(展示中心),其他
74c0a815-443b-4e2e-b98a-46e614bdb4f0,福特汽車_上立汽車-文心(展示中心),其他
870b290b-95f4-42f7-a9f0-02bdc6493256,福特汽車_上立汽車-豐原(展示中心),其他
bc355f84-2805-4531-998a-6b218276cfd9,福特汽車_上立汽車-豐原(展示中心),其他
2e9cad41-9f26-4ac6-8600-31a065f47f0f,福特汽車_中太汽車-信義營業所(展示中心),其他
e46b0f97-89b7-422c-a7e5-5ea97df71add,福特汽車_中太汽車-信義營業所(展示中心),其他
4910f561-132f-43c2-831e-097ef6bad1cd,福特汽車_中太汽車-新店(展示中心),其他
8726d63f-2446-44d1-9c39-b1f14be85138,福特汽車_中太汽車-新店(展示中心),其他
e7c74919-a046-421a-b173-513db5f6c1af,福特汽車_中太汽車-汐止(展示中心/服務廠),其他
c1a4b38a-9c54-437a-896a-166add09decc,福特汽車_中太汽車-汐止(展示中心/服務廠),其他
fd7d35b7-4261-45f4-bf6e-a4e847272033,福特汽車_仁福汽車-豐樂(展示中心/服務廠),其他
9a7679a3-a587-4349-a5d0-08c3999e9674,福特汽車_仁福汽車-豐樂(展示中心/服務廠),其他
791f3b1c-a50e-475d-a9f9-875dd8a13cac,福特汽車_台中九和汽車-文心(展示中心/服務廠),其他
521f596d-b12f-45ba-acb9-cc93b44325af,福特汽車_台中九和汽車-文心(展示中心/服務廠),其他
4d7c5bfb-9731-40be-b89c-26fdfdd80c62,福特汽車_台中九和汽車-沙鹿(展示中心/服務廠),其他
c2534d77-579a-4823-864f-85c7feb83578,福特汽車_台中九和汽車-沙鹿(展示中心/服務廠),其他
db58855d-57ab-46b1-b5f6-9cdcebc15b7d,福特汽車_台北九和汽車-內湖(展示中心),其他
941957f1-a0f7-444a-8ea5-e3302a2abc0a,福特汽車_台北九和汽車-內湖(展示中心),其他
a5a77ef7-497a-402e-b79f-e4d648f194e0,福特汽車_台北九和汽車-北投(展示中心/服務廠),其他
a925835f-ee38-45f2-8ee1-380e324849da,福特汽車_台北九和汽車-北投(展示中心/服務廠),其他
3255eb79-069a-4a12-8cdb-54c77cc7c9d3,福特汽車_台北九和汽車-北投(展示中心/服務廠),其他
fa6a3441-f4bb-4054-b7fc-c497c26938be,福特汽車_台北九和汽車-南港(展示中心/忠孝服務廠),其他
18e21bbd-60db-4bcb-9661-50184e949b85,福特汽車_台北九和汽車-南港(展示中心/忠孝服務廠),其他
46528cdc-f9b2-456c-8bf6-80020f475103,福特汽車_台北九和汽車-基隆(展示中心/服務廠),其他
f3dab2e7-c45d-4fce-a972-624be1e39925,福特汽車_台北九和汽車-基隆(展示中心/服務廠),其他
1a9d5f39-6b5b-43a2-a543-0ce6f7fe342c,福特汽車_台北九和汽車-大安(展示中心),其他
e90058d6-bcf0-480f-af20-1e6d67aa21de,福特汽車_台北九和汽車-大安(展示中心),其他
c11f1b99-a52c-4d19-94a0-b8631418b2df,福特汽車_台北九和汽車-濱江(展示中心/服務廠),其他
e10a7024-577a-4d18-9c55-73d28ba6b49d,福特汽車_台北九和汽車-濱江(展示中心/服務廠),其他
d41577dc-dd25-40b3-9f5b-17c345a57c78,福特汽車_東港汽車-吉安(展示中心/服務廠),其他
1cd43a52-8290-4e23-9d54-534b7da907ca,福特汽車_東港汽車-吉安(展示中心/服務廠),其他
18a715f8-c08f-4e3b-b19c-68fb1f601176,福特汽車_林口福特汽車,其他
33d51757-bb4e-438c-85db-531ad40ef375,福特汽車_板橋福特汽車,其他
400f1846-fa64-4f34-b0c6-7ff18cca3d02,福特汽車_花蓮,其他
9208e260-6a6e-4a77-9b27-9bcc1251055a,福特汽車_建富五股整備中心,其他
8f289998-74f3-4525-a437-6ebfafe9ea26,福特汽車_建富五股整備中心,其他
2cbefd05-a739-462d-a2b0-c1f13c2e351e,福特汽車_建富汽車-三重(展示中心/服務廠),其他
24743373-f9b7-465d-9e78-f7d64679dab7,福特汽車_建富汽車-三重(展示中心/服務廠),其他
d848390f-5b9c-4811-8e13-1698e445debc,福特汽車_建富汽車-土城(展示中心/服務廠),其他
2d73332a-1def-41aa-aa3f-918e3f35115b,福特汽車_建富汽車-土城(展示中心/服務廠),其他
c0ec7cef-63f3-41ce-bdb9-9c758cb6a0c4,福特汽車_建富汽車-新莊(展示中心/服務廠),其他
81465f98-c9f4-4d92-a814-84294475709a,福特汽車_建富汽車-新莊(展示中心/服務廠),其他
77a8a7c4-7d49-4515-bfe4-e42598d7a397,福特汽車_建富汽車-新莊(展示中心/服務廠),其他
2fb2fc3f-4575-4c90-becd-6c2204235fef,福特汽車_建富汽車-板橋(展示中心/服務廠),其他
c5910a8e-3b1f-4cf9-b337-9a93a4243be6,福特汽車_建富汽車-板橋(展示中心/服務廠),其他
525e709e-1639-4a64-978c-40ff4702f47e,福特汽車_建富汽車-蘆洲(展示中心/服務廠),其他
ed37e278-e13c-435f-b3af-19af959a371b,福特汽車_建富汽車-蘆洲(展示中心/服務廠),其他
5cf20564-04af-49d7-a91e-956d05c11feb,福特汽車_苗栗所,其他
153b1d79-87aa-4554-baa5-31f89fa3fa06,福特汽車_桃園經國,其他
0e50f5a6-c0a1-4c11-9c8e-a41b664a9026,福特汽車_桃園經國,其他
6c1cfe4c-9fb7-4fde-9ec2-a40c587affd3,福特汽車_桃園經國,其他
033bbf32-e382-49cd-8e04-df8b7e61e760,福特汽車_高雄九和汽車-南高雄(展示中心),其他
26543f8d-0172-4002-a071-f9ec56f9d803,福特汽車_高雄九和汽車-南高雄(展示中心),其他
bda148f1-5b36-400d-b274-88e1ecd7e016,福特汽車_高雄九和汽車-民族(展示中心/服務廠),其他
5734a11e-0c88-4eb3-85ef-994edc67eef0,福特汽車_高雄九和汽車-民族(展示中心/服務廠),其他
bc938a20-d72b-44ff-ba6b-ff2234726582,福特汽車_新苗汽車-新竹(展示中心/服務廠),其他
3a036188-b2d8-4e1b-b849-4c0ae4ef2270,福特汽車_新苗汽車-新竹(展示中心/服務廠),其他
9023834b-589c-4132-b425-6385266bb9b9,福特汽車_新苗汽車-苗栗(展示中心/服務廠),其他
cfd45a06-30e8-410b-8f39-71e291ba3eae,福特汽車_新苗汽車-苗栗(展示中心/服務廠),其他
a3c318c5-3273-447d-8fed-c37e21a2dc1f,福特汽車_瑞特-永康營業所,其他
23ff8354-6853-4142-a382-871492050a6f,福特汽車_瑞特-永康營業所,其他
e4741f54-77f9-4558-b9b5-0698fba8a68d,福特汽車_瑞特汽車-嘉義(展示中心/服務廠),其他
b307508e-d73a-4ccf-906e-37e0e784c4f7,福特汽車_瑞特汽車-嘉義(展示中心/服務廠),其他
7923db92-7ccd-4443-9f93-0c9d00d8ee8b,福特汽車_瑞特汽車-斗南(展示中心/服務廠),其他
49399c85-646d-4244-9716-37c87c9f4cda,福特汽車_瑞特汽車-斗南(展示中心/服務廠),其他
3c7f4def-fc84-41bd-8249-cc6590583709,福特汽車_瑞特汽車-東台南(展示中心/服務廠),其他
cc99b2bb-e308-47de-a438-072c7573bb88,福特汽車_瑞特汽車-東台南(展示中心/服務廠),其他
c5e8721e-3e88-40e0-a67c-4647eb290da4,福特汽車_瑞特汽車-東台南(展示中心/服務廠),其他
05f69b05-979f-43b4-b233-2e8426701efe,福特汽車_瑞特汽車新營展示中心,其他
c4c1be0c-60c7-4cd1-ad0c-eabeb4a97ffb,福特汽車_瑞特汽車新營展示中心,其他
89a70817-54e0-4c7a-8e14-1ff6b99b96cb,福特汽車_福彰汽車-彰化(展示中心/服務廠),其他
212ceb0f-0432-4ada-9bee-5fa05b425ce6,福特汽車_福彰汽車-彰化(展示中心/服務廠),其他
f09d4a39-45b3-456f-8e22-62b36b7f0e3c,福特汽車_福特八德,其他
9a81f4c8-31ea-48a6-99c2-38795709d1e9,福特汽車_福特八德,其他
cdf176bb-7e26-4c2f-9997-236891b75a77,福特汽車_福特八德,其他
3266dd75-9c12-4962-be0a-b8d3a086ec1e,福特汽車_福特松山,其他
cc53e1c8-14aa-4be2-9fb1-1e4d084633f1,福特汽車_福特汽車中園,其他
03ad7545-4ff9-4b41-8f44-da2ca2fc3e7b,福特汽車_福特汽車土城,其他
f52cd0cc-1ca1-467e-b327-14ccfa604959,福特汽車_福特汽車土城,其他
121e5406-7d1e-4805-a31f-7ee4158cee15,福特汽車_福特汽車新店,其他
a2b6ab8f-9d74-474b-b341-a47327ef5deb,福特汽車_福特汽車楊梅,其他
7887c382-f260-490e-899e-047f7f890745,福特汽車_福特汽車花蓮,其他
dfa091f0-4c23-4c54-878d-bc1966420b6a,福特汽車_福特汽車蘆洲,其他
4004a0c7-0e39-43ee-8ff8-a84016dd5a4c,福特汽車_福特汽車龍潭,其他
160e443c-cb70-4ae3-a20b-28d4f410fdf2,福特汽車_福特龍潭,其他
820ccf91-1447-4bd9-959a-e3275dda9733,福特汽車_福特龍潭營業所,其他
ff23e180-4bb5-4960-8e70-98d04f3b5384,福特汽車_福祐汽車-中園(展示中心/服務廠),其他
40cadd39-3743-41f1-9446-e0539a938372,福特汽車_福祐汽車-中園(展示中心/服務廠),其他
74a35bd8-90c7-425c-b366-fe9cd6b84c5f,福特汽車_福祐汽車-五結(展示中心/服務廠),其他
38557cc3-7ba1-4894-aa21-8faaa51e2849,福特汽車_福祐汽車-五結(展示中心/服務廠),其他
128eb4b5-fd81-4a83-b4bb-62d718e9f61c,福特汽車_福祐汽車-八德(展示中心/服務廠),其他
b83f7184-f7a8-40bf-96e1-e335cb71ff04,福特汽車_福祐汽車-八德(展示中心/服務廠),其他
42c0e368-1048-4600-8831-8a2871d92f97,福特汽車_福祐汽車-文中(展示中心),其他
627b1e85-d711-4f59-b4fa-830ff518034b,福特汽車_福祐汽車-文中(展示中心),其他
1795a6c3-d79e-4971-ae43-7eb7d7271e56,福特汽車_福祐汽車-林口(展示中心/服務廠),其他
3a561e54-89f2-4d12-9de4-5f2795132f14,福特汽車_福祐汽車-林口(展示中心/服務廠),其他
e0a60682-b83c-43f0-8abd-8094f733e010,福特汽車_福祐汽車-經國(展示中心),其他
d7e010cc-22c4-4bd3-94f9-2106cb083e14,福特汽車_福祐汽車-經國(展示中心),其他
be4040b1-3967-4a69-ae89-fe3c47c354f6,福特汽車_頭份所,其他
a5ba1cbe-fa3a-4f4c-873c-bc22c87fc536,福特汽車_頭份福特,其他
40d95734-338f-4a71-bdc2-477148c0f42a,福特汽車_頭份福特,其他
40d59360-319a-4f72-a278-11fd6d692020,福特汽車_龍潭,其他
5eb07e41-f6d4-4e3c-91f6-2792b16efec1,福特汽車_龍潭所,其他
3368c016-c038-4cad-b11c-4bd636000513,福特汽車_龍潭所,其他
c267b1de-e427-4773-973c-2c0e6aa0f3c7,福特汽車_龍潭所,其他
2e6fedbc-2f50-406c-a970-f7ae56684d6c,福特汽車_龍潭所,其他
7ddc2ad4-f4d8-4021-9975-a62e573020a7,福特濱江所_福特濱江所,其他
9dc9741d-1480-42fa-a85b-9f1fc698fcab,福特苗栗_苗栗,其他
73cdd2b3-4415-4c01-93a1-91c17fb8a524,福特頭份_頭份,其他
2971cd38-3fee-48f9-89d1-a31d00213efa,福特龍潭_龍潭,其他
2e53f707-8226-47a3-87ae-c131371a56ad,福祉_台灣福祉,其他
afe496a0-396d-40c7-85a7-5f2cc440c54b,福祉集團_土城廠,其他
59bf186a-a808-46a1-93c5-3065e572e3a0,福祉集團_土城廠,其他
53690b26-56f3-4b23-b9b1-786b3c02624b,福祉集團_土城廠,其他
4493d013-6b06-4879-ba20-d46d7f63a229,福祉集團_台灣福祉,其他
de8aea98-e9be-4f6f-9216-b1b779ce9b7d,福祉集團_台灣福祉,其他
ddc89025-ed21-434e-af81-e879cf9a6262,福祉集團_台灣福祉,其他
26e6ab53-6616-4357-a9ad-911983c5c36a,福祉集團_高雄起始點,其他
1a4ee0c8-70af-44f8-962b-f5350d9fb35b,福祉集團_高雄踞點,其他
cbe35534-af9d-4c85-bf29-64a301c7cc26,福祉集團_金山區公所,其他
845373aa-8da7-42c5-b7c9-cd51bc4f648e,福祉集團_金山區公所,其他
2b34842e-9002-4b26-a34b-b9b867e3e865,福祉集團-業務_向陽停車場,其他
5a2b4327-7851-4587-bc8b-173fce5ef317,福祉集團-業務_柑園停車場,其他
260b8983-0856-4fe2-9469-2dc31f71e87c,福祉集團-業務_高雄楠梓區2,其他
28c43671-0f71-489b-a1a1-75cd11f0d074,福祉集團-業務_高雄起始點,其他
3f1a672d-2f62-4182-8678-0aaf7230a818,福祉集團-業務_樹八廠2,其他
34a072aa-0064-46c1-9681-d0bed97e0091,福祉集團-業務_高雄-楠梓3,其他
c08d2f92-3b36-46c6-8681-2b73435e6918,福祉集團-業務_高雄市仁武區,其他
3c9d049e-e19f-49ff-90ec-4f6510b5199f,福祉集團-業務_金山區公所,其他
7a5ff79a-fa5a-4971-a476-044a1b7203d8,福祉集團-維修_台中,其他
e244fdac-15a3-4c3a-baea-a7db22e91bf5,福祉集團-維修_台南萊茵河,其他
bc579ff1-f207-44f4-89e3-648e5a12bacf,福祉集團-維修_台南鐵道,其他
80be8cd8-4d3a-43a3-9070-2a43d96e1e73,福祉集團-維修_台灣福祉3,其他
8da5fe7d-d5c6-4c4b-8afd-eeb5aa583811,福祉集團-維修_高雄高第,其他
48b60222-57fd-4a6d-b135-90d4a127e462,福祉集團-維修_彰化點,其他
7badab61-a806-492a-915f-e700ab2d0431,福祉集團-維修_土城,其他
66dbdb51-941c-49ef-b0b6-e20f082450a9,福祉集團業務_土城,其他
b310af31-b966-4454-9981-075b0a99c775,福祐經國_經國,其他
3a26d892-e496-4a5e-8e44-87358d8029cd,福祿壽日間托老中心_福祿壽日間托老中心,其他
d347b8ea-83b1-4d89-919f-08ce9ec99c47,福興宮-台中市_福興宮-台中市,其他
ca74d362-d28b-4431-8912-d9310bd45e9e,福興宮-雲林縣_福興宮-雲林縣,其他
83ba9096-8848-4964-9b6a-9ca0f00ac805,福興社區照服中心_福興社區照服中心,其他
a3d04793-39f9-40ab-a53d-ec0962cbd7b8,福華消防工程_福華消防工程,其他
3544ee62-b445-4a38-868b-78369c490288,福華電子_福華電子,其他
5f7bae9c-68d7-4c3a-98df-0d1cfa8da280,福華飯店_福華飯店,其他
845f596c-9705-453c-b50a-9307879577e5,福音園_福音園,其他
94d99c95-01de-47db-a050-95b4c782404b,綺美電鍍_綺美,其他
946b52ce-920f-415a-8420-8c1de73f93b5,維修客戶_世豪通運-天母,其他
68b3740a-0fe9-41ce-b113-d6ff0fe97d7b,維修客戶_北市伊甸-濱江站,其他
aca19ab2-f30b-487e-bbe4-bd34c41ebf2b,維修客戶_台中威雄旅遊,其他
dff83a73-8abc-4047-a124-b94070441634,維修客戶_台中希望家園,其他
1b99c670-97ee-4fb1-8997-82b261029018,維修客戶_台中殘協,其他
082ee379-b6fa-4339-ae96-e458d0b0a1f2,維修客戶_台南一粒麥子,其他
431494ce-355b-4920-920f-0f8fd6540e6e,維修客戶_台南志協,其他
3c882dbd-9c70-4385-abf8-6af8c3a07939,維修客戶_白永恩,其他
2cbf5c06-b4f8-4aa2-8e70-86a5b5b5e4ee,維修客戶_南投愚人之友,其他
e68cca22-472d-4955-a2f8-cda6c48ed41d,維修客戶_屏東柯小姐,其他
9639418f-9d84-424b-b69a-8cdf1c1d785d,維修客戶_屏東殘協,其他
8e722f64-f662-48d2-8d98-4e39081cdfd7,維修客戶_草屯日照中心,其他
100beaf6-494f-4585-b333-c99613c9650b,維修客戶_高雄劉先生計程車,其他
9126a7a8-ab5a-4f0b-813d-a15f77dbf0ae,維修客戶_高雄現代王先生,其他
ef7b423b-ef1a-4a17-8294-b8638058cdaa,維修客戶_曾志銓家,其他
7f262132-8ce1-4fb4-9541-56c8979b9233,維修客戶_新北育成-新店,其他
627a815a-02b8-4177-aeeb-b3750d17f961,維修客戶_新北育成-板橋,其他
a8fcc3da-9832-43bf-8ee2-fa7d85144687,維修客戶_新北育成-泰山,其他
c5248b98-f11c-48be-ba40-2640d7189925,維修客戶_嘉義中華聖母,其他
58bccded-8177-4e83-aa41-e38b4d709d7c,維修客戶_彰化慈光,其他
65a8cefb-d7e0-4b14-98ac-deacfc334bfc,維修客戶_彰化慈恩,其他
fa1676c9-d7e9-4876-9031-e08d438eed4f,維修客戶_彰化秀傳,其他
b2e68e70-21fe-4daf-8208-36cd47e02bbb,維修客戶_整理維修資訊,其他
0136f3e2-6461-4e85-afdf-fc1877447f70,維修客戶_台中翔新診所,其他
ec8138dc-2437-4184-b45c-ce459a4c6aed,維修客戶_安道基金會,其他
1aa410fe-ad27-4a95-9e7e-c34ffd1beff3,維修客戶_南投永安護理之家,其他
8742797a-001f-4fad-8106-d9a29ce810cc,維修客戶_愛心家園,其他
6b734f63-029c-4019-b032-6bc378d534b8,維修客戶_雲林縣政府,其他
1dbf8420-18b8-4af0-93fa-821b65fe7dfb,維修客戶_台中客運,其他
4652878d-3634-4f1d-a64c-9b70dc123367,維修客戶_南投客運,其他
c2fb4ecb-6ec6-4d5a-8b39-9be8c7fd05b9,維修客戶_南投客運,其他
9ea9f83f-08f6-4ca5-bfe8-f4bd5beab53b,維修客戶_屏東客運-維修廠,其他
dfb0fa32-6a1a-4aa9-b0fb-ce54b955e5c9,維修客戶_高雄客運-鳳山維修廠,其他
da523110-eaf5-45e4-a831-1b10aa8bca7d,維修起始點_泰山起仡點,其他
2d7c2467-4c76-43c2-acb1-dbbade0f61d4,維修起始點_彰化,其他
0dc00f8f-7951-4cde-aeb9-5d14f89796e6,維修離島_四季租賃,其他
5004db98-d6f1-4b14-9e03-3f4a50c19a63,維修離島_澎湖伊甸,其他
43769b82-c341-494b-9201-a611476253b7,維修離島_澎湖惠民啟智,其他
e15a8949-ff26-4def-bddc-ba398581aba7,維修離島_澎湖講美平安白沙,其他
e86b062f-8b2d-477f-94a1-fb34e9f95448,維修離島_澎湖講美平安馬公,其他
626c2f75-516e-4905-a9a2-3b183876fd16,維修離島_澎湖照顧協會,其他
5e486d7f-451d-4110-a5a1-1c7b96a4104d,維新醫療台中建國_維新醫療台中建國,其他
6215b211-bfe6-49b1-b39c-b1692953e543,維特汽車修理廠_維特汽車修理廠,其他
cd99ac17-a10c-48dd-b36c-030bbf226017,聚興里福德爺廟_聚興里福德爺廟,其他
5847a557-6212-47c6-b9c6-ea747033709f,艋舺地藏王廟_艋舺地藏王廟,其他
ea39426c-e37e-43b2-94bf-db08494cb08d,艋舺祖師廟_艋舺祖師廟,其他
1a8d8b2d-4311-4445-b827-58e1fbe5bd63,蒲公英日照中心(失智型)_蒲公英日照中心(失智型),其他
1a0292e1-2ee6-435b-a6d9-293e7283d398,蒲公英日照中心_蒲公英日照中心,其他
25338d67-bf59-4aea-a3aa-55fa539275a4,賓士_中和賓士,其他
7196448f-1e16-4f7c-a6eb-f76ac8cb28c2,賓士_中華賓士台南展示中心,其他
c5e7fa35-c0e5-49c9-b2d9-26664f22c83f,賓士_中華賓士台南展示中心,其他
9554a07c-ebdb-4c2a-9d87-6da9d4146db7,賓士_中華賓士台南展示中心,其他
49118d30-8fd5-4db5-9dc9-ab8d21cdef42,賓士_中華賓士台南展示中心仁德,其他
ee9f4376-2d76-433c-9789-3d9200427994,賓士_中華賓士台南展示中心仁德,其他
817c97b1-60b3-41fa-93f1-16a9e6a01937,賓士_中華賓士嘉義展示中心,其他
af61bc35-b4d7-4f68-9123-0c27e55cf007,賓士_中華賓士嘉義展示中心,其他
15015f08-09bf-466f-80c9-c18a48181bb1,賓士_中華賓士關渡,其他
2642f8d6-6a56-4782-bf71-4e8a3a075de2,賓士_中華賓士高屏展示中心,其他
55dcfcdd-64e1-4543-9f3e-b91991a4b894,賓士_中華賓士高屏展示中心,其他
7afa8230-783d-4016-8547-84b8a3860e4c,賓士_內湖賓士,其他
a06d62e8-eb1f-4021-86bd-6515e6ddc58e,賓士_台中中華賓士,其他
2c990c6d-50fd-49c6-bab9-d515cf988526,賓士_桃園賓士,其他
aa0ad33f-bfd3-4a7e-ba1e-dde120db3b35,賓士_賓士,其他
533b6e0b-4256-49ea-b866-f8dacf1681f6,賓士_賓士士林展示中心,其他
72353eca-16b4-44ad-91bb-4fbf625a2d3a,賓士_賓航,其他
2b74860c-819a-4d5c-b210-bc5f867736e7,賓士_中華賓士南港所,其他
2bfc9844-e223-4386-b6ad-fd4e2429ccaa,賓士北投_賓士北投,其他
25fa43ec-1689-4e0f-9c04-08dd222ecc08,賓士營業所_中和賓士,其他
dca6aa91-6ddd-4b12-b4a6-f0e7e0cbb8a7,賓士營業所_中華賓士南港所,其他
320c77a6-2f59-4800-b00e-9a15f980c949,賓士營業所_中華賓士關渡,其他
97fb3a40-53d8-4503-afb3-14a3e17234f3,賓士營業所_內湖賓士,其他
20c3e089-f349-46f8-b70b-4250e3cb2a15,賓士營業所_台中中華賓士,其他
91eb70cc-5343-4d3d-be5a-f844e25b75b7,賓士營業所_桃園賓士,其他
3e3b143e-353b-4fc0-817c-bdc5eb82117c,賓士營業所_賓士士林展示中心,其他
ffe5e261-7f28-470f-b38a-4caedb1b3d72,賓士營業所_賓航,其他
714a2b7d-d3a7-41cf-9c89-ee643f1d52c8,賓泓賓士台南_賓泓賓士台南,其他
7ca5803d-7555-42ff-bd11-6e769a1d1756,賓總汽車_賓總汽車,其他
3133dc2c-f341-46c3-ac70-9909c3040056,輔大鄭小姐_輔大,其他
2a14c11c-e134-438b-82b4-66dd1a0953e9,輕安居_輕安居,其他
a327c50f-4213-4604-984e-250f5e77e04a,遠技工程_遠技工程,其他
8646e5c5-3fa3-45e9-b5f7-dfd5e5fc0ba5,遠睿_遠瑞,其他
edbe95f2-7c56-4c14-9d9a-3407da4efe5c,鄞山寺_鄞山寺,其他
3d51f5f9-3764-4ba6-b718-ed503e8b54f5,銀同祖廟_銀同祖廟,其他
6aa5db3b-83c3-438b-a0be-42c09b7737e0,銀行_大里農會,其他
35b5aed6-4608-4a4e-9b81-3a44643b81cd,銀行_元大,其他
1574b55e-ec43-48d9-913f-ee0eb5bdf911,銀行_元大銀行,其他
e15e0303-64c6-458d-80d4-63e43b3e7489,銀行_國泰世華清水分行,其他
1ed7e449-155b-4794-a566-7e463e7e058a,鳳凰城青商會_鳳凰城青商會,其他
ac97a0cb-f0ad-40bb-8ba2-e6af1c6fdd23,鳳山宮_鳳山宮,其他
123fc5b2-7332-4976-ae73-27b3bc313c58,鳳山老人活動中心日間照顧中心_鳳山老人活動中心日間照顧中心,其他
eff126e0-4cb7-47f3-b2a5-ae7e93e00cb6,鳳山青商會_鳳山青商會,其他
41d8e345-b523-4ee0-a12c-e205dd27e36b,鳳林老人日間照顧中心_鳳林老人日間照顧中心,其他
ef2bec73-c3f3-4588-8882-4f2b5a512f0f,億利汽車_億利汽車,其他
00f161ac-62d7-4d1c-924e-99a0006a8a6f,劉士州議員服務處_劉士州議員服務處,其他
e1f287d4-6297-4423-8eb9-289cbe84005b,劉姿妙_劉姿妙,其他
f959878f-25a8-430c-9348-c802d920f6bb,劉宏宗_劉宏宗,其他
9474363c-ae9d-45b1-8609-ea8bb64e8f3e,劉小姐_劉小姐,其他
f0f11bcb-3e6a-4e35-8b93-4c306d109120,劉建宏_劉,其他
4c4b6ccf-e5a5-4936-abf5-611d94a43a43,劉慶模_劉慶模,其他
b9701c38-8a58-477c-b566-dd7b088c598f,劉清雲_劉清雲,其他
915903cc-984a-45e5-a42f-2030af57ecad,劉華凱_劉華凱,其他
057a1122-9f2d-4bc3-831d-6338018c23fc,劉銀惠_劉銀惠,其他
58afa569-ba84-4dca-863c-7edfe8660b8e,劉麗清_劉,其他
251ba630-03ab-4a29-9b6e-a054a7899e5c,劉（和泰新莊林）_劉,其他
35954c3b-65a8-4638-971d-26223cf0cca6,劍潭古寺_劍潭古寺,其他
58fd0d71-137d-430f-91f1-cbeee4793474,劍潭捷運站_劍潭,其他
d78786f2-e180-48ba-8eff-a7ce3bcdaa92,墩南慈安宮_墩南慈安宮,其他
7c3ca4ba-eb13-4349-9492-0d8c982c6076,寬心園_寬心園,其他
df05597b-39bd-482a-87eb-bc640d5548d8,寬心園日照_寬心園日照,其他
6a9b123c-acc7-4106-a379-af8158f604df,廟宇_三元宮。,其他
1a9c7e72-250f-438e-81b3-96eb896d3a29,廟宇_三峡福安宮,其他
90b48358-7a54-4c59-8ccc-b3f1c936a4d0,廟宇_三峽興隆宮,其他
5ad1bd9c-4dfe-4df4-af8b-ba898ccf925c,廟宇_三崇宮,其他
cdcd52a8-15f5-47d6-bb6f-0edea11c3eb9,廟宇_三重天后宮,其他
bdd41c04-fb5d-423a-823c-4d58d0335352,廟宇_中和力行福德宮,其他
bbcc3a22-c8c7-4493-bd93-21f8bfbed3d4,廟宇_中和慈雲寺,其他
65411de5-376a-4681-9143-244e80b6290f,廟宇_中和福和宮,其他
4b7637d4-6869-4187-9acc-96756e118bde,廟宇_五福宮,其他
06f092f5-734e-4b8d-8307-e685302b6a4b,廟宇_五穀先帝廟,其他
185e7e0c-b14f-4c3e-a7e9-0ceb0345e53c,廟宇_太平宮,其他
fdc2d5e7-6ca1-4c6f-a902-1fb7be886787,廟宇_文昌廟,其他
1e670721-e1b5-4277-84e6-4023fa144f8a,廟宇_北市行天宮,其他
05f74ddc-f11e-40ef-a14a-5f16c323ca2d,廟宇_北市行文宮,其他
cf4b8114-35ff-4e4f-96c0-19e1ca0edc8a,廟宇_北極壇,其他
38572244-84bc-4e17-828c-9f4562a9f638,廟宇_北門福德宮,其他
1efc758b-772c-4062-9fe6-5e4aa0c0a88d,廟宇_灰磘福德宮,其他
09ec79a3-cda3-431a-8695-c0c5e3c1d5a4,廟宇_竹林山觀音寺,其他
0948c117-f7bd-4972-b483-39c5e873f603,廟宇_板橋埤墘福德宮,其他
461aba46-239d-4c7c-b36b-3e85c40d68fb,廟宇_板橋福德祠,其他
85d917f3-e0f3-4f20-ba57-f3af5dee8d87,廟宇_松山奉天宮,其他
e73ad3c3-d1d8-4b83-95dc-b5f09cb6e4ec,廟宇_武聖廟,其他
a2a04eeb-7759-4db3-a681-55404d694a0c,廟宇_保福宮。,其他
2c928211-0d91-4dbf-b6e3-9be4057105d6,廟宇_南崁五福宮,其他
d6df42f1-ba78-412e-9bed-eb5cb1f6515c,廟宇_南崁五福宮,其他
359f73a7-e23a-47f7-9802-f139c93d7832,廟宇_真武廟,其他
c09159da-ca5e-4b5e-b4f5-05f67a09e608,廟宇_接雲寺,其他
b32abd65-cdd1-4ae8-a336-8d99124d60ba,廟宇_頂泰山巖,其他
5b09237d-61ee-407f-873c-32a491a9d07f,廟宇_湧蓮寺,其他
aa739ac0-9fe5-4c7c-8390-0de88dd65945,廟宇_進安宫,其他
05416943-3d9d-4733-9f29-a8a52eca5ec4,廟宇_進安宮,其他
5ca717ff-9426-443a-9f9e-b4d26ec7f6ab,廟宇_慈佑宮,其他
2f3502e4-0bbb-4486-81eb-632a8efd438e,廟宇_慈德宮,其他
a1b1ace9-d96f-4a24-8b2c-730eae6a8a90,廟宇_慈惠宮,其他
2eca30d7-bf79-4eff-a101-be47f86a97f4,廟宇_新店太平宮,其他
1c7f88f3-690a-442b-a0c7-61fcf43ab95d,廟宇_新竹天公壇,其他
c3be264a-c543-4675-9beb-269b71883e08,廟宇_雷興寺,其他
b01f11ec-d12f-4f1a-99cf-99b3dffc0482,廟宇_壽山巖觀音寺,其他
11ed5aa6-0002-455e-bc40-a5bc3b88e1dd,廟宇_福元宮,其他
58bfb91a-98b7-4a23-96a1-5e354787a86b,廟宇_福泰宮,其他
a3de599c-8955-4341-b442-ad33657f1d06,廟宇_廣和福德宮,其他
1469ea04-02e1-4e36-bfa5-02fce0702ec4,廟宇_樹林鎮南宮,其他
53398896-a2e8-44a4-af50-448029bdee11,廟宇_興隆宮，,其他
135489a2-cf5f-4446-83b7-b3b5cfa61ed7,廟宇_龍山寺,其他
416ffa8a-696a-4b55-ac05-cdf0bb4e0c8e,廣厚宮_廣厚宮,其他
92ed44b6-6dcd-41d8-9224-b33509e9a7d2,廣和福德宮_廣和福德宮,其他
453a32ce-47bc-490e-b3f1-0c2a2c178c63,廣寧宮_廣寧宮,其他
a30b7559-e0d0-4124-85f5-98b7ac4cd5f5,廣慈庵_廣慈庵,其他
15f1befa-5a36-4c33-87da-32792c50254a,廣泰工程行_廣泰工程行,其他
fba2915a-b0ed-4d77-8264-4fb5e810863a,廣濟宮_廣濟宮,其他
0961c18f-bbf1-497d-8808-bb628f9def22,廣福宮-新北市_廣福宮-新北市,其他
f5547a16-397f-4a66-8c02-785656e04cb1,廣福宮-雲林縣_廣福宮-雲林縣,其他
a43f88ba-d701-4f4a-ba30-8a403ce1d419,廣興宮_廣興宮,其他
18ba01be-6c21-4959-9647-381a2aa2a0f0,廣護宮_廣護宮,其他
efa5d51d-380d-4ab0-afe6-9a355f62a3c2,德仁日間照顧中心_德仁日間照顧中心,其他
20261118-6524-41df-b8e4-72eaffac2052,德冠賓士北高雄展示中心_德冠賓士北高雄展示中心,其他
94b83f69-09a6-4ccd-b610-6f6a1e4314f3,德化堂_德化堂,其他
130e5ec5-8cf5-45d7-9c84-790177b72b0f,德如明月日間照顧中心_德如明月日間照顧中心,其他
86e89e02-2aae-46ed-80f3-72b8ea9f0701,德曜投資_德曜投資,其他
e934f76e-4917-4a64-8656-1bc3355cafa8,德源禪寺_德源禪寺,其他
155f75ca-2995-42b0-a41a-5fdda4a6cc94,德興_德興,其他
22b38e59-9d9a-492a-a4fa-f3937455f025,德記儀器_德記儀器,其他
1b09e090-8e06-4a34-aa3b-a9845331c862,慶安宮-基隆市_慶安宮-基隆市,其他
aae908ec-abdc-4afd-8c86-93aec6aeef33,慶安宮-彰化縣_慶安宮-彰化縣,其他
ab5f5421-94ee-4f2d-98ff-82acaa7783f5,慶山建設公司_慶山建設公司,其他
77e5a243-f61c-463d-94b3-ddc7bf3ced7e,慶旺建設公司_慶旺建設公司,其他
8178bef4-2b2e-45d7-8816-d665e3c40fa8,慶鴻機電_慶鴻機電,其他
97276e2b-8bd3-4801-92fb-b81d82e5d0a4,樂城飯店_樂城,其他
3e59eaa9-3093-44e0-8b5a-e0b3e719fe76,樂多家園(失智型)_樂多家園(失智型),其他
43edcca9-f448-4a6d-a7df-d14967b536c0,樂天宮帝君廟_樂天宮帝君廟,其他
9d20fa31-c0fc-45dc-9040-1fbb6daa2c9a,樂山教養院_樂山教養院,其他
df585c03-b0bb-4695-a815-25bd3710c113,樂成宮_樂成宮,其他
96126318-9b8a-4140-9539-8a05b401566f,樂樂汽車旅館_樂樂,其他
c520ef09-f700-4bf5-b995-c429429a8fdc,樂樂西屯日照_樂樂西屯日照,其他
676fbd8e-6775-4571-812b-03453beb1bbe,樂福_樂福,其他
6bee1681-aec9-4fb5-a14f-6e84c51e4fd5,樂耋日照_樂耋日照,其他
de66d938-c497-4608-b5ed-5b9f5cdd8594,歐力士_歐力士,其他
f9851071-cb1e-4220-a8cf-54198377448a,歐力士_歐力士,其他
62f22400-99b3-4736-81e9-f34c6b793985,歐力士_歐力士,其他
1cd9bfa2-c88f-45ff-9a38-167c61f0a146,歐悅汽車旅館 永康_歐悅汽車旅館 永康,其他
748f9be3-0bb9-4bde-81ad-596e1717bc28,歐遊汽車旅館_歐遊汽車旅館,其他
971ae58d-95d2-4ae0-bb56-c4347faefe25,毅傑環保公司_855流動廁所,其他
cde1869f-4e00-47e7-9a00-73227dd33854,毅潔環保_毅潔環保,其他
fa5f211e-3337-4ed3-b11c-5ea4a657d34a,毅潔環保_毅潔環保,其他
1dae7da2-ac9f-45dd-a1c4-8fc3a7e0ca0e,澄清湖車隊_澄清湖車隊,其他
1be65bd2-6bb1-4eec-87f5-fc29faa09615,澄谷建設_澄谷建設,其他
0db22d41-8fc8-4c1f-8582-b0316b4a4a72,澄輝日照中心_澄輝日照中心,其他
1106a872-22af-47ce-926e-87acbf6f1edd,潭子toyota_潭子toyota,其他
ed1382e1-93c8-4089-9154-419c510f38a2,潭子中山日照_潭子中山日照,其他
d40682f8-5573-424d-8697-24e1db1fe8e5,潭子將軍廟_潭子將軍廟,其他
df085638-fea8-4705-a84b-c2cba1dca9c0,潭子扶輪社_潭子扶輪社,其他
445a03b3-60b2-4cf8-987f-58489af76e0a,潭子現代汽車_潭子現代汽車,其他
a3d82219-5a25-486a-a7f3-20c660e6ec08,潭子青商會_潭子青商會,其他
42ebb609-c3ca-45bb-adaa-de9d196c6d64,潭子順益汽車_潭子順益汽車,其他
7f62eaa2-91ee-4df5-a841-236e3f5f1a46,潭水亭觀音廟_潭水亭觀音廟,其他
7a601708-79e3-4141-89ae-eae4b9ba7961,潮和宮_潮和宮,其他
e6a0a740-eb50-478c-8107-cc6ecb7345c8,潮州車站_潮州,其他
05f7d08e-1527-4391-ad27-84c148eb1c00,潮州車站_潮州車站,其他
11e3883f-2a69-482d-b73e-794b522c1651,潮州青商會_潮州青商會,其他
b11b012a-053d-4103-a6f0-c33da6829d5c,澎湖機場_澎湖機場,其他
62294be2-a2fe-415e-b507-e529ef411706,澎湖青商會_澎湖青商會,其他
54377604-1b5c-443b-824f-75af06d84d0a,潘先生_潘,其他
458e12c4-1478-4c52-b6ab-c943c3020d72,緣道觀音廟_林華,其他
27f12151-8a1f-4dfd-8060-5778857290c3,緣道觀音廟_緣道觀音廟,其他
5bc919cd-073c-486e-a295-32d032d16a26,蓮座山觀音寺_蓮座山觀音寺,其他
776f431b-7914-4511-ae1d-fc610abec033,蔡國平_蔡國平,其他
f61885fb-eb78-469b-b36d-445ac070fa64,蔡小姐_蔡,其他
c6dedc05-866a-44c2-b060-d974bd845392,蔡怡芳_蔡怡芳,其他
191e5c86-3be2-47e1-9e8f-225ac4cb9414,蔡惠涓_蔡,其他
c92f31fb-b350-44b9-9898-11844c390d73,蔡慶昌_蔡慶昌,其他
1aa19196-b41e-4d64-83db-32f440597cb5,蔡政憲_蔡政憲,其他
1b79f29a-612e-46b0-8c23-b4d6bb26a2aa,蔡明薰_林真如,其他
6eb83335-d9d9-48b2-81d3-52db1c7c0a0a,蔡榮華_蔡榮華,其他
d372fe40-ff04-432e-abb2-1408c3cb2823,蔡玉娟_蔡玉娟,其他
159e4260-f315-4cc8-86cf-81dde794f721,蔡維炤理事長_蔡維炤,其他
77da2d23-5c09-4f43-884e-5de0f0cf5d39,衛生福利部嘉南療養院附設失智老人日間照護_衛生福利部嘉南療養院附設失智老人日間照護,其他
ae0d8262-9ad5-4b57-8b2b-44f71d41a52f,衛生福利部桃園新屋分院_衛生福利部桃園新屋分院,其他
85497de6-77d1-4620-90c7-a95a11767b48,衛道日照_衛道日照,其他
64cc2740-761d-4935-9cc5-9e3e2ef5ad9e,褒忠祠_褒忠祠,其他
a7fcb7a5-1716-4e1d-b0e3-2df26366643b,賜安宮_賜安宮,其他
baecef3c-11d5-4ce2-bb74-fbde9b31a120,賜明改裝廠新莊_賜明新莊,其他
2291b781-0e31-40de-a713-17c856d269fd,賜明河堤邊_賜明河堤邊,其他
0436c72c-7a89-4fcd-a740-496c50e2caa9,鄭嘉桐_鄭嘉桐,其他
7f7790e7-815e-46f2-8206-d4c7c59c1bf3,鄭嘉桐 昇陽汽車_鄭嘉桐,其他
1ac33ad8-a310-4bf4-84a2-cc4a86b066c5,鄭如月_鄭如月,其他
0034ec80-eb78-46d7-9265-8338830ca763,鄭汶珍_鄭汶珍,其他
e519ebad-f10d-4259-9f98-3f46ed0e3ae2,鄭秋蓉_鄭秋蓉,其他
f4816006-4118-47d4-b16c-d8eb63dd9527,銳宇開發建設_銳宇開發建設,其他
7fcc4705-a6bc-4247-ac59-4ce93dabd74a,霄特公司_霄特公司,其他
16dc6b27-ecd1-4deb-a306-4e125d53b8ab,霄裡玉元宮_霄裡玉元宮,其他
c521885d-20d5-4061-b854-45bbd7bb7910,震安宮_震安宮,其他
ce1dff0e-b53a-44b3-8b68-307b89075c4b,養源堂_養源堂,其他
475ac65b-05c3-4c70-9ef7-43fff06063d1,墨力國際集團_墨力國際集團,其他
2aaf9680-6cd1-49a9-95a7-254abfdd92e9,學校_中台科技大學,其他
fb00e83b-ff1a-4a53-b773-afa6f0e9bd30,學校_日南國小,其他
f1323586-f3c4-4094-9042-13d742b24e72,學校_台中日南國小,其他
a1aedfa4-5418-477a-b833-a33af892a897,學校_台南市新興國中,其他
7b311638-3114-4fdf-b968-54dcd3f2e393,學校_台東縣立新港國中,其他
10fe943e-c64b-42ea-80a7-43e588fdf36a,學校_台東縣立新港國中,其他
4a1a0430-6ac1-4f84-be96-ddca98c3a865,學校_屏東縣僑勇國小,其他
40b081c7-067b-433e-bcfb-0c3ac3f10f68,學校_屏東縣新圍國小,其他
76c5b9bf-afe0-43da-9b1c-5c65edd66845,學校_屏東縣萬丹國小,其他
7f5f0fa3-26c4-4bd2-b514-48821a86efcf,學甲慈濟宮_學甲慈濟宮,其他
bef73c9a-78bf-4091-bc57-989d6cb4cdfc,學甲日間照顧中心_學甲日間照顧中心,其他
e6ba55a0-e51f-4263-a2c7-219fb8a3e09c,憶樂公托老中心_憶樂公托老中心,其他
8e3d0545-d235-4b89-a294-26d4ff70f6aa,擇賢堂_擇賢堂,其他
0bd4fcc8-b90c-4b6c-8113-f4b8b77d48ee,曇花佛堂_曇花佛堂,其他
60811efe-6c94-4125-bdd4-729f8355fcb9,樸源全球公司_樸源全球公司,其他
f23534ab-f82f-4338-9c4d-242b4cb84c58,橫山九讚日照中心_橫山九讚日照中心,其他
5a9d576f-20a2-415c-9d86-412dc59b7ca1,樹八廠_樹八廠,其他
22c21171-89b8-4bb5-a66b-7f02435d82f8,樹德宮_樹德宮,其他
7d7438d2-db70-4a8a-af60-c046b457caac,樹德日照_樹德日照,其他
3a8a2d2c-7772-4a9c-95a2-31b39b7ea1cc,樹林火車站_樹林火車站,其他
9e5e2093-67f4-403a-8ff4-3089198219d6,樹林火車站_樹林火車站,其他
800b9cfe-04f7-4725-85f5-040c1cf803de,樹林監理所_樹林監理所,其他
636200d9-ebd7-47be-9364-831a7f0e6e58,樹林監理站_樹林監理站,其他
539a7aca-31ad-440b-8bb0-3f50324d5b19,樹林監理站_樹林監理站,其他
4dda1012-d599-45ab-96f6-421439183d07,樹林鎮南宮_樹林鎮南宮,其他
db61bcf9-6824-4629-aa44-2c36d9356ef5,樹林青商會_樹林青商會,其他
19bcda44-16da-4952-bcd5-dde25955bd6a,橋頭日間照顧中心_橋頭日間照顧中心,其他
aed342a5-0fa7-4f1e-a246-a92ee3155bda,橋頭青商會_橋頭青商會,其他
e352e47b-0206-49a6-8c03-4eac8df8112f,機構_ARTC車測中心,其他
c8599982-5900-4656-bf41-e47a9f1c58e1,機構_TRTC車測中心,其他
3f918424-f152-45d9-99a8-90d3b564d03d,機構_VSCC,其他
3649ead6-b987-4d74-ba02-6fcb04ea3f3a,機構_台南教養院,其他
de286db7-50d2-458b-b256-50e7d4d46464,機構_台南白河國民榮譽之家,其他
8a747807-9d4f-43e7-a8ee-cbb8ac96a518,機構_頤安日照中心,其他
7aca3dac-4562-40c7-aa62-4e7674ad08a6,機構_觀音村,其他
1ac9f798-f5d6-4ddd-8dec-838ad7b751f4,機構_健豐居家長照(健豐藥局),其他
8198be3b-9787-48b1-b731-12a6c6035b7b,機構_觀音愛心家園,其他
63c5869d-cb32-4712-9e7a-d094ddba996f,燕巢神元宮_燕巢神元宮,其他
a80ce800-3c69-48f8-89ab-740887b75d9e,燕巢老人日間照顧中心_燕巢老人日間照顧中心,其他
c53a11e8-bdfc-4f97-8771-9459fec5ffb8,燕巢老人日間照顧中心_燕巢老人日間照顧中心,其他
95a8c59c-2c44-47fe-9db0-2ecff50639a9,璞旅集團_璞旅,其他
6cefedde-07f4-4e5a-b773-836ead834a04,盧建良_盧建良,其他
d982a612-55a7-4022-88ee-ac9f64cc940b,盧德在_盧德在,其他
ca4c7d48-9cac-4308-b8da-24f9648ebb8d,盧英修_盧英修,其他
d14ed040-6c08-44dc-bebd-c95974e5769d,盧雅萱_盧雅萱,其他
05b24120-f834-4c99-83fd-3cb0d1872b87,縣府單位_宜蘭社會局,其他
bf77c4b0-dda7-41ec-9aa0-7cc1d859e82a,縣府單位_桃園市政府,其他
2f059d19-015f-4262-a9d7-75649352f78f,臻愛花園餐廳_臻愛花園餐廳,其他
09c4ac88-4807-4f73-a877-63231e588aa3,興國宮_興國宮,其他
63b9142b-e5ba-47e7-b1d8-bd8e58b8da42,興松企業_興松企業,其他
6793790a-e5ad-4f0d-8c13-6c62b13467b1,興農公司_興農公司,其他
1296f765-73b3-476d-921c-4f0cb33871b9,興隆宮_興隆宮,其他
415687f1-f7f5-4445-98d1-84f336d543bd,興隆淨寺_興隆淨寺,其他
4ea54013-ec1e-4339-bb68-5339b3cdefd2,蕭世萍_蕭世萍,其他
c3b17e6c-5a9f-49ad-bdc7-08081c3902ab,蕭淑貞_蕭淑貞,其他
2772d7bf-07a9-4a66-8a3e-4875e8ba7d75,蕭瓏老人日間照顧中心_蕭瓏老人日間照顧中心,其他
6fdb4fdf-2eea-4f58-9bf5-669cae9919a0,蕭筠臻_蕭筠臻,其他
50626a6b-170e-4341-8b55-1f5683f2fb88,蕭翰銘_蕭翰銘,其他
7c254bb0-9138-49ae-a08f-94baaa48d41a,賴冠良_賴冠良,其他
d30c9696-1433-4ebb-8ea5-8e7fb858ee3d,賴小姐_賴,其他
eec5a542-cca7-420c-8ac2-44e790539ff2,賴志群_賴志群,其他
009b59e8-3234-49ef-b7e1-ad63acc5c2e0,賴朝國議員服務處_賴朝國議員服務處,其他
59d36bea-eec4-409f-8628-b31ed5786dbe,賴榮華_賴榮華,其他
1f44240e-78f7-4567-8108-8355a4454840,賴正蘭_賴正蘭,其他
c81d54d4-f897-47cf-8566-f009f61ba151,賴淑慧_賴,其他
0661b5f1-fbb0-414d-b753-9b9b0deaf869,賴添華_賴添華,其他
396411e8-ec84-4835-9549-daa593d79860,賴義鍠議員服務處_賴義鍠議員服務處,其他
8562865b-8b10-4820-bedb-5ca03c527d58,賴順仁議員服務處_賴順仁議員服務處,其他
2c4ac0c7-0f25-446d-a7c7-efade78f3d7a,錫口慈佑宮_錫口慈佑宮,其他
21afab00-2552-44c5-a0e1-c5ea4d479979,錦興_蔡,其他
5da6c62e-445b-42c0-a8ad-e2c576605881,霖肇宮_霖肇宮,其他
983d634c-6202-4dba-8013-19c056f85503,頭份青商會_頭份青商會,其他
13c7e8a5-bff1-4f46-9391-26509f18db08,頭前國中_頭前國中,其他
67be7b30-c3ac-451d-a0a8-bb38a89815d6,頭城車站_頭城車站,其他
633dae40-8df4-4f40-9da9-94f8a84656d9,頭城青商會_頭城青商會,其他
e6d88a03-bd49-45e2-af5b-7b500073281a,頤安日照中心_頤安日照中心,其他
c1788576-44cf-4153-af3f-02d8000f3607,頤安老人日間照顧中心(失智型)_頤安老人日間照顧中心(失智型),其他
5125eb2e-1006-4e3c-b25c-9c600ed5b9d2,龍井巧聖先師廟_龍井巧聖先師廟,其他
d9d41388-d7b3-49b4-890a-2e5421474084,龍井青商會_龍井青商會,其他
3c9fbc08-22e8-45c1-8109-272672cd7daf,龍元宮_龍元宮,其他
61c74bf7-2fb4-4bb7-a8c7-49a695830b96,龍山寺-台北市_龍山寺-台北市,其他
2b85d73d-c12e-4564-a2ce-e2ce3b54309d,龍山寺-台南市_龍山寺-台南市,其他
ba1605fc-81fb-4a50-8d8a-02f4a75022c6,龍山寺-彰化縣_龍山寺-彰化縣,其他
d524cb8a-2a1a-4568-bf69-b1aa0602bf18,龍山寺-新北市_龍山寺-新北市,其他
5c15bf6f-99ea-4db4-b5bb-7b6fbf0876fd,龍山寺-高雄市_龍山寺-高雄市,其他
72588502-64c8-4105-8e7a-1c13b4ea9736,龍山青商會_龍山青商會,其他
db7609ac-68cd-4a51-8380-8603d96401eb,龍崎教養院_龍崎教養院,其他
228fc79b-e4b3-41d2-8356-6be23c18122c,龍德_龍德,其他
c74f2f2b-9aa8-49e8-9ed0-3c852f54d661,龍德宮_龍德宮,其他
17e58e52-c27a-4a8e-9901-275f6f86b411,龍潭南天宮_龍潭南天宮,其他
a11bf399-3f7b-442a-85c6-a64f69b6187f,龍潭龍元宮_龍潭龍元宮,其他
75bd356b-5552-4009-8d24-6c5c907e8c02,優仕通（租車）_優仕通（租車）,其他
3edf672d-8540-4941-a3c8-d15ff717e5c0,優盛租賃_優盛,其他
f6111d48-e7aa-436d-9ad5-4e51f9d247e1,優臣_優臣,其他
d6fbdbce-ed68-4035-ac88-c0b2942db3b5,優良租賃_優良租賃,其他
24bb6b0b-f382-4fce-9926-67b24acd1920,優遊商旅_優遊商旅,其他
6f88bdbb-8d8d-4786-ad3e-f7f97435866b,勵鑫公司_勵鑫公司,其他
7dd9f57a-cf33-4757-a14b-9dab91a3bc58,嶺東張小姐_嶺東張小姐,其他
8d50ddb0-c7c6-4c50-96fe-28d4ee3fc212,彌陀寺_彌陀寺,其他
c24e9a40-0282-42c3-96fa-036a6ca69d2d,濟公堂_濟公堂,其他
2a5d90fa-012d-49a9-a0fd-cca4b56a4e9a,濟安宮_濟安宮,其他
a23e5232-af74-44d3-a9c6-f6d7b9ad7949,濟得宮_濟得宮,其他
02b0dade-faaf-4504-9629-eec9e234d3a4,濟美仁愛之家_濟美仁愛之家,其他
23f585d7-6b20-4dea-bc51-ba1450d95452,營新鹽水日照中心_營新鹽水日照中心,其他
733ca46e-2bfa-43a6-a357-e31a08669032,總太營造_總太營造,其他
9bc2cee1-a94d-4843-a52d-f642d98ee97e,總盈汽車_總盈,其他
399e6637-e7e8-4d81-a295-ac5657cc4ee0,總祿境_總祿境,其他
37d71d66-c4a9-4c57-94a5-2944bd8649cd,總趕宮_總趕宮,其他
6a71b84e-091b-4896-a1ad-c55d7a1a49e3,臨水夫人媽廟_臨水夫人媽廟,其他
6b360938-2a46-4e75-89a7-aff07bb0d563,薇風_薇風,其他
ffd5ea5f-582e-45dd-8179-ac963148bcdd,謙信日照_謙信日照,其他
d06773e4-cabc-4fbe-b095-9ecf0702075d,謙信照護中心_謙信照護中心,其他
d4c6d40c-18bc-42dc-84d8-b595d1e01c69,謙和賀日照中心_謙和賀日照中心,其他
b3bdfd2c-c91f-4615-ae1e-fbbb1853418c,謝全福_謝全福,其他
c7c25ec4-989e-4941-87b2-a4a384dab77d,謝孟男總幹事_大未來,其他
289faed0-3d34-449d-a97d-c5f8fe8422ec,謝東穎_謝東穎,其他
af37553c-5030-4a33-9038-9c521331e4c9,謝秀聆_謝秀聆,其他
7d6fbc89-3187-4b78-9d5b-d01766f06c56,謝秉_謝秉,其他
de0a98e5-8730-430f-bf70-6c4ea35b9f2a,謝莉莘_謝莉莘,其他
277bed90-b763-4130-8185-0074bf33eda1,謝豐隆_謝豐隆,其他
cf08eee1-125c-476a-8d2a-c93d8e2d6f96,謝豐隆._謝豐隆,其他
eb133603-1b93-446d-b15c-479fe2595e63,謝豐隆北市_謝豐隆,其他
abf04288-40cf-4560-98d3-74973da0be14,謝豐隆桃園_謝豐隆,其他
2f64c1a3-820b-415b-a772-be1bdb1ed7be,謝豐隆永和_謝豐隆,其他
81df37e7-ec42-40f5-b1a9-eb82353a58ab,鍾濟榮_鍾濟榮,其他
6e824d18-e338-4b33-ab91-0e7b720adab0,霞海城隍廟_霞海城隍廟,其他
f0bf423d-4cf6-4cd1-969a-a4445ffeb40f,韓式食堂_韓式食堂,其他
0ec5db90-b981-4f5c-a171-31c7ba78c752,駿德_駿德,其他
8208ae5f-0cf9-4934-936c-dd07b558fa6c,鴻創_鴻創,其他
5d090e8f-9eb8-4886-9122-520380625a77,鴻新_鴻新,其他
f71cb1fe-8899-47f3-9a25-f1160497ae59,鴻昌工業公司_鴻昌工業公司,其他
36139f03-740b-41d9-aa0d-1707a52b4e7a,鴻泰計程錶行_鴻泰計程錶行,其他
47982e26-f395-47a0-9593-c49a3d57ee8c,鴻澄老人照顧中心_鴻澄老人照顧中心,其他
8d831b44-7449-4e4f-a32c-c0734b9455bd,鴻福宮_鴻福宮,其他
6144bede-7b54-4322-baa8-1e755c88da87,禮享家_禮享家,其他
071c2551-58e4-4320-bdf0-f5a2c793e3bf,禮享家_禮享家,其他
ce23fea0-4c0c-400b-9788-5e4725ebc49d,禮榮公司_禮榮公司,其他
f2b1b897-4116-45b4-a360-4ea63ec366c5,簡義芳._簡義芳,其他
22ae3e06-e144-4db7-935c-061830d28b5c,簡義芳監事_簡,其他
4b46d2b1-06c4-47bd-9d1a-ba62232ca615,藍天獅子會_藍天獅子會,其他
0cde6772-5ef4-4557-abd9-87d76db6f161,豐南消防分隊_豐南消防分隊,其他
11f5b1c0-3f03-4187-8ba9-51a8cf83b025,豐原toyota_豐原toyota,其他
63aa1b2e-a0e3-429d-8d53-ff9986d77695,豐原三民郵局_豐原三民郵局,其他
98578e64-0196-4f62-91d7-00d943686ad4,豐原中原獅子會_豐原中原獅子會,其他
b0aab8df-e7a0-48bc-9edb-776da87529f0,豐原區中陽里服務處_豐原區中陽里服務處,其他
872e889e-7a9d-4d7b-a001-8ad61b367235,豐原區匯豐汽車_邱聖硯,其他
5cd6fb09-52dc-4e5a-aee8-f0c5ad23c01e,豐原區東勢里服務處_豐原區東勢里服務處,其他
50e1d749-a169-4e6a-8e28-76a34afb55b6,豐原南興宮_豐原南興宮,其他
0d7f3231-f8ad-47f1-8e3c-c7e9d957ae8b,豐原國際獅子會_豐原國際獅子會,其他
13447dd9-4d0b-4064-92d9-17a8bcfaff7f,豐原城隍廟_豐原城隍廟,其他
f508e212-a71f-4704-8b30-f413aed9aa71,豐原富春里服務處_豐原富春里服務處,其他
ab54b1ed-0cae-445f-9fe3-2f1d7874dfc1,豐原廖先生_豐原廖先生,其他
e1ba5ef7-e7fd-410e-8d27-2c80393f0744,豐原廣福宮_豐原廣福宮,其他
ffeefc6a-feb2-43ba-90e1-4fc2bb7c1a5b,豐原張小姐_豐原張小姐,其他
c49765de-ced0-4c81-ab74-1dfb29153ff1,豐原徐原益_豐原徐原益,其他
522bbb81-2048-4d31-8312-f9ab605cff31,豐原慈安宮_豐原慈安宮,其他
16528e73-889a-4cb2-a21c-b1f3714ed1ef,豐原慈惠堂_豐原慈惠堂,其他
80fe6065-76d3-4786-9848-73adbd3ed584,豐原慈濟城隍廟_豐原慈濟城隍廟,其他
5d7985cc-ea33-4fb6-a66e-54e13489ea5e,豐原慈濟宮_豐原慈濟宮,其他
8a308273-2219-452c-886a-95c6327580b4,豐原扶輪社_豐原扶輪社,其他
1cc5a8cd-1652-4263-ab97-bec51e518d3c,豐原日間照顧中心_豐原日間照顧中心,其他
612ed0c2-e794-47f4-aba1-332b1d55bf61,豐原東區扶輪社_豐原東區扶輪社,其他
a211f507-3174-42c4-8fc5-e9f985c40f70,豐原林文正_豐原林文正,其他
e347982c-c123-4470-86bd-eaedc15d5da7,豐原監理站_豐原監理站,其他
99e21cd2-f7b4-468a-8c1b-1418d4b6fa22,豐原福德宮_豐原福德宮,其他
a026e6e5-a01b-48b8-a4e1-7315d91fe3b7,豐原自購林先生_豐原自購林先生,其他
ba17176a-c5c0-4315-a32d-6f56f79d2c6a,豐原葫蘆里服務處_豐原葫蘆里服務處,其他
334c576b-8276-47a7-9369-f2c63f01c0f6,豐原車站_豐原車站,其他
ff378db8-b0d1-42e2-a797-57e61477593e,豐原青商會_豐原青商會,其他
e74bfe14-d5a0-4e00-bd71-25a447b60327,豐均租賃_豐均租賃,其他
ba336d22-98aa-4c78-8d2c-35c9b1409e2b,豐樂公園_豐樂公園,其他
11f53a00-62d4-458c-b939-7b406252e541,轉向椅吳黃平_吳黃平,其他
2bde48c7-ec6d-47f5-8a88-534b9ad3a84d,醫生伯的家_醫生伯的家,其他
b1a64749-19fb-45b8-89cc-b3ef11b92512,鎮南宮_鎮南宮,其他
0839c858-8ed2-463e-89ac-3968a22326de,鎮安宮-彰化_鎮安宮-彰化,其他
162bf60f-126b-4269-a016-418f0c1717d8,鎮安宮-雲林_鎮安宮-雲林,其他
57eff0a9-b324-4c1f-9ad8-763d661b7d11,鎮撫宮_鎮撫宮,其他
e707b108-e390-4faf-aae9-35ca9567481e,鎮清宮_鎮清宮,其他
3f31c8a1-cdcc-4bd5-8937-a18cfc5d75d2,鎮瀾宮_鎮瀾宮,其他
966261df-9b4b-41d1-95c5-be466542f12c,鎮轅境_鎮轅境,其他
507c92d5-103a-4a0b-ba41-d8fe5658777e,雙和青商會_雙和青商會,其他
febbcad5-4a96-43c4-89d1-99f03f205dac,雙慈亭_雙慈亭,其他
f2fbf1fa-b239-47a2-9603-1a1bef23a21c,雙生土地公廟_雙生土地公廟,其他
677d7cfb-f020-451d-9099-c9335108ddc0,雙福福德祠_雙福福德祠,其他
a411500e-c36c-400d-b7e1-49b9fa916195,雙連新莊_雙連新莊,其他
ba03fdec-4767-4cb0-ad3a-ec0c420d3acd,雞籠山青商會_雞籠山青商會,其他
78d5892d-c8d8-4045-adfe-d90a8a21ff5a,顏光標_顏光標,其他
c572d8f1-2c64-41f6-a5e4-5478ce2c65bd,顏莉敏副議長服務處_顏莉敏副議長服務處,其他
fdf873c1-b05d-471b-99c2-631a2dc7605b,顏重光_顏重光,其他
b6deb156-8566-4d0b-a38f-d2137cc074ef,魏愛倫學苑(失智型)_魏愛倫學苑(失智型),其他
d58244a9-2524-40a6-be61-bbae1c327861,懷仁許光彥._懷仁,其他
86f5a8b3-bced-4a32-aa8f-0c8489f90609,爆米發彩卷行_爆米發彩卷行,其他
48a82c63-d17e-488f-8939-5cbd8927a911,羅世英_羅世英,其他
38d539fc-20b9-4606-833a-35f97d411757,羅振燁_羅振燁,其他
048af5a7-15ae-4f59-8126-a95fa4d08338,羅東青商會_羅東青商會,其他
b1333ab0-e1a1-4b2a-9e3b-a5ba717e4d37,羅永明_羅永明,其他
a42e4dc4-cb7e-4e61-b948-2336de9e6139,羅永珍議員服務處_羅永珍議員服務處,其他
e465f6e0-ef18-4146-b506-10576aa8c105,藝文創作工會_何冠品,其他
033c6163-985c-4339-a815-e6c37ece3931,藥皇廟_藥皇廟,其他
f7097f08-04dd-49d2-8104-b0c29e71ab8c,證卷公司_元大證券,其他
ffca4dbb-a494-4f3d-934f-95fcb386c7b1,關山老人日間照顧中心_關山老人日間照顧中心,其他
a8f02969-00a0-4db5-b592-e6977a78661a,關帝廟_關帝廟,其他
c07f738a-cfe3-4acb-8f2e-35078116702f,關帝殿_關帝殿,其他
881986fa-a0d2-49b9-89d5-3e825f8aafdd,關廟山西宮_關廟山西宮,其他
7fde60c3-6f68-4b4e-8efe-60b516f27864,關渡宮_關渡宮,其他
5699d2dd-303b-4032-8a3f-48e69d5612d5,關秀琴_關,其他
c140d440-e16e-4d9a-841d-7a548c3f8de1,關秀葉_關秀葉,其他
edd22a30-5cc8-4aeb-aa85-a362f019f5f5,霧峰南天宮_霧峰南天宮,其他
8f3929b2-d47d-4930-a2a9-7b497c144843,霧峰日間照顧中心_霧峰日間照顧中心,其他
ed1b2343-bf13-4a80-977a-4dc95e6f87ce,霧峰獅子會_霧峰獅子會,其他
9082c7c2-5633-4d49-962c-91b402aacb3d,霧峰蕭淑貞小姐_蕭淑貞,其他
cea9e7e1-4c08-472e-aaa0-48dd7dd71c84,霧峰青商會_霧峰青商會,其他
0678493b-4cc3-408a-9f46-7dcd521e0631,韻達車體_韻達車體,其他
3d54173c-f496-46b7-93c2-66ad4ef9e913,麗堤民宿-連江_麗提民宿,其他
3e769107-d874-4daf-b788-3920149b674d,麗池國賓大樓_劉副主委,其他
b5ff780c-6aba-4d0f-bec8-0754830dbae5,麗缇汽旅_麗缇汽旅,其他
1b3de988-69a6-4530-aa07-eec45b0db994,嚴忠豪_嚴忠豪,其他
bdfa8649-eba9-4ac5-b48c-16d157891976,寶山金鎮學堂_寶山金鎮學堂,其他
021af4cf-6c34-4598-834d-096b848a0bef,寶明寺_寶明寺,其他
e6176aca-8899-45fd-b3ed-7db02acc73e5,寶湖宮地母廟_寶湖宮地母廟,其他
44fe56e6-aab6-464a-b504-859f02dfc903,寶群銀罰_寶群,其他
b71cd3ce-5603-4374-ac45-acf8cce77818,寶藏寺_寶藏寺,其他
32deb8e5-9282-46da-bf11-b17ecaea2b4f,寶藏巖_寶藏巖,其他
4107b338-e15a-4c39-ac8b-8b3a61b7f8cb,耀億工業_耀億工業,其他
60fb5c2d-1c7e-4e41-8690-9af5515106dd,耀展隔熱紙_耀展,其他
a9f86912-70bd-4f0b-8fbe-06be25f0f79f,蘆洲湧蓮寺_蘆洲湧蓮寺,其他
348a211b-8c1f-4e09-a2a5-f25b6ba21386,蘆洲福安宮_蘆洲福安宮,其他
6042f368-0a52-4224-bdce-68c1ee3b7f6d,蘆洲青商會_蘆洲青商會,其他
3628e001-1baa-482f-a08b-80cfa2dcd7d0,蘇文仁_蘇文仁,其他
267e9b6f-1bed-4d1e-b4ff-15b4f4aa5aba,蘇明德_蘇明德,其他
7593df08-f7e5-43c8-9236-64ec32a5cc49,蘇柏興議員服務處_蘇柏興議員服務處,其他
8948fd76-dddf-4e97-8ef7-67c2261eed12,蘇榮彬_蘇榮彬,其他
7c6c7b17-585b-4a3b-9de4-b6597c69d1b8,蘇澳港青商會_蘇澳港青商會,其他
d1408df0-fab6-4454-bdc9-257797484831,蘇鈺淇_蘇鈺淇,其他
29d6ca30-3fc9-4b02-b10f-b6425e9487b5,覺修宮_覺修宮,其他
22002856-33ef-45d8-a499-99471df384db,鐘原星_鐘,其他
8a48af62-a7c5-47cf-aaff-579f6311e5d6,鐘原星_鐘,其他
6ef5961a-491f-4862-a695-966583b47f6e,馨梅園(失智型)_馨梅園(失智型),其他
8cc86c9e-ad33-4db8-979b-7d454b3e21a3,馨盛_馨盛,其他
335fd29b-5ee9-40ef-8a19-85ca5149964f,馨盛後龍_馨盛汽車,其他
0a20ba18-378c-4bb2-bfed-316d2c5b2743,馨盛汽車_馨盛汽車,其他
38df3a8a-bfad-4894-9ab7-c042ae8b6e08,蘭 日照中心_蘭 日照中心,其他
e2a245a3-d0c8-4ddd-858c-00aa318e1bae,蘭湖日間照顧中心_蘭湖日間照顧中心,其他
e006a815-f2de-4cd3-ab02-7329f9ec44f2,蘭陽仁愛之家_蘭陽仁愛之家,其他
d201b50c-758d-462b-8bda-9839d8f312af,蘭馨李雪貞_李雪貞,其他
3c0bfaa2-80d1-4cc7-a13a-90a140e4ad1f,護山宮_三重,其他
e8b22fd4-599c-454a-9d8e-9be446c34403,護山宮_護山宮,其他
fc34d314-543e-49cb-aafb-0530881bd878,鐵道大飯店_鐵道大飯店,其他
9ebb861f-f9eb-4b72-9652-64e0f04b0d33,鐵道飯店_鐵道飯店,其他
8e55ab4e-4f42-4763-a632-fd474b9be94e,霹靂宮_霹靂宮,其他
e8300cf8-9e62-4456-a84e-1d4ad6d8ae4b,露德家園日間照顧中心_露德家園日間照顧中心,其他
91ef1de7-33d8-4c25-92ec-f24a38a60425,鶯歌大湖公共托老中心_鶯歌大湖公共托老中心,其他
a869123b-0216-4445-83d2-2168c47f4c69,鶯歌青商會_鶯歌青商會,其他
a82b605e-57eb-48b3-9857-6647e4a6921e,懿節環保貨櫃工廠_懿節環保貨櫃工廠,其他
af3c9b4c-fb6c-43cb-938b-78222bf29a0e,靈泉禪寺_靈泉禪寺,其他
20813af9-95e7-4d3a-8420-03c81ffa3f4a,鹽埕三山國王廟_鹽埕三山國王廟,其他
8e1c28c6-8a7e-473f-ba57-9bcd7d41bdc3,觀音村_觀音村,其他
e2393054-3562-4af2-ac6a-4a38c18ecf66,芎林日照中心_芎林日照中心,其他
df760c03-1aaa-4ab2-8622-52b4a25c0e45,晟泰科技_晟泰科技,其他
7fac460d-5d90-46d1-a718-ce7dfb156ac9,晟泰科技_晟泰科技,其他
5feea7be-fbf2-4415-a5f2-1a4e4eca5dea,晟泰科技_晟泰科技,其他
6e7a5803-afb4-4a33-8f02-f34d1b599138,晟鈦科技_晟鈦科技,其他
6ce99e19-01a4-433b-a49f-ae845286bb61,莿桐青商會_莿桐青商會,其他
11d8c1d0-14df-4f78-9ad5-7cc68ecd6899,葳群芳苑日照_葳群芳苑日照,其他
551497ab-679b-4d5a-98ed-dd74d8560361,墘埤福德宮_墘埤福德宮,其他
68b26fe7-0ba3-4ca0-bbb1-7296748d68a5,鑫三泰_鑫三泰,其他
b2b24e3e-8933-4f6f-865b-e108e394c80c,00_維修起始點_台南鐵道,其他
28b151a4-b036-45be-ad13-64bc9056679a,00_維修起始點_彰化,其他
1b570fcb-0761-4506-8315-86151470a787,彰化_彰化,其他
058bc532-0cf5-4fa3-a036-57200c35aada,00維修離島_澎湖伊甸,其他
4bc4d572-3cdd-4c3a-bb1c-84fe7fcda965,00維修離島_澎湖四季常照,其他
9c38a944-5a1b-40a0-a658-1a8f35b40190,00維修離島_社團法人澎湖照顧服務協會,其他
8f2b5ddb-593f-460f-92c3-77a03d6eddee,00維修離島_社團法人澎湖縣社會扶助關懷協會,其他
6babca0d-6498-4ce2-b2d1-41927a2fae14,00維修離島_財團法人平安社會福利慈善事業基金會,其他
010fc809-5929-4f14-8964-fbd0cfac8d0e,7-11永明店_7-11永明店,其他
fb5f257c-87c3-4c4e-9886-88c13479816c,7-ELEVEN 國和門市_7-ELEVEN 國和門市,其他
25be9f64-e620-4d5c-b61b-ff9b2d6362c1,HINO/TOYOTA商用車台北營業處_HINO/TOYOTA商用車台北營業處,其他
3b1f29bc-69f0-44da-8c4b-735ae51d9c99,HYUNDAI-基隆服務廠_HYUNDAI-基隆服務廠,其他
5a06ea89-6e7e-491d-9ad2-65360c7fdbd1,Life Vantage_Life Vantage,其他
5f0856a6-ff7b-4199-a4c8-a0faaa53e8ed,Mega50宴會廳_Mega50宴會廳,其他
2a7fb865-bc5a-4e77-b8cc-94272157ff24,TOYOTA 八堵營業所_TOYOTA 八堵營業所,其他
911bc23f-dff1-4bdb-b317-68ee49881035,TOYOTA 大武崙服務廠_TOYOTA 大武崙服務廠,其他
34e7368b-459e-49ab-aa93-38ba45c60557,TOYOTA 楊梅營業所_TOYOTA 楊梅營業所,其他
9ddc033f-27df-4895-ae90-706d057830af,TOYOTA 竹北所_TOYOTA 竹北所,其他
7dc2402a-6370-4d4e-bb82-62e412ea7e41,TOYOTA 羅東_TOYOTA 羅東,其他
19bd6e8d-80f7-4725-a334-41849aafca69,TOYOTA中壢營業所_TOYOTA中壢營業所,其他
10fb9cf5-528f-4cc0-9b8e-bd31072b466d,Toyota內湖_Toyota內湖,其他
22d056c4-b5cc-4c7d-8969-8b2c028daaf1,TOYOTA台北濱江所_TOYOTA台北濱江所,其他
855b1ab7-f6e3-4a77-ba6e-f2c327296d3a,TOYOTA土城_TOYOTA土城,其他
77bbb3ec-2615-4931-a954-5378ffafc703,TOYOTA土城營業所_TOYOTA土城營業所,其他
b75e9724-41fc-4fc4-9f02-5bb5b1cd9257,TOYOTA土城營業所_TOYOTA土城營業所,其他
023cdde3-d91e-4da7-95c1-82d444831ac2,Toyota朴子營業所_Toyota朴子營業所,其他
66297898-66b4-4a62-8117-ae01ae313bbc,TOYOTA濱江營業所_TOYOTA濱江營業所,其他
79c0bfa3-d137-4076-9167-4fd740f432da,TOYOTA濱江營業所_TOYOTA濱江營業所,其他
bdb81e66-3061-44cc-b682-9f8b5f2b3f8f,Toyota花蓮_Toyota花蓮,其他
cb75cdc0-171e-4a71-ac0a-c19848db19cb,TOYOTA花蓮所_TOYOTA花蓮所,其他
94b7cc0d-006b-4c52-a50c-342313173bbf,Toyota蘆洲所_TOYOTA蘆洲所,其他
e5e1a071-9b98-4357-b0de-939828965868,VSCC_VSCC,其他
f939306b-e6d0-491b-8bda-98df5885c209,Yun hotel_Yun hotel,其他
d9aba00d-85b4-4921-b81d-10a2d7c82fcd,一嵩_一嵩,其他
10624be2-3f18-4dec-8274-fbf174c5979a,丁小姐_丁小姐,其他
a33fe82e-6ac7-40b8-857f-59b1124ed5dd,八德殘障教養院_八德殘障教養院,其他
1f6125e4-ba39-4a02-b1f6-4d082119ab2d,三商巧福-敦北_三商巧福-敦北,其他
5cb5021b-72d1-463f-8feb-553731b57fb5,三峽佳醫公共拖老中心_三峽佳醫公共拖老中心,其他
5334d5cf-24a6-40c9-ac32-5cc3fd56dc73,于育萍_于育萍,其他
bfa765d8-06cf-4b52-9903-5053ed7e3702,千鶴汽車百貨行_千鶴汽車百貨行,其他
cb2ebf7c-4105-4f42-944e-40643673225a,土城滙豐汽車_土城滙豐汽車,其他
1a3e13ad-82f1-4d7f-95a8-c7688c1f24cf,大倉久和飯店_大倉久和飯店,其他
568dabfe-5746-46d1-bbe0-175035a0a7fe,大學_台北藝術大學,其他
543a3666-2816-4c6a-9c7b-a8b7cb527374,大格彩色印刷_大格彩色印刷,其他
05d710e9-405f-4920-9302-87ad1b1c98f6,大義車體廠 旅行家_大義車體廠 旅行家,其他
5fac5563-b0a2-4905-94cb-5d07ce1cbf58,大都會-松德_大都會-松德,其他
81989c9f-b47f-46be-87f9-c355c756fa9f,大都會-蘆洲_大都會-蘆洲,其他
38e2e2b0-93e6-4e0b-9b48-274f74515370,大都會車隊_大都會車隊,其他
b684b15e-a5c5-4163-b4da-d14968cc8a73,大里 青松_大里 青松,其他
0678e6c2-2522-4aee-8942-27002a12a654,大雅 健德老人_大雅 健德老人,其他
4a2d0331-076d-47e0-b090-ca37f1007a10,小叮噹科學園區_小叮噹科學園區,其他
657be405-6103-4182-b320-b22cdbf729e1,中國醫 本院_中國醫 本院,其他
816b7294-992a-43fd-a643-566360e18a72,中港轉運站_中港轉運站,其他
5efd5a5c-b73d-4eaf-9bbd-ab7954a3ad28,中租租賃公司_中租租賃公司,其他
9d1a447e-b2fb-42c9-a8e4-def1fb1d5bad,中租迪和總公司_中租迪和總公司,其他
1a508f3f-4265-4457-888e-565e9a964821,內湖王先生_內湖王先生,其他
53a2ddf9-1b35-49bc-8422-13423f771174,友全汽車_友全汽車,其他
07951605-d91e-4ad5-870b-18a207a847b4,天恩幼稚園_天恩幼稚園,其他
e8b8d206-966a-49ab-9cf0-313390280a2c,木柵動物園_木柵動物園,其他
ff360f5d-58e5-42b6-8e77-511f2df2dea8,王先生_王先生,其他
242b2e72-368b-4831-948e-7846339a2933,王先生_王先生,其他
05048680-423f-4f35-86c4-38628493c90b,王宥鈞_王宥鈞,其他
9b9e867c-26f8-4064-bdf7-2aed7127316a,王逸民_王逸民,其他
6b1d0a85-394d-4149-ba53-eeab837c8975,世豪-內湖_世豪-內湖,其他
41015744-96ef-4ae1-a192-e99ae3bb23ad,世豪小客車-台北_世豪小客車-台北,其他
ffef7f49-9d62-4481-9358-823f3d2f5d0e,世豪通運-天母_世豪通運-天母,其他
2f054ccd-6801-49f3-82f8-029cd65afb89,世豪通運-萬芳_世豪通運-萬芳,其他
aec806b2-3462-49cc-aad5-66bd535cf1e4,主恩復康巴士_主恩復康巴士,其他
d329dc89-9cf7-4171-8519-70883bb31b4f,北區 輔順仁愛之家_北區 輔順仁愛之家,其他
57ab364d-52b3-4cbb-b578-e8d8587d2a12,北回歸線太陽館_北回歸線太陽館,其他
685599ba-15a4-4744-8cc6-76dcfc18f2b2,北屯區 家安社區關懷_北屯區 家安社區關懷,其他
d0034ccc-7217-4bfe-b31d-8fa582367134,北投福斯原廠_北投福斯原廠,其他
df007ac9-acb0-426b-b873-e6f0bcbc1139,台中 南屯 萬和宮_台中 南屯 萬和宮,其他
a6321154-8889-48e6-b685-3ef8222ac060,台中 東區 南天宮_台中 東區 南天宮,其他
f7d63f99-1363-4224-aee7-1ae6e386f5a6,台中 龍井 永順宮_台中 龍井 永順宮,其他
978b87c5-2fe3-49dc-adc7-622e5e477488,台中一區_台中一區,其他
4ce4db17-57d8-493f-8b8c-870035f46fc7,台中三區_台中三區,其他
5889a234-9e91-4447-ac1f-237e970bf74a,台中四區_台中四區,其他
a3364a5e-34ea-4972-a028-1bca19240b05,台中國光_台中國光,其他
b26bad90-b6e1-4f91-bcc3-10ce265c574d,台中國際展覽館_台中國際展覽館,其他
03e72434-6493-49d0-8caf-1435f8258f11,台中富泰旅運_台中富泰旅運,其他
66ca27e7-1e31-400b-a18b-82bd32a6c813,台中希望之家_台中希望之家,其他
7463374f-30c5-4a31-8aab-5f8020db691e,台中希望家園_台中希望家園,其他
255054d1-8bc9-4266-bb5f-6cde6ad620eb,台中林瑞富_台中林瑞富,其他
9e2cc254-e379-4d11-b7a9-e375e2db2c7a,台中樂格適_台中樂格適,其他
f9e8765f-3390-44b0-8c57-9cf678052374,台中永和_台中永和,其他
e755de3a-9a6d-4fd9-94d5-2465a1bfe97c,台中港中區扶輪社_台中港中區扶輪社,其他
1ab99119-7469-4713-988d-899658a84055,台中溫先生_台中溫先生,其他
37e291a8-b86a-4a1b-bcce-3584bd47dcd6,台中青松護理_台中青松護理,其他
00a28dc1-d136-43cd-8746-0c601726eabb,台北世貿一館_台北世貿一館,其他
f79f6ba3-9e6b-4ac3-a81b-dcc75a2d1060,台北大學_台北大學,其他
b7988c76-9221-4ff6-b930-4db2b5a7e8eb,台北市合宜輔具中心_台北市合宜輔具中心,其他
017f3291-7459-4b39-b292-9fe7aea006c1,台南ymca_台南ymca,其他
568c6274-d050-4c4f-9a2e-2a60541bdf25,台南佳里榮家_台南佳里榮家,其他
c4068884-ed32-4963-8e7d-c87c53ce419f,台南修女會_台南修女會,其他
f993bfd2-7e18-4709-8576-71fedefa577c,台南學甲老人_台南學甲老人,其他
1ce2aa8d-8d62-4418-9fed-c24c1c1ac1eb,台南容愛日照_台南容愛日照,其他
c4c7287a-642d-4b59-896d-b7255807d664,台南康寧_台南康寧,其他
c53b47b8-ba54-4dcc-b769-835787549fb8,台南日照_五間厝日照中心,其他
1e694838-9828-4211-9321-1ca6c82ec3ee,台南日照_仁德日間照顧中心,其他
a2bd3108-bdc2-4d28-9b4e-49e345e43897,台南日照_東區日間照護,其他
40a00367-b28d-4740-88e1-aec3d1a8666e,台南日照_將軍社區日間照顧中心,其他
cf98f1de-3040-4034-813b-b29222f84bbe,台南日照_德頂日照中心,其他
9b580fff-5fb5-4071-a8c8-0acf8f664e83,台南榮家_台南榮家,其他
b25fdb6e-aff3-4067-9bc6-45fb7d9bfb47,台南眾在_台南眾在,其他
1f7f7cc0-84f2-4ba7-be08-4fec45e2aa19,台南美善_台南美善,其他
78e23ef1-dc27-457d-afa7-faec0baa9173,台南老吾老_台南老吾老,其他
0d463bcd-9a4e-49e4-bda6-bc4ffb6dc03b,台南華仁日間_台南華仁日間,其他
bc26b54c-7041-48b3-8290-9fb65b8bf326,台南葉玫香_台南葉玫香,其他
04902bf5-7597-440d-9da0-8d1608446214,台南重安_台南重安,其他
21f556af-e520-4eaa-9dfc-759e42cb709e,台東 一粒麥_台東 一粒麥,其他
49fc9586-1d68-49c4-97a0-9eabdebe42c7,台灣優質生命_台灣優質生命,其他
2c1e5e61-917b-4bf2-b121-364d6460725d,台灣航業_台華輪,其他
0a589970-7cee-4c3b-bb9d-470a1099db43,台灣觀光巴士_台灣觀光巴士,其他
f01dd6b1-7617-4b9b-88d0-9da58beda8c1,四季租賃_四季租賃,其他
b107d635-978e-4e65-bc32-9ed89cb49f42,幼安教養院_幼安教養院,其他
83e0fee4-1c3b-4c08-8e8f-34a9e4823258,永立汽車百貨_永立汽車百貨,其他
5f798c4a-5954-47e8-8908-7ea4502abbbc,玉峰計程儀器行_玉峰計程儀器行,其他
02ead018-fd52-4828-95f0-4596eb20e567,田園老人_田園老人,其他
7b4ecc05-38d2-4eeb-8f39-9344b52b953a,白永恩_白永恩,其他
3624621a-0138-43a3-ad52-367044310f36,交通部_交通部,其他
54ac8113-7403-4814-a2cb-0b9990856430,先進光源_先進光源,其他
2b9275ee-515d-4790-85a2-f7486ced6519,全翔_全翔,其他
4f6776fc-3db4-4381-987e-aaa0273f67b4,全豪小客車_全豪小客車,其他
fc7b12b8-6e4d-467a-9d27-671e4cb806da,匠愛家園_匠愛家園,其他
7b95cb2c-41e1-495e-b8f0-7108f30013c1,多扶_多扶,其他
5c048fec-4702-4eda-9df7-f24cd2703097,好客來_好客來,其他
4c462285-359d-4c0e-a3a9-1c201161e7ae,安德啟智中心_安德啟智中心,其他
8db3b2fe-026c-46b8-837d-e20e1acd42bd,江儀興_江儀興,其他
5a1d831b-fe07-4496-bd7a-19995ddb9de5,江明慧_江明慧,其他
e091f7fb-6d0c-4049-a904-e3341e4feaa0,汐止建凝宮_汐止建凝宮,其他
331fe4af-a8a4-46a4-8b9c-00aa9d3d3c9e,汎達交通_汎達交通,其他
0e6138a6-79a0-458c-b0bc-98803eb94559,竹東國中_竹東國中,其他
76135c2a-7253-46aa-bcda-32c7259400e7,老吾老-新竹_老吾老-新竹,其他
b719aab1-df23-4858-8c7c-40d15de49802,老爺行旅_老爺行旅,其他
76c4e694-8f0b-4d14-8574-e199a0dde17b,行修宮_行修宮,其他
c10b23e8-f72f-4866-be51-6ba1c3a24835,西堤-新莊_西堤-新莊,其他
23dbb44a-9546-4622-8840-107b99f85265,何正智_何正智,其他
fcef7b99-b9c6-4775-a454-86f0ff093bc4,伯大尼_伯大尼,其他
4019216c-d1c7-4817-886a-4b02e06b70c0,吳佩盈_吳佩盈,其他
8e6a20f4-0346-4912-b4b9-ce7491211418,吳定峰_吳定峰,其他
0484c370-d846-47d8-82b6-23637c0c76fd,吳秘書_吳秘書,其他
62ed0148-668d-43d1-8ef2-c369216a1985,吳麗琴_吳麗親,其他
e74cf757-cf6a-467b-81c6-e8966b4aded4,孝親園_孝親園,其他
0c1832c2-525a-46ad-8072-d4809691b44d,宏偉租車_宏偉租車,其他
47379df1-065d-43e8-92e2-da3796c294fe,宏棟_宏棟,其他
3a5c7755-7b16-4ab4-894b-1afea54ef889,沙鹿 三山國王 保安宮_沙鹿 三山國王 保安宮,其他
32cfc37e-449f-4c5c-b150-d7345dafda97,沙鹿 朝興宮_沙鹿 朝興宮,其他
d9612683-9fc8-45ea-b547-3f16bd478b26,沙鹿 玉皇殿_沙鹿 玉皇殿,其他
3b3c8526-1b6e-44cc-8587-91ecc432c7d2,汽車美容_CG車體鍍膜,其他
79de4be3-db9e-4e14-8821-8eb786d25f05,汽車美容_CH車體鍍膜,其他
bdfcdce8-79db-4269-97fb-27f66b63d826,秀水 寶贊老人_秀水 寶贊老人,其他
27e1cf17-4af4-413f-a0fa-48a007165cbc,秀水 賜福老人_秀水 賜福老人,其他
109fb397-2171-4a00-ad50-b0e91b5ddd03,育成-中和_育成-中和,其他
089a2c9e-a49e-48b3-889f-912de1f052ea,育成-五股_育成-五股,其他
8ff15771-ad92-4cbe-ba60-1825a27a2d5a,育成-樹林_育成-樹林,其他
e15bbcc0-102e-4323-a939-8413aaac221a,育成-淡水_育成-淡水,其他
c38f3b7f-546c-4417-a84c-86fb6b89916f,亞士通電工_亞士通電工,其他
649bb250-b202-471d-a27d-f71209752e9e,京喜旅遊_京喜旅遊,其他
c505e978-b80b-454d-9408-4b96aa693210,京華城_京華城,其他
c7cd1339-286a-4513-b1ee-011b7e0f369c,來電客戶_來電客戶,其他
c212ba4f-145e-4075-bd46-1bc0ae1480a9,來電客戶_和運租車,其他
3e5302c2-2063-44f4-9d81-0546860bc745,來電客戶_金門縣衛生局,其他
6370429a-3794-468f-95ab-d4bc29ffead2,來電客戶_洪先生,其他
3c28f955-ed38-4938-97f0-e52349dec740,來電客戶_劉欣憶,其他
b3f403c3-1856-4e6a-8f0d-bc1d80bc9e6c,來電客戶_潘先生,其他
480a1f85-3690-4a4f-8f02-3059db762e7a,卓越幸福行道會_卓越幸福行道會,其他
845d6fd3-3046-47e1-9967-92b2f70dea01,和泰丹鳳_和泰丹鳳,其他
43820c1e-cec5-499e-b454-a4dc258cc722,和美 和慷老人_和美 和慷老人,其他
c05d0b2f-85ab-4311-a0ed-196933f01490,和美 大眾老人_和美 大眾老人,其他
b060715d-03b8-4ca6-a075-6680bf6c1da0,和記大樓常小姐_和記大樓常小姐,其他
bd0a048f-d562-4462-8ac5-3422771b4636,宗承福斯_福斯展示廠,其他
1d4d9101-8ecc-40b1-8293-3d2fde80d450,宜蘭-伊甸_宜蘭-伊甸,其他
e116a82a-b4a3-428b-9be5-d6b94ff5f39c,宜蘭-聖嘉民_宜蘭-聖嘉民,其他
5f4bd3eb-c5eb-4fd2-8c25-55a6cef0cf8d,宜蘭長青老人_宜蘭長青老人,其他
855fdd07-61f1-4e3a-891d-4ecebda6dedf,東區 秀老郎_東區 秀老郎,其他
828415ee-a14c-40ab-99ef-d62d560ac084,東區 綠生活_東區 綠生活,其他
8bbfc48a-d816-4743-b461-d331dfa5de98,東區老人之家_東區老人之家,其他
dbf07cd2-104e-42ef-8b53-bcb261e8e654,林口福特營業所_林口福特營業所,其他
15220bc6-3565-4f8f-b5f9-f519343f9e48,林沐樺_林沐樺,其他
645316d8-7dff-40dd-86ef-71430d8df5cf,林素梅_林素梅,其他
caa56fc3-fdac-4ff1-bfe3-530e2c349864,直樓椅-陳明同_直樓椅-陳明同,其他
b28d795a-47c1-4957-83fb-6028bf393493,芬園 愛如心_芬園 愛如心,其他
4619a36e-b0d5-4415-90e8-e03682830c37,芬園 芬園老人_芬園 芬園老人,其他
ca4628cd-c8dc-4069-bd5e-6120512ab3ec,金特汽車_金特汽車,其他
f5ee3724-9161-444f-bdb1-260718627964,長春長期照顧中心_長春長期照顧中心,其他
e7366584-715b-4d53-aa89-f66228c976c0,長生老人_長生老人,其他
c10181ee-be17-44eb-aa4e-360d37fe29c6,阿羅哈_阿羅哈,其他
5328245a-a68a-4b64-b18d-1b37427e665e,南區 仁和_南區 仁和,其他
bd006d5e-ce08-4234-89ae-0c9c6621c92c,南區 祥和_南區 祥和,其他
1fd9ce83-4a3f-4715-98f3-0e79100c990b,南投 愚人之友_南投 愚人之友,其他
16ff507c-7973-4016-a846-9e51202d6ba9,南投 社會局_南投 社會局,其他
83069442-3d84-44ea-aa53-a10e05e7197c,南投 私立 仁愛之家_南投 私立 仁愛之家,其他
2c0e4fec-afb7-4e5b-8145-ebef214c417e,南投YMCA_南投YMCA,其他
5cc75ad1-7a68-4631-b0bd-d2dc434528cf,南投家庭照顧_南投家庭照顧,其他
54322ca3-6479-4c6c-a9c2-508bca21a72a,南投生活重建_南投生活重建,其他
91816765-f722-4017-83a5-9e32ad6c6582,南港車站_南港車站,其他
8f11a27d-57d4-4747-b545-c8eeb859196b,屏東中華展望_屏東中華展望,其他
77b5741d-9cd4-49e6-9a66-c395ccce161d,屏東南區老人_屏東南區老人,其他
ea555cc6-eedc-4a76-b0d7-a5ac1de68f14,屏東市永大路70號_張惠萍,其他
34913f6a-79c1-4f03-a0b1-9be2b4671764,屏東明正國中_屏東明正國中,其他
3a7b058d-e172-4a91-b1f5-05d0138b22fd,屏東柯小姐_屏東柯小姐,其他
40e3d48d-327b-423f-b58f-379cb31e9fa1,屏東琉璃光_屏東琉璃光,其他
2d34436c-d5d9-4d7a-bafa-36362990cad9,屏東畢嘉士_屏東畢嘉士,其他
fa8aa254-765d-410b-b621-f48068b879dd,屏東翊莘居家_屏東翊莘居家,其他
3de7a5bf-3cf3-492e-8b16-92cd5daa08a7,屏東萬丹_屏東萬丹,其他
054d992d-82f4-400b-97b1-4ffeb34d315b,屏東長青_屏東長青,其他
70a0acc9-d801-4790-b158-35a1dacc39c7,屏東關愛之家_屏東關愛之家,其他
b29207c5-7981-45ee-8aab-f52f291ea593,春申食府_春申食府,其他
8aa49d7d-d4a0-496b-9fde-12ed15b46350,皇冠車隊_皇冠車隊,其他
0111f9bf-712e-4e37-8119-f74e0498d16f,紅蘋果傢俱_紅蘋果傢俱,其他
9c366dd3-2efc-4439-bec2-ec6f82cf8386,苗栗e-go_苗栗e-go,其他
eeadd945-c950-471b-a787-50ac5f3bb9f5,苗栗張先生_苗栗張先生,其他
dab0d4d1-a94a-4dd4-83dc-8a73f8df8c94,苗栗東北扶輪社_苗栗東北扶輪社,其他
3b3ade1b-498e-481b-9250-b6dfd7508840,苗栗海青_苗栗海青,其他
b474ed2b-cd5d-4be5-948d-646d3412a9c5,苗栗馥藝金鬱金香酒店_苗栗馥藝金鬱金香酒店,其他
1ce52f8f-ad15-4e72-9869-8896fb72a76c,英倫交通_英倫交通,其他
15152dbd-c534-441c-b801-7e4ddc4d6bfe,風均租賃_風均租賃,其他
07dc016a-ca71-4add-bb00-c8a164dec35e,倪裕忠_倪裕忠,其他
19d82de5-4e8f-446d-b828-5c2c250df7f2,員林 良安 照護中心_員林 良安 照護中心,其他
7ed76e22-2712-484c-b6af-7b07de2d13a0,展示廠_宗承福斯,其他
601eefaa-980a-46a3-88fc-54bbd45109d7,徐小姐_徐小姐,其他
fb26e975-afda-4495-80b6-83baa118222e,格上租賃_格上租賃,其他
7b0ec376-d61b-450c-8b1c-7d6969018997,桃園TOYOTA_桃園TOYOTA,其他
49a03863-10fe-4d4a-beb2-10f7bd593b11,桃園台聯_桃園台聯,其他
fb5ac2f2-202e-4cc4-979e-23afa6e1cd1e,桃園市身心障礙福利館_桃園市身心障礙福利館,其他
e4951e25-0885-4aae-9efa-718561d1d1cb,桃園社會局復康巴士停車場_桃園社會局復康巴士停車場,其他
9684a0a5-4b3f-419d-a63a-fb528d782de9,海霸王餐廳_海霸王餐廳,其他
3a2f3208-b7f4-44ff-a9ce-4bf443abe335,烤漆廠_七成汽車企業,其他
c366cb78-aa5b-45cb-a5a3-48bdd166d24b,烏日 九德大愛_烏日 九德大愛,其他
cbfa4a5c-5ba1-415f-a547-8e25469c8caf,烏日 享壽 照顧中心_烏日 享壽 照顧中心,其他
ce2cab1e-7340-4ad6-8491-2163036a1f0a,真愛日照-大里_真愛日照-大里,其他
e6bc93d8-6ed6-4836-a0e8-076bb93ed25b,荒野車業_荒野車,其他
f34aad6b-0290-4fea-9791-e0a54ca01961,草屯YMCA_草屯YMCA,其他
da4883da-0b5b-4755-b085-7f479480054c,袁主恩_袁主恩,其他
d4d17dc4-768b-4e5a-9f4b-4589f99916af,財富管理學院_財富管理學院,其他
d0fa0d22-be67-42c4-99b4-999136f95db0,馬仲租賃_馬仲租賃,其他
b0e94241-3922-48a3-8b42-4ba4ea12d8ef,高鐵 和運租車_高鐵 和運租車,其他
e16d4d0b-3d3b-4fd6-8b22-96251b796309,高雄伊甸_高雄伊甸,其他
8d4634ed-499c-4fd3-af94-612996440227,高雄內門日照_高雄內門日照,其他
685def3c-35ef-4db5-86e3-0b421c8b5ef5,高雄劉先生計程車_高雄劉先生計程車,其他
4b4db4a3-ace1-4ca9-b632-13168069d235,高雄晉富_高雄晉富,其他
491ab0d7-4fee-431d-9685-bd38e9623cac,高雄漢神百貨_高雄漢神百貨,其他
14f18aaa-4e03-4f22-a906-acf7a5878fbe,高雄現代王先生_高雄現代王先生,其他
5da1769a-8171-4303-a331-713cb40c5e25,高雄皇冠_高雄皇冠,其他
a4b88d7d-6e5b-4976-a0fa-adc765628f3e,高雄萬泰_高雄萬泰,其他
3d045556-b786-4687-b176-5c7fa800cc40,高雄車站_高雄車站,其他
de29a1f1-d922-430b-b18e-7ac83d8333c2,高雄阮綜合_高雄阮綜合,其他
c2f6ce26-f173-4432-a1c8-2bb4416fc5d1,健安老人_健安老人,其他
65e0c8ef-5c84-4424-85a8-98f0e29efabd,國光-五股_國光-五股,其他
9f88e649-9ebe-4bb7-adec-eab1682a1b32,國光-基隆_國光-基隆,其他
9807cd1f-99fb-4963-973a-9441cded82f7,國光-暖暖_國光-暖暖,其他
c5e1b49b-8ac1-4d11-8dcb-3eb357023da8,國光-香山_國光-香山,其他
37300eac-3479-4e8f-b722-ec1395354452,張獻忠_張獻忠,其他
e2822e95-d3ec-47a5-a2b0-97b93384c5eb,張純鈴_張純鈴,其他
0b1c9b5e-78ae-4852-9e2d-bdb2957405cd,張詩琪_張詩琪,其他
9ca08089-d1fe-472c-9c91-24c2327bfbe1,清福養老院_清福養老院,其他
e4e32683-9a5e-48b3-ae48-d3fb953f2d6d,現代南新竹商用車_現代南新竹商用車,其他
65f2696b-fcf2-419b-9748-b0bf47078efc,現代新竹展示中心_現代新竹展示中心,其他
a198b0ef-2723-4ae7-b035-29b2c849052c,現代花蓮_現代花蓮,其他
85cfd5c0-38f8-4008-9087-2a20c655607c,祥餘國際企業_祥餘國際企業,其他
f4c7b700-d427-46cc-9b7d-e055217aede8,統一東京_統一東京,其他
952153ea-9267-4c75-979d-e64d753df848,統一稻埕門市_統一稻埕門市,其他
fe8203de-65e7-49d3-a8b4-dd34a3110d25,統來_統來,其他
ba6ebc1d-db22-4a07-bb14-2c447de4c2d8,郭吳麗珠基金_郭吳麗珠基金,其他
626dc74c-61bc-4c84-8b67-05c9bf10400f,郭建台_郭建台,其他
50607319-ee09-4850-802b-1f7a71fcdfdc,晴艷廣告社_晴艷廣告社,其他
281bd898-a319-4bbe-a8fb-67b192e6541b,曾先生_曾先生,其他
0b15aafe-9d43-4bcb-8c35-a9b757b81db1,曾文水庫 趣淘慢旅_曾文水庫 趣淘慢旅,其他
9586cff4-3555-49ab-967e-adb167d99f68,曾添富_曾添富,其他
de7dd454-adbc-428f-a7d7-af5985ab358e,善化火車站_善化火車站,其他
8d235f4f-2d79-481d-a48e-cf0766b301cb,華夏科技大學_華夏科技大學,其他
e9275e11-526e-4822-8b7e-7210dc4204bd,集晟家托_集晟家托,其他
c84971f1-f79c-4a78-96ec-e8fe0ae33ef1,雲林安家園_雲林安家園,其他
b58cc6a0-0283-4aa9-96dd-f8cfce83dd28,雲林明德_雲林明德,其他
34d1c070-dcb0-436f-a7fb-e5fdbfe9debc,雲林玫瑰日照_雲林玫瑰日照,其他
b7d8bfde-e701-4399-85d3-5ab06d660e93,雲林監理所_雲林監理所,其他
03e9e42b-1559-48c3-8c36-31d0986b6160,雲林紅十字會_雲林紅十字會,其他
4a14ea19-5d04-4274-88af-535fd3c8a90e,雲林聖心_雲林聖心,其他
66c181ea-5ca6-44f1-ae6e-af19e81b6570,雲林隨緣_雲林隨緣,其他
ab64a8d4-4288-4785-8266-211a8dca0a17,雲林顏先生_雲林顏先生,其他
42ad2765-6e33-43fa-9a2d-28574dfd96e9,黃國昌_黃國昌,其他
79caff7d-134e-4ee9-be98-e743328faf05,匯豐三鶯營業所_匯豐三鶯營業所,其他
f65d76fa-3437-45cd-b114-aaa4b604c49a,匯豐三鶯營業所_匯豐三鶯營業所,其他
b6242e3e-b328-4fc2-986e-3d57a5b65b81,匯豐中和_匯豐中和,其他
0b3b8bd8-fe6e-4897-b05b-1878158344d6,匯豐南崁營業所_匯豐南崁營業所,其他
6d122257-1b57-496b-981b-d09d826cc290,匯豐板橋營業所_匯豐板橋營業所,其他
a20802c5-9f34-4416-a1d1-1854fd0faf77,匯豐板橋營業所_匯豐板橋營業所,其他
cb896461-ca4d-44dd-8f0e-9239e6335ad6,匯豐桃園營業二所_匯豐桃園營業二所,其他
9872c6d2-1dbb-4659-b1cf-243361e2f7f8,匯豐桃園營業二所_匯豐桃園營業二所,其他
bf46669e-c92a-4357-8733-cfc3c3e4de03,匯豐桃園營業二所_匯豐桃園營業二所,其他
63b801a0-e1d3-4e3f-8537-ef645babeb3a,匯豐竹北所_匯豐竹北所,其他
e9dfc506-7dd9-4786-a979-5c2b592e62b5,匯豐羅東所_匯豐羅東所,其他
115bd167-b52e-4c97-812b-4a2b643c3883,匯豐羅東營業所_匯豐羅東營業所,其他
b896f3bb-21e8-4594-8aa3-64206377c643,匯豐羅東營業所_匯豐羅東營業所,其他
5a8eb80d-a883-4874-ab5a-0f99aba55d85,新北育成-新店_新北育成-新店,其他
0de9b693-6e41-4cee-a204-36246f656a8f,新北育成-板橋_新北育成-板橋,其他
257957f3-7415-44ee-9a27-8ddfae10232d,新北育成-泰山_新北育成-泰山,其他
d34e138f-aa2b-480b-9ed2-146a13f48b8d,新竹伊甸_新竹伊甸,其他
5c554dea-4ef6-46ed-92ab-611294881193,新竹醫生柏_新竹醫生柏,其他
c395e57d-a833-4a25-b619-58d67a965ca6,楊媽媽浴缸_楊媽媽浴缸,其他
8f8be485-b5f2-42b9-9bcd-e5cfebb76854,獅子會300B2_300B2,其他
077f920a-5562-4e46-9970-1cfb9d7b4ebe,聖安娜之家_聖安娜之家,其他
eb21dcc7-1ffe-4bea-8e82-d1ae182319cc,葉先生_葉先生,其他
c68266e5-6238-4128-aceb-f2b2468f5d55,嘉義大德_嘉義大德,其他
947d6a03-0a6e-409b-8027-e075411e0b17,嘉義安道_嘉義安道,其他
6240ff24-467d-4dfe-84c0-d5cde05f88b8,嘉義市輔具資源中心_嘉義市輔具資源中心,其他
62fb82d7-f3ca-4fcc-b416-c6783a153966,嘉義弘道_嘉義弘道,其他
e6d8cd53-8b5f-41b1-8e3f-3d49e4dbf12f,嘉義慈濟大林_嘉義慈濟大林,其他
adc101ba-7642-4fc1-96b9-8d8ee84fad8f,嘉義火車站_嘉義火車站,其他
1068db0a-59cb-42f4-9936-6c906530af80,嘉義露德家園_嘉義露德家園,其他
54cf51c7-c766-4d8c-8f7d-fdbc1a66c05f,廖啟智_廖啟智,其他
ee90df88-7dc8-49a2-8a8c-5275f63089d8,廖士豪_廖士豪,其他
c2866f22-c7ba-4343-872f-974f7ae71373,廖惠貞_廖惠貞,其他
d9bfb43f-b44f-4dc2-9c32-b77a8f17079d,彰化 南瑤宮_彰化 南瑤宮,其他
48a238a1-de6d-4816-a7df-4ea9c85b952d,彰化二林蘇_彰化二林蘇,其他
873b7c08-0ceb-4af1-822e-91974a38e72a,彰化國光_彰化國光,其他
896ab083-e858-4e68-a199-a989e6ea0992,彰化市南瑤路 鎮南宮_彰化市南瑤路 鎮南宮,其他
20af55f4-815a-498d-8396-15ea6c2f7a31,彰化慈光_彰化慈光,其他
c2e1580f-5326-438c-9a7f-64da94da279c,彰化慈恩_彰化慈恩,其他
4a8e22e3-64a6-4f45-a501-2d1e249fbec3,彰化慈愛_彰化慈愛,其他
c4a50382-4d2a-4e02-bbc7-a92ae63ce143,彰化珍瑩老人_彰化珍瑩老人,其他
70c96ccb-7159-4a61-8449-2da028866e7d,彰化秀傳_彰化秀傳,其他
b08c99bb-279a-48cd-9a04-f1ca177cde20,彰化聖家_彰化聖家,其他
1b5de521-1af5-45ef-801b-31f1abb2a001,彰化脊髓損傷_彰化脊髓損傷,其他
24c0ff36-cb3e-4c74-81cc-a7386d91c8c5,彰化銀行-永樂分行_彰化銀行-永樂分行,其他
0c413b22-7f17-4603-a0bd-b1742e23dbb6,彰化陳先生_彰化陳先生,其他
0a5f464e-1a64-4a2c-b9c0-680495649bc3,彰化順緣小客車_彰化順緣小客車,其他
56420cef-a1b4-4477-9217-d63d480b02a0,福特五結營業所_福特五結營業所,其他
01af12f6-74fe-48cc-be2d-8bff2713dcdb,福特五結營業所_福特五結營業所,其他
2049b365-6f66-4e7d-ac29-537554081653,福特五結營業所_福特五結營業所,其他
cb970419-ebcb-451b-a385-b13f911532fc,福特八德營業所_福特八德營業所,其他
c595f3dc-d540-4713-a1f3-03bec2af5a42,福特土城營業所_福特土城營業所,其他
e48d4e80-fb37-4e87-bde4-101b775090aa,福特新莊_福特新莊,其他
04fc713e-2a92-48b7-8ec1-1f4d9f61a906,福特林口營業所_福特林口營業所,其他
0342085b-df26-4536-9015-8ba8e38abb24,福特林口營業所_福特林口營業所,其他
9fa41a92-d68c-47b0-86d6-44c0f8b1a92b,福特濱江營業所_福特濱江營業所,其他
730a6b65-5e26-42c3-aa33-8ffe54bcf118,福特濱江營業所_福特濱江營業所,其他
6597d68d-53cb-4f86-9b5e-1660f37679f4,福特竹北所_福特竹北所,其他
70cae1e7-b3ba-4d14-8ea4-82f5e0ede8e5,福特經國所（福祐）_福特經國所（福祐）,其他
dc490f79-d11a-4b62-8216-ac0db97092d6,福特經國營業所_福特經國營業所,其他
65d9e33c-817d-45ba-9f8c-5df449c58326,福特經國營業所_福特經國營業所,其他
4aea0a81-8ea9-4512-acf3-c74606fe1fb7,福特經國營業所_福特經國營業所,其他
8a29e5d4-84a0-4cbb-b5a9-06565eadc42d,福特花蓮_福特花蓮,其他
4bab03cf-8ca1-4932-be09-b1a3221a0788,福祐汽車(楊梅展示中心)_福祐汽車(楊梅展示中心),其他
8007dbbc-07a2-43a0-beee-ee66712d08ce,臺北伊甸沐浴車_臺北伊甸沐浴車,其他
f9e6bd71-90e5-47d6-bf2e-5e9d939dc00d,臺北市區監理所_臺北市區監理所,其他
f28ee238-8160-4e8d-964b-c9e890ea5a35,臺北市區監理站_臺北市區監理站,其他
9e7224a8-1e4e-4199-b31b-7ee56eb4fd57,臺北市立陽明教養院_臺北市立陽明教養院,其他
192fce8e-fdb8-43e2-b96c-eb1294ad5563,臺北捷運_臺北捷運,其他
c951ce76-78ee-450b-9209-92b34fb8de17,臺南啟智學校_臺南啟智學校,其他
77664b2a-9a10-48f7-aef7-e2276a4c2aed,劉鴻銘_劉鴻銘,其他
53560e39-0401-42c5-960e-618c211acdc1,樂生療養院_樂生療養院,其他
f79ce9be-05e0-4788-bd73-b9122c2cbc5d,澎湖伊甸_澎湖伊甸,其他
d04e2dc0-bb6e-4c28-b195-6048eb1ec1ed,澎湖惠民啟智_澎湖惠民啟智,其他
e7a367f2-6841-45e2-876a-f5d61a37100c,澎湖講美平安白沙_澎湖講美平安白沙,其他
2c5507ae-6493-4173-9489-ae1fb4b478ef,澎湖講美平安馬公_澎湖講美平安馬公,其他
81f44903-ffaf-42e7-88f6-a6086eca70b4,蔡先生_蔡先生,其他
27a4b902-8f74-442f-9bd8-7be8e97ec9ae,樹林HYUNDAI_樹林HYUNDAI,其他
01807fb8-5532-4255-9250-445f907d1618,樹林匯昇現代_樹林匯昇現代,其他
6ea75704-302e-4f07-82ac-9987fc0d9271,樹林匯豐_樹林匯豐,其他
690f1882-a24f-47d6-ace6-369e753ebff5,樹林陳先生_樹林陳先生,其他
341aef13-547e-40dd-844e-e1dfc2d1cea8,橋勇國小_橋勇國小,其他
33dadb6c-722c-4518-abbf-54fe863a36d6,盧彥竹_盧彥竹,其他
ba6a5a79-4855-4520-a6d4-4ac316883890,蕭先生_蕭先生,其他
a83f14f3-cace-474f-ae5b-1ffe58ef3c97,謝小姐_謝小姐,其他
9c037135-4dba-47f6-a9f5-8f1daa652912,簡義芳_簡義芳,其他
0b5120ce-b659-41dc-b041-f0353c83caa2,豐均/高先生_豐均/高先生,其他
ae8602c1-273e-4112-b64b-b4413607866d,醫療器材_珮吉醫療器材行,其他
5b50cc0b-ce4a-4990-8b2f-6ccfb13deda1,雙北跑車趟_雙北跑車趟,其他
5c202b9f-4443-41af-9df6-ef71709338af,羅東營業所_羅東營業所,其他
d36fb7f5-01ff-4a38-88b0-004fc8c906dd,寶德興科技_寶德興科技,其他
5c540aec-2e74-4d21-b9c5-14c7b6796268,鶯歌火車站_鶯歌火車站,其他
21937d9e-0a6c-4493-9e48-f0dfb41b9fbb,鹽行天后宮_鹽行天后宮,其他
a1f211f3-dad5-49df-b9ce-fe17f798201c,晟泰機車行_晟泰機車行,其他
e02fd1ae-b2b3-4326-9a01-380f2374cd6e,滙安診所_滙安診所,其他
2cd33d7d-e5be-4d3a-a028-a6b6b5f76bea,爱育協會_爱育協會,其他
2fc2b329-6bc5-456c-b4f8-76de32c9b934,一粒麥子基金會台南中心_一粒麥子基金會台南中心,其他
ff8b6d49-d78a-44ef-97a7-00d4769e07a6,一粒麥子基金會屏東服務中心_一粒麥子基金會屏東服務中心,其他
3898548e-843e-4b6f-9a30-a686f84405f0,一詮精密工業股份有限公司_一詮精密工業股份有限公司,其他
77389dcf-30ce-4ba7-aaff-9834b21d2985,一貫道慈善功德會_一貫道慈善功德會,其他
3f044c16-b0a1-4741-bbce-67a7142229b1,乙盛精密工業股份有限公司_乙盛精密工業股份有限公司,其他
2a909c11-edea-46ec-b441-f4e2d8fa060a,七十二孝協會_七十二孝協會,其他
5c7a0b15-96a9-4e9f-a003-796e46e85b30,人晟診所_人晟診所,其他
92ba4196-4c23-4088-8578-b6864ee777e9,八德德禾診所_八德德禾診所,其他
7c863d2f-c27e-44a2-8e5c-b856b04107ab,八里同仁護理之家_八里同仁護理之家,其他
48fb6914-08df-4c73-80f6-8a5a85392c69,八里祈耆福綜合長照_八里祈耆福綜合長照,其他
15055e2d-b1f3-4962-9e9b-abbcf04a6407,力山工業股份有限公司_力山工業股份有限公司,其他
44a51ecc-2646-41a7-b7aa-ecaeb62c56ea,力成科技股份有限公司_力成科技股份有限公司,其他
ce88a27f-0f71-4446-8578-ce0e4ea7206b,力晶科技股份有限公司_力晶科技股份有限公司,其他
2862268f-2147-4a16-bbdb-517de9482b06,力泰建設股份有限公司_力泰建設股份有限公司,其他
317bdf1b-baf6-4a18-8197-77843ed1088a,力特光電科技股份有限公司_力特光電科技股份有限公司,其他
4e81a02b-d468-4b51-9b21-d96c642a1590,力積電子股份有限公司_力積電子股份有限公司,其他
3339caa1-689c-4f38-ac45-4c59a666122e,力致科技股份有限公司_力致科技股份有限公司,其他
228b4e21-6381-45e6-8b9c-cd7c08571d89,力鵬企業股份有限公司_力鵬企業股份有限公司,其他
c85427c9-d03f-486a-9cc8-95d15e6d84fc,力麗企業股份有限公司_力麗企業股份有限公司,其他
912ffd60-1b07-4259-93fe-f89b6698a6dc,十全診所_十全診所,其他
0322c229-37f8-49fa-bcdc-08e2231cb51c,十銓科技股份有限公司_十銓科技股份有限公司,其他
2b0c5086-0a4f-4aa2-8233-9418b65888a3,三坤車體有限公司_三坤車體有限公司,其他
b10580ab-c22b-45e9-962c-93e21f674a80,三星科技股份有限公司_三星科技股份有限公司,其他
91941b2d-a701-4eb1-ab7d-f66c6bae2184,三星衛生所_三星衛生所,其他
1b3dd014-30dd-4022-919b-d981f0b72354,三本診所_三本診所,其他
abecfaee-aec3-4620-bb00-7b7211fd3a74,三泰醫院_三泰醫院,其他
c68c1506-d76b-4569-a571-eef4ae8728f5,三福化工股份有限公司_三福化工股份有限公司,其他
25f4cb93-6efe-4b36-a677-d7544536c443,三福氣體股份有限公司_三福氣體股份有限公司,其他
652fe5b9-0a5a-4ded-89e8-15950ce94878,三義鋼鐵股份有限公司_三義鋼鐵股份有限公司,其他
a76e4091-9b62-4fbe-bdcd-f01d1000a8d2,三芳化學工業股份有限公司_三芳化學工業股份有限公司,其他
a9dc51a9-ae60-47f1-a21e-6dc99c74e886,三觀感恩協會_陳婉蓁,其他
733718ab-7c65-44cd-a69e-5cd8c76de040,三豐洗腎診所_三豐洗腎診所,其他
f8a1cf0e-7e97-43c6-aae8-7fec1fca79ad,三豐診所_三豐診所,其他
8dd99048-98fd-4e9c-a708-dce72ef509f5,三貴實業_三貴實業,其他
16f99a24-a106-47a3-b651-12493c347102,三軍總醫院_三軍總醫院,其他
6227f855-4941-4c99-949f-b19b4ee78351,三軍總醫院北投分院附設社區復健中心_三軍總醫院北投分院附設社區復健中心,其他
dc87e6a6-e4be-4007-886a-c4cb20bd97a5,三軍總醫院松山分院附設民眾診療服務處_三軍總醫院松山分院附設民眾診療服務處,其他
0cea2968-675f-440c-a186-b6a24bcfb66d,三軍總醫院汀洲院區_三軍總醫院汀洲院區,其他
6031c9ef-4890-49a0-9804-e9eae655108e,三軍總醫院澎湖分院_三軍總醫院澎湖分院,其他
945bad5e-3bf6-40fa-915a-cae5ac9c2a26,三軍總醫院附設基隆民眾診療服務處：孝二院區_三軍總醫院附設基隆民眾診療服務處：孝二院區,其他
3811c9c6-6d9e-41f4-901c-efbd815ea36a,三軍總醫院附設基隆民眾診療服務處：正榮院區_三軍總醫院附設基隆民眾診療服務處：正榮院區,其他
aa737f63-1ed5-4e06-9b8a-e39cb342222f,三軍總醫院附設民眾診療服務處_三軍總醫院附設民眾診療服務處,其他
086f66f3-b31f-4648-9613-1def017aadce,三陽工業股份有限公司_三陽工業股份有限公司,其他
b9042304-aa4c-4f80-a8a5-e38fd1f358a1,上安診所_上安診所,其他
0e84f523-ca77-432e-a3ed-03c2bdeffb79,上晴社區長照機構_上晴社區長照機構,其他
73d45d36-19f9-48bb-b8bb-4cd764cf8ab6,上緯企業股份有限公司_上緯企業股份有限公司,其他
fc51431d-df36-4c8f-b91b-56a9019b8794,上裕租賃股份有限公司_上裕租賃股份有限公司,其他
8f7e9ae6-f572-446b-ad97-698d191ca4e6,上辰企業社_上辰企業社,其他
49f92417-2f04-4174-94e3-e1ff85d2141b,上銀科技股份有限公司_上銀科技股份有限公司,其他
766723d5-61f8-43c0-820f-9df98289535e,上順診所_上順診所,其他
1e5a2a93-dcc9-411b-941e-bbb7f9cad483,久元電子股份有限公司_久元電子股份有限公司,其他
db1c004b-c1dc-423c-8078-f67cd5d6aab1,久立居家護理所-青松健康事業_久立居家護理所-青松健康事業,其他
bf012e99-4368-4c06-a46d-d782a33bd8a6,久聯化學工業股份有限公司_久聯化學工業股份有限公司,其他
0b5df13c-f984-4477-8ab9-e245661dc373,久齡長照協會_久齡長照協會,其他
8ba73abd-59d3-4565-a94d-f4bcb2c1de00,千恩長照中心_千恩長照中心,其他
1e3c5714-8e23-4ec3-9376-f80ef8fcc8a1,千恩長照中心_千恩長照中心,其他
9de59baf-54a2-469a-9cca-663afec71b53,千興不銹鋼股份有限公司_千興不銹鋼股份有限公司,其他
8f48c6b0-1047-4858-bc2f-db4b70644382,千附實業股份有限公司_千附實業股份有限公司,其他
99cf7744-bfa3-4c22-be7a-da4874c7dfae,土城廣泉診所_土城廣泉診所,其他
48a0c41c-50aa-46ff-b08b-d1485112fe00,土城護理之家_土城護理之家,其他
9fe47e31-88f3-481c-9125-99c2c721ed2c,士林紙業股份有限公司_士林紙業股份有限公司,其他
ff99a3d7-c159-4c88-9438-98041c8167d5,士林電機廠股份有限公司_士林電機廠股份有限公司,其他
a3ddc9e3-328d-47d3-bbf2-8a4878d9d222,大亞電線電纜股份有限公司_大亞電線電纜股份有限公司,其他
9bbb1d17-9f29-4da9-acc0-2f28df85d7bf,大億交通工業製造股份有限公司_大億交通工業製造股份有限公司,其他
5ed949dd-7b90-41ac-af56-1baef0a746ca,大億科技股份有限公司_大億科技股份有限公司,其他
964aa8f2-73f9-480b-ac7a-2f80e3416f34,大千醫院_大千醫院,其他
029d5c2e-240d-4bcc-a961-fb9667e9e662,大吉汽車企業有限公司_大吉汽車企業有限公司,其他
c14d7e43-6f18-4ac6-a547-040281a97ea0,大吉汽車企業有限公司_大吉汽車企業有限公司,其他
169143bd-3420-4bfd-80b1-8eb66ebc2d8a,大同股份有限公司_大同股份有限公司,其他
d170c5be-463b-4e0e-a595-f49ab9e2ad41,大嘉義創新創業協會_大嘉義,其他
244b98db-be5b-43d5-aeae-a491f2086a54,大墩診所_大墩診所,其他
4a551c3b-0d84-4388-b718-cbc3d2d4b7a9,大墩診所_大墩診所,其他
2088246a-e0e6-443f-9899-761016ca9ec2,大大人長照協會_大大人長照協會,其他
5b988961-c76a-4d09-a5d0-169981b26150,大宇紡織股份有限公司_大宇紡織股份有限公司,其他
dbdac15d-f297-4b74-8493-c6166bdaaccb,大安診所_大安診所,其他
53cc2e10-9c5f-4c30-b63a-3b1b93754cc7,大展電線電纜股份有限公司_大展電線電纜股份有限公司,其他
445afa30-9815-44f2-bd5b-12bf5f27b8ac,大山電線電纜股份有限公司_大山電線電纜股份有限公司,其他
43ff060c-9245-4edb-808f-a54f5530f6c3,大川醫院_大川醫院,其他
955d7b14-4f67-43ac-8c5b-52d8641c4638,大成不銹鋼股份有限公司_大成不銹鋼股份有限公司,其他
13e385cb-2ef8-45f5-a0c0-75d6f2ac0396,大成長城股份有限公司_大成長城股份有限公司,其他
ec87b1f0-64ed-4c8d-a1d2-56d2c15e5773,大朋電子工業股份有限公司_大朋電子工業股份有限公司,其他
9540b9c1-02a0-4779-8950-0b98c2d50f82,大東樹脂化學股份有限公司_大東樹脂化學股份有限公司,其他
376fdb9a-44e5-4242-8ea8-131e38d5d8ef,大林老人養護中心_大林老人養護中心,其他
239a978a-d5c5-4f59-a320-afa058fda0f7,大武診所_大武診所,其他
ad798008-5df0-4402-8634-d6d2dfa62053,大毅科技股份有限公司_大毅科技股份有限公司,其他
ceee519b-e4b1-4fea-8806-e33a06b1c6a6,大洋塑膠工業股份有限公司_大洋塑膠工業股份有限公司,其他
55e746af-801c-4520-a878-ef397a2dc75e,大洋羽毛股份有限公司_大洋羽毛股份有限公司,其他
57ec24bf-0429-4112-9c28-2a306de163ef,大溪松禾診所_大溪松禾診所,其他
d501d739-51de-49d3-9489-a743e9e75d18,大溪松禾診所_大溪松禾診所,其他
04f2eb16-203f-4cbd-b8d8-4e3330e6975c,大溪護理之家_大溪護理之家,其他
33d51b8c-d82f-4cc2-9f2a-71570a82ee7f,大田精密股份有限公司_大田精密股份有限公司,其他
995a65b8-b489-4e76-b688-9ed24fbdc6e8,大眾全球投資控股股份有限公司_大眾全球投資控股股份有限公司,其他
a8ed3186-c037-45fb-ac7d-9450a138bb7c,大立光電股份有限公司_大立光電股份有限公司,其他
02824fb5-a9c7-45e6-b235-2b65a65b5c68,大統益股份有限公司_大統益股份有限公司,其他
995b4234-f695-402c-9bef-92f34c85cad2,大興電線電纜股份有限公司_大興電線電纜股份有限公司,其他
99e38490-c04c-4540-b848-0bef34a4ef42,大華金屬工業股份有限公司_大華金屬工業股份有限公司,其他
6f0458cf-5afa-4020-90da-9ad38498eeb9,大連化學股份有限公司_大連化學股份有限公司,其他
23ad12c7-8851-44c5-b6fd-7b79acb5cecd,大里仁愛醫院居家式服務類長照機構_大里仁愛醫院居家式服務類長照機構,其他
3dd477bc-0f4d-4a58-816c-4b4fa1e0b184,大里大新復健診所_大里大新復健診所,其他
3defbbf8-55b8-4c43-883c-66f705f85bd0,大里護理之家_大里護理之家,其他
8c2b9bff-fde0-4454-89ec-436684105e0c,大量科技股份有限公司_大量科技股份有限公司,其他
2c94cc99-7c52-448e-95b7-890a243e4a5b,大雅長安診所_大雅長安診所,其他
d3f23d7b-8f70-46c0-984f-389f976876c0,大順綜合醫院_大順綜合醫院,其他
3ac4932d-748f-4f89-be1f-241b7645e41a,大順診所_大順診所,其他
e7771845-ab39-4fc0-8fa7-9e2b87dcc46b,小太陽藥局_小太陽藥局,其他
3683bb36-4bc1-4811-b8b6-e23b623a4ed8,川湖科技股份有限公司_川湖科技股份有限公司,其他
3d9a5ac2-a5f1-4356-823b-52bb1eaab045,中北塗料企業股份有限公司_中北塗料企業股份有限公司,其他
c0d3aa87-c7c3-4252-aa63-70de3c825df6,中和健新洗腎診所_中和健新洗腎診所,其他
1b3612e2-943e-4224-82e3-437b3ca3b59b,中國人造纖維股份有限公司_中國人造纖維股份有限公司,其他
6e9ad286-255c-4738-a1d8-9c5f9fd6eb3f,中國化學製藥股份有限公司_中國化學製藥股份有限公司,其他
a1feeab9-b01a-4670-80d3-85f8b2003bd8,中國合成橡膠股份有限公司_中國合成橡膠股份有限公司,其他
8c550abe-9948-4a02-9c4c-71e4da36417c,中國石油化學開發股份有限公司_中國石油化學開發股份有限公司,其他
17bb4025-610c-498c-af81-cb5f70a94995,中國砂輪企業股份有限公司_中國砂輪企業股份有限公司,其他
f74c6a77-9754-4bbc-b8ad-0d63f84d3df9,中國端子電業股份有限公司_中國端子電業股份有限公司,其他
048a3cad-2542-408d-becf-18a0d2845b8d,中國製釉股份有限公司_中國製釉股份有限公司,其他
6b962503-fc6f-4c54-8979-4340db9572e7,中國醫藥大學北港附設醫院-台中市_中國醫藥大學北港附設醫院-台中市,其他
be648327-e700-460d-b2ff-5214a7692fb1,中國醫藥大學北港附設醫院-雲林縣_中國醫藥大學北港附設醫院-雲林縣,其他
d09ceb33-7af6-49fd-a7ec-27220026c270,中國醫藥大學附設醫院台北分院_中國醫藥大學附設醫院台北分院,其他
9d6c8434-0408-48e5-af60-8693e164259b,中國醫藥大學附設醫院豐原醫務室_中國醫藥大學附設醫院豐原醫務室,其他
7a13712c-efab-4f87-9915-137c07426652,中國鋼鐵結構股份有限公司_中國鋼鐵結構股份有限公司,其他
045b3a45-4101-4d63-ba21-5f39eb0be747,中國鋼鐵股份有限公司_中國鋼鐵股份有限公司,其他
017edf0e-1007-4867-ae8a-0e5b683c8235,中國電器股份有限公司_中國電器股份有限公司,其他
24634ea7-0d10-4a12-8327-72a60dfb0e73,中壢慈愛長照_慈愛,其他
b3cfddc7-c3b1-4943-8a49-3e8af3082f47,中壢祐民醫院_中壢祐民醫院,其他
3fd7d565-398c-4bbc-8258-d45a8d06011a,中央造幣廠股份有限公司_中央造幣廠股份有限公司,其他
49999953-aca6-4634-8652-1d21f1d08740,中山醫學大學附設醫院中港分院_中山醫學大學附設醫院中港分院,其他
f6abad55-17be-4170-a3e4-8d201669b574,中山醫學大學附設醫院工學社區復健中心_中山醫學大學附設醫院工學社區復健中心,其他
45df7b2b-9024-40ae-8273-fc91070a9e9d,中庚診所_中庚診所,其他
3cbcc796-a268-42f7-99ff-42921a0895b5,中強光電股份有限公司_中強光電股份有限公司,其他
0d4d10a7-0c94-4d9a-9278-7e80b6405ee2,中彰投 基金會_台中老五老,其他
ece8b346-8d79-4728-a6ba-bb54b3747598,中彰投 基金會_林蘭生基金會,其他
a45eeacd-6680-476f-ac32-14a8fef34872,中彰投 基金會_南投 愚人之友,其他
98a96076-1691-4a7a-a843-8d04bba18c7c,中彰投 基金會_草屯YMCA,其他
46e8bdce-0e3b-4b19-9fd9-cfc67d54bd24,中彰投 基金會_康家社會福利慈善基金會,其他
155475d6-3b9c-4efe-baae-c2b112d0c74d,中彰投 基金會_童庭基金會,其他
529c76a8-1cad-4f05-9245-cbd18889b800,中彰投 基金會_奧莉赫慈善發展協會,其他
52a91bb5-22fd-420f-b7dd-3ad613d9f669,中彰投 基金會_毓得基金會,其他
0f8150fd-5192-453b-8189-7ed47a02dc0f,中彰投 安養機構_大里 青松,其他
68f4cdd7-3432-4202-9e3c-1349a8f988eb,中彰投 安養機構_大雅 健德老人,其他
51aea5b6-876b-4154-9c6d-eea8d72e8335,中彰投 安養機構_永耕老人養護中心,其他
fb486bb6-9da7-479c-88bf-1119fd2e4414,中彰投 安養機構_田園老人,其他
d72d5f49-9f40-4ac1-9b87-435b1918ecf3,中彰投 安養機構_名倫養護中心,其他
bd280f66-0fce-45d1-b056-da8a9bbe9e46,中彰投 安養機構_孝親園,其他
b6836538-cee7-434e-85e4-700105f58d43,中彰投 安養機構_私立嘉民養護中心,其他
81804d25-74d7-4e67-87be-944eec516c31,中彰投 安養機構_秀水 寶贊老人,其他
9d5130f2-4fb6-4d3d-92ad-e33e5859cbfc,中彰投 安養機構_秀水 賜福老人,其他
21bc5d86-66f2-400f-9816-df0d10709ca3,中彰投 安養機構_佳醫護理之家,其他
d6446190-964b-4e56-9e65-64cbece346d0,中彰投 安養機構_和美 和慷老人,其他
1884a72e-7ede-416e-af89-8cd74106a438,中彰投 安養機構_和美 大眾老人,其他
0b4dcaef-2a39-41e3-b098-0e9a4d886e6e,中彰投 安養機構_松柏園,其他
266f058e-6ea4-4c76-bdd3-b3e1718508d1,中彰投 安養機構_芬園 愛如心,其他
ca57d7f3-dda1-4d98-9f74-9cc4fd69e677,中彰投 安養機構_芬園 芬園老人,其他
873dea7a-0272-4d19-8332-cd9cd14ff546,中彰投 安養機構_長生老人,其他
b2e53176-f449-4de9-afd7-045cc910d955,中彰投 安養機構_長青老人養護中心,其他
ddcd193e-f3af-4239-969a-8e5a3896e290,中彰投 安養機構_員林 伍倫惠來 安養機構,其他
9215ae51-9cb7-4a06-8227-78a76da9b5bf,中彰投 安養機構_員林 廣成 長照機構,其他
8136026d-8d08-4445-9d9e-a7b02eb27ed3,中彰投 安養機構_員林 惠親 養護中心,其他
9c15a813-63cb-4d14-b387-2659d1d79a1c,中彰投 安養機構_員林 良安 照護中心,其他
9c90ab0e-2add-4f10-8fb0-f0b3d4715cba,中彰投 安養機構_家園護理之家,其他
b47904d4-d437-4aed-9080-c0f533cf0b1f,中彰投 安養機構_健安老人,其他
679a6a0f-4bfd-42b7-9ac4-a9afbd0d9521,中彰投 安養機構_華穗護理之家,其他
45a7aa92-40d4-4d2d-aa42-d934f833435d,中彰投 安養機構_順心,其他
f1603ea2-c480-480a-8aed-f14fc7b32440,中彰投 安養機構_福祿貝老老人養護中心,其他
b4c52a87-4071-44aa-a7ef-19eb52d0c756,中彰投 安養機構_豐盛老人養護中心,其他
92d0e20e-cc30-435b-b088-5835efde1ca1,中彰投 安養機構_豐陽護理之家,其他
f738d840-2ec8-40e2-b7b7-ed45fa6a38fd,中彰投 醫院_大里仁愛醫院,其他
d1f21205-2133-49e1-ba21-c253ede46593,中彰投 醫院_中國醫 本院,其他
aa3b292a-51ca-45df-987a-f81ea89ee7f4,中彰投 醫院_中國醫藥大學醫院台中東區分院,其他
f6d9707f-f2e0-44b8-a740-8f04516f4ad1,中彰投 醫院_中山醫院,其他
cad3d47c-6d14-439d-a8d9-d422d5205141,中彰投 醫院_太平 長安醫院,其他
ba0143b1-0e66-46b6-904c-c3585a2f9ba6,中彰投 醫院_台中靜和醫院,其他
6b479fd5-312e-4a5a-a44b-b6292fc5ee30,中彰投 醫院_本堂澄清醫院,其他
d83e4834-54e5-4a28-921a-274953485b4d,中彰投 醫院_全佑聯合診所,其他
a20515be-9866-4881-b829-f4b8d578aace,中彰投 醫院_東華醫院,其他
7c9130f8-bd4d-4777-8d84-c64ba588c23f,中彰投 醫院_烏日 林新醫院,其他
aef24bc1-59e5-4b95-b5d9-a2eca40df2a1,中彰投 醫院_烏日 澄清醫院,其他
0445ca7b-735a-46cf-9aa9-3dfe065f82fd,中彰投 醫院_漢忠醫院,其他
d7bd136f-8336-41cf-8f2b-cc90073b8aaf,中彰投 醫院_霧峰亞大醫院,其他
1ec15f3d-27eb-403d-b9c4-9724294087d5,中彰投 醫院_霧峰澄清醫院,其他
f142900f-127c-46ea-9c1d-82dae88786c6,中德電子材料股份有限公司_中德電子材料股份有限公司,其他
cc6bde1d-c1ff-4f48-bc4b-9b467f93a2b5,中心診所醫療財團法人中心綜合醫院_中心診所醫療財團法人中心綜合醫院,其他
18a6d5d6-8565-45e9-87be-4d9334076cbd,中慎診所_中慎診所,其他
03fad096-fbd3-4270-8b59-241107aa8946,中日合成化學股份有限公司_中日合成化學股份有限公司,其他
bfd9eed6-0186-42bf-99c2-7521b1a24e4b,中楠企業股份有限公司_中楠企業股份有限公司,其他
0a8fa962-d726-401b-98fc-bddb0951cac0,中正國宅銀髮族服務中心(財團法人關懷長青文教基金會)_中正國宅銀髮族服務中心(財團法人關懷長青文教基金會),其他
ea571b39-fc2a-48cb-8fbd-9e86deb0cd0a,中正國宅銀髮族服務中心_中正國宅銀髮族服務中心,其他
c11c6ee4-902f-4744-bda8-143c3c710051,中清診所_中清診所,其他
56dad6ad-3b72-4a02-8168-cefcfb98e0c0,中環股份有限公司_中環股份有限公司,其他
082900ca-757d-4b5a-bd9b-171a833ee08e,中磊電子股份有限公司_中磊電子股份有限公司,其他
b2be12d5-b3f6-4f7b-807f-7db0dfe45597,中祥醫院_中祥醫院,其他
940c6bfe-ae44-49bf-8a2a-a6996a84307b,中科診所_中科診所,其他
5ddefed2-12e1-43d4-89e5-e911128b26f4,中紡科技實業股份有限公司_中紡科技實業股份有限公司,其他
f15ade0d-6558-4088-bad1-70e89e696dcb,中美和石油化學股份有限公司_中美和石油化學股份有限公司,其他
564ad8b4-06f7-4a35-8830-1fef6e6114d6,中美矽晶製品股份有限公司_中美矽晶製品股份有限公司,其他
4cbbd26c-cc89-4448-b443-f74519be24fe,中聯油脂股份有限公司_中聯油脂股份有限公司,其他
e88fdf92-1db6-4fe3-9a25-ebc6988c14a5,中聯資源股份有限公司_中聯資源股份有限公司,其他
12e8f0f1-2fda-4caa-877a-2a9469ac3cc3,中興紡織廠股份有限公司_中興紡織廠股份有限公司,其他
dcb2c0fc-c156-4a8c-8335-ea2a1b52aa47,中興醫院_中興醫院,其他
ec79a8b7-42e4-46ec-beb4-b3282adc117c,中興電工機械股份有限公司_中興電工機械股份有限公司,其他
d71d6daf-6328-4c75-aef7-c5b23df994e2,中英醫院_中英醫院,其他
82bf8318-2108-4797-8dfd-2a0713eba981,中英骨科診所_中英骨科診所,其他
6d436812-b7dd-4626-8d88-67da7719e086,中華仁仁關懷協會_中華仁仁關懷協會,其他
47aaf4c4-10a9-4e6a-86c8-0e719cdd728b,中華佛教法蓮寺慈善協會_中華佛教法蓮寺慈善協會,其他
80bff345-888e-4442-b2ec-a7775e1c44b6,中華映管股份有限公司_中華映管股份有限公司,其他
46df9ec4-a103-423d-b572-7b4c1da9e679,中華民國肌萎縮症病友協會_中華民國肌萎縮症病友協會,其他
ca81c9b1-9f7c-4164-8d69-56213930d241,中華汽車工業股份有限公司_中華汽車工業股份有限公司,其他
a29aecd1-2642-4a53-a65b-60d8483d65f0,中華熱心發展協會_中華熱心發展協會,其他
82596cfa-d079-4ebe-9519-3fdc73edd26c,中華社會福利基金會_中華社會福利基金會,其他
02bd5b00-c969-4b00-b43a-cfb4c7001284,中華紙漿股份有限公司_中華紙漿股份有限公司,其他
c0b771f6-babf-490f-958e-0135d7630d47,中華經貿協會_中華經貿協會,其他
db243273-eba8-4e65-b435-1e3875e6ddc0,中華電線電纜股份有限公司_中華電線電纜股份有限公司,其他
4f5e802b-cbb2-4d08-bbe4-13c68f627468,中鋼機械股份有限公司_中鋼機械股份有限公司,其他
600e8209-00b4-404a-b193-cabb55776648,中鋼碳素化學股份有限公司_中鋼碳素化學股份有限公司,其他
271099ce-20de-46b8-8ba5-a24b7a999a7a,中鋼鋁業股份有限公司_中鋼鋁業股份有限公司,其他
6ee04699-22ab-4002-a5c1-7d857376decb,中鴻鋼鐵股份有限公司_中鴻鋼鐵股份有限公司,其他
007391a2-83e7-4df8-89a7-ad2d0154021e,中龍鋼鐵股份有限公司_中龍鋼鐵股份有限公司,其他
0382653c-9c36-457e-811c-0afc2fbdb22f,云光科技股份有限公司_云光科技股份有限公司,其他
61874af5-d29a-4d78-b0d0-6619d12fb073,仁佑診所_仁佑診所,其他
8c371a18-2e2c-4139-8d94-963ccfe39e33,仁安診所_仁安診所,其他
cd7f5268-aad2-420c-8eed-45362f7d97b1,仁寶護理之家_仁寶護理之家,其他
fce93ac1-c70c-49db-96cd-d1cc062f0b02,仁寶電腦工業股份有限公司_仁寶電腦工業股份有限公司,其他
08785f34-5813-4003-8d57-cf7ca5fa143c,仁康診所_仁康診所,其他
95953272-9403-44a7-83ef-cc41f6c4be83,仁康醫院_仁康,其他
cea81118-4f1c-45bb-9396-e50fb0bcf272,仁得內科診所_仁得內科診所,其他
ab2c87f5-94a5-4856-bd80-9b67d1f7a913,仁愛醫療財團法人台中仁愛醫院：臺中院區_仁愛醫療財團法人台中仁愛醫院：臺中院區,其他
999ab046-1774-462b-a2b5-054577490e80,仁愛醫療財團法人大里院區_仁愛醫療財團法人大里院區,其他
d4bd2857-8344-4811-a05f-d3ea45c249e6,仁暉診所_仁暉診所,其他
92992098-c397-450e-9e56-812784d366a3,仁濟醫院_仁濟醫院,其他
e6399f1e-2661-4506-a573-60a6968b3d29,仁禾診所_仁禾診所,其他
0f0004dd-4118-45da-97f6-c37bd70b4ee4,仁美診所-彰化市_仁美診所-彰化市,其他
2c2a9c07-785c-4772-a912-251d9149b2cf,仁美診所-新北市_仁美診所-新北市,其他
a03affc8-83bf-4d2a-a28e-66190656b9e0,仁群老人養護中心_仁群老人養護中心,其他
2cb6461c-f349-44ac-98d4-c9429f3fad96,仁謙洗腎診所_仁謙洗腎診所,其他
8732f2d5-29c7-4df7-94ec-353e57ff63fc,仁謙診所_仁謙診所,其他
b3165b66-3838-43fb-9dd6-c7af2b18e626,仁謙診所_仁謙診所,其他
624de049-f3c1-466a-b3fb-1efb04e0b7ee,仁謙診所_仁謙診所,其他
9f46f182-1e2e-484a-8502-025bc00aa3e5,仁馨護理之家_仁馨護理之家,其他
15f5233a-d5b5-4642-92a7-ddc254b13a3f,今國光學工業股份有限公司-466巷_今國光學工業股份有限公司-466巷,其他
835c1561-a7e9-4d6b-a241-ab863532910e,今國光學工業股份有限公司-562巷_今國光學工業股份有限公司-562巷,其他
ff6c3ec5-057d-4ed6-8bd7-ed0c581106f1,今皓實業股份有限公司_今皓實業股份有限公司,其他
b8de05cd-f82b-4baf-9e93-6db5d774900d,介面光電股份有限公司_介面光電股份有限公司,其他
37eef4ee-5d4a-4a43-85cb-d740b2cbc9d4,元三租車股份有限公司_元三租車股份有限公司,其他
b42414b6-39b6-4930-a176-a57eb1e95555,元佳診所_元佳診所,其他
2644da82-7fad-4c95-9e3c-c1721c93ed6a,元太科技工業股份有限公司_元太科技工業股份有限公司,其他
5bb73350-2c8f-4e36-befb-2c8754fd8e8a,元富工業股份有限公司_元富工業股份有限公司,其他
f2e495ea-fd54-4a15-aa8d-b211ded7c7c3,元山科技工業股份有限公司_元山科技工業股份有限公司,其他
10286eb9-d1f3-495f-9e81-6edc96bc5202,元晶太陽能科技股份有限公司_元晶太陽能科技股份有限公司,其他
1488d12e-8478-46c4-9ae5-3d38f9743272,元林診所_元林診所,其他
d595ee94-cfb5-4e8a-8897-765a289d7399,元祥金屬工業股份有限公司_元祥金屬工業股份有限公司,其他
d974e2b4-2f78-430c-9323-d832fa43d627,元福診所_元福診所,其他
997da4ff-cc08-43d3-bf2d-2d4537446284,元翔診所_元翔診所,其他
e0979667-a0fc-4cc3-b9dc-7bb3c82a35e7,允強實業股份有限公司_允強實業股份有限公司,其他
db23126e-6fa5-40ee-86ca-b2fc63b93c13,內湖內科診所_內湖內科診所,其他
21037334-1ed9-4403-b053-e10baf3e41fe,內門社區長照機構_內門社區長照機構,其他
12e6d69a-ba4c-4a5c-9b26-7a8b7b8fbc48,六暉實業股份有限公司_六暉實業股份有限公司,其他
f8c60efc-0212-47db-9fd1-5f68a4cd2f62,六龜衛生所_六龜衛生所,其他
0323d3af-ea2f-48ed-959d-bcdd9bfb5335,公司_土城醫院旁停車場,其他
b2328d12-688f-405d-9bb6-18fadcd4bb26,公園內科診所_公園內科診所,其他
c879ddd3-97ae-45e6-acca-2361d19d8667,公民營客運業_和群交通有限公司,其他
b385ab97-373f-492c-ad4d-83555546e60e,公民營客運業_中華衛星車隊,其他
df7a9675-6a91-41e8-9bcc-280654febf9a,公民營客運業_中華衛星車隊-左營高鐵,其他
190650f2-f53c-4612-8df3-adc6cc296394,公民營客運業_台中客運,其他
c51d7da7-bd1a-439b-a702-57b85665171d,公民營客運業_台中客運,其他
198b9079-1239-43e5-8883-746a0898dd8b,公民營客運業_台灣大車隊,其他
30c6189d-0002-4929-ab2d-52244c53d246,公民營客運業_台灣大車隊台南分公司,其他
6843c419-7a88-4788-ad5d-bebfc113bd09,公民營客運業_皇冠大車隊,其他
af7fd7b7-faff-4e51-8b25-e628d6c965f3,公民營客運業_夏威夷衛星車隊,其他
9b1d78b0-1b3d-4cc5-8731-fd5a55c858ba,公民營客運業_高雄凱旋大車隊,其他
c50a476e-c934-4712-bbb9-3b49d6075db2,公民營客運業_新形象大車隊,其他
da0c33fb-b509-4b3e-b806-69413019b9f5,公民營客運業_澄清湖車隊,其他
73cee63a-d61b-4a8f-80d8-77d555d6e324,公祥醫院_公祥醫院,其他
7dd88c7e-be14-4b5c-9d78-959b2d6ebadf,友信國際股份有限公司_友信國際股份有限公司,其他
424cd985-281a-41bd-8829-4d3a7ed60e4d,友勁科技股份有限公司_友勁科技股份有限公司,其他
1b26024a-afb3-4959-8deb-9771fb7f82f1,友嘉實業股份有限公司_友嘉實業股份有限公司,其他
bd40aa9e-1b7a-4934-9320-7ad5f13e08dd,友聯車材製造股份有限公司_友聯車材製造股份有限公司,其他
6922e51a-f5ed-4313-911c-28cfabf99a23,友華生技醫藥股份有限公司_友華生技醫藥股份有限公司,其他
6b84195e-bb61-4aff-9c06-6f296ba497a6,友輝光電股份有限公司_友輝光電股份有限公司,其他
a4f7b41d-6c94-4333-b4e0-b1a185270ce5,友通資訊股份有限公司_友通資訊股份有限公司,其他
9c0d720d-c701-44eb-973b-a6b5f9372f39,友達光電股份有限公司_友達光電股份有限公司,其他
ca02d152-01e6-4bf5-b94e-1c9c8a2ca099,及成企業股份有限公司_及成企業股份有限公司,其他
94b052f3-9d6b-4ef9-a886-4f304fe04179,天主教仁慈醫療財團法人附設新竹仁慈康復之家_天主教仁慈醫療財團法人附設新竹仁慈康復之家,其他
038359fd-0d03-42fe-920b-a6372703ebb5,天主教耕莘醫療財團法人耕莘醫院-新北市新店碧潭公共托老中心_天主教耕莘醫療財團法人耕莘醫院-新北市新店碧潭公共托老中心,其他
7ff56a07-e03d-4e46-9df9-ad2a8661d725,天主教耕莘醫院烏來復健中心_天主教耕莘醫院烏來復健中心,其他
bec33050-d1dc-42a6-9461-91e2ea07e6c5,天仁茶業股份有限公司_天仁茶業股份有限公司,其他
7f4f34e5-a84e-4ddb-8154-60fc39efca3f,天壇老人養護中心_天壇老人養護中心,其他
7963c39c-0f7a-44ac-ba3a-a8449c3986c9,天壇老人養護中心_天壇老人養護中心,其他
e38a7d4e-5193-4637-b5f0-b52fa345f41e,天德居家長照機構_天德居家長照機構,其他
90c56c5b-eff8-41eb-b5e9-560fa7cbf867,天恩至德文教基金會_天恩至德文教基金會,其他
d505d6e0-9161-44ff-a3d2-9997fb06c511,天成醫院_天成醫院,其他
2962df5d-3fc7-4609-9728-78b216a17576,天晟醫院_天晟醫院,其他
468c2e5a-6580-4e48-a71b-3b468507891c,天玉老人長照_天玉老人長照,其他
acaf5edd-93c6-46f0-bfa4-000684f81a9d,天瑞企業股份有限公司_天瑞企業股份有限公司,其他
4b487b00-59a5-42d9-aa9a-f853d71232d8,天聲工業股份有限公司_天聲工業股份有限公司,其他
ee3c6d75-81c8-47ca-a039-e517a673e67f,天鈺科技股份有限公司_天鈺科技股份有限公司,其他
e4687aaa-90bc-48cc-b267-40a6e1e376d4,太原洗腎診所_太原洗腎診所,其他
fd8f8b46-bd8b-4ab2-b68d-fe1956c3fb59,太原診所_太原診所,其他
2dcf53cd-2211-4046-92ec-f34f4daac3a0,太平洋電線電纜股份有限公司_太平洋電線電纜股份有限公司,其他
17be25c5-6bc2-472d-8ab7-10339e981062,太松實業股份有限公司_太松實業股份有限公司,其他
91de92e7-8213-4227-967f-890549e6369f,太極能源科技股份有限公司_太極能源科技股份有限公司,其他
2832b272-a387-4a35-ac49-7c021595fa91,太空梭高傳真資訊科技股份有限公司_太空梭高傳真資訊科技股份有限公司,其他
afa7ecfb-85d0-4179-af95-bdb4c09ef36d,太陽光電能源科技股份有限公司_太陽光電能源科技股份有限公司,其他
263b75d7-e51e-4a87-8526-74da4098c777,心力合診所_心力合診所,其他
b6af7bc9-ddbd-4763-ad95-b438450b4407,心慈社區長照機構_心慈社區長照機構,其他
07a3d6e7-e3b4-468b-b0b9-63609c05f8cc,文冠內科診所_文冠內科診所,其他
ef5ee8a6-ef59-4395-91d5-e0e9bf3e29cc,文山老人養護中心附設日間照顧_文山老人養護中心附設日間照顧,其他
40ea8214-6f5b-46ba-9068-ffa7b1c17ce4,文林診所_文林診所,其他
1ad6c861-a1ec-4cfb-ae3e-80c4b9fd1f53,文瑞診所_文瑞診所,其他
f96e99c5-09bc-4743-a3a9-f1c5902aa3ee,文賢內科診所_文賢內科診所,其他
0560cb3b-8083-4d16-acec-03805bdba1b2,文雄醫院_文雄醫院,其他
063e2b4d-ddd0-4116-85ec-c079450ffd64,日勝化工股份有限公司_日勝化工股份有限公司,其他
6ef5037f-cef6-435e-bc51-262ca38a1b3f,日南長照_日南長照,其他
81ff28d5-6918-4e06-883d-4c1664644d05,日日居家長照機構_日日居家長照機構,其他
34ad8e24-0b04-4159-8de7-0242de5b970d,日月光半導體製造股份有限公司_日月光半導體製造股份有限公司,其他
d8f1e1d0-410d-46f4-8bdd-af60f241dce4,日茂新材料股份有限公司_日茂新材料股份有限公司,其他
f4ce0d87-2876-47cc-9389-54bfcf40db3c,世全鋼鐵企業股份有限公司_世全鋼鐵企業股份有限公司,其他
cdc19d62-582c-4a2f-9c53-006b024c64d5,世家興業股份有限公司_世家興業股份有限公司,其他
6007dbae-e239-4538-ac4c-08928c256aa4,世康診所_世康診所,其他
fe89c5f8-d579-4911-9e37-00f4d57e2aa0,世界先進積體電路股份有限公司_世界先進積體電路股份有限公司,其他
29f7c028-94ac-4858-a859-b40f9094518e,世紀聯合門診崇安診所_世紀聯合門診崇安診所,其他
288feb72-da98-4a06-a6ee-1fec616d8077,世紀鋼鐵結構股份有限公司_世紀鋼鐵結構股份有限公司,其他
3c5585cb-45cf-431f-9580-17581b3a9acb,世芯電子股份有限公司_世芯電子股份有限公司,其他
bdf87a10-b5cd-4e8e-905c-6bf216893ac2,以琳內科診所_以琳內科診所,其他
6fae5267-6b2d-427c-87f6-ae37f56b5e8c,加安診所_加安診所,其他
1a0132a3-4784-4e8d-b910-ec7baf844cc8,加昇診所_加昇診所,其他
234c9459-6d07-40b6-8996-846dec1a9290,加百裕工業股份有限公司_加百裕工業股份有限公司,其他
7feace3f-7ca5-471a-ba3e-1be0769d2c52,加高電子股份有限公司_加高電子股份有限公司,其他
f23ad23c-2192-4412-9cd3-832ef2d5ade2,北斗卓醫院_北斗卓醫院,其他
fccfc1b0-41ab-4402-9730-de8008318a4d,北港媽祖醫院_北港媽祖醫院,其他
19681d80-f9ab-4307-adba-87b17f941118,可成科技股份有限公司_可成科技股份有限公司,其他
541fc212-a64f-46aa-ab68-2155041950d6,右昌聯合醫院_右昌聯合醫院,其他
2a7b3439-4839-4156-bef4-2802fc8f1345,史丹利七和國際股份有限公司_史丹利七和國際股份有限公司,其他
a020cecf-04a2-4c62-8aa8-deb7293367da,台一國際股份有限公司_台一國際股份有限公司,其他
5a6a0e33-d53f-44ca-8f40-a5ba4faa125f,台中仁德診所_台中仁德診所,其他
2cc88504-b5a7-48dd-9025-51868602396c,台中光田醫院_台中光田醫院,其他
1c9b105c-e643-412c-ab1d-fa07f8897940,台中凈新診所_台中凈新診所,其他
7d830a6e-43aa-41b5-b186-a14d030ac116,台中創世基金會_台中創世基金會,其他
d415e361-8651-400a-a749-807b4c00372c,台中安養機構_千恩長照中心,其他
7d7e6648-8b8c-4b99-9c5f-1a8aef476588,台中安養機構_仁和 養護中心,其他
ea26f617-7483-4a2a-8cc0-8f757681994f,台中安養機構_仁馨護理之家,其他
03930750-aa54-4455-8063-a49b3df2b085,台中安養機構_北區 信望愛養護中心,其他
4e5d0a6e-43bd-485d-8201-b6de33f71323,台中安養機構_北區 慈恩安養中心,其他
00d62988-a24e-4946-8b95-22d2fddcd9cd,台中安養機構_北區 永和安養中心,其他
4bce16d6-bb70-4b4a-84d7-08d7bf267f35,台中安養機構_北區 輔順仁愛之家,其他
c13b7fa5-276b-402f-b404-bab5305e9c2f,台中安養機構_北區 長生安養機構,其他
5b80b84a-f83b-4491-9c69-21f1fae45873,台中安養機構_台中希望之家,其他
e393f346-c907-4753-a029-a2c18d3468d9,台中安養機構_本堂養護之家,其他
2d9e4fff-8bb0-4310-ac4e-e5a39cf828ff,台中安養機構_永安護理之家,其他
d8732434-e0c5-42c6-9f23-fedea17a48f7,台中安養機構_永耕基金會附設 老人養護中心,其他
d59ccdef-ebab-4c40-b7c3-b2b19042619d,台中安養機構_全家養護中心,其他
a3c34be5-fe77-4c5e-bce9-932c5a18de83,台中安養機構_全達,其他
14c26c57-728e-4b79-909c-27f9b209c735,台中安養機構_好耆長照中心,其他
fb12d75a-9b64-4d02-93d3-bb488be3038a,台中安養機構_西區 大墩養護中心,其他
2ad6ff31-785b-4361-88d4-c0d90a060470,台中安養機構_杏林養護中心,其他
4c652dc8-b103-4c7c-b8db-fb9bf6a6400c,台中安養機構_沐陽306長照中心,其他
05fb03a5-f9c3-41e7-b7a9-3a8141ee5763,台中安養機構_松群護理之家,其他
782d2ea9-c619-4bb9-9258-e538251f07c7,台中安養機構_玫園護理之家,其他
a28dfeb3-adbc-42b0-9956-568f777f2837,台中安養機構_長庚養護中心,其他
f27fbcf8-3c78-46f4-9bc9-195aed5b4c5d,台中安養機構_南區 仁和,其他
61e31b7b-3cfa-4623-9469-653c5a118029,台中安養機構_南屯 葳采,其他
bf1132b0-1e0f-4028-a521-02cff30a18a5,台中安養機構_南投 私立 仁愛之家,其他
b8c1a817-dbc6-4484-8895-14f531190c73,台中安養機構_洪宗鄰醫院附設護理之家,其他
ba4e37e6-5573-46b9-b687-4bafcbc5f51d,台中安養機構_烏日 九德大愛,其他
e9ca02ae-c67c-475b-a502-2baf79171846,台中安養機構_烏日 享壽 照顧中心,其他
ae472058-e545-4591-88fe-c254dbbd4e58,台中安養機構_烏日 南丁格爾,其他
b0a5d995-9b48-4e27-8dcc-ecfcaeb1d27d,台中安養機構_烏日 昇柏養護中心,其他
3f8f1df5-5dec-416b-a7ff-854c85ee13b9,台中安養機構_烏日 福碩護理之家,其他
4a90867c-5b47-4a47-8903-54af8e6a7a8c,台中安養機構_烏日 青松安養,其他
6223aee8-c70b-497f-8e48-a72385a8afc7,台中安養機構_健民養護中心,其他
7319e747-9ed3-48a8-9f1c-9c26308bbed4,台中安養機構_清心養護中心,其他
8bcaccba-2c06-4452-afb1-4ae1b8bfdb9f,台中安養機構_祥和養護中心,其他
3d69d32e-bbdc-4785-8e13-8f13bac918f3,台中安養機構_傑瑞安養中心,其他
86007a09-a74e-4b1b-81ab-e19ee2fa8ec0,台中安養機構_惠群長照中心,其他
8e8df1c8-3466-412a-bc1e-6f3ae6cd311f,台中安養機構_愛老郎,其他
74488ea8-da9e-4fb2-8e30-285198ea383b,台中安養機構_敬馨長照機構,其他
1ee2daea-a28c-498a-83ee-ff967241081d,台中安養機構_毓祥安養機構,其他
3206ef3c-bb7e-456b-b0ac-bc5143357c68,台中安養機構_溫興長照中心,其他
9e048384-ee12-4a8a-b14d-ec6e82cd3bfe,台中安養機構_僑愛居家長照機構,其他
42645227-2652-4759-9905-ff93f2a0b65f,台中安養機構_德安養護中心,其他
83d88c58-d8c9-4d6b-a384-963df18dccb8,台中安養機構_德康長照中心,其他
ffbbafe7-fe26-404b-870c-387f5e562b3d,台中安養機構_麗安老人長照中心,其他
e396d013-c9bf-423e-b017-446413fa2bd3,台中安養機構_麗新長照中心,其他
1d17bf11-4939-42a0-a325-032070e5525e,台中安養機構_佶園護理之家,其他
fbdf574b-d8fa-4f37-85fc-cb3c33e88c37,台中宏恩醫院_台中宏恩醫院,其他
16d932af-e8e7-4614-8d3b-90ec6e608699,台中家圓公益協會_台中家圓公益協會,其他
df2322dc-ef2f-49ae-868e-16f7c058afbb,台中市北區長青社區發展協會_台中市北區長青社區發展協會,其他
32ee388a-4707-4c44-a9cc-3e667c546270,台中市和平區谷關社區發展協會_台中市和平區谷關社區發展協會,其他
f66ac3ed-927f-4637-8607-4aaf49d13f03,台中市家寶社會福利慈善基金會_台中市家寶社會福利慈善基金會,其他
6dfb2e69-f3d6-4df5-8eda-26c6bf3258d4,台中市立仁愛之家附設牡丹園養護所_台中市私立仁愛之家附設牡丹園養護所,其他
e194af9a-c51f-47e2-8eea-6e4e2e0d3512,台中市老人福利服務中心日間托老_台中市老人福利服務中心日間托老,其他
bd663c20-629a-44dd-a88f-d75c80d6d2a4,台中市脊髓損傷者協會_台中市脊髓損傷者協會,其他
6fac512e-40bc-4daf-8a41-47d0151a8696,台中市脊髓損傷者協會_台中市脊髓損傷者協會,其他
f059c43e-11c9-4a03-882c-3288a2746dd6,台北市脊髓損傷者協會_台北市脊髓損傷者協會,其他
e7d9e374-1a50-48c5-ae9b-ff59662b27e3,台南市脊髓損傷者協會_台南市脊髓損傷者協會,其他
64e8c5ab-e74c-4890-bea6-329e570e3a06,台東縣脊髓損傷者協會_台東縣脊髓損傷者協會,其他
90e95b8e-25d2-4f57-a016-bdd391fd3075,宜蘭縣脊髓損傷者協會_宜蘭縣脊髓損傷者協會,其他
4c7e0348-f044-4eec-90c3-f9e9dc503760,南投縣脊髓損傷者協會_南投縣脊髓損傷者協會,其他
8e5ad8d0-a544-4caa-bf81-34b460252ac8,屏東縣脊髓損傷者協會_屏東縣脊髓損傷者協會,其他
9e570fcc-2716-4955-ac2b-8592439762b6,苗栗縣脊髓損傷者協會_苗栗縣脊髓損傷者協會,其他
176fef7a-e756-40d3-8cbe-5aa0c30566b7,高雄市脊髓損傷者協會_高雄市脊髓損傷者協會,其他
1c8c5d16-9d36-4d44-ad0c-0edcbc78b1bc,高雄市脊髓損傷者協會_高雄市脊髓損傷者協會,其他
72cefc8d-02ee-4556-af7f-318f11ccc276,基隆市脊髓損傷者協會_基隆市脊髓損傷者協會,其他
733e09a3-d9e8-4cac-87f1-6e6beb511800,雲林縣脊髓損傷者協會_雲林縣脊髓損傷者協會,其他
01b08baa-74c4-47ba-8f7a-61b9d9162e6f,雲林縣脊髓損傷者協會_雲林縣脊髓損傷者協會,其他
a9cd0223-6741-44bb-849e-3ca92355d600,新北市脊髓損傷者協會_新北市脊髓損傷者協會,其他
53c4c00e-9c50-4854-a96d-a08bd8193840,新竹市脊髓損傷者協會_新竹市脊髓損傷者協會,其他
6f9a60ea-12a5-49b9-86ba-9e64778a7b3a,新竹縣脊髓損傷者協會_新竹縣脊髓損傷者協會,其他
e31f5b37-78bb-42a2-a1d3-36e320d13a4b,嘉義市脊髓損傷者協會_嘉義市脊髓損傷者協會,其他
f1e98a09-5dfd-4fe0-9449-4287706d532b,嘉義縣脊髓損傷者協會_嘉義縣脊髓損傷者協會,其他
ef169a09-c4f9-493b-9811-c12e36b528fc,彰化縣脊髓損傷者協會_彰化縣脊髓損傷者協會,其他
5f772168-db8c-4265-8b01-aedd26947ef0,澎湖縣脊髓損傷者協會_澎湖縣脊髓損傷者協會,其他
aac2b97a-ee9f-486c-bc9c-a029bdc8d1cc,台中慈濟醫院_台中慈濟醫院,其他
1cfc70c1-88a6-43fe-99b1-165979423323,台中智障者家長協會_台中智障者家長協會,其他
20769d68-8ffd-4685-b577-bcf9336381bf,台中智障者家長協會_台中智障者家長協會,其他
fcfb1529-1dae-44e7-8470-b11cadc2c6e4,台中楊啟坤診所_台中楊啟坤診所,其他
197294ed-b136-4a97-8442-398c91a8b278,台中榮總合作員生醫院_台中榮總合作員生醫院,其他
9ab365e3-5111-4b64-a282-f9de2bc0ea3f,台中瑞健診所_台中瑞健診所,其他
d78a3343-abc9-4baf-9cab-246e03150450,台中石岡診所_台中石岡診所,其他
1b1b76b7-411c-4642-80cb-ef4ee0709c13,台中精機廠股份有限公司_台中精機廠股份有限公司,其他
e5603f77-adcb-4b70-b7b4-0e47b4d100e0,台中綠生活創意協會_台中綠生活創意協會,其他
6e71e37f-f122-438a-8b87-886decb3ac87,台中肢體傷殘協會_台中肢體傷殘協會,其他
18f95f19-8dc9-4a59-ab52-efb1809101a9,台中衛生局長照科_台中衛生局長照科,其他
26f25023-4703-4564-80a3-13d05e9b149c,台中豐楊護理之家_台中豐楊護理之家,其他
f1728430-afaa-4440-9dec-c1416e5c4e57,台中豐盛基金會_台中豐盛基金會,其他
491616b1-ea21-4f7b-9fb8-92f552d0f8dd,台中靜和醫院_台中靜和醫院,其他
a7f48de2-6a67-4e8b-9ade-0e3d7008c200,台中龍安醫院_台中龍安醫院,其他
4ebc1c34-95a4-404c-9959-865f67c4978f,台元紡織股份有限公司_台元紡織股份有限公司,其他
caca5dac-b114-400d-8962-c1979c936237,台光電子材料股份有限公司_台光電子材料股份有限公司,其他
f684c0cb-427c-45dc-a36a-c9d82eacb21b,台全電機股份有限公司_台全電機股份有限公司,其他
8c9dbd6c-8253-4ee4-9688-9d5b68725a81,台勵福股份有限公司_台勵福股份有限公司,其他
1fb6b747-a05c-4b40-93f5-a5c71c239e13,台北市康復之友協會附設孫媽媽工作坊_台北市康復之友協會附設孫媽媽工作坊,其他
0689b6f3-37f9-41c4-bcf9-a2105aaad70d,台北市脊損協會_台北市脊損協會,其他
bdc9d1db-973b-4393-a7fc-ceffa91427ff,宜蘭縣脊損協會_宜蘭縣脊損協會,其他
ef0b83ef-a9ba-4899-b580-1ea50035b657,新北市脊損協會_新北市脊損協會,其他
fd052fb9-048a-4eb8-b232-95de39a91ad8,台北市脊髓損傷社會福利基金會_台北市脊髓損傷社會福利基金會,其他
0023ceed-c238-4b89-aed4-f9f1d553e818,台北榮民醫院玉里分院_台北榮民醫院玉里分院,其他
652483ca-6724-4419-ad18-44610090c4d7,台北秀傳醫院_台北秀傳醫院,其他
a92b4e90-c9b5-42ca-b18c-3883d59d0757,台北醫學大學附設醫院_台北醫學大學附設醫院,其他
bcf8d1a4-58a7-43b8-af5a-3674abfa22c8,台北長庚醫院_台北長庚醫院,其他
be02f81d-c4e6-4a9a-b224-55c92b6a4a5c,台北陽明醫院_台北陽明醫院,其他
7fc295b3-cb11-46ce-89f8-c5ae26497e56,台北馬偕醫院_台北馬偕醫院,其他
553622f4-21ed-4e51-b1a8-970a12625909,台南企業股份有限公司_台南企業股份有限公司,其他
ea34ffbf-207e-4e84-9495-51bafd3f29f6,台南市安南醫院_台南市安南醫院,其他
2911a7a0-8afe-4c3a-98a5-bb151a8e78a6,安南醫院_安南醫院,其他
f526f56e-5d49-4b59-9439-43cff70cee1f,台南市愛心會_台南市愛心會,其他
635090aa-c87a-49e7-929e-69c20b90a63c,苗栗縣政府社會局_社會局,其他
2417893a-6dd6-4266-88db-fe981d8475af,台南市私立菩提林綜合長照機構_台南市私立菩提林綜合長照機構,其他
b0ffdb8a-71f2-4797-b9e4-4d6fd3e6e2f0,台南市立醫院精神科附設康復之家(一)_台南市立醫院精神科附設康復之家(一),其他
28d640a0-993c-4672-8935-c1549ce5dbc3,台南市立醫院精神科附設康復之家(二)_台南市立醫院精神科附設康復之家(二),其他
5ae15cfd-4dc8-48a2-a93f-1698df8d58b0,台南市脊髓損傷關懷協會_台南市脊髓損傷關懷協會,其他
464a6db5-840f-4992-8b11-e824c0b2a088,台南市靜觀基金會_台南市靜觀基金會,其他
8725f225-86af-4322-8f6b-666d9bc1ceab,靜觀基金會_靜觀基金會,其他
e69e9985-4ed7-43c2-bac0-937c2fb1cc12,台南樹河基金會_台南樹河基金會,其他
f263944c-091a-4d90-976b-535d67af00cb,台南營新醫院_台南營新醫院,其他
0fbef415-424a-4f35-90ab-39fb9fada66c,台南營新醫院_台南營新醫院,其他
71c2be0e-d257-4332-8119-bc8a8b3f3486,台南紡織股份有限公司_台南紡織股份有限公司,其他
b66909ea-2ad6-46f1-8cf8-172fe9a4fa7d,台南美善基金會_台南美善基金會,其他
5aed1e55-9833-4fb6-a01c-10579f41046b,台南脊損協會_脊損,其他
8e08b32a-01ce-440e-a8c4-d14696cd73a1,台塑勝高科技股份有限公司_台塑勝高科技股份有限公司,其他
b398b881-c9c8-4a19-8dbf-61b2e9b57dba,台塑旭彈性纖維股份有限公司_台塑旭彈性纖維股份有限公司,其他
8eb1d451-cd5c-4c6f-810c-60549a7c654a,台塑石化股份有限公司_台塑石化股份有限公司,其他
f8d5edfd-642e-4ca8-a54e-5b1ebf38f039,台大老人長期照顧中心_台大老人長期照顧中心,其他
65a7e3f9-340a-43d4-86bb-c4ea057fb361,台大醫院_台大醫院,其他
ab498175-472a-40d1-b021-b66323d2667c,台大醫院北護分院_台大醫院北護分院,其他
d6ddd5c1-421b-46de-a5b1-748891520f33,台大醫院竹東分院_台大醫院竹東分院,其他
41ced838-6f2e-48ad-b5b1-660a163e3d69,台大醫院附設新竹分院_台大醫院附設新竹分院,其他
2c78eaea-e1ae-4016-9dc1-a5a48e92ad5b,台大醫院附設金山院區_台大醫院附設金山院區,其他
ff18b8b1-0c6f-4d75-8075-2f06f2860889,台大醫院雲林分院虎尾院區_台大醫院雲林分院虎尾院區,其他
3983ad86-dfdc-4918-8fef-045c15ae3532,台安醫院_台安醫院,其他
18ae8dc2-f7c7-4f2b-b2a6-13ef0d1a420a,台安醫院雙十分院_台安醫院雙十分院,其他
fcf8ce75-c870-46de-be6a-240f7a579630,台揚科技股份有限公司_台揚科技股份有限公司,其他
c8ef7669-8c3a-412c-848d-932a56fc3d3d,台新醫院_台新醫院,其他
fa22a8e0-7355-4c88-a360-e13273bc6d92,台朔重工股份有限公司_台朔重工股份有限公司,其他
3e52235f-9ba0-4cdb-a355-53950203ccc7,台東榮民醫院_台東榮民醫院,其他
8dc968a7-f91d-45b0-94de-506a9fbe7527,台東縣延平鄉桃源村社區發展協會_台東縣延平鄉桃源村社區發展協會,其他
49da2f3f-f021-477b-920e-a7d13bb4eda9,台東縣鹿野鄉社區健康促進協會(新豐社區關懷據點)_台東縣鹿野鄉社區健康促進協會(新豐社區關懷據點),其他
413ea073-dacf-4228-bb45-2546b06651d3,台東縣鹿野鄉社區健康促進協會(瑞源社區關懷據點)_台東縣鹿野鄉社區健康促進協會(瑞源社區關懷據點),其他
9015c2e1-f87f-426d-958b-3035fd3ee955,台東耆福長照機構_台東耆福長照機構,其他
c8dbef17-6942-418a-96ae-c7b4ffab9635,台榮產業股份有限公司_台榮產業股份有限公司,其他
300083f5-21a6-435a-a26a-739207b5447d,台橡股份有限公司_台橡股份有限公司,其他
7428cf8d-a0f9-4ce7-a846-6073aa8c2bbe,台灣三得利股份有限公司_台灣三得利股份有限公司,其他
b27ad17a-d9c4-481a-b55f-3d308a9c1a66,台灣三洋電機股份有限公司_台灣三洋電機股份有限公司,其他
14e33303-5249-478a-b082-9c7f79b73e45,台灣三菱電梯股份有限公司_台灣三菱電梯股份有限公司,其他
a0bc8c9a-0299-41ad-a9cd-57dfb9ef2271,台灣中油股份有限公司_台灣中油股份有限公司,其他
e71173d5-6452-44ac-9fa0-a283f45a83b9,台灣佳能股份有限公司_台灣佳能股份有限公司,其他
9c43e7ca-297e-4e84-b215-86f416192e9b,台灣保來得股份有限公司_台灣保來得股份有限公司,其他
34ba5feb-ad65-4bd2-a058-074d3d991711,台灣典範半導體股份有限公司_台灣典範半導體股份有限公司,其他
c38b2207-f0ee-42f2-8230-3e27ba642a83,台灣凸版國際彩光股份有限公司_台灣凸版國際彩光股份有限公司,其他
bc10101d-198c-4f3b-9812-d7bfca8392ac,台灣化學纖維股份有限公司_台灣化學纖維股份有限公司,其他
e9f64fae-6e21-40c8-8b77-b176c1cc44af,台灣半導體股份有限公司_台灣半導體股份有限公司,其他
00421aae-b354-42ca-8f70-e1dc50ed8235,台灣卜蜂股份有限公司_台灣卜蜂股份有限公司,其他
77be5b97-0f24-46f2-967a-9ffe8bbb9082,台灣國際航電股份有限公司_台灣國際航電股份有限公司,其他
2bf8f8d4-05a0-4fd0-bbfb-dae5467c428a,台灣國際造船股份有限公司_台灣國際造船股份有限公司,其他
91350e26-1093-452e-afec-03739f820538,台灣基督教長老教會-東區_台灣基督教長老教會-東區,其他
3f83bc64-37b2-4bca-bf69-4154a319182d,台灣基督教長老教會-麻豆區_台灣基督教長老教會-麻豆區,其他
9219389d-c4eb-41df-9df9-4310cd213aa6,台灣塑膠股份有限公司_台灣塑膠股份有限公司,其他
7756ffa0-b46c-4e60-ba4a-debe97412d42,台灣富綢纖維股份有限公司_台灣富綢纖維股份有限公司,其他
93f7190c-fdcb-4367-8b69-e87d079ae76b,台灣山葉機車工業股份有限公司_台灣山葉機車工業股份有限公司,其他
149cbe0f-69d8-41a8-92c6-0c6261d5ea0c,台灣日亞化學股份有限公司_台灣日亞化學股份有限公司,其他
5e223cd7-7383-4dc0-ae0b-58ff38088124,台灣日立股份有限公司_台灣日立股份有限公司,其他
ced76803-0001-4b0b-abdd-662494a70d56,台灣明尼蘇達礦業製造股份有限公司_台灣明尼蘇達礦業製造股份有限公司,其他
d003d441-5f06-42fe-9490-245fc9c3cca9,台灣晶技股份有限公司_台灣晶技股份有限公司,其他
eea9dc6f-652a-40d3-beaf-c68a2ac47447,台灣本田股份有限公司_台灣本田股份有限公司,其他
ae2e4d57-96a7-485e-8a61-14b003920c8a,台灣村田股份有限公司_台灣村田股份有限公司,其他
8f25813e-e9fe-4908-9945-0256eabdf5fd,台灣東洋藥品工業股份有限公司_台灣東洋藥品工業股份有限公司,其他
f414c014-a2b5-41b9-9050-754bcdbe4197,台灣東電化股份有限公司_台灣東電化股份有限公司,其他
6945f323-6095-4637-af3d-b7a13290d64b,台灣松下電器股份有限公司_台灣松下電器股份有限公司,其他
5e920672-6635-4d7a-bf25-5f701b24b561,台灣松下電腦股份有限公司_台灣松下電腦股份有限公司,其他
9a352f0a-ade2-4674-8bd7-8b2f7b016544,台灣櫻花股份有限公司_台灣櫻花股份有限公司,其他
85413c52-fdb9-4d88-a5a5-5af2a7df0099,台灣氯乙烯工業股份有限公司_台灣氯乙烯工業股份有限公司,其他
0fdcec34-3dd2-48dd-be1a-34f0ff9784cb,台灣水泥股份有限公司_台灣水泥股份有限公司,其他
b07de117-fbfa-4ddf-a10e-60d5fe142c7b,台灣淡水河谷股份有限公司_台灣淡水河谷股份有限公司,其他
08351aeb-d11f-47d8-b60b-b0ab946a8089,台灣漢高股份有限公司_台灣漢高股份有限公司,其他
1175ce75-9806-4f13-af63-c463d2e69da9,台灣瀧澤科技股份有限公司_台灣瀧澤科技股份有限公司,其他
3f8a7f3a-1114-439c-ae5f-054408933937,台灣玻璃工業股份有限公司_台灣玻璃工業股份有限公司,其他
c15233f9-2c92-43fb-ab5c-5d7d0d5894e9,台灣百和工業股份有限公司_台灣百和工業股份有限公司,其他
c1d0e7ba-7e74-4878-bfec-f949c0e2782a,台灣矢崎股份有限公司_台灣矢崎股份有限公司,其他
0505ceb2-da87-436a-9357-82b06fa7b6e4,台灣礦工醫院_台灣礦工醫院,其他
bc28dcd3-0253-46cc-9b3b-96d11de735c6,台灣神戶電池股份有限公司_台灣神戶電池股份有限公司,其他
5894a345-c33f-4a55-8ed8-616fca2f6b48,台灣神隆股份有限公司_台灣神隆股份有限公司,其他
a30db5e4-01df-4e8d-9932-f76942ee1849,台灣福氣社區關懷協會_福氣梧棲日照,其他
5725d590-977a-4891-94e9-153de3199c31,台灣福興股份有限公司_台灣福興股份有限公司,其他
c807e6b2-8f8f-4103-b7e3-28808e19d3be,台灣租車股份有限公司_台灣租車股份有限公司,其他
919934c2-e1ca-4049-870d-9bbf7b99118c,台灣租車股份有限公司-台北市_台灣租車股份有限公司-台北市,其他
15a8ec0a-f98a-46f3-9f98-d74c8ef2c617,台灣租車股份有限公司-高雄市_台灣租車股份有限公司-高雄市,其他
5c728eba-9097-424e-af0a-606349157068,台灣積體電路股份有限公司_台灣積體電路股份有限公司,其他
00287f61-b50f-4f30-88cc-88732c8f14e5,台灣精星科技股份有限公司_台灣精星科技股份有限公司,其他
55ccbc42-04ad-4c77-b287-75b2950b16f1,台灣糖業股份有限公司_台灣糖業股份有限公司,其他
8d8baff4-b5d7-487e-8da2-b7e8d5db24a6,台灣紙業股份有限公司_台灣紙業股份有限公司,其他
d805004f-10a3-4d2e-b9b8-3fcaa0c1abd0,台灣聚合化學品股份有限公司_台灣聚合化學品股份有限公司,其他
d1588d3e-549f-46d5-88f5-826a1e4e147c,台灣肥料股份有限公司_台灣肥料股份有限公司,其他
fab15abb-2223-49da-ba14-b910c2ab02e0,台灣良得電子股份有限公司_台灣良得電子股份有限公司,其他
e22b68ad-b142-42b0-b7c8-10271fa46bb4,台灣苯乙烯股份有限公司_台灣苯乙烯股份有限公司,其他
93fda5d4-a556-4049-bb36-d6341bd64018,台灣華歌爾股份有限公司_台灣華歌爾股份有限公司,其他
a7f1012d-28b4-4cee-b295-b5d91837302b,台灣菸酒股份有限公司_台灣菸酒股份有限公司,其他
b99cbb9b-9c80-49b4-9432-4eaa46cdceb3,台灣表面黏著科技股份有限公司_台灣表面黏著科技股份有限公司,其他
ed18f5f4-91c2-4641-8a5f-55c794e21af8,台灣資生堂股份有限公司_台灣資生堂股份有限公司,其他
de9062e9-19ea-4345-9fe5-e886273907f0,台灣車樂美縫衣機股份有限公司_台灣車樂美縫衣機股份有限公司,其他
046a40f8-0567-486a-93fc-3f64961a43d8,台灣通用器材股份有限公司_台灣通用器材股份有限公司,其他
fa8a3eeb-22a0-40ca-94a2-13467df86ac4,台灣金山電子工業股份有限公司_台灣金山電子工業股份有限公司,其他
a7cdbc80-3c22-4662-ba34-3e0c870c93d0,台灣電綜股份有限公司_台灣電綜股份有限公司,其他
432051f2-4e30-4c97-9284-6e1729397212,台灣麗偉電腦機械股份有限公司_台灣麗偉電腦機械股份有限公司,其他
0d9c0ea1-bbdc-480f-86b6-cc1c2d57f035,台灣麗馳科技股份有限公司_台灣麗馳科技股份有限公司,其他
81dc321f-e3db-4e62-8613-d139e99a7212,台燿科技股份有限公司_台燿科技股份有限公司,其他
bc7349e4-7288-40d0-9f94-31ed8230dcc2,台糖診所_台糖診所,其他
a8c4cac7-4417-44c1-ab7a-96ccf8c38409,台翰精密科技股份有限公司_台翰精密科技股份有限公司,其他
8f9ff3f9-f94a-4a53-a735-4c62ad07bdbf,台耀化學股份有限公司_台耀化學股份有限公司,其他
945e5225-f7e9-454f-9869-b8096eaf1e9c,台虹科技股份有限公司_台虹科技股份有限公司,其他
cba99146-bc30-45a2-b605-252e462f4301,台豐印刷電路工業股份有限公司_台豐印刷電路工業股份有限公司,其他
e7ba2032-61a9-48a1-b40c-e50708ee4516,台達化學工業股份有限公司_台達化學工業股份有限公司,其他
df16ea34-64dd-424c-9d00-3a3589983882,台達電子股份有限公司_台達電子股份有限公司,其他
5f164966-b9bf-4a29-a5f8-ba1bb2861fbe,台郡科技股份有限公司_台郡科技股份有限公司,其他
37d7efaf-d8ba-46c3-a35a-5bb5ad98963d,台鹽實業股份有限公司_台鹽實業股份有限公司,其他
b4da9cb0-f3fa-4167-a6ce-5b4120757e53,四零四科技股份有限公司_四零四科技股份有限公司,其他
763bcf0d-d608-46e9-89c3-8fc99155dea7,尼克森微電子股份有限公司_尼克森微電子股份有限公司,其他
9c47381f-2852-4e5d-b6ac-1629eeb7f17d,巨大機械工業股份有限公司_巨大機械工業股份有限公司,其他
997c744a-7fb9-4edf-989b-384b9bc424de,巨庭機械股份有限公司_巨庭機械股份有限公司,其他
76367016-0b89-425f-ac37-d6a62429e3c1,巨擘科技股份有限公司_巨擘科技股份有限公司,其他
9edd65f4-1ca5-4d4c-ba8a-66156d27a95c,巨騰國際控股股份有限公司_巨騰國際控股股份有限公司,其他
12ca87b8-02b1-44f1-abd2-4ce097600989,巧新科技工業股份有限公司_巧新科技工業股份有限公司,其他
c4aba0a6-4161-4be9-a665-3acf1b75332a,左岸居家長照機構_左岸居家長照機構,其他
4bac4848-3646-4a8c-940b-54bf2e04c80c,左營區雙福社會福利慈善事業基金會_左營區雙福社會福利慈善事業基金會,其他
56d8da89-b21b-4da6-8e64-3d8d1c06f129,市立聯合醫院中興院區_市立聯合醫院中興院區,其他
86e1a72d-3494-4c24-a283-90ca24ebbb3b,市立聯合醫院仁愛院區_市立聯合醫院仁愛院區,其他
03da504c-ef3e-4548-9561-39f4c5d87f3f,市立聯合醫院仁愛院區失智症日間病房(仁鶴軒)_市立聯合醫院仁愛院區失智症日間病房(仁鶴軒),其他
b16504ec-657e-40a3-8b9b-e559f6629ddf,市立聯合醫院和平院區_市立聯合醫院和平院區,其他
b89973e9-c6b1-446e-aeb4-616688949a1e,市立聯合醫院忠孝院區_市立聯合醫院忠孝院區,其他
bb472f46-6d42-4b7a-87a1-949665edd0a1,市立聯合醫院陽明院區_市立聯合醫院陽明院區,其他
e0063577-57ee-4da1-bbc9-cacef18ffd54,市立聯合醫院陽明院區(得憶齋)_市立聯合醫院陽明院區(得憶齋),其他
de913669-eb86-45f7-9d3f-5e7c23f78228,市立萬芳醫院_市立萬芳醫院,其他
e2990e60-2af0-4c02-b381-07478a2e0797,弘光技術學院附設老人醫院日間照護部_弘光技術學院附設老人醫院日間照護部,其他
35f9c9dd-989a-4feb-b614-6253abbc8c2d,弘典內科診所_弘典內科診所,其他
ddcbaa66-550d-4e24-8a2d-48906fce92c6,弘博鋼鐵股份有限公司_弘博鋼鐵股份有限公司,其他
fa009f1c-df67-4c67-b020-e8665b4cb699,弘塑科技股份有限公司_弘塑科技股份有限公司,其他
400fa24e-f18f-4b15-81d7-a4b1bc786b3a,弘德診所_弘德診所,其他
5ea3caaa-0a46-4020-ac22-6e6a6a124942,弘裕企業股份有限公司_弘裕企業股份有限公司,其他
cdd1e5fc-d7df-4c85-a548-55fb0193e74b,弘諭鋼鐵股份有限公司_弘諭鋼鐵股份有限公司,其他
6300ac27-4fd9-4486-a986-998f9fa9daa8,本堂澄清醫院_本堂澄清醫院,其他
c0226fe1-cb60-4610-b10d-f65ef7b43aec,正崴精密工業股份有限公司_正崴精密工業股份有限公司,其他
1e306926-af30-4ad0-82ce-1809c7f3e449,正德醫療基金會_正德醫療基金會,其他
8affce3e-221f-4630-80d2-b10ce5af5f7b,正文科技股份有限公司_正文科技股份有限公司,其他
1b6cd3be-be03-49d0-a960-7538635cc864,正新橡膠股份有限公司_正新橡膠股份有限公司,其他
d08c917a-9627-482b-8037-7a35e54b7122,正方元機械工業有限公司_正方元機械工業有限公司,其他
9c9f9a67-b8ad-42b3-8a8a-6981979887a2,正達國際光電股份有限公司_正達國際光電股份有限公司,其他
fbec6e22-7afb-4762-8114-a7398f5b2b32,正隆化學股份有限公司_正隆化學股份有限公司,其他
8525f96c-bb79-4a1b-9393-bd149d1e970b,民族聯合診所_民族聯合診所,其他
f167a05f-5a9a-47da-ab47-15c1e0e568c9,永信藥品工業股份有限公司_永信藥品工業股份有限公司,其他
95eea170-90e5-4df3-aa16-e3f0c4339afd,永健護理之家_永健,其他
553b13cd-8b9f-4e35-abc9-64f1f808a34a,永冠能源科技集團股份有限公司_永冠能源科技集團股份有限公司,其他
281111a4-6d06-4eb4-a816-c1eaa24b5f8e,永南社區發展協會_永南社區發展協會,其他
c9aad4a1-ead9-44ea-b9f6-8007066b833b,永和振興醫院_永和振興醫院,其他
b5125564-6f55-4e4b-877d-4c20ee3765a7,永和老人養護中心_永和老人養護中心,其他
e3caf66f-a67d-43f7-b0d3-a25e5a744157,永和耕莘醫院_永和耕莘醫院,其他
8cd7971f-9559-4df4-bf1d-977ab540a39a,永大機電工業股份有限公司_永大機電工業股份有限公司,其他
680e48df-ab06-4f21-9ca1-126c16b1a06b,永康榮民醫院_永康榮民醫院,其他
a290bee3-6956-4a90-9a3f-d8b2c45cc204,永德診所_永德診所,其他
2af9cc17-1844-4980-aaa4-70ecc61c5fe4,永承社區長照機構_永承社區長照機構,其他
0b016119-97c2-49e9-920c-851f7cfd1914,永樂活居家長照機構_永樂活居家長照機構,其他
d5b6d295-038d-4328-a921-7a939604a186,永耕老人養護中心_永耕老人養護中心,其他
8add678e-9168-4b11-8950-36ed67b37c81,永耕老人養護中心_永耕老人養護中心,其他
02ea3776-eefb-450b-ab7b-4b6eab90d725,永萣診所_永萣診所,其他
bd5af11d-98d7-4bdf-bd63-7a5754cb6969,永裕塑膠工業股份有限公司_永裕塑膠工業股份有限公司,其他
bb52b016-359a-4cdc-afd8-808e32d15f91,永記造漆股份有限公司_永記造漆股份有限公司,其他
272b355a-71e4-46fc-a047-738f10ded027,永豐紙業股份有限公司_永豐紙業股份有限公司,其他
5edab8e9-6160-4bbb-9ef2-ba9a32f19807,永豐餘工業用紙股份有限公司_永豐餘工業用紙股份有限公司,其他
2e4df9c5-7247-4371-afea-06ddee7edffd,永豐餘投資控股股份有限公司_永豐餘投資控股股份有限公司,其他
870924c7-d13a-4f8a-92d5-7a8d202432b5,永進機械股份有限公司_永進機械股份有限公司,其他
04b48be1-b4ca-4ab1-aabd-9c626b1f72ab,玉晶光電股份有限公司_玉晶光電股份有限公司,其他
19534417-866f-40d6-bcba-70d0a6dc65f3,生命連線協會_生命連線協會,其他
3ece748b-4f17-4264-a1e0-6c064303396d,生達化學製藥股份有限公司_生達化學製藥股份有限公司,其他
8677ef97-92be-4fae-b712-a52f889e57dd,田安診所_田安診所,其他
62b317c7-1e0a-4349-87b3-8848ef76f24d,田源診所_田源診所,其他
35d28f34-89d2-423f-b605-1f36446e0619,申豐化學工業股份有限公司_申豐化學工業股份有限公司,其他
4897c0d9-90d2-4ba3-8969-b15d73a3c0a8,白沙鄉赤崁村社區發展協會_白沙鄉赤崁村社區發展協會,其他
516cb0cf-e2a1-4f7a-b5b0-e16de82ffb3e,石內科診所_石內科診所,其他
f420425c-19b9-4d08-95c2-3f643c80fe1a,石岡老吾老基金會_石岡老吾老基金會,其他
58aade14-a0a5-4b65-b3b9-fb237aa132bf,石門長照接送_石門長照接送,其他
542c9a1e-68a2-4cc0-a6a1-2c32360ba1eb,禾伸堂企業股份有限公司_禾伸堂企業股份有限公司,其他
a6e83bfb-d775-4410-9852-7bc703b0f42c,禾昌興業股份有限公司_禾昌興業股份有限公司,其他
393e31aa-6182-41dc-b2de-2cb15e6e3b37,禾欣骨科診所_禾欣骨科診所,其他
f038f8d8-bba6-46c1-abad-466b31add0aa,禾聯碩股份有限公司_禾聯碩股份有限公司,其他
d9dbdd94-194e-4406-afe7-46eb5fe1610d,立吉長照機構_立吉長照機構,其他
391b12c7-082d-42e2-b8f9-a0aa5b51ec56,立宇高新科技股份有限公司_立宇高新科技股份有限公司,其他
8c782730-8ab7-4832-aa9e-72f37e8baed3,立德電子股份有限公司_立德電子股份有限公司,其他
159aa604-afc8-439c-bfe3-8309bc378dc7,立昕居家長照_立昕居家長照,其他
b0e1ea28-af5d-4b9f-ab0b-6b88f1b22b3d,立益紡織股份有限公司_立益紡織股份有限公司,其他
7a3fc71c-b549-499c-81d7-7fc7e76ea579,立福內科診所_立福內科診所,其他
2ec3c09f-e897-4998-877f-082f63f68689,立端科技股份有限公司_立端科技股份有限公司,其他
648dc2d2-771b-4e80-8c92-75a6c6e5eeea,立達國際電子股份有限公司_立達國際電子股份有限公司,其他
9015bd3d-7579-4cd2-aa9b-731d3061cbd0,立錡科技股份有限公司_立錡科技股份有限公司,其他
798da8df-f9a1-4446-9ffa-322b04221020,立隆電子工業股份有限公司_立隆電子工業股份有限公司,其他
d3d6ed1d-768b-4d48-8154-b329bbb906d1,交泰興有限公司_胡靜怡,其他
34cbb1e6-7a84-45b4-b14a-c986ec9dab10,伊甸園老人長期照顧中心_伊甸園老人長期照顧中心,其他
4c34ed76-c309-4c0b-ba03-1bb4bceaaa64,伊甸基金會交通服務事業處_伊甸基金會交通服務事業處,其他
48fa6215-a347-4b43-ae98-d82910faaa59,伊甸基金會南區資源中心_伊甸基金會南區資源中心,其他
68d89272-4f50-4a91-a9d2-8f29fd460a85,伊甸基金會南區資源中心_伊甸基金會南區資源中心,其他
3bb924f9-8bfb-4cc9-8888-093d919f0825,伍倫惠來養護中心_伍倫惠來養護中心,其他
94e942b6-b561-4a60-91d1-2a0ab341dc94,伍愛長照機構_伍愛長照機構,其他
2fc6166f-8cfa-46a8-b6d1-66be4e1a8720,伍豐科技股份有限公司_伍豐科技股份有限公司,其他
7c5a1dcd-d001-43e3-bdf7-cf0f99be7485,仲琦科技股份有限公司_仲琦科技股份有限公司,其他
3e503be7-1527-4fb2-b319-68495296cba6,光和基金會_光和基金會,其他
3a0427ec-8176-4002-b291-a82d92e48cf3,光國股份有限公司_光國股份有限公司,其他
6d85f045-d5eb-4048-8f8e-fbc77019ac55,光寶科技股份有限公司_光寶科技股份有限公司,其他
9ab50a90-48d1-473d-a63c-89ed4bda3efc,光忠復健診所_光忠復健診所,其他
5ee4e82c-abbd-4089-877f-aa4d2542815b,光明內科診所_光明內科診所,其他
2554f84c-a0aa-4b9b-8375-8af0f74ef8a3,光洋應用材料科技股份有限公司_光洋應用材料科技股份有限公司,其他
efa60844-32be-40f2-8b14-3c09b86d7074,光環科技股份有限公司_光環科技股份有限公司,其他
b87201d3-b8fb-443d-9b01-01a572e4cc17,光田綜合醫院_光田綜合醫院,其他
8371e998-bc3f-470c-8ea0-5d0a1ce21f08,光田綜合醫院大甲分院_光田綜合醫院大甲分院,其他
eb8feea1-5e69-4c79-8e76-fa530ecca441,光田護理之家日間照護(失智型)_光田護理之家日間照護(失智型),其他
02f5926c-9b4e-45d1-a09c-369f07703417,光田醫療社團法人光田綜合醫院：大甲分院_光田醫療社團法人光田綜合醫院：大甲分院,其他
89a167a5-a12d-4a03-b67a-62eab4ce611e,光田醫療社團法人光田綜合醫院：沙鹿總院_光田醫療社團法人光田綜合醫院：沙鹿總院,其他
373b6106-1460-4cbf-a664-20feff600444,光磊科技股份有限公司_光磊科技股份有限公司,其他
f4c65b02-e600-4c83-9d46-8ab42eb4828d,光紅建聖股份有限公司_光紅建聖股份有限公司,其他
e6fe1b0d-957c-4ff8-86d7-f13c3a5acdf5,光群雷射科技股份有限公司_光群雷射科技股份有限公司,其他
f1cf5054-68c2-405f-8e34-9992bc6bb1da,光陽工業股份有限公司_光陽工業股份有限公司,其他
365b185b-0aae-4656-a4b4-de18f0b3ef9d,光陽工業股份有限公司_光陽工業股份有限公司,其他
44d709fb-c493-49aa-a878-3892a25a0b0b,光隆實業股份有限公司_光隆實業股份有限公司,其他
086751db-fb8b-461e-a366-22723d535bfd,兆利科技工業股份有限公司_兆利科技工業股份有限公司,其他
7302c3a1-e57c-421f-a96f-152df6188589,兆如老人安養護中心附設日間照顧_兆如老人安養護中心附設日間照顧,其他
7a61a113-a0ee-4be9-84e0-195aa813ed2f,兆揚內科診所_兆揚內科診所,其他
b0de6e12-90ad-4559-a1b7-a86c5e1e524d,兆祥社會福利慈善協會_兆祥社會福利慈善協會,其他
39172855-6cea-4c4c-868a-283fbe9d93f3,兆赫電子股份有限公司_兆赫電子股份有限公司,其他
23a7279d-38b0-4ed1-afa7-68873627ced9,兆遠科技股份有限公司_兆遠科技股份有限公司,其他
66995957-1aa2-41ba-ad30-d9443d2dbf53,先益電子工業股份有限公司_先益電子工業股份有限公司,其他
8b6a89b0-a8eb-4dc9-9770-ca7034c3f3e4,先豐通訊股份有限公司_先豐通訊股份有限公司,其他
aede56cb-38ce-494a-8fea-ef5784a52ade,全台晶像股份有限公司_全台晶像股份有限公司,其他
5a115da6-ad61-4853-9206-71cfb52d7bbc,全家便利超商股份有限公司_全家便利超商股份有限公司,其他
e70b6978-912f-45d7-8b83-99348cd9b70e,全成社福基金會_春社日照中心,其他
94bcc069-0eec-4356-bb07-f43e70115cb8,全新光電科技股份有限公司_全新光電科技股份有限公司,其他
84d7ff56-0df1-4fdf-8f46-e19ae03dc533,全漢企業股份有限公司_全漢企業股份有限公司,其他
409cecdd-7dad-4844-9204-10f9cf63293e,全生醫院洗腎中心_全生醫院洗腎中心,其他
98070dcb-518e-4c94-89fc-f98c84800204,全興國際水產股份有限公司_全興國際水產股份有限公司,其他
f2d3fff8-4b7e-4647-b339-e593656efab7,全興工業股份有限公司_全興工業股份有限公司,其他
7a9afd87-70eb-478b-bde1-475e134ea706,吉安醫院_吉安醫院,其他
d66de537-1377-40bd-9333-6439b0631777,吉泰內科診所_吉泰內科診所,其他
526e6ac6-39d5-41b8-a424-567bd3129f12,吉祥老人養護中心_吉祥老人,其他
2c81c48f-2da4-4780-865d-f169bc28dd27,吉祥老人養護中心_吉祥老人養護中心,其他
9a1a6215-e28b-4fe9-9582-b042b0292904,同亨科技股份有限公司_同亨科技股份有限公司,其他
db984b7e-0de0-4a3d-967e-299e49f5a5ac,同仁醫院_同仁醫院,其他
c0e1c7d3-44c0-4b33-99eb-b2a4b17a4097,同德養護之家_同德養護之家,其他
95d4b355-dcec-4a1e-85ae-83d55194e5c8,同心診所_同心診所,其他
98b5eb8a-9141-4adc-861b-a34f22ee6162,同欣電子工業股份有限公司_同欣電子工業股份有限公司,其他
96592637-30f6-47f4-ac54-86d58df00230,同致電子股份有限公司_同致電子股份有限公司,其他
b18266ff-4da9-4321-8b84-94a667e2fd8c,名倫養護中心_名倫養護中心,其他
80b413d5-cec9-4e9d-8190-df829e4126f6,名盛實業有限公司_名盛實業有限公司,其他
099fcc29-fb66-4fe2-9078-1e8084d184d3,名硯建設股份有限公司_名硯建設股份有限公司,其他
fecf06aa-e002-4b29-aa24-45a50e101d7f,合勤科技股份有限公司_合勤科技股份有限公司,其他
9b793050-6dc9-4939-babc-11660ab96cf7,合同慈善基金會_合同慈善基金會,其他
beeec250-9e3f-442d-875b-f3a4f8e11d5f,合安診所_合安診所,其他
c481891e-0ada-4c95-913e-10294f15c681,合晶科技股份有限公司_合晶科技股份有限公司,其他
00829e6d-3b8f-401e-969f-74f46163b177,合機電線電纜股份有限公司_合機電線電纜股份有限公司,其他
f4932c53-3f87-4470-bb32-e018a9c64ff1,合濟醫院_合濟醫院,其他
6cf59c53-4602-42ce-bb26-4d08a7d12938,合田診所_合田診所,其他
fbb4118a-24d4-41e7-8ad7-3ed018dd4c51,合眾紙業股份有限公司_合眾紙業股份有限公司,其他
b6ca08b4-d882-4f8e-b28c-b94d2c6e5bd6,合興電線電纜股份有限公司_合興電線電纜股份有限公司,其他
a9bad05f-4033-49ad-afe5-6740e00d5f35,后庄中清福德祠慈善會_后庄中清福德祠慈善會,其他
0dbb3abf-085a-4e17-86e0-6ed0952e78d7,后豐洗腎診所_后豐洗腎診所,其他
4db4c7de-b534-4718-95e8-de18f578fec4,多益得行銷股份有限公司_多益得行銷股份有限公司,其他
7e289d86-b23e-408c-ab05-4bdf145d6734,好伴照顧協會_好伴照顧協會,其他
e77ca5a4-c250-4a84-835b-843793edead8,好日長照陳璟儫_好日,其他
3aeb2ebc-590d-40a5-bd0c-dae72a488319,好生診所_好生診所,其他
21c53ab9-bdb2-4b91-b1c2-1c488066e1b0,如興股份有限公司_如興股份有限公司,其他
b8928d87-f023-4c78-955b-ae1ba35b7055,如邑診所_如邑診所,其他
a449ae9a-6d3d-4866-ac70-b00fcb58c12a,宇瞻科技股份有限公司_宇瞻科技股份有限公司,其他
43175a72-615f-4509-821d-1d8292a33c13,安仁診所_安仁診所,其他
9aee4a99-7d4b-4182-a955-0fbd90ba79d6,安佳長照機構_安佳長照機構,其他
60b87c61-6ff3-457e-8021-0aadc4ed88f1,安勤科技股份有限公司_安勤科技股份有限公司,其他
9cfbcdb4-399b-45ed-aa68-bdf7bda59d9f,安和醫療社團法人安和醫院_安和醫療社團法人安和醫院,其他
e034164f-f655-40e4-8e0d-fd65e99b7d8d,安國國際科技股份有限公司_安國國際科技股份有限公司,其他
93ac8edf-5f65-423f-aea9-37e262a0978f,安庚內科診所_安庚內科診所,其他
ce6daab4-3f4f-40f8-83f0-8186dee834e2,安庚診所_安庚診所,其他
12daa338-d495-4049-bf4c-7660cac254af,安德診所_安德診所,其他
2274ca51-4d42-44e2-a004-53f66c828687,安恩科技股份有限公司_安恩科技股份有限公司,其他
c140ada8-6e9f-4291-a201-1fb4a620160c,安慧診所_安慧診所,其他
641b80cc-4e82-4032-9318-68ad9daaabec,安捷管理顧問股份有限公司_安捷管理顧問股份有限公司,其他
b350eaf6-4257-4bd6-89d5-fc4df5907a92,安新老人長照中心_安新老人長照中心,其他
7de03786-64a4-4158-8d6c-d789b574f105,安新診所-台中市_安新診所-台中市,其他
5af29299-2053-4bbc-8722-c707436987ec,安新診所-新北市_安新診所-新北市,其他
a604a4b5-2b63-40d9-96b6-e9477ce10fcb,安泰老人長期照顧中心_安泰老人長期照顧中心,其他
b4fae116-d14a-4975-bfff-a4ea119b2be1,安泰醫院社團法人安泰醫院_安泰醫院社團法人安泰醫院,其他
457e342b-de2e-40af-9176-0e28898bd574,安益居家護理所_安益居家護理所,其他
7ab18de3-51bb-454e-b371-a88fbfcf1c86,安禾診所_安禾診所,其他
247efe53-454b-49cc-b180-c1f7fd6f21b2,安禾診所-台北市_安禾診所-台北市,其他
656c0e20-81ed-4d8d-a6e1-8125ac276785,安禾診所-桃園縣_安禾診所-桃園縣,其他
3f4df21a-e9f0-429f-81ad-b990219df595,安聯診所-台南市_安聯診所-台南市,其他
4a884122-7793-424a-ac88-82c3fa5f99a9,安聯診所-嘉義縣_安聯診所-嘉義縣,其他
13678a29-5ad8-4253-9930-870912150e37,安道基金會_安道基金會,其他
4f10bad2-b6fc-4d09-83ce-7743700de2e9,安道基金會_魏培依,其他
e4e80141-a0d6-47aa-8afc-b175205f43b6,安養機構_八里教養院,其他
80cbf935-33b5-484a-af2d-dc912859c896,安養機構_三和護理之家,其他
8926fc7f-1c03-4939-a4c4-dd834309e46b,安養機構_土城護理之家,其他
563639d9-76a0-4c79-b111-6a1a1f9c1219,安養機構_大同公托中心,其他
6df52ba3-e9eb-48ab-9366-8dd1d1e1a9d8,安養機構_大心,其他
61f8c8fe-b385-48e2-8af7-ff7cc269a40d,安養機構_大愛護理之家,其他
34764f96-96ef-4ea6-a00f-32df45d982de,安養機構_大林老人養護中心,其他
9ede6651-06de-44bb-9aa2-77a6dcfd1c14,安養機構_大溪護理之家,其他
6bcfbafd-3dfd-4096-91c2-f1476c07e453,安養機構_仁群老人養護中心,其他
664fe863-add9-445c-8ef3-ae71b3f9f8fb,安養機構_仁義護理之家,其他
fed669ec-1f2f-4fae-90f7-ce3bf87e53f9,安養機構_天主教孝愛仁愛之家,其他
2addab0b-623d-4a8f-92a5-407cabc4969b,安養機構_天壇老人養護中心,其他
11483c8a-3475-4a11-bcb7-a0cbc3d38ce7,安養機構_台中久立居家護理所(居家服務),其他
5f0089de-dc7c-4fbf-b3bc-38cdb3c46db6,安養機構_台中市立仁愛之家,其他
6e411cc6-fc4e-4f0b-b676-0726af3c38ae,安養機構_幼安教養院,其他
6df09364-4d42-41c4-9c9b-a7d84c7e2335,安養機構_立穎居家護理,其他
a184bb43-456f-44d8-8157-da71a4f91538,安養機構_伊甸園老人長期照顧中心,其他
89ba927c-b02d-412c-991e-987295d72ea5,安養機構_同德養護之家,其他
a4ceba6a-7962-4e80-8a59-a393d2a2b3a0,安養機構_安家缘,其他
4f876eeb-a828-4e5b-bd91-0266b1d44a60,安養機構_安家缘,其他
67dbe330-4a33-444b-91eb-03d424bedddb,安養機構_安新老人長照中心,其他
40157967-ea8d-4a70-8931-958d2698a9ed,安養機構_旭登護理之家,其他
dd17ddfd-261e-4149-8ccc-f10013282a6b,安養機構_佑安老人長期照顧中心,其他
36048dd6-1761-4dd9-ab57-be51161a77a4,安養機構_沐心老人長期照顧機構,其他
e9e3f9d6-f9f4-418b-8cc9-7309f4043436,安養機構_岡山榮譽國民之家,其他
8aaaeeb1-6d8f-4036-96ae-abb06237b101,安養機構_怡仁護理之家,其他
8d9d1d0f-6e20-4b09-a71e-9a0fde79575e,安養機構_東陽長照中心,其他
33dc3005-44ba-4b8e-b319-826e9e76f3da,安養機構_松和護理之家-青松健康事業,其他
968fdce4-7bea-4c74-b92a-ba58df6a167b,安養機構_長園老人照顧中心,其他
d14feed8-99ad-4cc3-8caf-b891769e1dd0,安養機構_長春老人養護中心,其他
87db8669-4d37-4d66-8798-5261b4ee59c8,安養機構_長春長期照顧中心,其他
915aa7f3-590b-4ca0-9926-146d30eba8e6,安養機構_青松健康集團,其他
12058a24-0cae-4bc7-8820-6717ebc793a7,安養機構_南台養護中心,其他
7f600df6-fe4b-4c2a-9ae4-0e9931c83549,安養機構_春柏安養中心,其他
f6abdb51-383a-47ff-84e5-703af1c73014,安養機構_苗栗社區安養中心,其他
f8e606ba-d2fb-47e7-be93-7f0cc29b9766,安養機構_夏雨惟思養護中心,其他
174647d7-d68e-493a-a071-65ae38eda52b,安養機構_恩澤養護中心,其他
48698d19-e626-4a8c-857a-2e210cef5e01,安養機構_財團法人中華文化社會福利事業基金會附設新北市私立翠柏新村老人安養中心,其他
828b995e-d019-4f39-a1fd-26d948ca3b62,安養機構_高雄山地育幼院,其他
f6a50d4d-738e-4fcb-815b-f2211f99b122,安養機構_高雄榮民之家,其他
8df63889-c6bc-4dd8-9ad5-3585dfe182f0,安養機構_高雄鳳新老人養護中心,其他
ab0d8506-b769-4223-bb0f-4183c643179f,安養機構_健順養護中心,其他
98debf21-fb0c-4f4f-b36c-ca195c1fc441,安養機構_悠活長照中心,其他
f3a73523-6e1d-4ecb-9dfc-6a2527bc0d3b,安養機構_清福養老院,其他
f7e7e540-ce09-443a-948c-dde920132d43,安養機構_清福養老院,其他
1c004095-0223-43eb-879b-685821bb835d,安養機構_祥蕙護理之家,其他
be0e045a-3cc8-4487-bd66-a94193401f82,安養機構_莊敬園長照中心,其他
04dae9cb-a2bc-4ef2-b9f3-22eb37fc814a,安養機構_菩提仁愛之家,其他
e1b04ffe-0db5-41c5-9576-40fcedb4c37d,安養機構_貴族老人長期照護中心,其他
fcd225de-977e-4b2c-833d-06546650152c,安養機構_逸園安養中心,其他
c2bb3922-e05d-43b3-820a-3c51171c94a7,安養機構_雲林永祥老人養護中心,其他
41a7cfff-6ce8-4e3b-9857-3247b3d04f74,安養機構_雲林永祥老人養護中心,其他
bd59c679-7e9f-465c-9512-25182404088b,安養機構_雲鵬長照中心,其他
a051d687-b5f6-4183-869c-3d311a0b3591,安養機構_新竹順順居家護理,其他
d93350df-02d5-47cd-a336-11abeb38df33,安養機構_新竹養護中心,其他
da0bedf0-3925-4c83-8486-87ed0693b8bb,安養機構_瑞祥護理之家,其他
7c1b6424-e691-4730-944d-dfdd77296743,安養機構_嘉義縣私立一心教養院,其他
8c7729be-291f-4ee7-ac4c-3ebff60547b1,安養機構_彰化東明養護中心,其他
00914ef5-06ce-453f-b744-2c78c3e313d0,安養機構_彰化老人養護中心,其他
f22acb76-3673-4e9b-a841-a0809753612f,安養機構_彰化葳群養護中心,其他
be6f0011-4349-4756-ace4-d344663748b5,安養機構_寬福護理之家,其他
eb1e0e59-231e-4ef7-beab-ede35ac1abde,安養機構_廣權護理之家,其他
09a031d4-b665-4f47-8223-3e3b8eec0a5b,安養機構_樂山教養院,其他
5ac6ad56-6d0d-486a-9fb4-31c2488bdd5a,安養機構_頤園護理之家,其他
b4fe785e-26ed-422e-952a-87e196b14f2c,安養機構_龍崎教養院,其他
bbaa6988-9824-4a93-b2e4-1510b8db5523,安養機構_龜山吳木同養護中心,其他
f64e245b-1c5f-483b-92a3-e6f7be60b36b,安養機構_鴻新,其他
7bb1c1fc-3b1e-4570-8baa-8a4d85b1aaa5,安養機構_鴻澄老人照顧中心,其他
dd4e0c77-f125-4dea-b4d0-eaea39fa38a1,安養機構_蘭陽仁愛之家,其他
fa34aad8-261e-4f27-8475-01e34d867ddd,安養機構_馨心養護之家,其他
d958c6d0-c72f-4973-b15b-08943e9f90d6,安馨內科診所_安馨內科診所,其他
cc111d8b-815b-4e3d-957e-00f344965535,安馨嘉義內科診所_安馨嘉義內科診所,其他
d5b1b4b5-2efc-4efd-8df5-2a1cd9b7b9ef,安馨大溪診所_安馨大溪診所,其他
d41f5693-498b-4c3d-8ca4-9d671fa021f7,尖點科技股份有限公司_尖點科技股份有限公司,其他
7302f1a7-9874-4e1d-a5d0-26f70025989a,州巧科技股份有限公司_州巧科技股份有限公司,其他
3ee6dd43-4b1a-41f1-8e1f-820fe20c3739,年興紡織股份有限公司_年興紡織股份有限公司,其他
07d99fa9-d305-477f-95e8-860a94406dc5,成大醫院斗六分院_成大醫院斗六分院,其他
f5a97814-1e66-49f3-b6e8-46521061b18a,成昇實業_成昇實業,其他
a0a2efeb-6b26-468b-bd86-9dde5cad7adf,成民內科診所_成民內科診所,其他
81cfc5a3-27ca-472c-be0f-cddccf821318,成運汽車製造股份有限公司_成運汽車製造股份有限公司,其他
a8f16b23-2571-4bf7-9068-8d43c5cb963b,成霖企業股份有限公司_成霖企業股份有限公司,其他
3c95acf5-f621-4e22-b2cb-c01a08c1b590,旭德科技股份有限公司_旭德科技股份有限公司,其他
4ea95ef5-4c01-4ae1-ac0d-86ba7e419820,旭晶能源科技股份有限公司_旭晶能源科技股份有限公司,其他
00982fd9-9ddd-47be-a1bd-82e9cad14cc9,旭曜科技股份有限公司_旭曜科技股份有限公司,其他
e9c1b700-eaf4-4770-a89f-a8073c5d7877,旭泓全球光電股份有限公司_旭泓全球光電股份有限公司,其他
81555d0a-277e-4894-a5d7-be7647570551,旭隼科技股份有限公司_旭隼科技股份有限公司,其他
3161d3dd-3293-456b-9889-d6f7f8335a89,有春居服長照機構_有春居服長照機構,其他
88ed4b08-2dd6-43ac-b178-b9ac49cc6915,有泓工程有限公司_有泓工程有限公司,其他
7c708406-3881-4187-bee8-a263694e7af4,有益鋼鐵股份有限公司_有益鋼鐵股份有限公司,其他
6e228a95-e5ce-415e-8514-160c509a9f3d,有限責任台中市居家照顧服務勞動合作社_有限責任台中市居家照顧服務勞動合作社,其他
7f5b2112-6564-4220-9ee9-8b080f318636,有限責任高雄市安祥照顧服務勞動合作社-澎湖縣_有限責任高雄市安祥照顧服務勞動合作社-澎湖縣,其他
975cd185-f059-4b4d-868e-ba968615a749,有限責任高雄市安祥照顧服務勞動合作社-高雄市鳳山區鳳頂路_有限責任高雄市安祥照顧服務勞動合作社-高雄市鳳山區鳳頂路,其他
3c076b43-b644-43cc-b02f-21f46b89d470,有限責任高雄市育成照顧服務勞動合作社-高雄市左營區_有限責任高雄市育成照顧服務勞動合作社-高雄市左營區,其他
458f83d3-e4fb-4667-8a4d-d779923212ba,有限責任高雄市育成照顧服務勞動合作社-高雄市鳳山區工協街_有限責任高雄市育成照顧服務勞動合作社-高雄市鳳山區工協街,其他
11a6a340-030e-48f5-b9dc-6cba6a5c54b9,江生診所_江生診所,其他
090dcb8d-2c57-48d4-861a-ac3ef20099a2,百一電子股份有限公司_百一電子股份有限公司,其他
fdb1856b-eb59-4bbc-95a6-f2ff6756599f,百和興業股份有限公司_百和興業股份有限公司,其他
674b2cd1-beae-4585-96c0-72bdfeff8c4e,百略醫學科技股份有限公司_百略醫學科技股份有限公司,其他
492a07a1-0725-4119-84eb-dfd24d0cfb51,百辰光電股份有限公司_百辰光電股份有限公司,其他
3955b57f-dc0c-4714-9dae-792a2069f969,百齡診所_百齡診所,其他
d4c64fd0-e73c-4300-a208-f72c6f9d3adc,竹北安慎診所_竹北安慎診所,其他
dab6d1f9-bd61-4f0f-acfe-94c8fe6934ac,竹北市老人安養中心_竹北市老人安養中心,其他
2b6e35a9-7811-4525-a5c7-c061eaba9596,竹山東華醫院_竹山東華醫院,其他
d1fe26fe-2c3f-48ff-a3f3-224361f35abf,竹山秀傳醫院_竹山秀傳醫院,其他
252e4e40-b8e1-4406-9804-07dbc6cc4375,竹山秀傳醫院_竹山秀傳醫院,其他
147f3d9d-e01e-496f-8838-94d1ecd77656,竹東安慎診所_竹東安慎診所,其他
c7b8076e-6383-4aba-8446-7c46927586ea,竹東榮民醫院_竹東榮民醫院,其他
5fefcacf-220a-4d12-8eb9-16b796bd2f7b,竹東榮民醫院_竹東榮民醫院,其他
dc99a67a-62bf-494b-8948-9f12caa82ed7,米滿綜合長照機構_米滿綜合長照機構,其他
b5fab2cb-14d2-4f77-8bf8-86cef0f1aa35,至善老人安養中心_至善老人安養中心,其他
e4f1a520-6668-41aa-b131-a09433c0162d,至善老人養護中心附設日間照顧_至善老人養護中心附設日間照顧,其他
e8e45294-79d5-43f1-a331-51f72fcb1090,至興精機股份有限公司_至興精機股份有限公司,其他
338e44ea-7b88-47eb-a9c6-16ae4f0e55a2,艾笛森光電股份有限公司_艾笛森光電股份有限公司,其他
180e82ef-259b-4ed9-8bf4-6331c47219ae,艾訊股份有限公司_艾訊股份有限公司,其他
6811cf1c-3697-4c47-85e6-387dc9aa95a3,西北臺慶科技股份有限公司_西北臺慶科技股份有限公司,其他
748e9b6a-6bcb-4126-af61-bfed5264d455,西園醫院_西園醫院,其他
e74d2611-f71a-4af4-974a-b17eedfeace7,位速科技股份有限公司_位速科技股份有限公司,其他
a9373521-adcd-47fa-b058-ef51f63207f2,住華科技股份有限公司_住華科技股份有限公司,其他
2491abba-20c8-40d8-88ff-6f458255f155,佛教慈濟綜合醫院大林分院日間照顧中心_佛教慈濟綜合醫院大林分院日間照顧中心,其他
929316e7-28d0-43a8-88d4-96d7976d64e3,佛教慈濟綜合醫院大林分院日間照顧中心_佛教慈濟綜合醫院大林分院日間照顧中心,其他
918fb36a-7018-4379-8987-60107b18ee7c,佛教慈濟醫療財團法人慈濟醫院_佛教慈濟醫療財團法人慈濟醫院,其他
44a016e5-e58b-463d-a732-e6b3622a5859,佛教普門醫院慢性病分院_佛教普門醫院慢性病分院,其他
8313b2b2-3528-422e-938a-605bd24988f6,何成福德社福慈善基金會_何成福德社福慈善基金會,其他
8c46a336-edeb-4d5a-b15e-c716b4047b6d,佑全診所-台中市_佑全診所-台中市,其他
119ac1dc-02aa-4f34-b50b-d42441331add,佑全診所-台南市_佑全診所-台南市,其他
9f6b79e8-f0d8-4558-9237-86f9fdda6a6e,佑全護理之家_佑全護理之家,其他
00d39d06-7e8c-4554-824f-39f7d90df338,佑城診所_佑城診所,其他
f088dcd4-1ec4-4e68-be5b-c83394a4f596,佑安老人長期照顧中心_佑安老人長期照顧中心,其他
c1ece97a-9144-418f-9f4b-5d6eaad13625,佑強診所_佑強診所,其他
642dab65-56da-4f3c-b34e-16b16e1d743a,佑昇醫院_佑昇醫院,其他
c56d8e4a-5dc7-4216-ae3f-80aaf8322b78,佑欣居家長照機構_佑欣居家長照機構,其他
adfbb25b-b044-49dd-bd3b-48fe4845f4c3,佑民綜合醫院_佑民綜合醫院,其他
1eb03918-2456-4cb3-b3ea-3dc2c76c70c6,伽利基金會_伽利基金會,其他
773ee2ca-d0f5-4164-9e9c-295c558274b6,伸興工業股份有限公司_伸興工業股份有限公司,其他
e2c3cca6-87af-4de8-9fcb-378979766492,利奇機械工業股份有限公司_利奇機械工業股份有限公司,其他
a5e54607-2f63-416c-a12c-fea43cd47af4,利昇益工業股份有限公司_利昇益工業股份有限公司,其他
a7883d83-61ee-4a5e-bcb8-ec70daaba9e2,吳三江內科診所_吳三江內科診所,其他
651f563f-af94-4893-ba6e-5de635bd712e,吳得中診所_吳得中診所,其他
a054e8cd-634b-4fea-bdef-422a79ba485c,吳明修診所_吳明修診所,其他
fa5cbcbe-a5c7-4d56-bc51-4f88ed5f133f,均豪精密工業股份有限公司_均豪精密工業股份有限公司,其他
d8108bf6-60f4-4637-8d08-da51cf78fd13,妙春實業股份有限公司_妙春實業股份有限公司,其他
008f043e-8b4d-49c7-8512-2eaefc2a1299,孝心護理之家_孝心護理之家,其他
e055a353-0652-4ac0-a58c-cbbd10a3be32,孝心護理之家_孝心護理之家,其他
a9d9e7ba-eb5b-477a-ab54-544c02a31c0c,宏亞食品股份有限公司_宏亞食品股份有限公司,其他
e2cabe5d-3acf-41e1-ae76-b90e4dc90a2a,宏仁診所_宏仁診所,其他
fa863617-ccff-433d-8daf-e0cfcbce9d09,宏仁醫院_宏仁醫院,其他
c182b21b-07a1-4656-9fb2-06e3b7ad76b5,宏佳騰動力科技股份有限公司_宏佳騰動力科技股份有限公司,其他
55ffcc8e-2db7-4cd9-9215-43c63c418b0a,宏元診所_宏元診所,其他
16ba9bf2-bc53-4c65-bb2d-9b2f743067fb,宏全國際股份有限公司_宏全國際股份有限公司,其他
5533ebab-ea9a-43a7-8493-9b4848f3024b,宏塑工業股份有限公司_宏塑工業股份有限公司,其他
8c81fbba-5c93-4467-b1cb-aa8c73471872,宏寶國際企業有限公司_宏寶國際企業有限公司,其他
b88beca1-e5fe-40a9-b5dc-c8edf8adf639,宏德診所_宏德診所,其他
5ec06805-7d02-4cc5-b08a-55f34419c37b,宏恩基金會_宏恩基金會,其他
5a686e8a-3ef1-470a-89a5-601db5100294,宏恩綜合醫院_宏恩綜合醫院,其他
c9a1f4ec-e67d-4ece-81b4-5597346903a8,宏林診所_宏林診所,其他
ca8606e9-0066-4778-973b-86c8d207c77e,宏森光電科技股份有限公司_宏森光電科技股份有限公司,其他
58cbf896-5896-4347-ac33-a2c346ed7790,宏正自動科技股份有限公司_宏正自動科技股份有限公司,其他
545ffb22-4afe-4ab1-b876-952d4e365ca4,宏泰電工股份有限公司_宏泰電工股份有限公司,其他
492cc86c-4fda-4dbb-944b-4c9a78a13cf3,宏益纖維工業股份有限公司_宏益纖維工業股份有限公司,其他
689420cc-63e8-431f-999e-45568392f471,宏福診所_宏福診所,其他
86dd3a20-e082-4d30-88a4-d0404ba4cbb3,宏致電子股份有限公司_宏致電子股份有限公司,其他
d9d4fd82-f8fa-457b-a88a-f04a212301b6,宏達國際電子股份有限公司_宏達國際電子股份有限公司,其他
c08cbdbf-4c20-4d49-ac69-77db12a4e7d9,宏遠興業股份有限公司_宏遠興業股份有限公司,其他
94955e40-f625-41f3-b984-5fc1711d8e08,宏醫診所_宏醫診所,其他
61143c9c-ffab-4aa9-b8ce-1edddecb8bb7,宏鑫老人長期照顧中心_宏鑫老人長期照顧中心,其他
6f2f1038-640f-4d6d-a075-2b08628d08ff,宏齊科技股份有限公司_宏齊科技股份有限公司,其他
1acde279-74fa-4036-9791-8c740a99deec,希華晶體科技股份有限公司_希華晶體科技股份有限公司,其他
bd7be39b-ba24-4d95-8523-d013c52be9f2,志一企業股份有限公司_志一企業股份有限公司,其他
2f60a97a-1044-4d61-bdb0-f28c459c83c0,志聖工業股份有限公司_志聖工業股份有限公司,其他
4e932084-87d7-44a9-8801-e6c65f861a14,志豪診所_志豪診所,其他
a7bc41bc-4d6a-4a16-8445-af3973216a62,志超科技股份有限公司_志超科技股份有限公司,其他
5c6140bc-dc68-4ff2-90f5-a50638874874,技嘉科技股份有限公司_技嘉科技股份有限公司,其他
3830eded-d97c-4071-97bc-43e779b7c60d,李一鳴內科診所_李一鳴內科診所,其他
1753e436-12d1-4f85-9d41-3cceaadaa1e3,李綜合醫療社團法人李綜合醫院_李綜合醫療社團法人李綜合醫院,其他
ffb11f07-7fee-4b50-a75c-cb8bab8e8b7d,李綜合醫院大甲分院_李綜合醫院大甲分院,其他
a9a3b324-405d-4395-8f5b-eb38a2a2268d,李長榮化學工業股份有限公司_李長榮化學工業股份有限公司,其他
3e77a36f-2fb1-4cea-bd68-6d88b6174621,李長榮科技股份有限公司_李長榮科技股份有限公司,其他
8ff67793-7be6-4446-9c30-c0791b79a4ff,李龍駒診所_李龍駒診所,其他
d40c8c44-5be0-45f9-a213-ed1afcf7b3a2,杏原診所_杏原診所,其他
057ddb00-2757-4d9d-b3c0-a681bdd5223c,杏和診所_杏和診所,其他
8c9092e5-021e-4bea-a0c6-9378f70e7339,杏心診所_杏心診所,其他
2be64e68-8880-466d-aa03-e88ea5d5e58c,杏福診所_杏福診所,其他
cf316c30-e607-446d-9e5c-b87a3bdd002e,杏豐醫院_杏豐醫院,其他
4a71042e-ee83-46b8-9c88-2a8b7120b887,杏輝藥品工業股份有限公司_杏輝藥品工業股份有限公司,其他
1412d260-c736-4179-ba2c-05a6b4eec0b1,沙鹿宜家診所_沙鹿宜家診所,其他
951bc336-501f-4dd5-abcf-c3a8df295d1b,沅林內科診所_沅林內科診所,其他
a4fe311e-674a-4eda-9566-752c6b0ad2b7,沐心老人長期照顧機構_沐心老人長期照顧機構,其他
60f4a5a7-80c9-4c6b-b897-fa47be92c6a4,沐民診所_沐民診所,其他
434a07f3-40b5-4931-a39d-7f241b593ade,私立同心綜合長照機構_私立同心綜合長照機構,其他
50e280c2-c9b7-488c-80c2-bc292b9de472,私立嘉民養護中心_私立嘉民養護中心,其他
2cf60217-5a87-4e7a-aa1f-68f4059661ec,私立樂見居家長照_私立樂見居家長照,其他
01394129-dc90-45ef-b595-00636ebe608b,私立聖若瑟失智老人養護中心_私立聖若瑟失智老人養護中心,其他
19f117d0-9933-4b70-befd-47ea74313381,秀農診所_秀農診所,其他
3c413132-6d66-4941-9881-1a3963061e72,育堂診所_育堂診所,其他
dee61d8a-b759-4652-8f20-09821988c2a6,育恩診所_育恩診所,其他
fe61e47e-7a2b-4689-91d4-3b114c616178,良維科技股份有限公司_良維科技股份有限公司,其他
48d422b9-900f-4dde-97f9-65728be95821,谷崧精密工業股份有限公司_谷崧精密工業股份有限公司,其他
b923ffe9-4c79-44a9-9790-07044153f868,貝民股份有限公司_貝民股份有限公司,其他
47a1b3fa-172c-4314-8436-73a88d291071,車店仔社區發展協會_車店仔社區發展協會,其他
c45ab689-0584-48e4-be14-131a38887410,車王電子股份有限公司_車王電子股份有限公司,其他
75398b12-8f45-454a-9369-27ea5c9acda1,辛耘企業股份有限公司_辛耘企業股份有限公司,其他
ddb0947f-bcfd-4d34-b79a-e963b2f451ae,辰心居家長照機構_辰心居家長照機構,其他
d3bb62ef-b42c-470a-9e68-7da94e22964f,里仁診所_里仁診所,其他
2621091d-d3de-4661-936e-b7ee9b11f257,亞力電機股份有限公司_亞力電機股份有限公司,其他
1546fac9-fe88-4f5f-be6c-d0e394412f51,亞太診所_亞太診所,其他
80e1f295-4830-4917-a721-883b91cad876,亞崴機電股份有限公司_亞崴機電股份有限公司,其他
e4bb6d24-21f8-40df-b7c5-259f3cf3c896,亞弘電科技股份有限公司_亞弘電科技股份有限公司,其他
472af04c-e91d-402e-aae2-8463d9525340,亞德客國際集團股份有限公司_亞德客國際集團股份有限公司,其他
d3dce143-7f54-4fab-9f29-64d62faa4029,亞旭電腦股份有限公司_亞旭電腦股份有限公司,其他
3f625aaf-a8f4-4161-8e92-e8880c5522c7,亞東紀念醫院_亞東紀念醫院,其他
7665ce6a-2f8e-4c11-8bca-81397083f0cd,亞東預拌混凝土股份有限公司_亞東預拌混凝土股份有限公司,其他
0a897701-df37-430c-8297-9beac36b07a0,亞泰影像科技股份有限公司_亞泰影像科技股份有限公司,其他
0d57f80e-02ee-4ab4-80fe-a0c6c22277e2,亞洲光學股份有限公司_亞洲光學股份有限公司,其他
26da1a1e-1cf3-4f27-84b3-326a9f5fa691,亞洲水泥股份有限公司_亞洲水泥股份有限公司,其他
015e83ed-9bc7-4d1e-9a52-464be281124f,亞洲聚合股份有限公司_亞洲聚合股份有限公司,其他
3b7c9e55-a9eb-4498-a8e8-b85d8a08283b,享樂助居家長照機構_享樂助居家長照機構,其他
08574ddf-b9ed-484a-859d-ce8f1e3b49ba,京元電子股份有限公司_京元電子股份有限公司,其他
b00b36ef-ed48-4d78-80eb-1b7593de2b9a,京冠洗腎診所_京冠洗腎診所,其他
45f0c9a0-3863-4b5d-9937-ac5f296e163f,京冠診所_京冠診所,其他
4fefebe6-eba3-41f6-86f2-20e09e1a10c9,京都商務旅館股份有限公司_京都商務旅館股份有限公司,其他
3bbea62f-0b39-4f39-83c7-4f11317df3d5,京鼎能源科技股份有限公司_京鼎能源科技股份有限公司,其他
25ae5f23-feb3-49db-84c9-6bcbb7ed87b6,佳世達科技股份有限公司_佳世達科技股份有限公司,其他
d284dd8c-bb09-40d8-a518-ff07f50d28f4,佳仁內科診所_佳仁內科診所,其他
5809d830-3766-48a1-a07e-67abb5dc7297,佳仁內科診所_佳仁內科診所,其他
0856a983-ff5c-489c-a27a-c0937b6d7282,佳仁診所_佳仁診所,其他
ebdb9a06-6baa-4d8f-aa40-6b3d5a70a0b1,佳和實業股份有限公司_佳和實業股份有限公司,其他
17db14db-d302-44ab-b7ff-ecb03707549d,佳基內科診所_佳基內科診所,其他
7b4fe0be-61dd-447a-9363-7a5c7e36cc13,佳安內科診所_佳安內科診所,其他
cebdfa02-e297-4159-9bf0-9c754f4f09fa,佳屏診所_佳屏診所,其他
d0761f8d-515c-414a-8d0e-73ffbddee9b0,佳康內科診所_佳康內科診所,其他
e39d90fa-c289-434f-b482-2ad845d73cef,佳德 洗腎內科診所_佳德 洗腎內科診所,其他
04a3e370-c236-4576-8c52-b2daed26ac16,佳必琪國際股份有限公司_佳必琪國際股份有限公司,其他
ea54d686-6121-483d-bca2-b90506b209df,佳新診所_佳新診所,其他
20590385-53fa-466a-a196-dff86d62a2de,佳松護理之家_佳松護理之家,其他
bf902d8c-9b61-40ee-ab55-4ec571a6b8fe,佳格食品股份有限公司_佳格食品股份有限公司,其他
04555ae8-fe3a-43e5-8c72-7dd0cf3f3623,佳楊診所_佳楊診所,其他
83777c0b-4df3-4135-b186-fded6e0d5224,佳永診所_佳永診所,其他
4caf9259-8cd9-43d7-a70d-1cf1bfd5444c,佳生診所_佳生診所,其他
c5a1592c-35ca-4e49-b960-ff0fd88d29fe,佳福診所_佳福診所,其他
6e84b7d1-58e1-427e-9e65-015604888e29,佳義教會附設日間照顧_佳義教會附設日間照顧,其他
ec5279bb-1b70-49de-9b6f-22d7ef8f12c3,佳能企業股份有限公司_佳能企業股份有限公司,其他
277ff4cb-4ea5-460f-b3d4-a45e643e2ae1,佳苗診所_佳苗診所,其他
550f68f3-54a3-4e02-9c4d-6deab6bc6bef,佳醫診所_佳醫診所,其他
2e75fd84-f041-4a27-86ca-4af20945e207,佳里醫療社團法人佳里醫院_佳里醫療社團法人佳里醫院,其他
22cc7d1d-649d-4c78-bd78-4efb9acb7c15,佳龍科技工程股份有限公司_佳龍科技工程股份有限公司,其他
234e7500-3564-4473-9e5c-1e0f7babfe98,佰鴻工業股份有限公司_佰鴻工業股份有限公司,其他
0e0019e2-8646-467e-9776-539ebb8dd72a,佰龍機械廠股份有限公司_佰龍機械廠股份有限公司,其他
112ed925-fb70-403c-b747-795c6ebc4008,協勝發鋼鐵廠股份有限公司_協勝發鋼鐵廠股份有限公司,其他
a1484432-8715-479b-8a79-b3092e0388e3,協建成有限公司_協建成有限公司,其他
62e600fc-4224-416d-b200-87d6c09dfae4,協明化工股份有限公司_協明化工股份有限公司,其他
7e39569a-299d-450f-a393-c8527b8b2a29,協易機械工業股份有限公司_協易機械工業股份有限公司,其他
3b2937b8-5e91-4c59-8053-170436eecdda,協泰國際股份有限公司_協泰國際股份有限公司,其他
44db5ec8-d17d-4a24-a6f4-db3973cfd283,協益電子股份有限公司_協益電子股份有限公司,其他
4d811d20-3b2e-4d82-ab4e-6457bc09b94e,協祥機械工業股份有限公司_協祥機械工業股份有限公司,其他
0311df90-f443-4f2a-bd4d-9c172823a0e1,協禧電機股份有限公司_協禧電機股份有限公司,其他
bed46a9e-c7dc-4dc0-8051-18e04be339b7,協鴻工業股份有限公司_協鴻工業股份有限公司,其他
bdb99589-3404-4887-a1ef-4ed651b1e049,卓醫院_卓醫院,其他
7f881a5e-bf54-4651-ad6f-771f4d123c24,味丹企業股份有限公司_味丹企業股份有限公司,其他
1d25477b-be04-4b4a-9635-0285bf0e3940,味全食品工業股份有限公司_味全食品工業股份有限公司,其他
ae9cdc1b-52a4-417d-85a5-d454b9ebd442,味王股份有限公司_味王股份有限公司,其他
89303f03-f1ce-4038-a6f6-8a02c229f793,和信醫院_和信醫院,其他
5334e6a1-0779-4eb5-929e-1f4906a54175,和喬科技股份有限公司_和喬科技股份有限公司,其他
a8965a21-4781-4b69-8594-816dfdf463e5,和園養護中心_和園養護中心,其他
218d1a75-ab6e-43ce-b8a0-5f07cf068ab1,和大工業股份有限公司_和大工業股份有限公司,其他
893d4743-8f0a-45e7-8eee-9b3d0d17ecf1,和平醫院_和平醫院,其他
5d82e1d3-cfed-4ebb-be3d-a49631221fe1,和成欣業股份有限公司_和成欣業股份有限公司,其他
83f4d5ce-efca-44c8-a137-cc39c058e453,和桐化學股份有限公司_和桐化學股份有限公司,其他
202bd344-f2d8-45cc-92f2-75aaeadb2dd0,和泰內科診所_和泰內科診所,其他
b13c6647-ce9a-4bdd-a254-195cdc21d7d4,和益化學股份有限公司_和益化學股份有限公司,其他
7642f38e-9273-4748-9587-ba94e85e6c11,和碩聯合科技股份有限公司_和碩聯合科技股份有限公司,其他
5982baab-7151-427a-ba1b-e5e6e5b24bbd,和群交通有限公司_和群交通有限公司,其他
a9981852-740c-420b-b03e-7f86c85e1987,和鑫光電股份有限公司_和鑫光電股份有限公司,其他
484ebaf3-5362-4ad7-9846-6a08055a45f5,固緯電子實業股份有限公司_固緯電子實業股份有限公司,其他
a76b7450-964b-420d-92e4-a5a6b0734824,奇力新電子股份有限公司_奇力新電子股份有限公司,其他
c5d8b740-f6f3-4e22-817d-abc6025d6605,奇景光電股份有限公司_奇景光電股份有限公司,其他
5577a16c-d62d-4a45-b541-ba0da23b1a62,奇景光電股份有限公司_奇景光電股份有限公司,其他
be8b1b5e-6f84-4975-b220-eabf65341a9c,奇美實業股份有限公司_奇美實業股份有限公司,其他
95184657-241c-433a-b7c0-ef289fc78bfe,奇美材料科技股份有限公司_奇美材料科技股份有限公司,其他
f8992464-b11b-4fbc-a5c4-a05b7e0becde,奇菱光電股份有限公司_奇菱光電股份有限公司,其他
6b11629e-bdc9-4038-b300-aa4a6bdaa0ac,奇鋐科技股份有限公司_奇鋐科技股份有限公司,其他
090dd625-1223-420e-ad40-0d5dbd2b6133,孟申機械工廠股份有限公司_孟申機械工廠股份有限公司,其他
b3055760-54ee-467d-b45f-3b6c9076c63a,定穎電子股份有限公司_定穎電子股份有限公司,其他
f81924a6-0c56-4e01-b308-23df8cabceb8,官田鋼鐵股份有限公司_官田鋼鐵股份有限公司,其他
64cb636d-43fd-45ff-b56a-d4596b64f74b,宜家老人長期照顧中心_宜家老人長期照顧中心,其他
ec751906-fbd1-4fba-b538-f246276174b7,宜暘診所_宜暘診所,其他
9debb744-01fc-4f90-8f44-5631a7017909,宜聯鋼鐵股份有限公司_宜聯鋼鐵股份有限公司,其他
90265533-3f45-4769-9ee0-cf3d799f99f7,宜蘭縣康復之友協會附設社區復健中心_宜蘭縣康復之友協會附設社區復健中心,其他
d0b702c8-17ce-4cf7-be05-bfca1293b408,宜蘭縣私立聖方濟老人長期照顧中心_宜蘭縣私立聖方濟老人長期照顧中心,其他
d0bd9c30-8686-464d-8486-ba66e79dfc83,宜蘭陽明醫院_宜蘭陽明醫院,其他
48062128-abb9-47dc-9714-689e699d12d0,宜進實業股份有限公司_宜進實業股份有限公司,其他
2ef0dd65-7ed7-425b-b38f-a7de3ce4a822,宜鼎國際股份有限公司_宜鼎國際股份有限公司,其他
f65e0eed-bc5c-4c79-a07a-dc893f5dcec1,尚多企業股份有限公司_尚多企業股份有限公司,其他
b58c752a-5221-4c97-b1bc-bb38982d52c5,尚德養護_尚德養護中心,其他
6d64bd22-ad6d-49a2-a6b8-9454a2b5b7b5,尚德養護中心_尚德,其他
92a462dd-4937-4e39-92ff-e21b4383e673,尚志半導體股份有限公司_尚志半導體股份有限公司,其他
8f09fb36-80e0-465e-bc9e-bb1a74974402,尚清診所_尚清診所,其他
f754183d-15f9-4c20-a1ab-0c06c9adadc8,尚群診所_尚群診所,其他
72146c43-f201-4b64-b5e6-1757b51045e5,居恩長照機構_居恩長照機構,其他
533bf5b0-a9dd-47d2-8651-d1d5250f6179,居易社區長照機構_居易社區長照機構,其他
27bd8c05-b7fd-4fc5-b010-7f925090bf2c,岡山內科診所_岡山內科診所,其他
a454e5d6-820a-424f-926d-f4935a4fb1e2,岱宇國際股份有限公司_岱宇國際股份有限公司,其他
804c8a62-cf8c-47a8-9663-7b35de88a1ba,岱稜科技股份有限公司_岱稜科技股份有限公司,其他
359aa31c-e758-4edc-bbc5-ee11669b0e63,岳豐科技股份有限公司_岳豐科技股份有限公司,其他
6707db82-4c3b-4ebc-a2d5-bda44a83dcd0,帛漢股份有限公司_帛漢股份有限公司,其他
75713b10-a412-40d0-869a-8dd90bdb501d,幸安診所-新北市_幸安診所-新北市,其他
74493a1d-2eb6-45f8-a243-365d8003a4f6,幸安診所-高雄市_幸安診所-高雄市,其他
4ac53ea5-6870-4239-b734-43c24378d051,幸福水泥股份有限公司_幸福水泥股份有限公司,其他
9f8f31de-dc65-466c-9a94-2835b0a18067,府前社區長照機構_府前社區長照機構,其他
77ed5398-44f7-4285-8f8f-8f21e1b4e535,怡仁診所_怡仁診所,其他
68122707-6d10-4b6c-a402-d3e986fde0cd,怡仁護理之家_怡仁護理之家,其他
911987b8-f8b1-4cb0-8145-9151628ff38b,怡利電子工業股份有限公司_怡利電子工業股份有限公司,其他
e53ede60-2297-4be8-83b8-47d7909e223d,怡和醫院_怡和醫院,其他
472f4a0b-815a-4728-a155-5f1fd9536eef,怡園養護中心_怡園養護中心,其他
e126e86f-0c73-4685-a520-4c4f516e345d,怡安診所_怡安診所,其他
20f6cd8b-aa42-42a0-8fe4-cb0d753b9301,怡德診所_怡德診所,其他
57e5f65e-6f84-4aeb-ba7d-b8a9831cdbc1,怡德長照_怡德,其他
cb4c3f69-37f4-4afe-96b3-726fa02e4a0d,承啟科技股份有限公司_承啟科技股份有限公司,其他
6ab3205a-3a9b-420e-bbd3-ab332ae106bc,承安聯合診所_承安聯合診所,其他
ecf4bcc9-1c80-4254-9d5e-be9723401432,承德油脂股份有限公司_承德油脂股份有限公司,其他
abb19c05-2884-41f6-b07f-038f7e046ab6,承新診所_承新診所,其他
17c43266-1627-44c7-a29c-bb11dea2c18d,拓凱實業股份有限公司_拓凱實業股份有限公司,其他
a64c5bcb-c5c8-49a1-a903-5c973495255d,旺宏電子股份有限公司_旺宏電子股份有限公司,其他
1c1dfced-3d15-4461-9378-7879342342ea,旺矽科技股份有限公司_旺矽科技股份有限公司,其他
ee0b0d32-79d4-4047-9ab5-28e5f21c2036,旺詮股份有限公司_旺詮股份有限公司,其他
ac1a18fe-3087-4e88-aeb9-7d8f93d6fdd9,易而安生醫股份有限公司_易而安生醫股份有限公司,其他
9e519282-bf34-46ed-9605-05d48c30ef37,昆盈企業股份有限公司_昆盈企業股份有限公司,其他
a4474fbd-9f11-4529-85a1-bb2246161ee9,昂寶電子股份有限公司_昂寶電子股份有限公司,其他
a28660d5-8802-4868-83f7-55d25faa797f,明佳居家護理所_明佳居家護理所,其他
6c7790b8-d7c6-439f-9bc2-2383d40a12bb,明佳居家護理所_明佳居家護理所,其他
93f63b0e-b57b-49c9-ae28-c0d0c59a9189,明依安養中心_明依安養中心,其他
a6b32307-b391-4fca-a527-b22518e38c0c,明基材料股份有限公司_明基材料股份有限公司,其他
628962ba-4e6d-4c5d-acfd-4df4656a0da4,明安國際股份有限公司_明安國際股份有限公司,其他
4786c71b-139b-4e66-badb-c9f325385fc2,明泰科技股份有限公司_明泰科技股份有限公司,其他
661d91a4-5124-4518-88cc-5ed7517d8b1a,明港診所_明港診所,其他
b3c55a0a-8560-4f3f-b332-5ba89e9db914,昕安內科診所_昕安內科診所,其他
314f3a33-d72c-4259-9a13-b783367f2fbc,昕隆診所_昕隆診所,其他
e3286e3e-eca9-4cdc-981a-89f3725f9a4b,昇岱實業_昇岱實業,其他
219bb2b2-c979-496d-940b-27378fbe1987,昇興國際運通有限公司_昇興國際運通有限公司,其他
56e1ff28-46ca-4b0d-8740-597cf594caed,昇貿科技股份有限公司_昇貿科技股份有限公司,其他
6204e232-83f9-4764-aecc-a34b98dc3581,昇陽光電科技股份有限公司_昇陽光電科技股份有限公司,其他
8fccd5d6-309e-4ac5-88cf-594ec5cdf3df,朋程科技股份有限公司_朋程科技股份有限公司,其他
afd0464d-9a6e-4f7d-9d28-e568e27c2fe3,枋寮醫院_枋寮醫院,其他
2466db82-5790-46a2-b704-a54d1750af43,東三積體電子股份有限公司_東三積體電子股份有限公司,其他
1dd5ffd9-c097-453d-b5cb-456e8b5975fa,東元綜合醫院附設崇德護理之家_東元綜合醫院附設崇德護理之家,其他
c9cc3692-3fe2-4e23-811f-3f32e2ac3846,東元電機股份有限公司_東元電機股份有限公司,其他
6eb5a903-490d-4965-89e5-8d213d495e75,東勢區農民醫院_東勢區農民醫院,其他
f59275f9-0d9d-4e51-8504-fcac2dc6f369,東勢協和醫院_東勢協和醫院,其他
d3ed4080-c788-490d-a4a2-fa4ada2b8e90,東勢弘毓基金會_東勢弘毓基金會,其他
a7e487c8-0d2d-412d-83d8-1b94f1b6536c,東勢蔡外科診所_東勢蔡外科診所,其他
ae256381-5c50-4699-a568-a072220b92e8,東南水泥股份有限公司_東南水泥股份有限公司,其他
1c9896aa-ab3d-4d13-b4dc-b39849d88750,東又悅企業股份有限公司_東又悅企業股份有限公司,其他
3c902196-1abb-4e0b-bb21-908b00ed46e6,東友科技股份有限公司_東友科技股份有限公司,其他
e481d7cb-fe0a-4abd-8cfb-9e2264827924,東台精機股份有限公司_東台精機股份有限公司,其他
3c91a736-67a9-477a-9fea-00e818c3b681,東和鋼鐵股份有限公司_東和鋼鐵股份有限公司,其他
b81d45a1-159e-471c-9232-6d2ca2f628e3,東培工業股份有限公司_東培工業股份有限公司,其他
bbf537c1-c863-4355-b8f3-46d0250c81cd,東基醫療財團法人台東基督教醫院-延平鄉_東基醫療財團法人台東基督教醫院-延平鄉,其他
85a3ab93-1b56-449d-a730-f3a57f33ab13,東基醫療財團法人台東基督教醫院-鹿野鄉_東基醫療財團法人台東基督教醫院-鹿野鄉,其他
8feb5a48-8315-4bb8-8b12-1548fd8fda97,東宜長照_東宜,其他
c0eb8717-0829-4b4f-aa7c-0199124af61c,東峰股份有限公司_東峰股份有限公司,其他
abdc240a-a943-4184-9a08-1a93356de6ba,東徽企業股份有限公司_東徽企業股份有限公司,其他
c586ecc2-c91b-45f9-8e45-eb0432489eb6,東成診所_東成診所,其他
4b4f5696-9d25-4c68-a69c-d792ac7a1dc7,東捷科技股份有限公司_東捷科技股份有限公司,其他
7dac1f00-45c8-48c8-b3a7-b88d14cf4ce4,東晨診所_東晨診所,其他
22c66a14-9e54-4da2-8c17-a8ce4db5dc52,東洋護理之家_東洋護理之家,其他
b5f2b6e4-6151-4ea7-b1bb-39041e686d89,東浦精密光電股份有限公司_東浦精密光電股份有限公司,其他
47feae8e-edbf-439c-87e5-a38020589e5d,東港安泰醫院_東港安泰醫院,其他
d0024f9c-9b31-4e62-abd3-e5eb36b23db1,東湖教會_東湖教會,其他
c715b368-b9a4-4645-a00d-56d89b70d20f,東盟開發實業股份有限公司_東盟開發實業股份有限公司,其他
713e2e37-69d2-4034-a5c8-833f95c1289a,東碩資訊股份有限公司_東碩資訊股份有限公司,其他
30524c23-3a2b-4e36-9653-a959127fdeac,東聯化學股份有限公司_東聯化學股份有限公司,其他
b351c50f-d950-4bb7-9e35-0232dcf60110,東華合纖股份有限公司_東華合纖股份有限公司,其他
51f08864-e4eb-4dce-93af-3bda9a3c5d9e,東訊股份有限公司_東訊股份有限公司,其他
34b417d5-47a5-483e-af43-d5e444312c22,東豐纖維企業股份有限公司_東豐纖維企業股份有限公司,其他
b52ecd5b-e79a-4061-af6e-b5fa12831ee2,東貝光電科技股份有限公司_東貝光電科技股份有限公司,其他
75b21442-72f9-4c22-b6af-ec71b2eb7a8c,東鋼鋼結構股份有限公司_東鋼鋼結構股份有限公司,其他
467f808a-7291-494e-aab5-72ce3d9fb419,東陽實業廠股份有限公司_東陽實業廠股份有限公司,其他
398057c2-625d-48c0-a4fa-9ce471fb841b,東陽診所_東陽診所,其他
fff52e29-bc0e-4a8a-978d-e6b164458a89,東陽長照中心_東陽長照中心,其他
9d233b1d-9cb3-4c1d-878f-cce7f02bc67e,東隆五金工業股份有限公司_東隆五金工業股份有限公司,其他
bc714a50-f1c8-4bec-b7b6-1409d0a55cfe,東隆興業股份有限公司_東隆興業股份有限公司,其他
d4b01359-b2c4-46f3-a607-97f5a291b611,東雅電子股份有限公司_東雅電子股份有限公司,其他
e13810c3-7499-4d1e-bd9a-f7fadbe97686,東雲股份有限公司_東雲股份有限公司,其他
9780f2af-553c-4b85-81fd-5c604a40222c,枝茂社會福利慈善事業基金會_枝茂社會福利慈善事業基金會,其他
d3ee432b-7309-4c95-9b68-14d7fe5ee346,林修哲內科診所_林修哲內科診所,其他
ec333b5e-3e97-4c9f-8e62-ad6deaceef58,林原瑩骨科診所_林原瑩骨科診所,其他
42d70dc5-84b9-48b5-82c6-b2ffbb31c0a8,林建任內科診所_林建任內科診所,其他
ecf38517-9e09-4cc7-97c6-68d7c9e950bd,林蘭生基金會_林蘭生基金會,其他
b2658bd5-053d-4fa3-86d4-16701ad5d0d8,林蘭生基金會_林蘭生基金會,其他
658e02d5-8c7c-49e7-94d2-6035f0477ebc,林蘭生基金會_林蘭生基金會,其他
92886503-d934-4091-b90f-8a4c18bdd65f,板新醫院_板新醫院,其他
e03884cb-934f-4bcb-a585-2f0e0da04e98,松上電子股份有限公司_松上電子股份有限公司,其他
68060545-e2d7-44b6-b33d-d7a0a62ff7bb,松和工業股份有限公司_松和工業股份有限公司,其他
47c62e0d-66a4-4f27-bd98-fc7cf007b4f7,松和護理之家-青松健康事業_松和護理之家-青松健康事業,其他
f190d8c0-2d11-4fd8-8cad-08ad8216f9ea,松普科技股份有限公司_松普科技股份有限公司,其他
96c1c83f-67c1-4b70-8bb9-a5af7ca5cb61,松柏園老人養護中心_松柏園老人養護中心,其他
8c81e050-027b-4693-b38f-35bff29172e0,松柏長照_松柏長照,其他
cf61cd51-0991-48ba-83c2-0f6291ffd386,松禾大溪診所_松禾大溪診所,其他
1b37cef0-554f-42c8-9f73-4d081dd93e16,松禾診所_松禾診所,其他
ceff3a82-714d-4a62-9783-310a39a500bf,松翰科技股份有限公司_松翰科技股份有限公司,其他
8a74d9f1-adaf-4016-9860-8bc47af12efe,欣仁診所_欣仁診所,其他
2dcb6434-a8a5-4328-988e-7cdfa725c04e,欣姿診所_欣姿診所,其他
27087446-5fd4-4959-b01b-d8a813eccda4,欣建工業股份有限公司_欣建工業股份有限公司,其他
6cacb5b6-1837-4107-975c-e19e15ce68ba,欣德長照 國光日間照顧_欣德長照 國光日間照顧,其他
6577c70c-8f65-4a94-b3fb-05cd9117e620,欣禾診所_欣禾診所,其他
6fa5abda-e361-4a81-98eb-600f372a5707,欣興電子股份有限公司_欣興電子股份有限公司,其他
f4a9cff3-65bf-4707-8407-ff11fe737876,欣銓科技股份有限公司_欣銓科技股份有限公司,其他
10c47d09-4528-4292-a59f-ebb6661e9ea6,武明山慈善會_武明山慈善會,其他
ec010c2c-8085-4f82-8e58-3e9c87162811,波若威科技股份有限公司_波若威科技股份有限公司,其他
e950e6f4-07f8-4d9b-a924-ddf1c855a9f8,油機工業股份有限公司_油機工業股份有限公司,其他
e66f5c64-0eb7-4073-b23b-bc3df08b4849,炎洲股份有限公司_炎洲股份有限公司,其他
8156b853-1ba4-45cb-9df2-5cbcec746c40,牧東光電股份有限公司_牧東光電股份有限公司,其他
34bbefb6-a419-4f50-9180-fe358bfeb6ed,玫園護理之家_玫園護理之家,其他
a3b200b5-e949-4ebb-bc8d-71784e22fc4f,矽創電子股份有限公司_矽創電子股份有限公司,其他
9cda5e8a-2616-4721-b307-581f21bcf3c7,矽力杰股份有限公司_矽力杰股份有限公司,其他
a9bd5155-4549-4c46-8514-9950441f28f4,矽品精密股份有限公司_矽品精密股份有限公司,其他
b65b5e3d-4497-4299-995e-37bae92fa291,矽成積體電路股份有限公司_矽成積體電路股份有限公司,其他
aa404cc4-5940-4acb-ac54-a9e121958156,矽格股份有限公司_矽格股份有限公司,其他
74d4afa3-ccac-4843-9133-4c119eeaa8ad,社團法人中華培愛全人關懷協會_社團法人中華培愛全人關懷協會,其他
ddb7b9a8-bb36-4de1-bb60-3138503adabf,社團法人中華民國基督教女青年會協會台灣省台南市支會_社團法人中華民國基督教女青年會協會台灣省台南市支會,其他
b0cd5d8e-88f1-4996-8a1c-7b1689daf6bf,社團法人中華民國照顧服務員專業發展協會_社團法人中華民國照顧服務員專業發展協會,其他
436f4146-cd26-4161-95e8-3b6faea887d2,社團法人中華民國紅十字會台灣省台中市支會_社團法人中華民國紅十字會台灣省台中市支會,其他
bbdaaff3-5cfc-486a-9ad0-4777dd1ac3f0,社團法人中華民國紅十字會台灣省新竹縣支會-新竹市_社團法人中華民國紅十字會台灣省新竹縣支會-新竹市,其他
fa80638e-9af3-4127-abe8-86c903a2e450,社團法人中華民國紅十字會台灣省新竹縣支會-新竹縣_社團法人中華民國紅十字會台灣省新竹縣支會-新竹縣,其他
7fb331ed-238c-4d1d-93e3-5973b3a33620,社團法人中華民國紅心字會_社團法人中華民國紅心字會,其他
a08aa38c-94e2-4778-88a3-25ff6ddbec0e,社團法人中華雲鵬展鴻協會_社團法人中華雲鵬展鴻協會,其他
5dc52328-c5c5-47c4-a3e9-d26b062c1e3c,社團法人原住民老人長期照顧暨婦幼受暴緊急安置發展關懷協會_社團法人原住民老人長期照顧暨婦幼受暴緊急安置發展關懷協會,其他
3542bd23-11c2-4758-ba39-f203ba15ff86,社團法人台中市大恆樂齡協會_社團法人台中市大恆樂齡協會,其他
d7583354-ec95-4762-9b2f-38794f7484aa,社團法人台中市大恆樂齡協會_社團法人台中市大恆樂齡協會,其他
53e0bcd5-25cb-427f-8654-1b79ea6d7d15,社團法人台北市永健長青促進協會_社團法人台北市永健長青促進協會,其他
69e13de8-5641-4d7a-a51e-f020be66170c,社團法人台灣省國際獅子會第八聯合會_社團法人台灣省國際獅子會第八聯合會,其他
f866574e-7c46-4428-a312-6afe66d918a1,社團法人基隆基督教青年會_社團法人基隆基督教青年會,其他
5e69ff9c-538c-499c-8a7c-97828e4bd787,社團法人屏東縣聖佳照顧關懷協會-竹田鄉_社團法人屏東縣聖佳照顧關懷協會-竹田鄉,其他
4719327c-a36c-4204-8bde-1c137cd933c7,社團法人屏東縣聖佳照顧關懷協會-萬巒鄉_社團法人屏東縣聖佳照顧關懷協會-萬巒鄉,其他
451e5f3d-be58-462d-a850-91b5c68c5ca1,社團法人屏東縣聖佳照顧關懷協會-萬巒鄉_社團法人屏東縣聖佳照顧關懷協會-萬巒鄉,其他
12b0f91a-a485-4443-86ff-6814c8f1d6d6,社團法人彰化全人照顧專業整合協會_社團法人彰化全人照顧專業整合協會,其他
f2bbc946-5b62-4f06-b902-e80cf27b152c,社團法人彰化縣鹿港鎮洋厝社區發展協會_社團法人彰化縣鹿港鎮洋厝社區發展協會,其他
e63844d6-47c6-4841-a385-48ce7a3a2641,社團法人新北市康復之友協會附設心橋工作坊_社團法人新北市康復之友協會附設心橋工作坊,其他
55938cfc-c99c-4e61-8f63-585ee642b66b,社團法人新北市康復之友協會附設新莊工作坊_社團法人新北市康復之友協會附設新莊工作坊,其他
307c4cde-596d-48d8-b948-34883e6e9bf8,社團法人新北市身心障礙者福利促進協會_社團法人新北市身心障礙者福利促進協會,其他
6d0614f4-dad9-405e-bde6-14e947b8811b,社團法人新北市身心障礙者福利促進協會(板橋大同社區照顧中心)_社團法人新北市身心障礙者福利促進協會(板橋大同社區照顧中心),其他
b8525f01-3c3e-413f-a6de-ad08be1ba03b,社團法人新北市身心障礙者福利促進協會-新莊愛活樂園日間照顧中心_社團法人新北市身心障礙者福利促進協會-新莊愛活樂園日間照顧中心,其他
620e51d4-0a9a-401e-ba11-51276cad9344,社團法人桃園市加利利愛鄰全人關懷協會（市府靈糧堂）_社團法人桃園市加利利愛鄰全人關懷協會（市府靈糧堂）,其他
dfea586b-da0a-412d-add0-7471d8378d3b,社團法人澎湖縣照顧服務協會-湖西鄉_社團法人澎湖縣照顧服務協會-湖西鄉,其他
dcacaa99-b61f-48af-8eb0-28878118f4d7,社團法人澎湖縣照顧服務協會-馬公市介壽路_社團法人澎湖縣照顧服務協會-馬公市介壽路,其他
0bea4744-9779-4966-aefd-acb0945267b6,社團法人澎湖縣照顧服務協會-馬公市同和路_社團法人澎湖縣照顧服務協會-馬公市同和路,其他
92048dd0-b58b-4b29-9a92-e203087e5e09,社團法人臺中市東勢農民老人會(臺中市東勢區新盛社區發展協會)_社團法人臺中市東勢農民老人會(臺中市東勢區新盛社區發展協會),其他
0204b594-77e7-4fb1-a344-7055eaf0b139,社團法人臺南市以琳之家關懷協會(蕭瓏老人日照中心)_社團法人臺南市以琳之家關懷協會(蕭瓏老人日照中心),其他
cf77bd2f-fd35-4440-9f4e-9cef747b7e77,社團法人臺南市全人照護協會-新營區_社團法人臺南市全人照護協會-新營區,其他
73ca112e-34ba-4c8c-9e6d-f731df682235,社團法人臺南市全人照護協會-麻豆區_社團法人臺南市全人照護協會-麻豆區,其他
b906dafc-e23a-441c-9f83-a8132e04dc3b,社團法人臺南市容愛關懷服務協會_社團法人臺南市容愛關懷服務協會,其他
c7ca08fc-d71a-48b5-9f5d-acaf61a366e8,社團法人臺南市福慧社區照護關懷協會_社團法人臺南市福慧社區照護關懷協會,其他
32664b31-1944-421e-8552-5c07e278b51a,社團法人臺東縣天主教愛德婦女協會_社團法人臺東縣天主教愛德婦女協會,其他
58c55d5e-8773-42b4-af8b-6c9bcd2636ae,社團法人臺東縣天主教愛德婦女協會-崁頂社區關懷據點_社團法人臺東縣天主教愛德婦女協會-崁頂社區關懷據點,其他
6526fd8e-366d-4aed-ba7b-0ffbf2ce3a92,社團法人臺東縣天主教愛德婦女協會-廣原社區關懷據點_社團法人臺東縣天主教愛德婦女協會-廣原社區關懷據點,其他
4a055d35-a732-42e7-bca5-900ee3e4a570,社團法人臺灣盲人協會_社團法人臺灣盲人協會,其他
6c99321b-e496-47ea-9fbd-3472febea1ab,社團法人臺灣高齡照顧協會_社團法人臺灣高齡照顧協會,其他
09d9d7a2-2678-4312-919e-b319913855c2,社團法人花蓮縣家庭照顧者關懷協會_社團法人花蓮縣家庭照顧者關懷協會,其他
5bbe1736-5875-42e2-9e35-00d5c39fd048,社團法人花蓮縣老人暨家庭關懷協會-新城鄉_社團法人花蓮縣老人暨家庭關懷協會-新城鄉,其他
edba72c3-9c89-454f-a7f7-eb276aad2861,社團法人花蓮縣老人暨家庭關懷協會-花蓮市_社團法人花蓮縣老人暨家庭關懷協會-花蓮市,其他
7e8a9250-c33f-41fe-a9bc-7c7aa1f38698,社團法人陽光滿滿協會_陽光滿滿協會,其他
c7d1bedd-3492-4058-9774-a5d1b1d932f5,社團法人雲林縣復健青年協進會-北港鎮新東街_社團法人雲林縣復健青年協進會-北港鎮新東街,其他
5e22e62f-bf08-437a-85a5-fd5b4155b019,社團法人雲林縣復健青年協進會-北港鎮穎寧街_社團法人雲林縣復健青年協進會-北港鎮穎寧街,其他
287aa96d-6411-4aad-895d-c9e9c86bcd57,社團法人雲林縣復健青年協進會東勢鄉_社團法人雲林縣復健青年協進會東勢鄉,其他
59fb55d0-dbc5-4dea-babf-8e7d718ff6da,社團法人高雄市天祥宇宙聖道會_社團法人高雄市天祥宇宙聖道會,其他
9b8fa2db-6d06-4b60-aec5-d6a92d53c735,社團法人高雄市康復之友協會附設私立仙人掌社區復健工作坊_社團法人高雄市康復之友協會附設私立仙人掌社區復健工作坊,其他
616136bc-0d4c-4b2c-860a-5ddd3a4a41c1,社團法人高雄市心理復健協會附設喜福社區復健中心_社團法人高雄市心理復健協會附設喜福社區復健中心,其他
8f04d5d1-086f-4e15-b1de-68d5e4e014e7,社團法人高雄市心理復健協會附設圓夢社區復健中心_社團法人高雄市心理復健協會附設圓夢社區復健中心,其他
c020a409-da14-49f2-b8ce-5707fd14f66a,社團法人高雄市春陽協會_社團法人高雄市春陽協會,其他
faebbfce-7d99-475f-84a7-6725ecbac5a6,社團法人高雄市長期照顧人員福利促進協會_社團法人高雄市長期照顧人員福利促進協會,其他
73aaccc8-f8f0-4e2a-902e-ce28a4301be2,肯微科技股份有限公司_肯微科技股份有限公司,其他
8eac3697-d885-43dc-8a05-5f445154229b,芳林居家長照機構_芳林居家長照機構,其他
0d0aed37-d898-4e3b-ac1e-aaafa5a569fd,芳林居家長照機構_芳林居家長照機構,其他
0ea6f364-f511-4138-b22d-f41d3d6b7662,芳民診所_芳民診所,其他
3bd9f810-f5eb-40e8-af99-4ec694f73a1d,芳苑信義社區發展協會_芳苑信義社區發展協會,其他
7ba5190b-7b60-4d37-84c7-9f3257b4c997,芳苑喜樂小兒麻痺協會_芳苑喜樂小兒麻痺協會,其他
0e334f64-1b6d-41cd-8b11-84d746f85175,芳鄰居家護理所_芳鄰居家護理所,其他
6eb4f3d3-3014-47e5-94f7-a51d64299eaa,花王(台灣)股份有限公司_花王(台灣)股份有限公司,其他
8fac0d6e-4702-4079-8601-94cf2fa57e75,花蓮家庭照顧者協會_花蓮家庭照顧者協會,其他
2b0667f1-ba65-4a01-a3b6-728cdd49817c,花蓮市民生社區發展協會_花蓮市民生社區發展協會,其他
81cb6e5e-a890-40e6-9351-480a12f800d1,花蓮市民運社區發展協會_花蓮市民運社區發展協會,其他
f04a4539-eedd-4c58-a4bb-e11985e753d4,花蓮玉里榮民醫院_花蓮玉里榮民醫院,其他
feb25c3a-ea3f-4444-9af2-2fa0170f7ea4,花蓮縣光復鄉衛生所附設居家護理所_花蓮縣光復鄉衛生所附設居家護理所,其他
3ef19924-6428-46e6-b679-7d1ca7ff05a5,花蓮縣卓溪鄉社區發展協會_花蓮縣卓溪鄉社區發展協會,其他
50a8cb6b-58b1-40ab-a7b5-917646a22e60,花蓮縣原住民新部落發展協會-佳民據點_花蓮縣原住民新部落發展協會-佳民據點,其他
9b10e314-bffe-4c53-b4ad-8abf5745c9c8,花蓮縣富里鄉衛生所附設居家護理所_花蓮縣富里鄉衛生所附設居家護理所,其他
d46383dc-9278-4949-b836-59f852146356,花蓮縣瑞穗鄉富源社區發展協會_花蓮縣瑞穗鄉富源社區發展協會,其他
c2a854cb-6314-431e-8dad-cc0a125ffd47,花蓮縣瑞穗鄉鶴岡社區營造協會_花蓮縣瑞穗鄉鶴岡社區營造協會,其他
80d2d459-6b4a-4db7-b7b6-d96550d3e2bd,花蓮縣秀林鄉衛生所附設居家護理所_花蓮縣秀林鄉衛生所附設居家護理所,其他
ce341fb4-10ee-475a-b013-f03b5deaec66,花蓮縣花蓮市主和里社區發展協會_花蓮縣花蓮市主和里社區發展協會,其他
62f56738-ef87-40cf-b94d-aecee65de7e7,花蓮縣花蓮市碧雲莊社區發展協會_花蓮縣花蓮市碧雲莊社區發展協會,其他
72cbd8ba-ed37-4787-96f4-28cc78302289,花蓮縣萬榮鄉紅葉村社區發展協會_花蓮縣萬榮鄉紅葉村社區發展協會,其他
1a42b058-7f71-4a34-88b3-30625421ec6f,花蓮縣萬榮鄉衛生所附設居家護理所_花蓮縣萬榮鄉衛生所附設居家護理所,其他
ea35521e-31f3-4e6b-918f-2426e18ccbf1,花蓮縣萬榮鄉馬遠村社區發展協會_花蓮縣萬榮鄉馬遠村社區發展協會,其他
6b44ce7f-6a86-40f8-8f2b-2c6330252886,花蓮縣長期照護發展協會_花蓮縣長期照護發展協會,其他
7bb3c061-58da-4e9b-96ab-a1da4e10abcd,花蓮縣鳳林鎮衛生所附設居家護理所_花蓮縣鳳林鎮衛生所附設居家護理所,其他
a269a327-a49c-4b3c-885d-8fbe442c0592,花蓮老人協會_協會,其他
9a59f78c-8477-4635-ba39-a82c4ca26152,花蓮老人協會_花蓮老人協會,其他
e38e79b6-00b3-4223-b5ce-e907f9640d14,虎尾鎮農會附設診所_虎尾鎮農會附設診所,其他
d12456c3-3af7-4d62-b145-7c8d7ec82415,迎廣科技股份有限公司_迎廣科技股份有限公司,其他
3c68d0fc-6e4c-43ce-8b4e-a0043b83e727,采林長照機構_采林長照機構,其他
5efd580a-5238-41d2-93cf-6d3d646b4e25,金像電子股份有限公司_金像電子股份有限公司,其他
ec191338-5a03-4fe6-a679-2e0a34f50793,金可國際股份有限公司_金可國際股份有限公司,其他
e3dae86b-d94b-451e-810b-c15ce2a03b55,金寶電子股份有限公司_金寶電子股份有限公司,其他
3fdc8930-1e2f-45b3-a6dc-374b4be77f46,金居開發銅箔股份有限公司_金居開發銅箔股份有限公司,其他
885d7423-3af2-4d22-84b1-82fd7bb0ea82,金洲海洋科技股份有限公司_金洲海洋科技股份有限公司,其他
853021b5-aa7e-42a1-a9bf-9f4330beb094,金益鼎企業股份有限公司_金益鼎企業股份有限公司,其他
e89e5827-38d2-49d0-be3c-9023e710c271,金豐機器股份有限公司_金豐機器股份有限公司,其他
a8d7da02-1415-4625-9b17-46da334b2686,金車股份有限公司_金車股份有限公司,其他
4d23d5e3-06f8-477a-833b-f5824df0d157,金門縣烈嶼鄉上岐村青岐社區發展協會_金門縣烈嶼鄉上岐村青岐社區發展協會,其他
d99675e9-2f7c-4e45-9cd0-b4c96220e8a4,金門酒廠實業股份有限公司_金門酒廠實業股份有限公司,其他
a355d800-bc24-4107-8451-38f001e01749,長園老人長期照顧_長園老人長期照顧,其他
32595b1d-6cd7-4aac-b404-6937566d5328,長安醫院_長安醫院,其他
18f96f42-cfb0-4924-a7bc-5e8b84630094,長庚紀念醫院桃園分院_長庚紀念醫院桃園分院,其他
fa015791-b3f0-46f8-9a5f-43ead8e49c05,長庚紀念醫院長青院區_長庚紀念醫院長青院區,其他
3fca96f3-da39-436e-82e4-a80a0c525c31,長庚護理之家_長庚護理之家,其他
14f3dbee-daae-4159-a0b6-a92fa2e6ea19,長德社區關懷協會_長德社區關懷協會,其他
7c5181e5-d834-4391-a82f-86f1a84acaab,長恩老人長期照顧中心_長恩老人長期照顧中心,其他
99a63214-4ced-4ec9-ba4c-f4156ebc4021,長新診所_長新診所,其他
61f5121d-b215-4b2a-bbf1-1643d0220478,長春人造樹脂股份有限公司_長春人造樹脂股份有限公司,其他
78af953d-fc27-4506-9f30-5ac30e0fba07,長春石油化學股份有限公司_長春石油化學股份有限公司,其他
9c07cdc9-d0ff-47ca-8dc3-e761a655c0c7,長春老人養護中心_長春老人養護中心,其他
a87a234d-8621-4873-beb4-189e9941de24,長清診所_長清診所,其他
8bc8475c-5a1f-410a-87fc-32b20a5d3dac,長照_大有長照,其他
52c1ca02-43db-4d5c-9a5a-148832f658b5,長照_經立安養中心,其他
7c000c65-63e1-4df9-968f-aa8817c220e3,長照2.0服務資源_三軍總醫院附設民眾診療服務處,其他
c297fcb4-8398-45c6-b90e-ba40e75d0048,長照2.0服務資源_久立居家護理所-青松健康事業,其他
cba99dc1-b735-4d6b-9032-4358fdb5c3ec,長照2.0服務資源_大仁日照中心,其他
68296aaf-49a1-44dc-b8cd-f93737c3193a,長照2.0服務資源_大同之家,其他
a5f5013e-91ab-40f0-8350-1cb3e13cf43a,長照2.0服務資源_大地居家護理所,其他
e10a5a97-1f62-4d2a-ae77-e180abd1b326,長照2.0服務資源_大愛護理之家,其他
b98b3696-9f8a-4241-957b-9b93dd293a43,長照2.0服務資源_大洲社區老來寶健康促進家園站,其他
55c81e0a-444d-4da3-abd5-24ea05f977d9,長照2.0服務資源_大肚青春會館,其他
d8b1fe91-d0d4-4540-92f1-7c292385419a,長照2.0服務資源_大都會車隊股份有限公司,其他
374e3b59-8eb5-43db-9619-6276fc6bcbab,長照2.0服務資源_大順醫院,其他
76f8ae31-f256-4c2f-9ef0-bb3a7618bee8,長照2.0服務資源_中國醫藥大學北港附設醫院,其他
dc7c5dc9-05ca-4b28-9402-d91d89c93357,長照2.0服務資源_中壢長榮醫院,其他
0cc6bdd9-c894-497a-9636-9736fd69e904,長照2.0服務資源_中山醫學大學附設醫院,其他
0bb38c96-0f72-419f-90da-4680ebebd28d,長照2.0服務資源_中正國宅銀髮族服務中心(財團法人關懷長青文教基金會),其他
2026f80f-7b59-4dfc-9a94-4900f8417c54,長照2.0服務資源_中華民國紅十字會台灣省分會,其他
9246209b-853b-4274-ae38-f4865ab00db2,長照2.0服務資源_中華民國紅十字會台灣省桃園縣支會,其他
d3008a3e-06e3-4d9a-8808-955a40dadfe3,長照2.0服務資源_中華民國紅十字會台灣省臺中市支會,其他
681f277f-8c0a-443b-824b-4d607726b9f3,長照2.0服務資源_中華民國紅十字會台灣省雲林縣支會-四美路,其他
d93d042b-51cb-4859-bdfd-5d1fb420abb9,長照2.0服務資源_中華民國紅十字會台灣省雲林縣支會-復興路,其他
e9cfc926-289c-415e-9d3c-12ffb67f29d7,長照2.0服務資源_中華民國紅十字會新高雄分會,其他
935a18ce-0fe5-4595-8108-7a793118c5b7,長照2.0服務資源_中華民國紅十字會臺灣省分會(社區關懷據點),其他
3fe452e9-1395-4796-b6a5-fba1e5f6040e,長照2.0服務資源_中華民國長期照顧推廣協會,其他
05214437-30ad-4839-bc52-af1f17c45587,長照2.0服務資源_仁德醫療社團法人陳仁德醫院,其他
d16d238e-e487-4f64-9c69-c2935b01406f,長照2.0服務資源_內門社區長照機構,其他
df34f2f9-32a2-438d-827f-e44de649f4cc,長照2.0服務資源_六依職能治療所,其他
ec3de3ea-2427-49dc-a75b-491133a077d6,長照2.0服務資源_天主教耕莘醫療財團法人耕莘醫院-新北市新店碧潭公共托老中心,其他
b88d68b2-1a23-43e9-ad86-d11dadab3c67,長照2.0服務資源_天主教耕莘醫院烏來復健中心,其他
b9f2824e-43f4-4e92-90f4-7ec90844195b,長照2.0服務資源_天主教聖功醫療財團法人聖功醫院,其他
1e42f3ef-4944-4ed4-a465-f5c93113ac73,長照2.0服務資源_天主教花蓮教區醫療財團法人台東聖母醫院,其他
03bb14e9-e560-48e9-bb3a-dea6a0b3216a,長照2.0服務資源_天主教花蓮教區醫療財團法人台東聖母醫院(太麻鄉健康活力站),其他
c29aaabf-42d9-40a1-a272-aaa39eb3ad9b,長照2.0服務資源_天主教花蓮教區醫療財團法人台東聖母醫院(金峰鄉嘉蘭村健康活力站),其他
dacdc27f-9e28-47ce-80c3-d09c733f9fef,長照2.0服務資源_天心物理治療所,其他
4306c800-aabe-4716-8e97-a23947b4f2cf,長照2.0服務資源_天慈護理之家,其他
bdb4a884-2d0c-4bd5-9fde-04d089f29ead,長照2.0服務資源_天成醫療社團法人天晟醫院,其他
238b92e8-0c72-4f33-a6e7-c91694b576c0,長照2.0服務資源_天成醫院附設護理之家,其他
be7f14cc-6cd9-41b9-a8d5-c2b1f012e4fd,長照2.0服務資源_心橋日間照顧中心,其他
507ed6a0-719b-48a3-ac6b-995fe66aa759,長照2.0服務資源_日旺事業有限公司,其他
9fc69035-c78f-4441-a9a7-045d4a249916,長照2.0服務資源_王國哲診所,其他
e6d7a5d1-b944-4723-a421-aa78f230cd6c,長照2.0服務資源_代安居家護理所,其他
a5ac1f32-fbf3-4e65-9874-2c5badcbc6b9,長照2.0服務資源_台中市北區長青社區發展協會,其他
af910e26-aa97-4b43-9640-4f12711b4bf6,長照2.0服務資源_台中市西屯區永安社區發展協會,其他
fd2de69e-019a-4aec-b149-09ed8cdd060a,長照2.0服務資源_台中市西屯區福瑞社區發展協會,其他
54cfa1de-b082-43d4-83fd-cc05ad0aeda3,長照2.0服務資源_台中榮民總醫院,其他
a8c5bcbd-b243-4cf6-97b6-a98d4ab1319b,長照2.0服務資源_台北榮民醫院玉里分院,其他
f0f9f7a1-024d-4daa-820a-98535e384981,長照2.0服務資源_台南市東區大福社區發展協會(大福社區關懷據點),其他
644590b0-ad8a-4bf3-9cca-13f32cac2393,長照2.0服務資源_台南市東區後甲社區發展協會(後甲社區關懷據點),其他
43e81458-d3e9-4ee5-bfb2-fcf431aa92ce,長照2.0服務資源_台南市東區東光社區發展協會(東光社區日托站),其他
32037566-58d8-475b-a9e0-ce42c9440a6f,長照2.0服務資源_台南市東區關聖里辦公室(關聖里關懷據點),其他
e1568503-9233-46ee-8600-318c38bc3204,長照2.0服務資源_台南市私立有德老人長期照顧中心,其他
9da4f258-caa3-4889-a11f-dd90522dfc86,長照2.0服務資源_台南市私立菩提林綜合長照機構,其他
be308a70-57f7-4165-855f-f08c3e5bd47c,長照2.0服務資源_台大老人長期照顧中心,其他
94019009-15ca-4e04-9ad0-e1fc381aec81,長照2.0服務資源_台東縣延平鄉桃源村社區發展協會,其他
2f392f9d-d7a6-43b6-b50e-f9e591fc341e,長照2.0服務資源_台東縣鹿野鄉社區健康促進協會(新豐社區關懷據點),其他
230f031b-181e-4726-8671-9a9545b4c8da,長照2.0服務資源_台東縣鹿野鄉社區健康促進協會(瑞源社區關懷據點),其他
74a53714-7823-4b4f-b073-0b190ad7c0b1,長照2.0服務資源_台灣健康社區自主發展協會,其他
e451cdca-c4e8-45f7-9492-592795d7f329,長照2.0服務資源_台灣基督長老教會新樓醫療財團法人麻豆新樓醫院,其他
d11712ad-09d0-4d0d-90d1-283bd462f058,長照2.0服務資源_台灣基督長老教會馬偕醫療財團法人新竹馬偕紀念醫院,其他
317a9197-fd1b-490a-a105-acce8f93c130,長照2.0服務資源_台灣大愛師智關懷協會,其他
8b19eae2-40c2-4797-97a3-5c693004fa3e,長照2.0服務資源_左營區雙福社會福利慈善事業基金會,其他
679d1e1f-5e8a-4327-830b-6e29fe025d03,長照2.0服務資源_本堂澄清醫院附設護理之家,其他
895f2879-e8ab-4e49-9547-fc1b086375f5,長照2.0服務資源_民眾醫院,其他
8a938a22-d9c9-488e-b3a1-4ba5fe2c7a43,長照2.0服務資源_永伈居家護理所,其他
d5da77f2-d56c-4d06-b1a7-6ea55e1d04c3,長照2.0服務資源_白沙鄉小赤社區發展協會,其他
5748ac6b-5362-481a-8a18-99432044d85f,長照2.0服務資源_白沙鄉赤崁村社區發展協會,其他
b830902a-61b6-4799-abd5-6f6a4c39e370,長照2.0服務資源_禾馨護理之家,其他
73470fe5-c1e1-46f2-beba-b80775584722,長照2.0服務資源_光田醫療社團法人光田綜合醫院,其他
7186cf87-df3f-4dd1-b5ad-96819e0e87e1,長照2.0服務資源_全人護理之家,其他
996c67f6-cfd2-4189-b7e6-93ef4805cb46,長照2.0服務資源_同仁物理治療所,其他
49a48bfb-2427-4813-a5df-8e77b4398c23,長照2.0服務資源_同仁醫院附設土城護理之家,其他
43dac1c4-2828-4491-99a1-176893b0acbe,長照2.0服務資源_向陽長照社團法人附設高雄市私立博愛綜合長照機構,其他
111f89f2-b9ab-43ce-a9e8-3c3820b2c106,長照2.0服務資源_安定老人日間照顧中心,其他
db303f7c-344e-43bd-94e9-0e0a535a097d,長照2.0服務資源_安泰老人長期照顧中心,其他
eb6116e4-02af-4647-a255-ff8c19e3328f,長照2.0服務資源_安泰醫院社團法人安泰醫院,其他
072f2f1e-445e-4ec4-8a72-a794d3e26877,長照2.0服務資源_安益居家護理所,其他
3d20a533-b931-436f-8f45-f1e187ce7830,長照2.0服務資源_托媞園老人長期照顧中心,其他
959d1f34-1df8-4933-b075-5cd76742dc5e,長照2.0服務資源_有限責任台中市居家照顧服務勞動合作社,其他
6521d58a-d6e6-4d33-bc94-4aec02ceae8f,長照2.0服務資源_有限責任新竹市清安照顧服務勞動合作社,其他
352a41c2-9c50-4ade-bc2f-d02e5f36eb81,長照2.0服務資源_有限責任高雄市協和照顧服務勞動合作社,其他
8c386210-776f-4438-9927-1f47ee8191c5,長照2.0服務資源_有限責任高雄市安祥照顧服務勞動合作社-澎湖縣,其他
09a4a7d7-bf52-4788-a806-6bad76508c4f,長照2.0服務資源_有限責任高雄市安祥照顧服務勞動合作社-高雄市鳳山區鳳頂路,其他
7652da20-92cc-4a74-b417-340f0976a998,長照2.0服務資源_有限責任高雄市育成照顧服務勞動合作社-高雄市左營區,其他
8b68a68b-43ce-4c79-b3f2-86ceefc68081,長照2.0服務資源_有限責任高雄市育成照顧服務勞動合作社-高雄市鳳山區工協街,其他
deaab90d-cf95-4908-a711-4ca9bee9b64d,長照2.0服務資源_至善老人安養中心,其他
3caf78df-2bb4-4d68-85a8-4f6b51221a80,長照2.0服務資源_西方日間照顧中心,其他
4ad897da-2c99-41e8-9766-6a9518f0c29a,長照2.0服務資源_佛教慈濟醫療財團法人慈濟醫院,其他
9e981f36-f02d-4d1d-bed7-1e46d3c326cd,長照2.0服務資源_佛教慈濟醫療財團法人關山慈濟醫院,其他
95480311-8201-459a-8962-99edfc3d270c,長照2.0服務資源_佑欣居家長照機構,其他
4458e586-1113-45d4-b0dc-7243155bf6ea,長照2.0服務資源_佑民醫療社團法人佑民醫院,其他
3d986ec4-b744-45da-b796-c989b581f5cb,長照2.0服務資源_尾塹社區老來寶健康促進家園站,其他
1a73fac8-3978-42e3-8736-4005774b2ee2,長照2.0服務資源_李綜合醫療社團法人大甲李綜合醫院,其他
98b92ecd-0697-4beb-914d-e994eb44d1ad,長照2.0服務資源_李龍駒診所,其他
bf05bb13-d9cc-44db-850d-22b2a64a20d3,長照2.0服務資源_沙鹿宜家診所,其他
f5eac93d-789d-4349-a517-eb37dd10d0b6,長照2.0服務資源_私立大安長期照顧中心,其他
3c6a3e97-91ba-40a2-814f-28da5c5a5aca,長照2.0服務資源_秀傳醫療財團法人彰濱秀傳紀念醫院,其他
18610353-a39a-4b4d-a530-fb48ca4b6524,長照2.0服務資源_佳里榮譽國民之家,其他
e5d7ba30-84a9-4b0c-919f-7bea942d3fc2,長照2.0服務資源_佳馨居家護理所,其他
fe83ba8a-30d1-449a-b022-50f7f89a4ae7,長照2.0服務資源_受恩社區關懷協會,其他
6f38556a-ac98-4f3a-a986-e8b46be3b2ca,長照2.0服務資源_奇美醫療財團法人佳里奇美醫院,其他
61cb0ed8-c25f-4cd0-a82d-3af69c65adfd,長照2.0服務資源_宜家老人長期照顧中心,其他
bce22356-2f83-48ee-b557-08d5ddd9007a,長照2.0服務資源_宜蘭縣三星鄉老人福利協會,其他
1e9daf8d-4850-49bc-b590-d78d15ea685e,長照2.0服務資源_宜蘭縣三星鄉衛生所,其他
69781b90-c5b0-404c-9999-e1c021b10616,長照2.0服務資源_宜蘭縣冬山鄉武淵社區發展協會,其他
0fbdaf84-87f3-405d-919c-611e59ad1307,長照2.0服務資源_宜蘭縣冬山鄉衛生所,其他
91aee3d2-128c-4ed1-88a0-82f4860c84b2,長照2.0服務資源_宜蘭縣司達吉斯部落產業永續發展協會,其他
bbee784c-9b98-4c93-bd06-b322f98e63f9,長照2.0服務資源_宜蘭縣壯圍鄉壯六社區發展協會,其他
22cf8f05-d655-44d7-8845-00b54f8bb4cb,長照2.0服務資源_宜蘭縣壯圍鄉後埤社區發展協會,其他
740025bb-c38e-452f-9492-60f805e5dfca,長照2.0服務資源_宜蘭縣壯圍鄉衛生所,其他
41098e6e-cb02-48c0-a406-09f70ee5221f,長照2.0服務資源_宜蘭縣壯圍鄉順和社區發展協會,其他
e6cfe740-2b4f-4dcc-94f5-fb665366db1d,長照2.0服務資源_宜蘭縣大同鄉衛生所,其他
ed679cff-a442-44cf-bf7e-25235d179fe9,長照2.0服務資源_宜蘭縣崗給原住民永續發展協會,其他
80b0d8d1-87a5-49ba-87bf-aeefb7279b23,長照2.0服務資源_宜蘭縣私立百齡老人長期照顧中心(養護型),其他
7aa2cecd-e1b2-4407-a1df-f192ad484775,長照2.0服務資源_宜蘭縣私立聖方濟老人長期照顧中心,其他
dfbff638-6b86-4221-9302-5dae62f6f303,長照2.0服務資源_宜蘭縣蘇澳鎮蘇北社區發展協會,其他
c90a026d-5491-4bcf-b4d8-8b77cb4b204f,長照2.0服務資源_宜蘭縣蘇澳鎮蘇西社區發展協會,其他
a7edbdbd-b6cb-47fc-8ec2-edaf3c0a22b2,長照2.0服務資源_宜蘭縣蘇澳鎮衛生所,其他
9d6022d7-cc90-49d8-a7d5-fe5beaf6c2bd,長照2.0服務資源_宜蘭縣蘇澳鎮長安社區發展協會,其他
bc6d81ae-25e7-46e3-b328-f58f21c0997c,長照2.0服務資源_宜蘭縣門諾漾文化推展協會,其他
438c2cdf-5cd8-4903-9ee8-67203061d3ea,長照2.0服務資源_宜蘭縣頭城鎮大坑社區發展協會,其他
38505a9c-6cc5-4005-87ee-eb1911d9d947,長照2.0服務資源_宜蘭縣頭城鎮港口社區發展協會,其他
29502b47-2bb2-4cdb-96d5-111caaaf6bac,長照2.0服務資源_宜蘭縣頭城鎮衛生所,其他
d333441a-e9a3-4b45-8857-c6dc386380b5,長照2.0服務資源_宜蘭縣頭城鎮龜山島社區發展協會(龜山島老來寶健康促進家園站),其他
94f11c5a-8538-4b31-8d6f-16515ff01da7,長照2.0服務資源_府前社區長照機構,其他
efc93b98-5bfa-4e36-aabe-892baef0e2e0,長照2.0服務資源_府城國際租賃有限公司,其他
473d225f-f64c-4f2b-b490-11926b7d46eb,長照2.0服務資源_枋寮醫療社團法人枋寮醫院,其他
b6141a12-4855-45ee-874d-26529f1511d3,長照2.0服務資源_東元綜合醫院附設崇德護理之家,其他
5b591326-a3a1-4908-a85c-d8b560d5f80b,長照2.0服務資源_東城社區老來寶健康促進家園站,其他
b45442fc-e277-449b-857a-bb3d0d17229e,長照2.0服務資源_東基醫療財團法人台東基督教醫院-延平鄉,其他
22525930-c557-45f6-85c5-e7e0dd909f8e,長照2.0服務資源_東基醫療財團法人台東基督教醫院-鹿野鄉,其他
fb74a40d-aef1-44f0-a837-c6e209cc1164,長照2.0服務資源_東明護理之家,其他
a78a8a3e-4313-48a1-8479-b35852a415ef,長照2.0服務資源_東洋護理之家,其他
b99e4d20-31c5-439e-a5b9-0c83d7c6e4a2,長照2.0服務資源_林新醫療社團法人附設林新居家護理所,其他
f629e650-2f3d-468f-bbd8-33185f1c56eb,長照2.0服務資源_松林護理之家,其他
1fb47f15-f5e9-4a03-8eb4-88141c590c10,長照2.0服務資源_松禾日間照顧中心,其他
70fe3869-2112-4c6c-8d13-efed44bb0a60,長照2.0服務資源_社團法人中華培愛全人關懷協會,其他
17cc71f6-a7f1-4b13-9b41-d2502d4bccdf,長照2.0服務資源_社團法人中華民國五福社會服務協會,其他
62f144c5-162a-49cd-8891-84854bc3cf6b,長照2.0服務資源_社團法人中華民國基督教女青年會協會台灣省台南市支會,其他
d3605046-bf27-48b2-b6a2-db77d3f486b8,長照2.0服務資源_社團法人中華民國照顧服務員專業發展協會,其他
9e9de95d-32bc-4ece-81ed-4a170559a94c,長照2.0服務資源_社團法人中華民國紅十字會台灣省台中市支會,其他
643b5af8-3df0-4585-9c39-7f6968450309,長照2.0服務資源_社團法人中華民國紅十字會台灣省新竹縣支會-新竹市,其他
7ab7c57b-8487-4589-b1e3-05f1a72d4fcf,長照2.0服務資源_社團法人中華民國紅十字會台灣省新竹縣支會-新竹縣,其他
4f6e1305-c73a-4f14-b99d-3af9debcab87,長照2.0服務資源_社團法人中華民國紅心字會,其他
aaffb239-002e-4322-811d-635328c4b2ff,長照2.0服務資源_社團法人中華雲鵬展鴻協會,其他
e064598d-b230-4256-9509-23ed7b4c41eb,長照2.0服務資源_社團法人南投縣中寮鄉龍眼林福利協會,其他
c498a473-01f2-4b3d-829d-a3f88179e924,長照2.0服務資源_社團法人南投縣基督教青年會,其他
ae44849c-9b09-4c7f-87be-70a1a5d0d87f,長照2.0服務資源_社團法人南投縣生活重建協會,其他
571289b0-2cd2-4d42-aaf8-1c1ecc3deab5,長照2.0服務資源_社團法人原住民老人長期照顧暨婦幼受暴緊急安置發展關懷協會,其他
360208db-b1ec-4186-bc00-eef778f3f930,長照2.0服務資源_社團法人台中市啟明重建福利協會,其他
4d04b8c3-e00e-41fa-aaec-1b160ead96c5,長照2.0服務資源_社團法人台北市永健長青促進協會,其他
6b301dad-8645-40ec-a39c-4201bfecb150,長照2.0服務資源_社團法人台南市南瀛社會福利推展協會,其他
63576c41-e68a-4e20-aeaa-295cb390c204,長照2.0服務資源_社團法人台南市家庭關懷協會,其他
0f5c3a33-0721-4712-86c9-c26c6abfd6d6,長照2.0服務資源_社團法人台灣愛鄰社區服務協會,其他
d5cca8ce-f045-4e8d-926a-116c313027f2,長照2.0服務資源_社團法人台灣福氣社區關懷協會,其他
c389222a-c190-4996-bb48-7690548e4f0a,長照2.0服務資源_社團法人台灣身心機能活化運動協會,其他
d0a25528-0e71-4d2b-8529-0fb78b487c2e,長照2.0服務資源_社團法人基隆基督教青年會,其他
08284b6d-052f-4f1d-b9ee-2259df6b1951,長照2.0服務資源_社團法人屏東縣失智症服務協會,其他
0bb4c105-e4bb-4ec9-a767-b907abe62c61,長照2.0服務資源_社團法人屏東縣屏東市長青學苑服務協會,其他
7125175a-60e1-4fb1-a052-acc3c26adcff,長照2.0服務資源_社團法人屏東縣牡丹鄉高士社區發展協會,其他
db5b6911-2884-4bd0-85b2-955d44f6fe77,長照2.0服務資源_社團法人屏東縣聖佳照顧關懷協會-竹田鄉,其他
8af263b2-8ffd-4c5e-a7cf-43744e1f986d,長照2.0服務資源_社團法人屏東縣聖佳照顧關懷協會-萬巒鄉,其他
ec37f10e-ef70-42a4-83a0-4239eef4186b,長照2.0服務資源_社團法人彰化全人照顧專業整合協會,其他
37780875-8a92-4f64-92c8-a9e1631ba537,長照2.0服務資源_社團法人彰化縣鹿港鎮洋厝社區發展協會,其他
2b4432d2-50e6-4326-9374-64722398dcbc,長照2.0服務資源_社團法人新北市身心障礙者福利促進協會,其他
cc954653-d419-4151-9899-06efd324be0a,長照2.0服務資源_社團法人新北市身心障礙者福利促進協會(板橋大同社區照顧中心),其他
74e8fa2b-fe0f-4e15-8a57-5ba6932f49f5,長照2.0服務資源_社團法人新北市身心障礙者福利促進協會-新莊愛活樂園日間照顧中心,其他
238c7fe6-af92-4b6d-a1b9-b0f5eb86328f,長照2.0服務資源_社團法人新竹市福祿壽長青協會(社區照顧關懷據點),其他
21fdf013-be35-42d3-9fd0-22ed66575014,長照2.0服務資源_社團法人桃園市全人生命教育協會,其他
288b545c-4628-45c9-954f-49becb3d5494,長照2.0服務資源_社團法人桃園市加利利愛鄰全人關懷協會（市府靈糧堂）,其他
5c04b66a-66cb-47b3-88a3-b03539da36cb,長照2.0服務資源_社團法人桃園市幸福家庭培力協會,其他
9514f828-8b8a-42b8-be0a-c69c1adb859e,長照2.0服務資源_社團法人桃園市復興區爺亨部落多元產業發展協會,其他
63985ba9-7fe9-4a1b-9313-46dd7bc8e8b5,長照2.0服務資源_社團法人桃園市愛鄰舍協會（幸福日間照顧中心）,其他
0be24444-54e8-4d48-b9f0-a74e7b46eebe,長照2.0服務資源_社團法人桃園市濟世功德協進會,其他
3c0ff787-a665-43eb-8459-d2ca82cea9b3,長照2.0服務資源_社團法人桃園市社會服務關懷協會,其他
a6942979-f7cd-4d38-9ea7-762a86b88e87,長照2.0服務資源_社團法人澎湖縣照顧服務協會(北寮村巷弄長照站),其他
c78fd943-4dfb-4a4d-a2c5-f5ab313104f8,長照2.0服務資源_社團法人澎湖縣照顧服務協會(鎖港里巷弄長照站),其他
d987497d-4d7f-4760-a831-8f0da5bd237a,長照2.0服務資源_社團法人澎湖縣照顧服務協會(隘門村巷弄長照站),其他
bb0dcc33-5bdd-4a65-90fb-b308a32b9ba6,長照2.0服務資源_社團法人澎湖縣照顧服務協會-湖西鄉,其他
c8b54e1b-e15f-48d6-a66f-eb7d3fe68640,長照2.0服務資源_社團法人澎湖縣照顧服務協會-馬公市介壽路,其他
9b12f0c9-9f2e-435d-8ef0-6269766a5c55,長照2.0服務資源_社團法人澎湖縣照顧服務協會-馬公市同和路,其他
6e0c9214-01c3-4bd6-aa4d-8f813c2d3a2e,長照2.0服務資源_社團法人臺中市東勢農民老人會(臺中市東勢區新盛社區發展協會),其他
bdbf6ee3-5406-4819-a20b-d68e85ea316e,長照2.0服務資源_社團法人臺南市以琳之家關懷協會(蕭瓏老人日照中心),其他
6da33e79-fa52-4347-aa42-3b321ab27193,長照2.0服務資源_社團法人臺南市佳里區漳洲社區發展協會,其他
2394c83a-cac3-40bd-9a89-e18e7cd22fd4,長照2.0服務資源_社團法人臺南市全人照護協會-新營區,其他
d9336352-a392-459e-94a9-f93c7e9d3b49,長照2.0服務資源_社團法人臺南市全人照護協會-麻豆區,其他
8712efba-1370-4e4e-8520-128d1dd0fadf,長照2.0服務資源_社團法人臺南市南區國宅社區發展協會,其他
c0e76ea8-5ab0-4f1d-96c3-062b31b542a4,長照2.0服務資源_社團法人臺南市基督教新興牧鄰協會,其他
4ff7b868-0a7e-4cc9-aa59-b7f182f899ab,長照2.0服務資源_社團法人臺南市容愛關懷服務協會,其他
4499b374-ff41-4238-b4ec-cc21258e12ad,長照2.0服務資源_社團法人臺南市弘福社區關懷照顧服務協會,其他
2f98969a-eef3-4826-a726-41b0a2647cef,長照2.0服務資源_社團法人臺南市新營區民榮社區發展協會,其他
3010c903-49bc-44b9-adc9-b30d3c4503e7,長照2.0服務資源_社團法人臺南市社區照顧協會,其他
687d5221-c29f-411d-bbb7-546f18c44927,長照2.0服務資源_社團法人臺南市福慧社區照護關懷協會,其他
46303e42-c68e-4245-9fdf-f62478c77096,長照2.0服務資源_社團法人臺南市臺南都志願服務協會,其他
8bec39b4-d273-4b47-a7e4-0fea5bc73926,長照2.0服務資源_社團法人臺南市車仔寮關懷協會,其他
b606d4cd-8fd9-4479-ba51-f67104db898d,長照2.0服務資源_社團法人臺東縣天主教愛德婦女協會,其他
9b5f52a7-9965-428b-9b4a-d421693b1e52,長照2.0服務資源_社團法人臺東縣天主教愛德婦女協會-崁頂社區關懷據點,其他
c792b42e-22ed-4aa8-b7d8-08ba53d4da5a,長照2.0服務資源_社團法人臺東縣天主教愛德婦女協會-廣原社區關懷據點,其他
6c144079-4f51-4429-946f-b057d71f9131,長照2.0服務資源_社團法人臺灣盲人協會,其他
c7ab33b5-32f6-4de8-8ddb-97364c6b8345,長照2.0服務資源_社團法人臺灣高齡照顧協會,其他
14044cde-127c-422f-b06c-cb48941ea241,長照2.0服務資源_社團法人花蓮縣婦女公共事務發展協會,其他
48ecf030-31b7-431e-a7d8-a46025769738,長照2.0服務資源_社團法人花蓮縣家庭照顧者關懷協會,其他
491d86d0-084e-4ecb-bdb3-756bac849f23,長照2.0服務資源_社團法人花蓮縣老人暨家庭關懷協會-新城鄉,其他
c3252026-d31a-4066-a825-2dcd72a1dcdf,長照2.0服務資源_社團法人花蓮縣老人暨家庭關懷協會-花蓮市,其他
205b28cb-596e-46f9-8e1d-fbd4fbe72f3f,長照2.0服務資源_社團法人苗栗縣全人關懷協會,其他
d8f71785-99d5-49be-b441-c859758e4aaa,長照2.0服務資源_社團法人苗栗縣銀髮族照顧協會,其他
f87895b2-4496-4f17-9a42-1f331301aa9d,長照2.0服務資源_社團法人雲林縣圓夢協會,其他
a151b7df-b60b-4c49-bd00-1a82a05894b1,長照2.0服務資源_社團法人雲林縣復健青年協進會-北港鎮新東街,其他
2adce949-874b-4b74-beb6-1e33b6f554b2,長照2.0服務資源_社團法人雲林縣復健青年協進會-北港鎮穎寧街,其他
dd3f8d49-1e8d-42e0-8add-011b4e2706a9,長照2.0服務資源_社團法人雲林縣復健青年協進會東勢鄉,其他
74fc4794-77e5-4829-803c-6ec6ff708903,長照2.0服務資源_社團法人雲林縣老人福利保護協會,其他
6aed6ec2-ed20-490a-ad32-13ebd3dae056,長照2.0服務資源_社團法人雲林縣老人福利保護協會（榴南社區活動中心）,其他
85ea2a59-46a5-404f-ba81-2561043262e3,長照2.0服務資源_社團法人雲林縣老人福利保護協會（牛挑灣社區活動中心）,其他
90ebbc79-5f7e-40cd-98c0-1852ed8dd20b,長照2.0服務資源_社團法人高雄市原住民婦女永續發展協會,其他
e0143661-d25b-4cc9-9403-9984cbd2a9ee,長照2.0服務資源_社團法人高雄市天祥宇宙聖道會,其他
128884c3-0946-46bc-90cb-d429773dabf8,長照2.0服務資源_社團法人高雄市安和社會福利發展協會,其他
01c412d1-7d89-47cc-99b9-fcb57ef8a9ce,長照2.0服務資源_社團法人高雄市愛加倍全人關懷協會,其他
24475bdf-feb5-45e8-bbf7-71daaee997cd,長照2.0服務資源_社團法人高雄市春陽協會,其他
b170d20e-4190-44d2-bd41-6eec671a7e4c,長照2.0服務資源_社團法人高雄市活泉愛鄰社區服務協會,其他
4f3f0c14-4270-4388-baeb-8b47d386a3cc,長照2.0服務資源_社團法人高雄市聰動成長協會,其他
1dfb52a1-3e0e-40f0-8055-20070f415331,長照2.0服務資源_社團法人高雄市長期照顧人員福利促進協會,其他
e655b887-9bd3-4ae9-ad86-743762e66c15,長照2.0服務資源_社團法人高雄市鳳山老人健康照護協會,其他
fffadf02-72b0-4938-b83a-1eed377b08cf,長照2.0服務資源_芳鄰居家護理所,其他
69020831-0c98-49d6-8e78-e46d334a1967,長照2.0服務資源_花蓮市民生社區發展協會,其他
d9709622-578d-41fb-a510-57a01c899a1a,長照2.0服務資源_花蓮市民運社區發展協會,其他
825fa190-e241-4542-8855-fd492ea7afad,長照2.0服務資源_花蓮縣光復鄉砂荖社區發展協會,其他
58657ce9-2748-448c-b45c-44553d13ffe4,長照2.0服務資源_花蓮縣光復鄉衛生所附設居家護理所,其他
b794bec3-a4a6-4eec-a9a1-d15fe6b3d7d0,長照2.0服務資源_花蓮縣光復鄉香草場社區發展協會,其他
05210b47-3794-4e08-9ff4-c7996cf2e8cc,長照2.0服務資源_花蓮縣卓溪鄉社區發展協會,其他
f808339b-96fc-40a6-b393-21f989d5806a,長照2.0服務資源_花蓮縣卓溪鄉衛生所,其他
6040a28b-a35c-4a6c-9222-1c22ef3d3de3,長照2.0服務資源_花蓮縣原住民新部落發展協會-佳民據點,其他
5dcdbf56-af2f-4e31-a631-a432fd7fb630,長照2.0服務資源_花蓮縣富里鄉衛生所附設居家護理所,其他
21924089-165f-4be4-9c74-7e0578d724a7,長照2.0服務資源_花蓮縣後山人文發展協會,其他
dfde9de8-33ff-4d10-9dad-38c5ab4a4473,長照2.0服務資源_花蓮縣新城鄉樹林腳社區發展協會,其他
2e51e3c3-fd7b-4c96-be19-388aa2c45446,長照2.0服務資源_花蓮縣新城鄉衛生所,其他
c79bbec7-0e48-4138-a6bd-df48d175bced,長照2.0服務資源_花蓮縣牛根草社區發展促進會,其他
0145073c-171e-4891-881d-3c2f3970cc09,長照2.0服務資源_花蓮縣玉里鎮衛生所,其他
cc96c66f-d79a-4726-b1d5-ad4ee08f7136,長照2.0服務資源_花蓮縣瑞穗鄉富源社區發展協會,其他
87eb212a-8d58-4e3a-995f-39e9c56ecd2c,長照2.0服務資源_花蓮縣瑞穗鄉衛生所,其他
c8212f99-5582-4d2b-bfd2-8c3278d3978e,長照2.0服務資源_花蓮縣瑞穗鄉鶴岡社區營造協會,其他
556da555-369a-4a26-b25a-497efdccdcad,長照2.0服務資源_花蓮縣秀林鄉衛生所附設居家護理所,其他
6c7bd367-bace-447b-8a0d-f47f3584e68a,長照2.0服務資源_花蓮縣花蓮市主和里社區發展協會,其他
59996c5c-48c8-4e44-b995-ad98ed008ebe,長照2.0服務資源_花蓮縣花蓮市碧雲莊社區發展協會,其他
d1ab4f9a-9c8a-4b0e-baeb-543c90086097,長照2.0服務資源_花蓮縣萬榮鄉紅葉村社區發展協會,其他
f9fd74fa-68b3-47bf-9cdd-857132e715d4,長照2.0服務資源_花蓮縣萬榮鄉衛生所附設居家護理所,其他
40a453c6-e830-4a22-8c68-dee543353f57,長照2.0服務資源_花蓮縣萬榮鄉馬遠村社區發展協會,其他
cbac381b-69d9-408d-80cf-27e8a4e88180,長照2.0服務資源_花蓮縣鄉村社區大學發展協會,其他
4799c79c-a0a9-466d-935c-247d950ade01,長照2.0服務資源_花蓮縣長期照護發展協會,其他
833650e5-0bc3-456c-8874-c55154bd412c,長照2.0服務資源_花蓮縣鳳林鎮衛生所附設居家護理所,其他
b3c5d943-19a4-40be-a3d1-3f95f44163ea,長照2.0服務資源_金門縣烈嶼鄉上岐村青岐社區發展協會,其他
ef129a8d-5b27-47f2-a86b-662e20d86f7e,長照2.0服務資源_長庚科技大學辦理三重台北橋公共托老中心,其他
a2430a1d-f892-4a18-8bfc-18ce8399c540,長照2.0服務資源_長庚護理之家,其他
a1344fa3-b307-4241-b770-3905d7ae3ef0,長照2.0服務資源_長恩老人長期照顧中心,其他
362c6790-6759-4e4c-bc57-e4f6aabb6043,長照2.0服務資源_長照生活事業有限公司,其他
e3218c5a-8440-4c73-a6c9-b3cb6844c29a,長照2.0服務資源_青松護理之家,其他
1d76cd73-dda9-4935-90de-e346baed710e,長照2.0服務資源_南基醫院-永平路,其他
732a9d80-f049-414b-93d6-e337fc50dacd,長照2.0服務資源_南基醫院-龍南路,其他
6b2479cb-044f-4eb5-a3f2-6c567c30783e,長照2.0服務資源_南投 新媳婦關懷協會,其他
330692c8-e283-415a-82a3-09d6b6e4684a,長照2.0服務資源_南投縣中寮鄉和興社區發展協會,其他
8d2b368a-213b-45d0-9650-74d1a3bfd699,長照2.0服務資源_南投縣信義鄉原住民生活美學協會,其他
5b7ad4cd-105e-4b95-b234-f8caa6f13d2b,長照2.0服務資源_南投縣國姓鄉南港社區發展協會,其他
232d15f5-eac8-46e9-a9cd-3818e08ab693,長照2.0服務資源_南投縣國姓鄉國姓社區發展協會,其他
cd6205a3-9c58-4e67-b81b-22c8201aa9a1,長照2.0服務資源_南投縣國姓鄉梅林社區發展協會,其他
12e44e2c-4858-479f-9990-20debb7f8754,長照2.0服務資源_南投縣國姓鄉石門社區發展協會,其他
551b385d-c1f8-43f5-ae64-1fc3b6170a4f,長照2.0服務資源_南投縣國姓鄉衛生所,其他
2ce54c65-5748-48dd-93ff-bb672c9a2eae,長照2.0服務資源_南投縣埔里鎮珠仔山社區發展協會,其他
a2606f3a-8325-4bbc-b6e5-dafc33a9b24e,長照2.0服務資源_南投縣樂齡生活關懷協會,其他
63c76221-d77f-4000-95b3-0a582022ff7f,長照2.0服務資源_南投縣草屯鎮加老社區發展協會,其他
7926bc21-1efc-41c7-8f36-ff7bc3ea65bf,長照2.0服務資源_南投縣草屯鎮南埔社區發展協會,其他
0eaf8d47-28e8-4ad5-a73d-62f8b71ac54a,長照2.0服務資源_南投縣草屯鎮御史社區發展協會,其他
936b7e66-db48-49b3-85af-9412e72d1537,長照2.0服務資源_南投縣草屯鎮碧峰社區發展協會,其他
09de9f8d-dbb6-4303-945e-2e254fe855d6,長照2.0服務資源_南投縣魚池鄉東光社區發展協會(魚池東光活力站),其他
2538c028-9ccd-4965-bb72-ed75d6c6786b,長照2.0服務資源_南門綜合醫院,其他
81c42c2d-fa45-47ac-96bb-ccc70a0cc5b5,長照2.0服務資源_南門護理之家,其他
4749d036-6dce-408a-ad7d-09a231e2adc6,長照2.0服務資源_厚安居家護理所,其他
e62f4d07-eda3-4763-8d91-a17c86cc9481,長照2.0服務資源_屏基醫療財團法人屏東基督教醫院,其他
e548fbfa-e124-4407-b7e0-8a6a83e2ec41,長照2.0服務資源_屏基醫療財團法人屏東基督教醫院(三地門鄉日照中心),其他
3be9a88f-a7a6-4622-b20a-bd10bdba421c,長照2.0服務資源_屏東縣三地門鄉衛生所,其他
c6b4655e-86f8-4caf-aae0-f1846798939d,長照2.0服務資源_屏東縣三地門鄉馬兒社區發展協會,其他
bfa45962-c686-45ef-ac4f-eeb10f6c1598,長照2.0服務資源_屏東縣屏東市信和社區發展協會,其他
e02bcc31-e645-4721-a449-808c9cafb3d3,長照2.0服務資源_屏東縣屏東市北興社區發展協會,其他
ad2651a0-cd1f-45cb-920c-a613ed991e1c,長照2.0服務資源_屏東縣屏東市大洲社區發展協會,其他
cfe079e0-2086-45ed-8948-c3eea189a746,長照2.0服務資源_屏東縣屏東市崇蘭社區發展協會,其他
77447454-cfeb-45dc-85a8-868905583f73,長照2.0服務資源_屏東縣東港鎮下廍社區發展協會,其他
361950bf-71b1-45b4-b680-8a132a58e068,長照2.0服務資源_屏東縣東港鎮興和社區發展協會,其他
e0f92730-74a7-4cdd-9a40-179b3ec0fd3b,長照2.0服務資源_屏東縣枋寮鄉地利村社區發展協會,其他
c8cbb780-316b-453f-92b5-66faac6df29e,長照2.0服務資源_屏東縣枋寮鄉新龍社區發展協會,其他
84fa0854-beac-4828-99a9-729dc0d9b95c,長照2.0服務資源_屏東縣枋寮鄉東海社區發展協會,其他
37a14a91-59e8-44a5-b5cf-6f5c25956730,長照2.0服務資源_屏東縣泰武鄉佳平社區發展協會,其他
47d5905e-f98b-49cb-9b72-3484408336fb,長照2.0服務資源_屏東縣泰武鄉武潭社區發展協會,其他
c082d54f-ed15-499b-b289-304cfbaedb75,長照2.0服務資源_屏東縣泰武鄉泰武社區發展協會,其他
9e4dbb02-1d1b-4b9b-92a0-f027b496272e,長照2.0服務資源_屏東縣滿州鄉九棚社區發展協會,其他
8e2d874b-1839-46fe-b2e9-25ebb8903838,長照2.0服務資源_屏東縣滿州鄉分水嶺社區發展協會,其他
caab5ece-11b2-4d31-b00c-963623b8466f,長照2.0服務資源_屏東縣滿州鄉滿州社區發展協會,其他
ea7da60d-9506-495d-82ec-87263625b7fe,長照2.0服務資源_屏東縣牡丹鄉四林社區發展協會,其他
ac29f961-49d5-4b9e-b2f7-06eff6e013eb,長照2.0服務資源_屏東縣牡丹鄉大梅社區發展協會,其他
5827fe35-32fc-4235-ae79-7f859883da2a,長照2.0服務資源_屏東縣牡丹鄉旭海社區發展協會,其他
8d4ad579-5566-47d1-b7f5-1aa69c743ed2,長照2.0服務資源_屏東縣牡丹鄉東源社區發展協會,其他
acec9bae-e4a8-4de6-bdd6-11401139c97a,長照2.0服務資源_屏東縣牡丹鄉牡丹社區發展協會,其他
c6acaf5e-11c6-4a53-9a62-f818868440ad,長照2.0服務資源_屏東縣竹田鄉六份社區發展協會,其他
c2f93b83-1b9d-4439-a795-0180398fb36c,長照2.0服務資源_屏東縣萬巒鄉泗溝社區發展協會,其他
fdcf1331-1a4b-4c2f-a5d2-2c7ea5253705,長照2.0服務資源_屏東縣萬巒鄉赤山社區發展協會,其他
78c61710-9f8b-4599-bf2d-80332b0a223e,長照2.0服務資源_屏東縣車城鄉射寮社區發展協會,其他
e5f20616-a6b3-4b4c-8602-d440becc6fb1,長照2.0服務資源_屏東縣車城鄉海口社區發展協會,其他
31a118c6-c2cc-48b1-94c6-72aaaccba014,長照2.0服務資源_屏東縣車城鄉興安社區發展協會,其他
787dc9c4-16a3-4c69-8011-906ffa4acba9,長照2.0服務資源_屏東縣高樹鄉東興社區發展協會,其他
5f0afe3d-2555-4868-8f60-8f9c8cf95837,長照2.0服務資源_屏東縣鹽埔鄉新圍社區發展協會,其他
33d193d2-fff7-40f0-b853-ae8e888166b1,長照2.0服務資源_建佑社區長照機構,其他
346a7ef4-dd37-482a-ba08-926add7160dd,長照2.0服務資源_恆基醫療財團法人恆春基督教醫院,其他
32f165e0-49e1-4ed5-8d5e-ca6ce1aba3dd,長照2.0服務資源_恆基醫療財團法人恆春基督教醫院(車城日間照顧中心),其他
95e31a89-772d-469f-991f-cec076414efd,長照2.0服務資源_美佑護理之家,其他
71672b87-e404-4da2-aae6-7336c6d1cf90,長照2.0服務資源_美安居家護理所,其他
297a12a5-64da-4e8e-b798-720d2e4f57da,長照2.0服務資源_苗栗縣大湖鄉南湖社區發展協會,其他
e17359de-d92f-4079-b370-d52ac254da13,長照2.0服務資源_苗栗縣大湖鄉靜湖社區發展協會,其他
fc799ebd-8a32-40f4-9390-db68ae06a6ed,長照2.0服務資源_苗栗縣頭份市忠孝里社區發展協會,其他
1c46523b-dea0-49dd-bc04-fcdd85d0b3d6,長照2.0服務資源_苗栗縣頭份市民族里社區發展協會,其他
efca7a2f-7b73-473f-833b-7216ed921ff5,長照2.0服務資源_迦南長照中心,其他
65a49cf2-921a-47d6-9f9f-0ab78db33926,長照2.0服務資源_重光醫院,其他
59cebf09-5c3a-4e9c-9bee-51ff6b31ac35,長照2.0服務資源_埔基醫療財團法人埔里基督教醫院(樂智據點),其他
49c94988-93f4-4388-be1e-640f48de49bd,長照2.0服務資源_埔基醫療財團法人埔里基督教醫院附設護理之家,其他
c9a9146c-dec5-4d65-9dcd-198ad4bea4ff,長照2.0服務資源_桃園市中壢區中山里辦公處,其他
61e7b8b2-a0ba-4a0b-94c3-576e7c0731ca,長照2.0服務資源_桃園市中壢區永福社區發展協會,其他
dc89a26a-df50-4128-8290-8fa163a66fad,長照2.0服務資源_桃園市中壢區龍岡里辦公處,其他
97b778eb-62f8-4c60-aee4-dad4140b98a5,長照2.0服務資源_桃園市原住民嘎色鬧產業發展協會,其他
e6087a1a-b5bc-4e2b-baa5-05865e1ebc25,長照2.0服務資源_桃園市復興區部落產業發展協會,其他
c0a37745-35eb-4e28-a04d-f909b3d308c2,長照2.0服務資源_桃園市桃園區大檜溪社區發展協會,其他
4bc93e17-16ab-4382-8e6e-7ac0cfb2574c,長照2.0服務資源_桃園市桃園區龍岡社區發展協會,其他
24970854-f728-44ac-a3a6-4fb6e3bdcbd9,長照2.0服務資源_桃園市楊梅區大合社區發展協會,其他
6b375e0d-c27f-40ab-83a8-998f154caaba,長照2.0服務資源_桃園市楊梅區瑞原社區發展協會,其他
6a085e8e-e161-4197-a215-c7fa6742f942,長照2.0服務資源_桃園市楊梅區金龍社區發展協會,其他
a3164afc-a354-47e1-8e48-481e0b4c6683,長照2.0服務資源_桃園縣泰雅爾族部落永續發展協會,其他
b3141269-bf86-451b-9ca4-ea49dfbade76,長照2.0服務資源_烏來區衛生所附設居家護理所,其他
8ed656a3-c191-42aa-95d9-679d9f45f66c,長照2.0服務資源_真善美長照,其他
e5991f7d-66af-46ae-961f-84a8a6b13b6b,長照2.0服務資源_財團法人一粒麥子社會福利慈善事業基金會(永昌老人日托站),其他
0f5c5b39-9108-42d3-ba39-54a7fd3929df,長照2.0服務資源_財團法人一粒麥子社會福利慈善事業基金會(鹿野日照中心),其他
e731cbf3-ad27-4bc7-b1a2-38ba0b1be346,長照2.0服務資源_財團法人一粒麥子社會福利慈善事業基金會-宜蘭縣,其他
aaf70d7d-c26d-49dc-86fd-ca70d0b0296f,長照2.0服務資源_財團法人一粒麥子社會福利慈善事業基金會-臺東縣,其他
39bc1408-6339-4347-9e52-f293616a3f0f,長照2.0服務資源_財團法人一粒麥子社會福利慈善事業基金會-花蓮服務中心,其他
4cec214f-7c5d-47f3-a154-27068f3e65a2,長照2.0服務資源_財團法人一粒麥子社會福利慈善事業基金會-花蓮縣,其他
9ca72ad3-1404-4c3a-a42a-157d5b146834,長照2.0服務資源_財團法人中華基督教福音信義傳道會,其他
67abaed4-9078-47c9-85c3-7969c3ab135f,長照2.0服務資源_財團法人中華基督教福音信義傳道會辦理信義長青快樂學堂,其他
9a4f0f95-dca3-439d-a728-7407c147ceee,長照2.0服務資源_財團法人中華基督教福音信義傳道會附設台中市私立信義老人養護中心,其他
bd657ccf-b178-463e-8e99-50f8f6c5ae23,長照2.0服務資源_財團法人中華民國佛教慈濟慈善事業基金會,其他
50e04d38-c622-4018-b1a3-770f69994248,長照2.0服務資源_財團法人中華社會福利基金會,其他
5e12b599-3de9-4037-8883-cb0ca2453be9,長照2.0服務資源_財團法人介惠社會福利基金會,其他
5adcc231-0950-4d0a-ab48-b5d309f15ea2,長照2.0服務資源_財團法人伊甸社會福利基金會-南投縣,其他
8c50b4a7-fb72-48ff-b89f-10d9b0d9ea3e,長照2.0服務資源_財團法人伊甸社會福利基金會-台南市,其他
e6dee0b6-1e07-4917-a8da-ce4a9a245899,長照2.0服務資源_財團法人伊甸社會福利基金會-嘉義縣,其他
ae69c00f-fec3-4ff8-8809-2f4bd481e3ae,長照2.0服務資源_財團法人伊甸社會福利基金會-基隆市新豐街,其他
e04a60f3-108b-4254-8b26-8a3ce0bc1793,長照2.0服務資源_財團法人伊甸社會福利基金會-基隆市東信路,其他
52d25c71-f458-4bd0-bca9-9fc4dcde2fda,長照2.0服務資源_財團法人伊甸社會福利基金會-宜蘭縣,其他
e1550ca3-91eb-45bf-b727-10e9b6e896e5,長照2.0服務資源_財團法人伊甸社會福利基金會-新北市三峽區,其他
8e2de7ca-7501-41b6-bcc4-28f2f06271c3,長照2.0服務資源_財團法人伊甸社會福利基金會-新北市鶯歌區,其他
7a40a87b-0a8c-44ad-827c-cd1a648a2cbd,長照2.0服務資源_財團法人伊甸社會福利基金會-雲林縣,其他
b71085ad-acf0-4f68-9827-045a98513ee5,長照2.0服務資源_財團法人伊甸社會福利基金會附設新北市私立三峽身心障礙福利服務中心(好鄰居俱樂部),其他
1a955bea-5a59-4ab9-91df-2d22818f6c93,長照2.0服務資源_財團法人全成社會福利基金會,其他
cdb04d40-b300-47ff-ad8f-a1449399f676,長照2.0服務資源_財團法人切膚之愛基金會連瑪玉學苑,其他
9da40884-f673-46a5-8343-146aefc6d0ce,長照2.0服務資源_財團法人切膚之愛社會福利慈善事業基金會,其他
2de74936-90bf-453c-bd8e-36d0701cb451,長照2.0服務資源_財團法人台中市私立本堂社會福利慈善基金會,其他
53942780-db3e-4da5-b88e-22284903210a,長照2.0服務資源_財團法人台中市私立甘霖社會福利慈善事業基金會附設柳川家園,其他
002c0284-298e-48fe-b353-d666b2e07f66,長照2.0服務資源_財團法人台中市私立甘霖社會福利慈善事業基金會附設樂多家園,其他
07879cd8-bdb0-4296-a2af-9989ce947a89,長照2.0服務資源_財團法人台中市私立真愛社會福利慈善事業基金會,其他
59eff493-ec69-4548-9c26-58f2910037a0,長照2.0服務資源_財團法人台北市中國基督教靈糧世界佈道會士林靈糧堂,其他
b34147af-facb-4653-83e5-8338701e6c62,長照2.0服務資源_財團法人台北市中國基督教靈糧世界佈道會士林靈糧堂-內湖老人日間照顧中心,其他
741c1a12-1cd9-48db-869e-15bb81885569,長照2.0服務資源_財團法人台北市中國基督教靈糧世界佈道會士林靈糧堂承辦臺北市西湖老人日間照顧中心,其他
8ff42594-0f8d-49ad-87fa-0769eaf199e0,長照2.0服務資源_財團法人台北市中國基督教靈糧世界佈道會士林靈糧堂辦理臺北市社區整合照顧服務(石頭湯),其他
9c7f7ba9-3586-444c-880c-879232f7efa3,長照2.0服務資源_財團法人台北市中華基督教浸信會慈光堂,其他
c23a48a7-c769-47f6-acbb-6dc2167cc925,長照2.0服務資源_財團法人台北市私立愛愛院,其他
90dd4247-aa0a-4ae5-91eb-61fe9d6bab1d,長照2.0服務資源_財團法人台北市立心慈善基金會,其他
1d15a779-3f22-4314-a267-c2649dfbd5f0,長照2.0服務資源_財團法人台南市基督教青年會社會福利慈善事業基金會,其他
cc28d1fa-f746-4ea9-b449-315bd689cd5e,長照2.0服務資源_財團法人台南市私立荷園慈善事業基金會,其他
a749ffa2-82a8-4bfe-8423-92ebb968c08a,長照2.0服務資源_財團法人台南市私立荷園社會福利慈善事業基金會,其他
f6a6060e-5e54-4d49-821f-75894ee5735d,長照2.0服務資源_財團法人台南市私立萬安社會福利慈善基金會,其他
fd48f59e-f86b-4cef-a539-0b9d06be5c33,長照2.0服務資源_財團法人台南市聖功社會福利慈善事業基金會,其他
37209440-e8bb-4f25-a315-4e74c9016ff3,長照2.0服務資源_財團法人台灣基督教恩惠福音會湖光基督教會,其他
5cb0ccdc-0f8a-4e93-b256-72ac896dc53a,長照2.0服務資源_財團法人台灣基督長老教會中布中會,其他
fa2ad4db-1529-405b-b0de-cb1f04723945,長照2.0服務資源_財團法人台灣基督長老教會泰雅爾中會三民教會,其他
deb301b4-c0f5-477a-be70-5fdb3fda3441,長照2.0服務資源_財團法人台灣基督長老教會泰雅爾中會信賢教會,其他
e393d1b5-ad9b-402c-8e3c-01bff2e54109,長照2.0服務資源_財團法人台灣基督長老教會泰雅爾中會松茂教會,其他
803bf79c-808f-4d77-9806-1ea354edd452,長照2.0服務資源_財團法人台灣省台南市天主教仁愛修女會,其他
152b2c2c-e606-40e2-95f8-7273212fe6cb,長照2.0服務資源_財團法人台灣省天主教會新竹教區附設新竹縣私立長安老人養護中心,其他
43fc0636-5eb6-465f-a987-bc1eeef7f00a,長照2.0服務資源_財團法人台灣省私立桃園仁愛之家,其他
d7e4d49f-0e9b-48ed-879a-aef28358f8c3,長照2.0服務資源_財團法人嘉義市私立瑞泰老人長期照護中心,其他
dc56b6ae-6534-4d00-81b3-5cc6719a6699,長照2.0服務資源_財團法人嘉義縣私立開元殿福松老人養護中心,其他
6e4602cb-90e4-4afb-9c1d-0ac9ce911189,長照2.0服務資源_財團法人基督教中華協力會附設新竹市私立伯大尼老人養護中心,其他
92823f78-55d7-4431-b3b7-f1a3091703d7,長照2.0服務資源_財團法人基督教芥菜種會,其他
c411433c-09ba-4547-846c-842fbf5e62c3,長照2.0服務資源_財團法人基督教蘭恩文教基金會,其他
81c51171-fdf6-464f-b666-60d4b0b3a7bd,長照2.0服務資源_財團法人天下為公社會福利慈善事業基金會,其他
758b5b9d-0790-47cd-a483-a2afe4b4c50a,長照2.0服務資源_財團法人天主教主顧修女會,其他
ee7a0525-caab-4012-ab09-36d9125516bf,長照2.0服務資源_財團法人天主教失智老人社會福利基金會,其他
35b556f3-cb82-4705-9637-c94717d928bb,長照2.0服務資源_財團法人天主教德來會附設德來日間照顧中心,其他
0bb1999f-ea51-4be9-9250-122f83209b9e,長照2.0服務資源_財團法人天主教曉明社會福利基金會,其他
f86cf1c9-04b7-4d2b-8b67-9978eb659e66,長照2.0服務資源_財團法人天主教會花蓮教區附設花蓮縣私立聲遠老人養護之家,其他
592b1fd8-3638-4b64-821b-f45d676e6c76,長照2.0服務資源_財團法人天主教耶穌會新竹社會服務中心,其他
aafb0055-3ab7-4300-8c6a-1616bbf5c45f,長照2.0服務資源_財團法人天主教聖母聖心會(萬華小德蘭堂),其他
5b8a6af7-5f3f-4844-8e1d-8391a351b3b1,長照2.0服務資源_財團法人天主教靈醫會惠民醫院,其他
a661ea03-5cae-4cea-838f-0a4dec012632,長照2.0服務資源_財團法人屏東縣私立永安老人養護中心,其他
4c8b76d4-5ba4-4d5d-978f-4f59af66822f,長照2.0服務資源_財團法人屏東縣私立畢嘉士社會福利基金會-屏東市永大多元照顧中心,其他
076ef2a4-ad64-4c79-8b16-82a3d5f21f03,長照2.0服務資源_財團法人屏東縣私立聖天社會福利慈善事業基金會-竹田鄉,其他
7f2c71e3-24c9-4230-8d4c-a14496ce554e,長照2.0服務資源_財團法人屏東縣私立聖天社會福利慈善事業基金會-萬巒鄉,其他
39f3a4fa-5522-4496-abdd-747428f0a5b2,長照2.0服務資源_財團法人屏東縣私立聖欣老人養護中心,其他
0092e366-094f-4718-abac-d430f7da10e0,長照2.0服務資源_財團法人屏東縣都市原住民全人發展關懷協會,其他
a170aa62-b802-44a9-8226-882f318aceb2,長照2.0服務資源_財團法人山城友愛人文基金會,其他
18dbe733-98ee-4895-8d11-d0134a2d7822,長照2.0服務資源_財團法人平安社會福利基金會,其他
569afe11-489a-449e-a2f1-c70db1b60159,長照2.0服務資源_財團法人平安社會福利慈善事業基金會平安馬公日間照顧中心,其他
265bf542-1976-4e2e-930f-9e6de8875886,長照2.0服務資源_財團法人弘道老人福利基金會-宜蘭辦事處,其他
6fb4f086-2cf1-43bf-9400-1fcdc6d5a8a2,長照2.0服務資源_財團法人弘道老人福利基金會-彰化縣,其他
9b9e8b67-a2bc-4597-94be-45f7b638777f,長照2.0服務資源_財團法人弘道老人福利基金會-新北服務處,其他
b0156d45-a511-4d77-8eff-bfe845b291f4,長照2.0服務資源_財團法人弘道老人福利基金會-總會,其他
3eade302-ed2b-4348-a2e3-cd8a6d6a2813,長照2.0服務資源_財團法人弘道老人福利基金會-高雄市,其他
be12d10c-06cf-42ac-91e0-773700322625,長照2.0服務資源_財團法人彰化縣私立希望社會福利慈善事業基金會,其他
70ea5881-da99-420e-9cfe-85fe2960d16e,長照2.0服務資源_財團法人彰化縣私立慈恩老人養護中心-二林鎮,其他
6374237b-1032-4176-b7b2-add881f2796e,長照2.0服務資源_財團法人彰化縣私立慈恩老人養護中心-溪湖鎮,其他
df74c9b9-205d-4cc3-8c8c-7ec2e4aa9c98,長照2.0服務資源_財團法人愚人之友社會福利慈善事業基金會(國姓前溝活力站),其他
64c89bb2-6575-4dd5-ba5b-c4fd9bb85499,長照2.0服務資源_財團法人愚人之友社會福利慈善事業基金會(國姓鄉北山活力站),其他
cc7a33a1-f123-45b0-b660-49f3df012014,長照2.0服務資源_財團法人愚人之友社會福利慈善事業基金會-國姓鄉,其他
e254252d-7269-440a-afeb-97f5d79c79ae,長照2.0服務資源_財團法人愚人之友社會福利慈善事業基金會-埔里鎮樹人三街,其他
8390f0b3-3822-44aa-9a9d-4f108c40033b,長照2.0服務資源_財團法人愚人之友社會福利慈善事業基金會-埔里鎮鐵山路,其他
c83a2b56-c244-4f0d-b6ac-7339f83151b3,長照2.0服務資源_財團法人敬德基金會附設護理之家,其他
58371f26-a3bf-41a6-b05f-a140c7ff184f,長照2.0服務資源_財團法人新北市基督徒五股禮拜堂,其他
c743bf4d-ff4e-469c-9f10-10eaffdbfbee,長照2.0服務資源_財團法人新北市私立新希望基金會,其他
b4018515-4f6a-4495-a644-f9b870014e59,長照2.0服務資源_財團法人新北市私立雙連社會福利慈善事業基金會-社區照顧關懷據點,其他
2645750a-10eb-44d1-81db-bae0a520d76b,長照2.0服務資源_財團法人新北市私立雙連社會福利慈善事業基金會-雙連新莊社會福利中心,其他
0efe87cb-73b6-4cd0-94c8-ccee4491ba3a,長照2.0服務資源_財團法人新竹縣天主教世光教養院(承辦新埔小規機服務中心),其他
9d293206-acda-4c55-8422-39cff925a781,長照2.0服務資源_財團法人柴林腳教育基金會,其他
ad214c23-3743-4c36-8ce1-79e7839a6616,長照2.0服務資源_財團法人桃園市私立怡德老人長期照顧中心承辦怡仁居照顧日間中心,其他
7b842ab7-e374-4f5c-9ce1-c5e0eb85eecb,長照2.0服務資源_財團法人桃園市護國宮愛心基金會,其他
bfc36350-0472-45c2-ae6c-ff88b21ac933,長照2.0服務資源_財團法人樹河社會福利基金會-北區,其他
7c753fd8-bbc3-4dc3-9b37-5efd04ceff4f,長照2.0服務資源_財團法人樹河社會福利基金會-南區,其他
1f1aa636-5291-4ef9-ad64-195b9662e54e,長照2.0服務資源_財團法人瑪利亞社會福利基金會-臺中市南區輔具資源中心,其他
98c13178-a77f-4a1a-b098-3618a7be5e1a,長照2.0服務資源_財團法人私立廣恩老人養護中心(新北市土城頂埔公共托老中心),其他
5a8af46c-af2e-4f7f-9aa1-aff8a17b62cc,長照2.0服務資源_財團法人私立廣恩老人養護中心-五股區,其他
5a7871ab-9cf0-44fb-9ac2-614135d4a92a,長照2.0服務資源_財團法人私立廣恩老人養護中心-五股老人公寓,其他
24d7501e-5e60-4b29-a07f-e97b7ead8d74,長照2.0服務資源_財團法人私立廣恩老人養護中心-新店屈,其他
6444b87a-ab8a-4d9e-a6ab-c836d31887d3,長照2.0服務資源_財團法人私立肯納自閉症社會福利基金會,其他
e1c14966-43b4-4fa1-92d1-18cedec4d5ae,長照2.0服務資源_財團法人第一社會福利基金會,其他
908b35ae-0754-42c6-8035-ba1d3dff4782,長照2.0服務資源_財團法人老五老基金會-南投縣,其他
bcb259ba-1e83-4836-a746-0672af382596,長照2.0服務資源_財團法人老五老基金會-台中市,其他
2680f037-09b3-4c0a-a8e3-57977dac4498,長照2.0服務資源_財團法人老五老基金會-彰化服務中心,其他
7c787af5-d7f1-4340-992a-5b2b6bc660e2,長照2.0服務資源_財團法人老五老基金會-新竹市,其他
4c2814a9-b049-43aa-94a6-2cf378d09bb1,長照2.0服務資源_財團法人聖功社會福利慈善基金會,其他
1cd8dd37-0650-4d69-899c-e470076b2055,長照2.0服務資源_財團法人臺中市私立好耆老人長期照顧中心,其他
f3776e98-c1c6-4ea2-9d35-c8ac81407d9b,長照2.0服務資源_財團法人臺北市中國基督教靈糧世界佈道會士林靈糧堂-居家服務,其他
9c1dead7-e1d7-4850-8218-9656c88d4d32,長照2.0服務資源_財團法人臺北市基督教全人福利事業基金會(吳興教會),其他
ac5d87ea-d24a-4d86-a8cd-2d267fde181f,長照2.0服務資源_財團法人臺北市私立恆安老人長期照顧中心(長期照護型)受託經營臺北市兆如老人安養護中心附設日間照顧中心,其他
746f009b-04cb-439f-b050-2ace81f8be36,長照2.0服務資源_財團法人臺北醫學大學展齡服務暨研究中心,其他
b4b24224-2583-45ff-b2d7-05bb7a3b4f86,長照2.0服務資源_財團法人臺灣基督教門諾會醫院,其他
1237f4a4-da02-47ff-9617-70a923270f23,長照2.0服務資源_財團法人臺灣省天主教會新竹教區,其他
aa0ba4f6-bb89-4ff3-ae1d-fd61046371bc,長照2.0服務資源_財團法人臺灣省私立永信社會福利基金會,其他
70691974-8374-4709-b1c7-95429871e122,長照2.0服務資源_財團法人苗栗縣私立大千社會福利慈善事業基金會(大千綜合醫院),其他
2ef520aa-6fa4-4273-967a-662f2bdf76f2,長照2.0服務資源_財團法人苗栗縣私立海青老人養護中心,其他
8f86a675-1185-4c32-90a0-d6bf4f475231,長照2.0服務資源_財團法人荷園社會福利慈善業基金會,其他
168d7e92-00a5-4a6e-a090-788e9bf1f111,長照2.0服務資源_財團法人蘇天生文教基金會,其他
38ff3585-4b58-4d4f-91db-3c05702b99d1,長照2.0服務資源_財團法人蘭嶼部落文教基金會,其他
28fe8847-fd45-4589-b1c7-77d547bec098,長照2.0服務資源_財團法人豐榮護理之家,其他
05ce8c44-3254-4344-beee-d5ec8fefd7d1,長照2.0服務資源_財團法人門諾社會福利慈善事業基金會-富里鄉,其他
7a8c42a4-6308-436c-a846-413c9596af35,長照2.0服務資源_財團法人門諾社會福利慈善事業基金會-新城鄉,其他
5108f230-1d45-4269-a9a2-f0bb7664efc9,長照2.0服務資源_財團法人門諾社會福利慈善事業基金會-玉里鎮285號,其他
8e958587-e3f3-4fb0-bea4-608314c3ee69,長照2.0服務資源_財團法人門諾社會福利慈善事業基金會-玉里鎮293號,其他
8433c55d-5ec8-4570-844b-b3ff436f337a,長照2.0服務資源_財團法人門諾社會福利慈善事業基金會-花蓮市,其他
33bb69ee-3cb3-4d51-9334-16e4feb559a8,長照2.0服務資源_財團法人雙福社會福利慈善事業基金會-常樂園,其他
c3cb95db-7a76-47e9-88c3-34533832aead,長照2.0服務資源_財團法人雙福社會福利慈善事業基金會-民雄鄉,其他
847740be-f04c-4962-b56a-97a6bdb647d4,長照2.0服務資源_財團法人雙福社會福利慈善事業基金會-阿里山鄉山美村,其他
622dd6d4-6c7e-495c-81c4-0212a5f7ba77,長照2.0服務資源_財團法人雙福社會福利慈善事業基金會-阿里山鄉新美村,其他
3cc02cb9-6096-418a-b616-a39a82fcf3e5,長照2.0服務資源_財團法人雲林縣私立同仁仁愛之家,其他
652cd986-1af4-40b7-bd13-ebec334b7753,長照2.0服務資源_財團法人高雄市基督教青年會劉阿蘭社會福利慈善基金會(英明社區照顧關懷據點),其他
1d2b2a26-f209-4b6a-ba30-a833283270bc,長照2.0服務資源_財團法人高雄市私立典寶社會福利慈善事業基金會(居家服務中心),其他
db88dfa0-5337-4263-8b3b-b45a9feb4511,長照2.0服務資源_財團法人高雄市私立典寶社會福利慈善事業基金會(高雄市明山慈安居老人養護中心),其他
7bc8c406-1dae-4180-b697-49b2c1965532,長照2.0服務資源_財團法人高雄市私立慈聯社會福利基金會-仁武區,其他
796f2d91-58c4-4bbc-b0d0-0b51b419cc39,長照2.0服務資源_財團法人高雄市私立慈聯社會福利基金會-鳳山區,其他
ac62774a-0919-4b82-afbb-aa5c3ea8a3ec,長照2.0服務資源_財團法人高雄市私立萃文書院社會福利慈善事業基金會,其他
51efccf4-d448-4215-afb3-73726df6041a,長照2.0服務資源_財團法人高雄市私立萃文書院社會福利慈善事業基金會附設高雄市私立萃文佛恩養護院,其他
76ea01e2-20d1-4cd9-a476-b6f2ae34694a,長照2.0服務資源_財團法人高雄市華仁慈善事業基金會,其他
193a3f78-eb40-4c43-8336-407e0ab3fbe2,長照2.0服務資源_財團法人高雄市郭吳麗珠社會福利慈善事業基金會-苓雅區,其他
f9387cb8-7517-4819-8bc3-7b7be7f9d476,長照2.0服務資源_財團法人高雄市郭吳麗珠社會福利慈善事業基金會-鳳山區,其他
a2729737-0392-469c-afd0-ef80596dfc10,長照2.0服務資源_財團法人高雄市郭吳麗珠社會福利慈善事業基金會長青五甲多元照顧中心,其他
484d22b5-1f01-4d16-a9b2-1444b1ebbdf7,長照2.0服務資源_財團法人鴻彬教育基金會-北區,其他
b9b1ed51-92db-4a7a-9a47-d19baafb158c,長照2.0服務資源_財團法人鴻彬教育基金會-南區,其他
3729e6b8-8595-43fc-9681-3ec48bd7e89a,長照2.0服務資源_馬公市五德里社區發展協會,其他
d27dd150-3921-462c-9917-87273d0a67f6,長照2.0服務資源_馬公市光明里辦公室,其他
d6857194-e039-42ec-adad-cba96318ba71,長照2.0服務資源_馬公市朝陽社區發展協會,其他
28dc2cc9-0799-4ec8-bdb8-fb18dc80bc05,長照2.0服務資源_馬公市烏崁社區發展協會,其他
89ce97b5-a142-48ee-ad2f-64d3db9fcf3b,長照2.0服務資源_馬公市菜園里社區發展協會,其他
3427d295-a676-41ea-9768-7093f293aa14,長照2.0服務資源_馬祥長期照顧服務協會,其他
92694e4d-a85c-45c3-b70e-3a257aa112ab,長照2.0服務資源_高雄市仁武區烏林社區發展協會,其他
3ae3006b-891c-44da-9b75-2af1c1a1b917,長照2.0服務資源_高雄市仁武區竹後社區發展協會,其他
3a1c3b7a-451f-4896-a1de-addc6389fdd2,長照2.0服務資源_高雄市內門區三平社區發展協會,其他
8f98f0f8-d8e6-4b23-92df-b54b01a2b6fb,長照2.0服務資源_高雄市內門區內豐社區發展協會,其他
1419d714-d7e1-428c-83ba-51c678822345,長照2.0服務資源_高雄市內門區內門社區發展協會,其他
54c5fb27-d1d7-45ec-9d8e-53e0b2cb9391,長照2.0服務資源_高雄市內門區溝坪社區發展協會,其他
4f3637bf-cdc0-4a14-83a6-c9c30343037b,長照2.0服務資源_高雄市內門區觀亭社區發展協會,其他
23eb8296-31c8-431d-94b5-1717d761ab9f,長照2.0服務資源_高雄市博愛馨關懷慈善會,其他
9a408b53-7d1f-47fb-b22b-25f8b84a2766,長照2.0服務資源_高雄市原住民文化藝術發展協會,其他
8917fad4-6e13-4cae-a4a6-769d1f73b34d,長照2.0服務資源_高雄市原生植物園創價協會,其他
97735316-ae0f-4450-86d6-06eadcb85ecd,長照2.0服務資源_高雄市左營區光輝社區發展協會,其他
b0624b52-50d8-4a16-980d-c71c3c141312,長照2.0服務資源_高雄市左營區新吉莊社區發展協會,其他
25678f3c-47ff-4316-a174-7a1cd8fa5efb,長照2.0服務資源_高雄市左營區果峰長青社區發展協會,其他
300c146f-f618-49b1-a221-59c0e8dab968,長照2.0服務資源_高雄市燭光協會,其他
c5b1a406-4757-4fbf-98e5-1342c94367b7,長照2.0服務資源_高雄市立鳳山醫院（委託長庚醫療財團法人經營),其他
f2001bde-2dd7-4d15-8670-434d5e9adf0b,長照2.0服務資源_高雄市苓雅區民主社區發展協會(民主社區照顧關懷據點),其他
da0bfb02-45e8-45ea-ac33-2eb1702f55ba,長照2.0服務資源_高雄市茂林區萬山社區發展協會,其他
eda83b28-7a37-4c90-aebc-32519500a45b,長照2.0服務資源_高雄市茂林區衛生所,其他
536e2f4f-f537-4315-8d6b-64faa40293c2,長照2.0服務資源_高雄市茂林社區營造協會,其他
52b610a7-ba93-4973-8924-052e39f3cc8e,長照2.0服務資源_高雄市那瑪夏區衛生所,其他
e91f50eb-5536-41b5-bc7e-1e63d480e6b2,長照2.0服務資源_高雄市長青服務中心日照中心,其他
01ec74d3-b3b2-4c9e-950d-390869b54e55,長照2.0服務資源_高雄市音樂養生慈善公益協會(悅音社區照顧關懷據點),其他
52316338-ae6d-4c59-8f60-d26d840c1256,長照2.0服務資源_高雄市音樂養生慈善公益協會(聚鼎社區照顧關懷據點),其他
69b2449c-9af5-4733-998b-7ec6e2614dc5,長照2.0服務資源_高雄榮民總醫院,其他
8c2d8270-849b-4a26-a141-35c8a786c9b3,長照2.0服務資源_國立台灣大學醫學院附設醫院雲林分院,其他
a20ac8ba-7f37-4359-8d2d-3579cd5c38aa,長照2.0服務資源_國立成功大學醫學院附設醫院,其他
fd572f94-a3ee-41fe-bbf0-30cefff5ca83,長照2.0服務資源_國立成功大學醫學院附設醫院斗六分院-中山路,其他
4d7c893c-c854-4ce2-8300-18f8c37c4744,長照2.0服務資源_國立成功大學醫學院附設醫院斗六分院-莊敬路,其他
3da0342c-e136-4aae-ba71-1c916df6d7a5,長照2.0服務資源_國立臺中科技大學老人服務事業管理系,其他
d024828b-bd89-46d6-8d05-e4b78809daab,長照2.0服務資源_國立臺灣大學醫學院附設醫院北護分院,其他
4ccfcce0-bd35-4688-9705-10d313178d59,長照2.0服務資源_國立臺灣大學醫學院附設醫院新竹分院,其他
21e9d686-b6d0-40d2-adde-f417faaebd26,長照2.0服務資源_國軍花蓮總醫院,其他
720bd25f-2897-4238-8888-882ffe5948a1,長照2.0服務資源_基隆市中正區平寮社區發展協會,其他
e508df0d-bbb7-4cf9-8a7a-e429ab086eac,長照2.0服務資源_基隆市中正區正砂社區發展協會,其他
b28d2808-0258-4f71-b744-06d4422eb526,長照2.0服務資源_基隆市信義區東信社區發展協會,其他
d6b0d47f-436a-42cf-b230-e09102e94438,長照2.0服務資源_基隆市新豐愛鄉協會,其他
38e3af03-3717-4615-a9ea-61941e03b937,長照2.0服務資源_基隆市立醫院,其他
d7b56012-eec7-4a3e-af24-379fd350957b,長照2.0服務資源_康園護理之家,其他
ae7bda75-c8b5-46fa-a9fa-bcf302cb2f00,長照2.0服務資源_康壯長期照顧中心,其他
42010c56-5e96-45f5-8a1e-1648c2909b41,長照2.0服務資源_康寧學校財團法人康寧大學承辦臺北市內湖老人服務中心,其他
b4d17e4d-1770-479a-97bf-b6f3947a0e29,長照2.0服務資源_康寧醫療財團法人康寧醫院,其他
2a4fc5e4-bb73-4125-a0ee-84fc3dc05fa2,長照2.0服務資源_敏盛綜合醫院附設護理之家,其他
94bf6b74-4fb0-45d7-9e89-9b7c57dbd749,長照2.0服務資源_梅山護理之家,其他
53d23c5d-f017-4d4a-994d-8d59a9f6045a,長照2.0服務資源_荷園居家護理所,其他
65ad35de-3d12-4a03-82bf-6d2089d605aa,長照2.0服務資源_郭醫院護理之家,其他
c5633622-e25b-41e7-9b69-a7b43a80ab80,長照2.0服務資源_頂安診所,其他
8cc4bc4d-4222-4b53-8cbe-f4ccafb9ff1c,長照2.0服務資源_鹿東基督教醫院,其他
60551767-f850-4988-a8f1-cb17209e1a45,長照2.0服務資源_富嘉居家護理所,其他
325a9167-8a3f-4d52-86e2-26937f8ac530,長照2.0服務資源_復興區衛生所附設居家護理所,其他
0ba99590-905d-4ba4-8e94-cdcf5832c72f,長照2.0服務資源_惠德醫院附設護理之家,其他
9dc42fc0-b55a-4d20-a33b-a2e9e4ef01f4,長照2.0服務資源_敦仁診所附設居家護理所,其他
1b0c66ec-5f47-4495-a977-78285f8a4ab2,長照2.0服務資源_菩提林長照,其他
8e0bfa89-21de-49a5-9f18-e1ad651df912,長照2.0服務資源_華仁基金會,其他
73e888ad-56b8-499b-ab6e-e1ab37960ec9,長照2.0服務資源_華仁基金會七股,其他
d27013e8-4fcd-4710-b1bc-1b355184bed5,長照2.0服務資源_華陀物理治療所,其他
6189e3d0-781c-478f-a5b2-a9ed7027ed24,長照2.0服務資源_陽光小兒科診所,其他
fe8fec77-7e14-4925-a3e7-cfa7075dee74,長照2.0服務資源_雲林縣北港鎮灣內社區發展協會,其他
60165780-1c29-4bdb-89ec-da7cc0e1ffc0,長照2.0服務資源_雲林縣古坑鄉崁頭厝社區發展協會,其他
5837a8b8-fada-4158-b00f-bbe5290f94a4,長照2.0服務資源_雲林縣家園關懷協會,其他
8c9afc7b-3c87-4e62-aafc-9e94faeee7c7,長照2.0服務資源_雲林縣斗六市八德社區發展協會,其他
30c3f0f4-6cad-4ddf-9d76-c00e29994fa9,長照2.0服務資源_雲林縣斗六市十三社區發展協會,其他
471c6655-bc88-4e0c-a164-5fdd2ea915a1,長照2.0服務資源_雲林縣斗六市崙峰社區發展協會,其他
9396da94-60cf-4a42-bfc2-4e0aadc4ec45,長照2.0服務資源_雲林縣斗六市林頭里家庭托顧據點,其他
d063e492-e6af-4b3a-addd-ade086735417,長照2.0服務資源_雲林縣斗六市梅林社區發展協會,其他
ee1763c4-dac9-4f03-8734-c0194af72e8b,長照2.0服務資源_雲林縣斗六市湖山社區發展協會,其他
836a6c47-b93b-4724-8bed-eca79f91a695,長照2.0服務資源_雲林縣斗六市溝埧社區發展協會,其他
bbc15564-0d16-4909-891d-dc545028a519,長照2.0服務資源_雲林縣東勢鄉東南社區發展協會,其他
198b1020-51d8-4720-b5f2-445e9d11bf79,長照2.0服務資源_雲林縣林內鄉九芎社區發展協會,其他
ee74800e-0808-4d77-b108-34aae808dc4d,長照2.0服務資源_雲林縣林內鄉坪頂社區發展協會,其他
891a3882-d2d7-4019-9b7f-d39c028029b0,長照2.0服務資源_雲林縣林內鄉林中社區發展協會,其他
a656b193-f673-4ec4-946a-95def662704e,長照2.0服務資源_雲林縣私立雙福寶佛門老人養護中心,其他
0b6ac2d3-e335-4fc9-8573-138a9e567f25,長照2.0服務資源_雲林縣老人長期照護協會,其他
e8c55fb0-b69d-4683-bc81-e45aadec66c0,長照2.0服務資源_雲林縣鄉土人文關懷協會,其他
6a238f98-f66f-496f-8478-722b001027f0,長照2.0服務資源_黃志豪職能治療所,其他
877c2f49-be4d-475c-aea2-0dd37ce3845d,長照2.0服務資源_慈安老人長期照顧中心,其他
55e2bf47-5d26-4484-8658-c25ae7fec428,長照2.0服務資源_慈恩長期照顧中心,其他
a9cec366-ef72-445d-922b-54b55e368d96,長照2.0服務資源_新仁醫院,其他
f258be12-4fae-4771-ba1a-c14ca9ddda27,長照2.0服務資源_新佳源護理之家,其他
9df0a316-8dcb-428f-93aa-2a8feb39ce19,長照2.0服務資源_新北市三峽區原住民族發展協進會,其他
31003252-127f-4871-9aa8-614ee7735f30,長照2.0服務資源_新北市五股區成州社區發展協會,其他
31b32904-b4b6-4cf3-8dd9-a2d60231f42a,長照2.0服務資源_新北市五股區更新社區發展協會,其他
8f3cc5bb-6abb-44ef-866d-fd63d6a57ca9,長照2.0服務資源_新北市五股區貿商社區發展協會,其他
8332f5dd-0f1b-43b2-9f4e-4ed2465ec1db,長照2.0服務資源_新北市土城區清化里辦公處,其他
bab7a570-81fa-41c8-9974-9cd9c64cb1d9,長照2.0服務資源_新北市土城區祖田里辦公處,其他
01b12cf2-afab-47c1-a004-da76c0b76660,長照2.0服務資源_新北市土城區雲溪社區發展協會,其他
330deac6-3425-4ab0-b62f-2bec7eb87095,長照2.0服務資源_新北市平溪區衛生所,其他
94de8ef9-00e3-449f-8d00-abba9c0a4a1d,長照2.0服務資源_新北市平溪十分公共托老中心,其他
c3d25f0b-475c-4c71-bf42-eb6874967f4e,長照2.0服務資源_新北市新店區北宜社區發展協會,其他
4b425fc9-2e90-4dd6-b8b6-f20ae46fb2a6,長照2.0服務資源_新北市新莊區牡丹心社區發展協會,其他
2b31a19a-93f3-4570-8591-7da02fbc4cfb,長照2.0服務資源_新北市歡樂銀髮協會,其他
8a0289e7-65db-47c7-9958-663e1bb9dd21,長照2.0服務資源_新北市泰山區大科社區發展協會,其他
d66973fd-812c-4219-8524-ea0c1ee16b1d,長照2.0服務資源_新北市泰山睦鄰協會,其他
b9505618-31b7-4b3c-acd4-80be0ccad077,長照2.0服務資源_新北市烏來區原住民溫馨勞動合作社,其他
30a58d93-06ec-4992-b30d-5188dca5ad98,長照2.0服務資源_新北市立聯合醫院,其他
f13bd252-21c6-4605-b1f8-e0704218cc97,長照2.0服務資源_新北市貢寮區衛生所,其他
4d7f5097-dab7-409b-8443-7cf3430eafe5,長照2.0服務資源_新北市雙溪區衛生所,其他
5ebff719-fdb5-4923-ac61-421819547ffb,長照2.0服務資源_新北市鶯歌區建德社區發展協會,其他
cff5150f-e148-4eb1-a47b-0968a51d7b20,長照2.0服務資源_新北市鶯歌區永昌社區發展協會,其他
9b79a260-facd-431d-b0d1-26135eae1d8d,長照2.0服務資源_新北市鶯歌區衛生所,其他
4a5b34ea-94b2-430b-905d-da7d353db80c,長照2.0服務資源_新廣義日照中心（小規機）,其他
3891c7c5-ab87-4068-8fb8-3ceda36bd3db,長照2.0服務資源_新湖復健科診所,其他
b7bda63a-fd4e-4cdc-8955-81aaee57d304,長照2.0服務資源_新竹市北區港北社區發展協會(港北社區照顧關懷據點),其他
99a7e7d8-d8de-4ae5-8375-8405edc35e16,長照2.0服務資源_新竹市東區科園社區發展協會,其他
01fa69b7-a0d8-410d-b432-ac20bd4d53c8,長照2.0服務資源_新竹市東區立功社區發展協會,其他
b899d774-6bc7-4c75-880c-814fd0baf69f,長照2.0服務資源_新竹市東區衛生所,其他
2bddf025-7055-4938-adf6-0174ff4fc7e1,長照2.0服務資源_新竹市樂齡健康促進協會,其他
eeb4ba69-0f93-4611-a190-35863af6096c,長照2.0服務資源_新竹市香山區香山社區發展協會(香山社區照顧關懷據點),其他
2297df1b-8093-4452-8eed-bf0ffc4e3473,長照2.0服務資源_新竹市香山區香村社區發展協會(香村社區照顧關懷據點),其他
aca3ee44-9232-4174-b018-960664130bd8,長照2.0服務資源_新竹縣安歆照護關懷協會,其他
54ae6bd5-db5a-4f44-a931-5ee4c8722c8e,長照2.0服務資源_新竹縣新埔鎮下寮社區發展協會,其他
554b0c43-ae14-4a21-a9cb-7ed568e69075,長照2.0服務資源_新竹縣新埔鎮鹿鳴社區發展協會,其他
ea179213-da68-476f-8ba6-ad1221068fc9,長照2.0服務資源_新竹縣湖口老人會,其他
4e6bba8b-1f60-4322-a2f3-05866bf705a5,長照2.0服務資源_新竹縣湖口鄉湖南社區發展協會,其他
b59ea708-3870-47dd-8474-3eccfdfc479f,長照2.0服務資源_新竹縣湖口鄉鳳山社區發展協會,其他
24a1f95d-5823-4440-890c-0a149ad3a9d6,長照2.0服務資源_新竹縣知心會社區照顧關懷據點,其他
38d326b5-3484-4bbd-826a-7c7a754a2322,長照2.0服務資源_新竹縣禾意關懷協會,其他
b6943020-7e5c-45bd-ae33-450f68808f85,長照2.0服務資源_新竹縣竹北市中興社區發展協會,其他
eb615195-dfa5-476b-829e-22720f121252,長照2.0服務資源_新竹縣竹北市大眉社區發展協會,其他
0bb29e37-bd23-42db-a6f8-5305654f26d6,長照2.0服務資源_新竹縣竹北市新國社區發展協會,其他
ef96eb31-e9f0-471d-a56c-f0cbf46b6a24,長照2.0服務資源_新竹縣竹北市隘口社區發展協會,其他
1df927c4-dc90-4621-b2c0-4c3ff398dfe9,長照2.0服務資源_新竹縣蒲公英關懷弱勢權益促進協會,其他
62caa0eb-46f7-44af-9083-22f38f479c18,長照2.0服務資源_萬丹紅日間照顧,其他
d388b071-2217-4b7b-b9f2-f8b580eddbba,長照2.0服務資源_經立老人長期照顧中心,其他
2a7423be-226b-4636-b956-6cbc4a3d7e44,長照2.0服務資源_聖公護理之家,其他
9aa31c1e-fe9a-453a-ab80-9456fe88afc8,長照2.0服務資源_誠恩長照機構,其他
53a01917-e109-4303-8fbf-512fc72d1ea9,長照2.0服務資源_嘉義市東區精忠社區發展協會,其他
b13a201e-45ef-4d06-b327-ee64f0d5f77d,長照2.0服務資源_嘉義市東區興仁社區發展協會,其他
24b3ed67-6677-4f91-b4be-e0a8f9e69fe9,長照2.0服務資源_嘉義市西區下埤社區發展協會,其他
cf43cf57-c8da-4a33-bffd-e006124d0732,長照2.0服務資源_嘉義市西區劉厝社區發展協會,其他
3ae77015-c0ee-4ea7-91ee-7d17c290c679,長照2.0服務資源_嘉義幸福樹日照中心,其他
56ba4e0b-9db4-4799-9eb7-4ab57a73f8a8,長照2.0服務資源_嘉義縣布袋鎮東港社區發展協會,其他
29b5238f-b1da-41cd-85f8-59b87931d49a,長照2.0服務資源_嘉義縣布袋鎮衛生所,其他
af9e969a-e54c-41ce-8b96-ae1e93c7769e,長照2.0服務資源_嘉義縣新港鄉北崙社區發展協會,其他
18ee6ba3-c323-4336-a7d6-fbe1b383fae8,長照2.0服務資源_嘉義縣新港鄉大潭社區發展協會,其他
7eb96ab5-8dd9-436d-96fc-a767bef0c668,長照2.0服務資源_嘉義縣新港鄉安和社區發展協會,其他
dd01c31c-64da-4570-80af-65ff3a595b18,長照2.0服務資源_嘉義縣新港鄉菜公社區發展協會,其他
8d41a1e0-663d-49ff-82a1-268b8904bba4,長照2.0服務資源_嘉義縣新港鄉衛生所,其他
6a989d66-8b5a-401f-b902-f277dacbc11d,長照2.0服務資源_嘉義縣新港鄉頂菜園發展協會,其他
15a2e9ed-40f5-4c0e-b863-76f9ba6502da,長照2.0服務資源_嘉義縣民雄鄉文隆社區發展協會,其他
a025df33-f04d-4ca2-aa20-dda2a0a53591,長照2.0服務資源_嘉義縣民雄鄉福興社區發展協會,其他
18f6f8c5-412f-46e4-ad01-3ff1d825d490,長照2.0服務資源_嘉義縣民雄鄉菁埔社區發展協會,其他
41049ba1-1475-4672-ab54-fe5ad39f10af,長照2.0服務資源_嘉義縣民雄鄉衛生所,其他
173bfe36-d8ff-4ef9-8b7d-1cd90665b41d,長照2.0服務資源_嘉義縣私立惜福老人長期照顧中心,其他
b882bcea-2ad4-4e96-b1ee-86b99cfa5aca,長照2.0服務資源_嘉義縣阿里山鄉樂野村社區發展協會,其他
9615fe14-b227-4e7e-974b-634d23fa6e4f,長照2.0服務資源_彰化基督教醫療財團法人鹿港基督教醫院,其他
162d95a7-9041-485c-941a-8a1883ded998,長照2.0服務資源_彰化縣二林鎮梅芳里辦公處,其他
894542d5-88e7-4637-a2a8-e1d904c36c3e,長照2.0服務資源_彰化縣二林鎮華崙社區發展協會,其他
b7c860ab-facb-495d-9d8d-a057e6a16cff,長照2.0服務資源_彰化縣二林鎮萬興里辦公處,其他
61ed5d90-58ae-4bf8-a5db-33bbbc2b0667,長照2.0服務資源_彰化縣大村鄉加錫社區發展協會,其他
9b68f72f-77d5-477f-bf0d-7fd84f2fbdeb,長照2.0服務資源_彰化縣大村鄉大橋社區發展協會,其他
b5694938-ef2a-48c0-833e-fed578259133,長照2.0服務資源_彰化縣大村鄉平和社區發展協會,其他
2c7285af-cb86-4744-95da-0521a1e5f069,長照2.0服務資源_彰化縣彰化市向陽社區發展協會,其他
4bcf73ff-3975-461c-b1a5-bfe34adf8dcf,長照2.0服務資源_彰化縣彰化市牛埔社區發展協會,其他
df4ed37e-a789-494c-a924-5329314ad905,長照2.0服務資源_彰化縣彰化市磚磘社區發展協會,其他
707b0285-f139-4d53-a008-7e7df4e02c77,長照2.0服務資源_彰化縣彰化市西安社區發展協會,其他
aee95922-1009-461c-a357-e07f02a9f102,長照2.0服務資源_彰化縣彰化市長樂社區發展協會,其他
c0530f85-e324-406d-9a0e-5556f0b74f45,長照2.0服務資源_彰化縣忎本快樂協進會,其他
09b78f80-c704-4a4c-8295-783ea08b700a,長照2.0服務資源_彰化縣溪湖鎮媽厝社區發展協會,其他
b3a37364-0cf3-4aa3-857a-9bcdd5c44a98,長照2.0服務資源_彰化縣溪湖鎮西勢里辦公處,其他
b2929904-895e-469e-aef6-2e3727ab32b5,長照2.0服務資源_彰化縣私立崇愛老人長期照護中心,其他
ba33b5da-fd9a-403f-a541-1854a9e8e042,長照2.0服務資源_旗山醫院日間照顧中心,其他
1d4a19de-ed36-4ef3-bc1c-6d13415c7c37,長照2.0服務資源_福安老人長期照顧中心,其他
03b98ba9-6b00-4dbd-bdea-9868b61f19a3,長照2.0服務資源_臺中市和平區佳陽社區發展協會,其他
348687ce-1b73-4759-a26e-fda989132412,長照2.0服務資源_臺中市和平區德芙蘭原住民文化經濟協會,其他
bf786eb0-f4d6-41c1-873c-8ac43b9db79b,長照2.0服務資源_臺中市大甲區幸福社區發展協會,其他
cd1879d2-0c6a-4d11-8398-47f35acf789c,長照2.0服務資源_臺中市大甲區衛生所,其他
fd0437ab-104a-4348-8e82-8955f17c608b,長照2.0服務資源_臺中市大甲區頂店社區發展協會,其他
be8bb6ce-1fce-42a2-9591-1791828acae6,長照2.0服務資源_臺中市東勢區上城社區發展協會,其他
07a5812e-af42-4b36-8c11-9fc3cd3133bd,長照2.0服務資源_臺中市東勢區石城社區發展協會,其他
a6529bab-ac58-4159-8609-60f0682e5656,長照2.0服務資源_臺中市梧棲區草湳社區發展協會,其他
86321f05-29fc-4ff0-b728-58ce8a2b4863,長照2.0服務資源_臺中市石岡區萬安社區發展協會,其他
776f74fc-8a06-481c-93c6-e55d5b1fe76f,長照2.0服務資源_臺中市石岡區萬興社區發展協會,其他
7f4d854f-391a-468e-b0e2-2e3820553e69,長照2.0服務資源_臺中市石岡區龍興社區發展協會,其他
89e80c12-cb4d-4f94-bfd1-7e8ff1d088f9,長照2.0服務資源_臺中市西區忠明社區發展協會,其他
10c5fcc3-ee2d-4cfe-901c-20ab215b88c8,長照2.0服務資源_臺中市西區藍興社區發展協會,其他
fed2e4a1-d155-4afa-bede-8562fe973ecf,長照2.0服務資源_臺中市霧峰區五福社區發展協會,其他
8d7b787d-d75a-4e5f-8572-4a052b7904b0,長照2.0服務資源_臺中市霧峰區北柳社區發展協會,其他
76839c87-4e80-4c8a-b206-c8ed99ccb560,長照2.0服務資源_臺中市龍井區山腳社區發展協會,其他
b4a7b2bf-9248-4227-bcc6-206cf6a14780,長照2.0服務資源_臺中市龍井區東海社區發展協會,其他
ca190244-8bde-4b48-8a7c-994abc67e018,長照2.0服務資源_臺中榮民總醫院嘉義分院,其他
66af1c3c-e871-4e3d-82eb-6d35b18036d5,長照2.0服務資源_臺北市內湖永續發展協會,其他
96f64dcd-631f-48cc-8747-cbc47066d6c3,長照2.0服務資源_臺北市士林區富洲里辦公處,其他
14f39efe-1640-48c4-90c8-3f9723b86d53,長照2.0服務資源_臺北市士林區幸福名山社區發展協會,其他
606bcba7-320f-47b4-a5ed-a05f6d7afdef,長照2.0服務資源_臺北市士林區忠義社區發展協會,其他
912feb73-c6ad-4d34-a453-d6f48c722a6c,長照2.0服務資源_臺北市大安區安東社區發展協會,其他
02ae752a-b891-4b15-9572-6b452b5b76fb,長照2.0服務資源_臺北市大安區群英里辦公處,其他
7c841450-6192-4711-b3bd-51ad7a083a58,長照2.0服務資源_臺北市大安區錦華社區發展協會,其他
c5553ab8-2d64-4059-9acd-bf7af5c3265b,長照2.0服務資源_臺北市文山區忠順社區發展協會,其他
76920dd6-3745-4df4-83c0-4f8fe18f593d,長照2.0服務資源_臺北市文山區明興社區發展協會,其他
d344cc8f-253d-4711-ac42-771bf9c99655,長照2.0服務資源_臺北市文山老人服務中心-委託財團法人臺北市私立恆安老人長期照顧中心(長期照護型)辦理,其他
2b3dc6dd-4806-439d-bfe0-aca69a153872,長照2.0服務資源_臺北市梘尾關懷互助協會,其他
0ad4f7e8-821f-4caa-8fb1-790629632f12,長照2.0服務資源_臺北市立聯合醫院陽明院區,其他
e3110bcd-0ff8-4a8e-ae3d-27ec60054362,長照2.0服務資源_臺北市立萬芳醫院,其他
b83029d4-1663-493e-87b1-26bc7a02c951,長照2.0服務資源_臺北榮民總醫院桃園分院,其他
6421ce89-9e89-40bd-8e59-467c7fd0dc44,長照2.0服務資源_臺北醫學大學附設醫院,其他
4c714746-1e8b-455c-8a0b-f23dd583d513,長照2.0服務資源_臺南市佳里區忠仁里辦公處,其他
31ba3c99-a5d2-427f-b25c-d17d56ae20d5,長照2.0服務資源_臺南市佳里區民安社區發展協會,其他
66ec983b-76b9-492b-b58e-5e37ada94913,長照2.0服務資源_臺南市佳里區禮化社區發展協會,其他
4bc4bf3b-96d8-47ca-8b48-d4871830b1bb,長照2.0服務資源_臺南市佳里區興化社區發展協會,其他
5dbb5d41-d46f-45dd-ad19-07d02144d292,長照2.0服務資源_臺南市佳里區蚶寮社區發展協會,其他
19950a3c-4efc-4b1e-b963-f08270bc3110,長照2.0服務資源_臺南市北區勝安社區發展協會,其他
3162064a-3208-4523-b5f4-6937efdbbf0a,長照2.0服務資源_臺南市北區大港社區發展協會,其他
61c63649-93cc-48ce-9bf2-070330e6eb03,長照2.0服務資源_臺南市北區安民社區發展協會,其他
8867246c-5614-4007-af12-c84c5bd98cbf,長照2.0服務資源_臺南市北區成功社區發展協會,其他
eb7daf2d-061d-4862-a8a5-f5fea8d2619b,長照2.0服務資源_臺南市北區振興社區發展協會,其他
f151d92f-4160-4421-9694-8bbfdc74d4ac,長照2.0服務資源_臺南市北區東興社區發展協會,其他
a7c4257d-30d1-4821-977e-3fbd8d3a5509,長照2.0服務資源_臺南市北區正覺社區發展協會,其他
250c2fe8-3ab8-4d6a-98bb-ca0fe784e2f7,長照2.0服務資源_臺南市南區明亮里辦公處,其他
42e6ac97-a93b-4f22-97fd-010cf251f235,長照2.0服務資源_臺南市學甲區三慶里辦公處,其他
e674377c-ac8d-44fd-9f5c-6dfae8f2d47d,長照2.0服務資源_臺南市學甲區光華里辦公處,其他
3e787b4a-4ae3-40ab-b3a5-6d55a6db4c82,長照2.0服務資源_臺南市學甲區大灣社區發展協會,其他
ad4ee944-0b8a-4053-91c0-54c5049ae8c1,長照2.0服務資源_臺南市學甲區平西社區發展協會,其他
1f038534-fda5-4b9f-9c4e-28b5cc9c2270,長照2.0服務資源_臺南市新營區三仙里辦公處,其他
83fa537f-d4af-41c6-a6d9-99d16f564a46,長照2.0服務資源_臺南市新營區大宏社區發展協會,其他
9e894773-c016-4a2e-ad82-890d98e6c2da,長照2.0服務資源_臺南市新營區姑爺里辦公處,其他
60072184-0e62-4f42-8cbb-bd27d948bdb6,長照2.0服務資源_臺南市新營區新東里辦公處,其他
345526e5-ffa2-445d-953e-97f775d74d4a,長照2.0服務資源_臺南市新營區護鎮社區發展協會,其他
ec86e3d2-c15c-41c6-ae8d-f6f797838e0a,長照2.0服務資源_臺南市玉井區天埔社區發展協會,其他
1fc147e5-605a-4369-a076-6e721f2ccd1e,長照2.0服務資源_臺南市玉井區望明社區發展協會,其他
7c189377-9415-4701-9959-a08919f20911,長照2.0服務資源_臺南市玉井區竹圍社區發展協會,其他
8790ab3d-d44b-4a78-845f-5d6072b17a89,長照2.0服務資源_臺南市玉井區豐里社區發展協會,其他
99ff5d6f-7325-48a0-bfa1-749b39b3a058,長照2.0服務資源_臺南市私立康泰老人長期照顧中心(養護型),其他
02d70c42-9b65-46e5-9182-c320f3963915,長照2.0服務資源_臺南市私立新營老人長期照顧中心（養護型）,其他
dd554796-b5a1-4b68-a7e4-47d4c65ab8b1,長照2.0服務資源_臺南市私立泰安老人養護中心,其他
45715b90-9140-48df-97ce-7d35c3e5e4ae,長照2.0服務資源_臺南市私立長佳護理之家,其他
5a056fe5-9ba7-4df2-9a8a-f3db48a473dd,長照2.0服務資源_臺南市麻豆區中興里辦公處,其他
2b67a22a-bbcf-4872-9f4b-b0417d991d7c,長照2.0服務資源_臺南市麻豆區埤頭里辦公處,其他
9df2188d-ebc1-417c-8ebc-2dd166e8f7c3,長照2.0服務資源_臺南市麻豆區大埕里辦公處,其他
e110116c-ae55-480e-82da-b3a37cc4d18a,長照2.0服務資源_臺南市麻豆區油車里辦公處,其他
6f74b988-e0fb-4c50-a92f-9ccad2153fee,長照2.0服務資源_臺南市麻豆區磚井社區發展協會,其他
adbf6784-a43b-4d43-aab6-9d05ebb5d068,長照2.0服務資源_臺南市麻豆區紀安社區發展協會,其他
16f99dfd-eaac-47f7-a216-ec75d9e4fec8,長照2.0服務資源_臺南市麻豆區麻口里辦公處,其他
223e01b6-26cc-48a9-b470-432b2bffdced,長照2.0服務資源_臺南市麻豆區龍泉社區發展協會,其他
e66c6d59-9c5f-4120-9f1f-5053558ceec4,長照2.0服務資源_臺東縣蘭嶼鄉衛生所,其他
ad72acf4-c5dd-42f9-af15-a2f895d82234,長照2.0服務資源_鳳翔小規模多機能照顧中心,其他
fabeb98f-fb43-414a-9f6e-8a55e642b5e9,長照2.0服務資源_寬福護理之家,其他
dfce81d9-8b8a-473a-965b-79c36858c8c9,長照2.0服務資源_德安日照中心,其他
9944f2c5-7b1d-4b89-bbf2-572aa52567f9,長照2.0服務資源_德濟護理之家,其他
521e0f39-cf1c-49a2-8b89-3d5eeb80ac60,長照2.0服務資源_樁萱長青管理顧問有限公司,其他
c576bb7e-58f8-4f9a-bf17-c624dd1e7d7e,長照2.0服務資源_樂格適小客車租賃,其他
739dc6d5-fe03-4bc0-834f-6f3b0807a9ad,長照2.0服務資源_澄清醫院中港院區,其他
5eba93c1-27e7-4c55-abba-8dbcdbd6a1a1,長照2.0服務資源_澎湖縣馬公市興仁社區發展協會,其他
0e1248ef-7645-499d-89e8-b064de5d1c5c,長照2.0服務資源_衛生福利部南區老人之家,其他
5a49599d-85e1-4848-9db7-d926a44d39e9,長照2.0服務資源_衛生福利部台南醫院,其他
fa826b3f-3cdf-4376-97b1-752afb39046c,長照2.0服務資源_衛生福利部嘉義醫院,其他
3b50d87e-5f61-4549-953b-34b139498e6e,長照2.0服務資源_衛生福利部屏東醫院,其他
ed17fdb9-88db-4240-97b5-6b8ead2ff953,長照2.0服務資源_衛生福利部恆春旅遊醫院,其他
12be29e6-6d4a-4fdf-bd64-109fe4755341,長照2.0服務資源_衛生福利部新營醫院,其他
da965d1e-6652-40b8-83a9-d9ff17abbcf2,長照2.0服務資源_衛生福利部桃園醫院,其他
b3781d86-8d33-4e4f-bd1a-327a7c7ad73b,長照2.0服務資源_衛生福利部樂生療養院附設居家護理所,其他
b078535a-aa56-4410-9c32-77138c0b889e,長照2.0服務資源_衛生福利部花蓮醫院,其他
18325b84-8089-4e7f-9402-d12dcc9218a7,長照2.0服務資源_適任健康事業股份有限公司,其他
7d10ddf4-d151-4d66-a038-f783733cfe57,長照2.0服務資源_養生園護理之家,其他
dc82030e-3c55-4ca2-8f86-98e663917bb3,長照2.0服務資源_橙田護理之家,其他
79ba804b-f1d4-4519-bb3a-07ebcc38f27d,長照2.0服務資源_橋頭日間照顧中心,其他
365a5202-b009-41f8-be51-c492beccc6ad,長照2.0服務資源_錫安護理之家,其他
3d117b98-c9da-416f-9173-5215332c7aea,長照2.0服務資源_頤園護理之家,其他
cdbf6d5f-05b8-48cb-b1fe-d4dc4c60b5fd,長照2.0服務資源_頤欣居家護理所,其他
a5f2f126-9812-4bf4-ba72-bcdb67885632,長照2.0服務資源_戴德森醫療財團法人嘉義基督教醫院-再耕園,其他
0f843778-b5c8-4c73-b225-2e937ab2fbf6,長照2.0服務資源_戴德森醫療財團法人嘉義基督教醫院-拾智園,其他
8207b050-1e9c-48fb-8d01-604735bdb522,長照2.0服務資源_戴德森醫療財團法人嘉義基督教醫院-新港鄉,其他
f51ff7bd-b0bd-4d9b-a644-245b6219049a,長照2.0服務資源_戴德森醫療財團法人嘉義基督教醫院-民雄鄉,其他
c2db277d-9284-4c7c-aba1-3c86b70b6902,長照2.0服務資源_戴德森醫療財團法人嘉義基督教醫院-祈樂園,其他
a9bd63a8-8a48-4802-8bea-045b8b0c807f,長照2.0服務資源_戴德森醫療財團法人嘉義基督教醫院-長青園,其他
ab8f5375-883a-43dd-a191-8a77d7b451b3,長照2.0服務資源_戴德森醫療財團法人嘉義基督教醫院-阿里山鄉,其他
c877c847-7175-4d10-b783-5e19fa6d3e7d,長照2.0服務資源_濟興長青園老人長期照顧中心,其他
4b4f3f2f-60c5-4014-875a-a3742181e8e6,長照2.0服務資源_營新醫院,其他
53c5257a-dd91-44d6-b4e3-2c7558f6eff9,長照2.0服務資源_營新鹽水日照中心,其他
1d1b0780-c4da-44d7-a1ad-590c7b9340fb,長照2.0服務資源_爵嘉居家護理所,其他
1fda0895-abb0-46eb-b90e-4ea459d41046,長照2.0服務資源_聯順居家護理所,其他
3bb0d5ba-9326-40ce-874f-fa8103de4ffd,長照2.0服務資源_鴻欣護理之家,其他
de470fd6-73ed-4854-bbbe-d58225694785,長照2.0服務資源_蘭潭家福護理之家,其他
8f1eeae7-3f39-4369-b675-2b58deaff517,長照2.0服務資源_您好居家護理所,其他
497408ec-b902-4d06-bdda-ff6094d5973e,長照中心_康扶之家,其他
a09e316a-e40f-4670-ac30-41d55c386d69,長照中心_清福養老機構,其他
b896c9a5-ae30-444c-be0d-e16824b353a8,長照中心_聖亞社區,其他
cc2fcd1a-99c7-4ef1-b34b-6c4794d68f69,長照中心_新長松老人長照中心,其他
3d439a12-8e44-41b8-a3b0-5a1c6c2c4bf7,長照單位_五甘心物理治療中心,其他
1462bd8d-2516-4836-802b-213bf9f9336d,長照單位_弘福日照,其他
09e3f7ad-d56b-4f9f-82b5-d184a3219046,長照單位_立心慈善基金會,其他
b42d31b1-2cd7-4cd9-b141-5abb323936e0,長照單位_真善美,其他
1a93a83e-1070-40c5-9342-35000fc031f7,長照單位_盤古銀髮,其他
6ed50d22-8262-4d23-80b3-007cf44223eb,長照生活事業有限公司_長照生活事業有限公司,其他
582692b9-86b0-4dac-9dd8-4bc8a632746c,長生養護中心_長生養護中心,其他
20516558-c042-4128-a896-61ee4aad0986,長興化學工業股份有限公司_長興化學工業股份有限公司,其他
6a5c5d67-e6ac-4587-91c9-867b56810c8e,長青老人養護中心_長青老人養護中心,其他
4d457dc7-98c2-4874-8627-2dc3de380413,長頸鹿長照機構_長頸鹿長照機構,其他
3b01894c-b0d3-4dfa-9b22-e230ad289100,門諾會醫院_門諾會醫院,其他
e262df15-863f-4cba-acc9-17a6568e172a,門諾醫院壽豐分院-精神科日間照護中心_門諾醫院壽豐分院-精神科日間照護中心,其他
038ee4f9-81da-4fed-9178-bcf782cb8b68,阿爾發金屬化工股份有限公司_阿爾發金屬化工股份有限公司,其他
f65fc932-b653-4f33-860e-2fcbc437c9dd,青松健康_中清綜合長照機構,其他
a52f99b9-7019-49bf-9c53-da840158414f,青松健康_東栄綜合長照機構,其他
65b76e22-e577-4109-bd37-020d6a51d860,青松護理之家_青松護理之家,其他
aae1dc4d-2265-42c5-919e-b28cd3e15c76,青田診所_青田診所,其他
5ed20392-0e95-4f7c-9bec-75cf4565fe60,信大水泥股份有限公司_信大水泥股份有限公司,其他
3cf7c411-8b53-4175-86d6-21c5d4b80643,信安診所_信安診所,其他
57245c34-846d-4e13-bdba-ffa6d48fc480,信昌化學工業股份有限公司_信昌化學工業股份有限公司,其他
f526a489-6717-42b4-a218-43c6b1719e1b,信昌機械廠股份有限公司_信昌機械廠股份有限公司,其他
209ad765-a348-4cae-956b-72b636618c61,信昌電子陶瓷股份有限公司_信昌電子陶瓷股份有限公司,其他
20257dc8-5614-4ba1-ab71-b27c6f55c3b3,信東生技股份有限公司_信東生技股份有限公司,其他
494b1340-82fc-412b-91cb-7b1a5220f8f8,信生醫院_信生醫院,其他
2b8c11d3-abec-478c-a34a-13de14482060,信通交通器材股份有限公司_信通交通器材股份有限公司,其他
c4206ffc-d4b0-40df-bf8b-32fbf7ba79ee,信邦電子股份有限公司_信邦電子股份有限公司,其他
e270b73e-ec85-4428-a6e0-eafca5c45a82,信錦企業股份有限公司_信錦企業股份有限公司,其他
44d35caf-539e-4fc6-9af0-85dcc928f60a,信音企業股份有限公司_信音企業股份有限公司,其他
22d45a88-83a7-4109-8c83-78c160904408,侯嘉修內科診所_侯嘉修內科診所,其他
849e9cc9-cc86-472e-9219-8549bd39579b,保生診所_保生診所,其他
c8e5affa-d024-4ec6-b033-cbb112bd4ca2,俊安內科診所_俊安內科診所,其他
abe0e864-c7d8-42c9-81e9-a708e2cba9b8,俊逸慈善基金會_俊逸慈善基金會,其他
b36f499d-b246-4cfc-850c-5267935e2a18,冠坤電子企業股份有限公司_冠坤電子企業股份有限公司,其他
f118e1df-ada1-4a7d-9136-240f77bb7ea6,冠華醫院_冠華醫院,其他
7e4bbd52-7cb7-464e-a1ba-0dfe9dcf6657,冠軍建材股份有限公司_冠軍建材股份有限公司,其他
aad246ba-0143-4dc5-a12b-874ed582ad3d,勁永國際股份有限公司_勁永國際股份有限公司,其他
2005b3a6-4975-40a4-bd72-32ef5dc82afb,南中石化工業股份有限公司_南中石化工業股份有限公司,其他
73608bd4-bec0-426b-8146-e9f18041b1b5,南亞塑膠股份有限公司_南亞塑膠股份有限公司,其他
be445ecc-27fb-440d-b9aa-6afa46a56113,南亞科技股份有限公司_南亞科技股份有限公司,其他
190f74c6-3474-4f14-82cf-fcb8322bdd48,南亞電路板股份有限公司_南亞電路板股份有限公司,其他
cdd533a6-c712-40e2-9adb-53b78f2b7417,南僑化學工業股份有限公司_南僑化學工業股份有限公司,其他
cbb0893c-e786-4eac-b2f9-6c2803511bb9,南六企業股份有限公司_南六企業股份有限公司,其他
9d4aedf6-785a-45cb-9aac-a92e7b55ebe7,南台養護中心_南台養護中心,其他
e75be574-a9c8-438e-96ea-a153e2b1be42,南基醫院-永平路_南基醫院-永平路,其他
5052f81a-ceb4-4638-adfc-f507b9dcf552,南基醫院-龍南路_南基醫院-龍南路,其他
aeb9fe00-a2a0-45fb-a94a-f418c7132bb5,南寶樹脂化學工廠股份有限公司_南寶樹脂化學工廠股份有限公司,其他
1af741f6-4232-450b-a5ff-dc1e5555d787,南山醫院_南山醫院,其他
cee36e65-fa19-4724-a3ce-f0ac936b340c,南帝化學工業股份有限公司_南帝化學工業股份有限公司,其他
01936b87-b3aa-4caf-8db5-5f2bc22795e1,南投以琳關懷協會_南投以琳關懷協會,其他
362afc52-3d0a-4e37-b50f-26857f168b08,南投和泰護理之家_南投和泰護理之家,其他
d6d052f8-6d7b-4637-8653-6928cd1aa4d0,南投基督教醫院_南投基督教醫院,其他
3276a754-92aa-44d7-a841-a1ba43396526,南投基督教醫院_南投基督教醫院,其他
c4a60349-3def-4aa7-91b5-de6f44abbaae,南投基督教醫院_南投基督教醫院,其他
db770c37-093b-42bb-ba3b-6e47dda7332b,南投大樹居家長照_南投大樹居家長照,其他
ea41e48e-5351-4a05-8bbd-82953bb0f457,南投安家居家長照_南投安家居家長照,其他
c86a14b3-99b8-4613-997c-0ea2f1272a79,南投家照者關懷協會_南投家照者關懷協會,其他
0ed23489-6466-4585-8baf-9396d6b36c11,南投富州發展協會_富州發展協會,其他
32c8f234-6eff-4d3c-8653-d7b3be36f2bd,南投左岸居家護理所_南投左岸居家護理所,其他
debbab2b-b885-4422-b6b7-c7bc27724a27,南投慈惠善行協會_南投慈惠善行協會,其他
652952a9-6624-4f11-90c7-472af85fe0ac,南投新鄉社區發展協會_南投新鄉社區發展協會,其他
dc972d03-f3ef-4702-bcc9-5020f5b6e58f,南投有愛協會_南投有愛協會,其他
60a51e89-95ac-4592-9543-9496518aa5fd,南投朝日社區長照機構_朝日社區長照機構,其他
b48088d5-64a0-4c61-a2d4-7144ca4071ac,南投朝日長照_南投朝日長照,其他
b9923015-6eba-4548-ac27-4259dfa80dad,南投榮欣社會福利基金會_南投榮欣社會福利基金會,其他
2ab83616-1efc-4f25-8489-741b61f512e2,南投永安護理之家_南投永安護理之家,其他
17a548d6-a284-404b-abe3-d368fe3f72f5,南投生活重建協會_南投生活重建協會,其他
1c167e86-e946-4b71-b671-eda4cdcc7aff,南投福安慈善會_南投福安慈善會,其他
b4b08f56-a163-472e-9e3d-106d69e7077d,南投縣信義鄉原住民生活美學協會_南投縣信義鄉原住民生活美學協會,其他
a2e42570-4727-4c50-ba8c-ea34b76338d2,台中市政府_台中市政府,其他
31613ce0-31aa-4071-8d85-0d4adbd99700,台北市政府_台北市政府,其他
b9f02283-2cfa-4822-86ed-b7945b39078a,台東縣政府_社會局,其他
e2a5749f-32e6-466f-ade3-e34fa93b04cd,台東縣政府_社會局,其他
cc2603c6-8c8e-4aaa-b6d4-27fec3970cec,台東縣政府_社會局,其他
61173c2e-d14f-4699-a36d-0a9d46c0cedf,台東縣政府_社會局,其他
77fc167c-6d38-4353-9735-646c8f8e9cb4,台東縣政府_社會局,其他
ee1a00fd-e79f-453a-afc9-e07344732703,台東縣政府_社會處,其他
f1b608c0-5cd7-4622-a5bd-cbba434590ec,台東縣政府_縣政府,其他
1dc09f69-1bce-4b30-aafa-1e26dcdc76e2,宜蘭縣政府_縣政府,其他
b0ecf1cb-517e-46ca-aa8d-a6fb7713386e,政府_新北市政府,其他
7cd513b0-7a71-4d28-8053-2fb44795a898,桃園市政府_桃園市政府,其他
828b61dc-7709-4930-85cc-536339c5f2b0,高雄市政府_高雄市政府,其他
1a622ed9-3e27-4967-bbed-6fdd56111a1e,基隆市政府_基隆市政府,其他
af65fc15-70b7-47f1-86cb-fa91bbcb17d6,雲林縣政府_雲林縣政府,其他
04edf5f7-ca1e-49ff-8c72-d231bbcb4fa9,雲林縣政府_雲林縣政府,其他
72e1ee08-4d98-4b78-8a2f-364554782cec,新北市政府_工務局,其他
d98dbaf4-ac3b-4b11-9e5b-0ba748ca7040,新北市政府_新北市政府,其他
6ba05af8-3034-4fa9-80f7-8be1fbce9110,新北市政府_新北市政府,其他
567b366d-8632-4333-b991-67479851787a,嘉義市政府_嘉義市政府,其他
5b6a7193-f3d8-4989-8813-455868706d64,嘉義縣政府_嘉義縣政府,其他
cc3535a9-ee0b-4497-8cc8-551f7b6db0f2,嘉義縣政府_縣政府,其他
95195cc9-dbb7-4b76-a436-1f54ef688c67,彰化縣政府_彰化縣政府,其他
572dfa09-093f-4260-96b9-fc1fb6fa30d4,澎湖縣政府_社會局,其他
f2f2257c-5408-4621-ba4c-573d22fc7812,苗栗縣政府_苗栗縣政府,其他
5df709e4-bedb-4160-b015-63743077ce53,南投縣樂齡生活關懷協會_南投縣樂齡生活關懷協會,其他
71ff0b34-9a56-43c6-bc7f-a1364443e439,南投縣菩提關懷協會_菩提關懷協會,其他
04d79de4-2b2e-404f-8e33-b0607cf13c52,南投迦南長照_南投迦南長照,其他
57eea826-6a5f-4566-8338-fb8a83995f63,南投醫院_南投醫院,其他
e7662ad3-f292-4dad-8021-e438822f94c1,南港輪胎股份有限公司_南港輪胎股份有限公司,其他
46b41f85-7cdf-4b7a-989d-46ed8c3c7022,南緯實業股份有限公司_南緯實業股份有限公司,其他
ea8148ec-63d6-459f-ad72-43bb94d96e06,南茂科技股份有限公司_南茂科技股份有限公司,其他
bfcc3df0-eab7-4e6b-bc6c-be57e78825ed,南門護理之家_南門護理之家,其他
a66ca919-5067-4a58-99e3-53fe62d67789,南門醫院_南門醫院,其他
bb5f25ef-33f9-4cf3-8606-cba34a52d0e8,品安科技股份有限公司_品安科技股份有限公司,其他
37c7e39b-704e-4d21-a291-47e2c36709e6,奕力科技股份有限公司_奕力科技股份有限公司,其他
eab20bd9-5c14-48b4-b010-cdbaacef7e96,威剛科技股份有限公司_威剛科技股份有限公司,其他
2eafad45-0b5a-43ab-b8ef-f5c2d042c567,威盛電子股份有限公司_威盛電子股份有限公司,其他
30f01c81-49ac-4428-a2b7-45aa44184f24,威致鋼鐵工業股份有限公司_威致鋼鐵工業股份有限公司,其他
2a375f91-1e53-4919-8874-12e6127b92c2,威達電股份有限公司_威達電股份有限公司,其他
626fd433-5070-4cee-a230-c3e4e34e5e44,客運業_美樂客運有限公司,其他
cfc05ed3-bf7d-4ffe-b0d5-3d7508f42793,客運業_宜蘭縣政府,其他
df3585c9-bfaa-4500-8126-3817f3443aaa,客運業_三重客運,其他
2cf9cd6a-14ae-4d05-8b6d-2efcd4da7e54,客運業_大有巴士,其他
4d920149-49fe-4769-b218-27c3769abb38,客運業_大都會客運,其他
febb8373-be0a-49da-b44b-8d347963754f,客運業_中南客運,其他
a44dbb6f-e90f-4547-945f-c434de715b94,客運業_中壢客運,其他
6ac5dc76-e582-4879-ac0a-a8bd1522213f,客運業_中興大業巴士,其他
56811718-941e-4442-b8ba-c51c416f5e44,客運業_中鹿客運,其他
31ca1f17-ce06-4265-94e9-93e39726cada,客運業_仁友客運,其他
988f2c4d-f889-447b-86ed-7f04f422575b,客運業_太魯閣客運,其他
87dda44b-f1e3-45f0-9c6a-fa66868f9288,客運業_日統客運,其他
842f6ffc-ca6f-4cf0-88d4-9295ce279087,客運業_台中客運,其他
d849c42e-b268-441e-8385-d06de0ded580,客運業_台中客運高鐵站,其他
d49467e0-7d8d-4977-9a4a-66989603ae80,客運業_台聯客運,其他
7c9e3a60-00f3-4e20-b316-bce036044a44,客運業_巨業交通,其他
bd7ac538-8f00-41f2-936b-6e00f403315f,客運業_光華巴士,其他
406155f9-8522-4fe3-85da-291a425181e0,客運業_全航客運,其他
0f0a8759-e967-4b47-98de-cea90c144fcb,客運業_全豪汽車,其他
702ea765-37dc-4e91-9e1c-017311bf06c3,客運業_汎航通運,其他
5664f4a9-aebe-463b-9dd9-1246a242db44,客運業_杉林溪遊樂事業,其他
4caf92c0-09e6-49bf-8fcb-0a714eae8f28,客運業_亞聯客運,其他
7fb2eca8-65c2-40cd-b889-c462e191e6b8,客運業_亞通客運,其他
c274e421-9bb9-45ae-ae0c-ba7a5234043c,客運業_和欣客運,其他
be8158fd-79d3-4dda-9939-f323a13b8ef9,客運業_花蓮客運,其他
7b4c64c3-dc6c-477d-95d5-19434cd0b34e,客運業_金牌客運,其他
f1070419-4a1d-4b70-8df1-5bf5eaf18340,客運業_長榮國際儲運,其他
26078eb6-dafc-436a-956a-c60fc6e40a22,客運業_阿羅哈客運,其他
71e5a4a2-eaea-46a2-8ff9-43d43081e6cf,客運業_南投客運,其他
4c3591e7-fd9d-45cd-beea-9a3299c6e2c5,客運業_屏東客運,其他
88f19404-cc6c-4e59-9cf5-0b522fae7d3f,客運業_建明客運,其他
d71f2a9d-3679-4dc1-a688-9e2a0fe7f40e,客運業_指南客運,其他
ae62fb03-9393-488f-b306-fdf3f4895bf0,客運業_科技之星交通,其他
6724bf68-ec96-42e4-9f2c-28a2980f480e,客運業_苗栗客運,其他
19c6885d-28b9-4402-b0c0-97b68daaeaaf,客運業_首督客運蘆洲廠辦,其他
94ebcd2b-3230-4ac3-a451-77f9f5448d8c,客運業_首都客運,其他
a5af6a15-97eb-48f8-b457-28abe8155a7e,客運業_員林客運,其他
9fb96467-d466-4f5a-b5cb-a8b2c59581dc,客運業_桃園客運,其他
4fc57265-5e6e-45e6-8f2f-bed44104cd3d,客運業_高雄客運,其他
402a79a1-89a8-438b-84ac-970ff252edc8,客運業_國光客運,其他
effb2512-35df-4500-af38-8a4399be845f,客運業_基隆客運,其他
11dda09a-8e1e-4d36-90bd-29696022ff3a,客運業_統聯客運,其他
066fab78-00a5-4439-9812-37523a586737,客運業_普悠瑪客運,其他
75e62e88-80f7-429c-9e15-09791acba50a,客運業_新北客運,其他
926364f4-b5db-4160-8f7d-22055d25f79c,客運業_新營客運,其他
4fbdb5cb-b251-4f48-84d2-3c2edad5819a,客運業_新竹客運,其他
d3e9f216-fbcc-450d-b599-ef94acd47e45,客運業_新通客運,其他
0fa425d3-3e5f-4a06-bba3-8d456d5e67e5,客運業_葛瑪蘭客運,其他
cbbc2d76-dc01-40dd-993b-227bba28921f,客運業_鼎東客運,其他
8b1b9ed5-9727-4b7e-998d-5033a4d1da20,客運業_鼎誠通運,其他
84b23e14-ff32-4ebc-b75c-8aef9f193320,客運業_嘉義客運,其他
69f6758f-0a09-4999-b045-18bc55072d3f,客運業_嘉義縣公車處,其他
f07084d7-1dc1-42f4-8ce7-874f8d0fea22,客運業_彰化客運,其他
7ce2dbd6-f7c8-4a6d-84bf-ce256715a973,客運業_福和客運,其他
d422c5ef-9536-4d38-9a32-27858d0790e2,客運業_臺北客運,其他
85ab1d48-ffc2-4bbc-9130-4f9dd3206dce,客運業_臺西客運,其他
31a0e3b9-768e-40e0-933d-ff3bb1453a53,客運業_豪泰客運,其他
00ead6a5-1fa7-45ba-844b-fe2d608175da,客運業_總達客運,其他
5b225375-c331-4f12-bc7b-b6442ff97301,客運業_豐原客運,其他
d19e3ff9-f4ae-4b38-9caf-df26ef67bcea,客運業_豐榮客運,其他
12406705-aa1f-4d29-b7a6-adccf3026db7,客運業者_美樂客運有限公司,其他
3b79f0ad-0720-4a5c-af9a-1d54513d663c,客運業者_宜蘭縣政府,其他
9ea54653-e2f9-4402-91fa-22168d412505,客運業者_三重客運,其他
c442cb0d-ef72-4c03-b0ef-632a83b8efe5,客運業者_大有巴士,其他
ec749bac-7a0c-4f26-9ae6-e3ad5e7fa7a4,客運業者_大都會客運,其他
f46c7f32-8fa3-434b-a8a6-83edf5c4136f,客運業者_中南客運,其他
2afa2c5b-ef31-4463-87e2-a0385bd8b9dc,客運業者_中壢客運,其他
4fe71a1a-bf63-4070-bfe8-1c494ff20d9e,客運業者_中興大業巴士,其他
7213b012-9b2d-4fb5-aabd-4fce30053348,客運業者_中鹿客運,其他
5bce55aa-d982-419b-92a7-ee996e9e5864,客運業者_仁友客運,其他
bf386317-0c10-4564-8dbb-c67e8923d983,客運業者_太魯閣客運,其他
51e73f7e-5a64-4ed9-a5aa-babb585e169d,客運業者_日統客運,其他
ee6d4ac8-16f9-40e0-8c0f-8bcfe442eb75,客運業者_台中客運,其他
5297ca3e-d71a-4d31-adeb-0d0d60e7c6dc,客運業者_台中客運,其他
2d2c427b-014b-483d-98c3-9f46bc8d47d7,客運業者_台聯客運,其他
4a1e5915-e47d-4a7a-90b1-d75863a7e558,客運業者_巨業交通,其他
1f2a195f-cc2b-43eb-84da-e7fdd0a9c44a,客運業者_光華巴士,其他
cb041dc1-c4a9-470a-bbf0-ab35f4a5e9a7,客運業者_全航客運,其他
75e0bed3-2872-4762-b396-309bcb7c16b6,客運業者_汎航通運,其他
9b780b5b-5651-40e7-980d-95a245e1a3ae,客運業者_杉林溪遊樂事業,其他
b0fe9131-f33c-41e2-bbfa-a763fc669b09,客運業者_亞聯客運,其他
c29081ca-12f3-4f8c-bc50-fbf5e3006b19,客運業者_亞通客運,其他
9a6c47f7-ffd8-45c5-8318-6a5f40451058,客運業者_和欣客運,其他
f04a95c2-ee59-4dbb-a8f8-293f19babd86,客運業者_花蓮客運,其他
bc6eb9b1-c739-422e-b21c-868dfdd0df9f,客運業者_金牌客運,其他
a4b347e9-1202-42f3-b64f-5fbf700a029c,客運業者_長榮國際儲運,其他
b5dd7833-f6aa-4592-bda4-598d0c9c3dd8,客運業者_阿羅哈客運,其他
b4866cc0-7a3d-4fc2-b331-b79e68c9a167,客運業者_南投客運,其他
f672a269-ed90-4cad-9d83-2c11e3fe228f,客運業者_屏東客運,其他
fd844540-4839-4d48-b4c4-83056e240837,客運業者_建明客運,其他
e631e303-5b0d-4711-ae1a-8c8c53a15ad3,客運業者_指南客運,其他
8a41d6f9-4b9d-41c0-a4fe-e2be59b62400,客運業者_科技之星交通,其他
0b8b1400-37d2-4966-b0c5-003694ed5a2b,客運業者_苗栗客運,其他
3c9c5ab2-afb5-48da-b00b-067a6563ac57,客運業者_首都客運,其他
e9508408-cda4-44b7-9d6a-c5cf2116c47f,客運業者_員林客運,其他
c6014e44-983d-4644-96b7-d7434d2053ec,客運業者_桃園客運,其他
d4f958eb-cd14-4f13-a23e-d6ad457c3ef8,客運業者_高客高鐵站,其他
281fb46c-3031-4d4d-8a83-ee601998e1d6,客運業者_高雄客運,其他
d13e1e2a-232c-4215-bae8-b00bc47bb1ce,客運業者_國光客運,其他
691a6ce0-40c7-487f-895d-0c25a6c6ff09,客運業者_基隆客運,其他
4b844630-620b-4af2-904f-d893cb03a00d,客運業者_統聯客運,其他
034c247f-02f7-47b8-8341-df2689a1455f,客運業者_普悠瑪客運,其他
1c367152-0994-49b7-9af0-b78c513b89b5,客運業者_新北客運,其他
5f7439ae-8c50-46c9-84fc-028cf9cb5ef3,客運業者_新營客運,其他
d52485c3-538d-4b82-93b5-6ea934b1fa0b,客運業者_新竹客運,其他
2858397f-94cb-43f3-ad93-abbee5664b5c,客運業者_新通客運,其他
a3696032-6bcc-43f0-8842-d26fceda85c5,客運業者_葛瑪蘭客運,其他
26f32427-5ad2-4ce5-9d9f-c76551776404,客運業者_鼎東客運,其他
99eae2b5-8787-4a61-8eac-ab1af604acbb,客運業者_嘉義客運,其他
3fea244f-cb77-4620-8980-c58fd4ffc81a,客運業者_嘉義縣公車處,其他
4ce9f3e1-b643-4267-955b-f1404242f400,客運業者_彰化客運,其他
0f678be3-196d-4d1c-92c5-57628789d353,客運業者_福和客運,其他
e12fed2e-b5ae-4987-a39f-803eef08d556,客運業者_臺北客運,其他
ad9a9b44-03f6-4f88-a1d0-520c038b857d,客運業者_臺西客運,其他
255c58c0-91ba-46f5-9caa-d32b18648d6f,客運業者_豪泰客運,其他
2d14d9b4-7de4-49e8-9fe0-84a6403bf5e2,客運業者_總達客運,其他
d0cdd884-56de-4456-bb58-b3f8521bb0ce,客運業者_豐原客運,其他
b10be7a7-27d5-4907-b140-ba76f0bfb63f,客運業者_豐榮客運,其他
c2d43e3b-6176-4f9b-8725-2f0bb094a6cc,屏基護理之家日照中心_屏基護理之家日照中心,其他
50585bbc-98c2-42cf-897f-3bf19cca622a,屏基護理之家日照中心_屏基護理之家日照中心,其他
84ec9688-f3bb-47c7-8bee-5f01ec9c0ed1,屏東民眾醫院_屏東民眾醫院,其他
cdaf1eff-8f27-4617-b829-19f761dd6399,屏東縣政府長照中心_屏東縣政府長照中心,其他
886b1cc2-84e6-4dfa-aea6-f7aa50214587,屏東縣枋寮鄉地利村社區發展協會_屏東縣枋寮鄉地利村社區發展協會,其他
e43d5d86-1788-4276-a5d9-2f4e2b2a7c62,屏東縣殘障服務協會_屏東縣殘障服務協會,其他
4cb248e1-ebb7-46d7-903b-b14eb5d1f96c,屏東縣腦麻協會附設社區長照中心_屏東縣腦麻協會附設社區長照中心,其他
1d983a07-bf61-422f-954d-6a9a618d11d1,屏東萬和社區長照機構_萬和,其他
f9ab46f3-7437-478d-a4bd-5d8404f595b3,帝寶工業股份有限公司_帝寶工業股份有限公司,其他
502741c1-0f2f-407b-8746-863f5adf8c73,帝聞企業股份有限公司_帝聞企業股份有限公司,其他
7a3e4a0a-8bbd-46b2-9bfa-aad05b9585ac,建上工業股份有限公司_建上工業股份有限公司,其他
1aa1fe40-7033-4ac0-988d-e72be30a6e3d,建佑社區長照機構_建佑社區長照機構,其他
ccb639a4-217a-4c9f-b2a5-70a323a4913e,建大工業股份有限公司_建大工業股份有限公司,其他
f88d9aca-3b1d-40ca-acb9-52f066cead87,建安診所_建安診所,其他
e96c6d3f-f1d4-46f9-95fa-9cd1037dc73a,建成機械股份有限公司_建成機械股份有限公司,其他
bd6357ca-279e-414a-a396-f48bdb307aff,建準電機工業股份有限公司_建準電機工業股份有限公司,其他
67ce35c5-32ec-4de8-9fe0-4c247cf40e54,建漢科技股份有限公司_建漢科技股份有限公司,其他
60596bdc-1e3c-4080-9b1a-1be4b9401da6,建舜電子製造股份有限公司_建舜電子製造股份有限公司,其他
2d01d77b-d61e-4a1c-8f2d-f11153dc2a6a,建通精密工業股份有限公司_建通精密工業股份有限公司,其他
2cfe5f0a-64da-47f3-9ad8-bd0b9e696b89,建錩實業股份有限公司_建錩實業股份有限公司,其他
0c006043-2fa3-46f9-9678-b5dd80765697,建霖內科診所_建霖內科診所,其他
bb91e5be-9d31-4dc5-aeaf-d000bd3052ef,建順煉鋼股份有限公司_建順煉鋼股份有限公司,其他
59f51f3d-014b-4b15-9c11-a3112c516e14,後龍聯合診所_後龍聯合診所,其他
b5f14111-b796-4714-83c8-a13dd683d82b,思源診所_思源診所,其他
9726e3b0-ea5e-4f0e-a5dc-9193b7eec036,恆春基督教醫院_恆春基督教醫院,其他
f9310d74-1dd4-4281-8138-8fec86956c84,拾貳街綜合長照機構_拾貳街綜合長照機構,其他
5172db38-1bcd-4652-925d-70b7a269d972,春柏安養中心_春柏安養中心,其他
6daf580e-4d92-424a-a3db-05a1c10ea1bc,春源鋼鐵股份有限公司_春源鋼鐵股份有限公司,其他
1fc83804-f366-476a-adc0-23879f2e1d1b,春雨工廠股份有限公司_春雨工廠股份有限公司,其他
714f752d-0d9d-47d9-806a-5c41c5025885,映泰股份有限公司_映泰股份有限公司,其他
f45cebd0-deea-402d-99d3-294cdb8a9664,昱晶能源科技股份有限公司_昱晶能源科技股份有限公司,其他
a6b2a120-d86d-4d23-9989-96d05338cb5c,昱泰診所_昱泰診所,其他
350c462b-f48d-4eae-b06e-7fb340a2d747,昱龍不銹鋼股份有限公司_昱龍不銹鋼股份有限公司,其他
eabb7d28-9778-4705-bddb-d6ba67e67b2a,柏承科技股份有限公司_柏承科技股份有限公司,其他
04458e9e-868d-4643-ae6e-9b3a3f6dd6dc,柏緯鐵工股份有限公司_柏緯鐵工股份有限公司,其他
2fb930c1-d33a-4a05-86cb-ef99e7d2e6dc,洋華光電股份有限公司_洋華光電股份有限公司,其他
27757ac4-fe7c-46e8-89b0-25634bb5d9b4,洪揚醫院血液透析中心_洪揚醫院血液透析中心,其他
5b26d66b-28eb-4834-92a3-e9dbc18e1525,洪永祥診所_洪永祥診所,其他
bc6cc350-3cd0-4911-8c9e-7c041eb4f60f,洗腎_悦腎診所,其他
0d1061c9-8b8e-4049-856c-13cd2a2defee,洗腎_八德德禾診所,其他
bfa9afc7-2ba3-4c40-bee2-f154a2933052,洗腎_八德德禾診所,其他
176b2a8b-dee1-4cac-bb1d-ce21777e4867,洗腎_三禾診所,其他
a5b458d3-9720-4ff9-8280-5eb1b48b4117,洗腎_仁暉診所,其他
c5bdc109-ad25-45fb-8ae3-e0f5a399f26d,洗腎_元佳診所,其他
183ca377-2339-41fe-9ddc-da0ae06d0074,洗腎_文瑞診所,其他
cebad3eb-3aeb-45cb-b42c-7ec3a5803765,洗腎_禾安診所,其他
a2f1e2d8-436c-4036-9824-d0ae4c577c1e,洗腎_安庚診所,其他
3942d26f-59b8-4594-8a58-d7177237367d,洗腎_安慎診所,其他
4e494b4e-4300-407f-9c39-13f9968d3249,洗腎_安慧診所,其他
9fc731da-4873-4dee-9128-2a3df55f7d24,洗腎_安旭診所,其他
73bcc591-d51c-4dda-991b-76151a2a166b,洗腎_安禾診所,其他
acdceea1-7ea9-47f0-8ad4-9a49bfc09884,洗腎_佳佑診所,其他
3d46d100-82e3-40ba-8d84-15bf14f178a6,洗腎_佳德 洗腎內科診所,其他
23ee21e1-7ab5-4ece-a149-b3063ccfb4b1,洗腎_佳德內診所,其他
f0513066-dae4-4b9d-aa7b-e91ad9f8da57,洗腎_佳德診所,其他
63ba051a-7457-4616-8147-a67d26339c44,洗腎_佳愛診所,其他
964fc599-602f-4d6e-a2fc-d7c32492bd3b,洗腎_佳晟診所,其他
0469df9e-bca5-4c20-82aa-1ea8ca253509,洗腎_佳永診所,其他
7e615a8b-3175-47c1-b464-3db3557a50a2,洗腎_和暘診所,其他
42edd2c6-837d-46b6-b5d2-58e22d39ba95,洗腎_和欣診所,其他
1691225e-44eb-464e-b8df-43a8d7ec37b0,洗腎_尚志診所,其他
3296fd84-d0bc-4e2d-8b63-09a3170a0e44,洗腎_尚志診所,其他
4a7c801d-cd96-44c2-96ac-bfab38957578,洗腎_幸安診所,其他
e7c63f31-ffda-4521-83ff-3a3b63d4ba27,洗腎_明晹診所,其他
f16e293a-d963-4764-936e-20a593af7eb8,洗腎_昕隆診所,其他
25a3ec26-defd-4657-9a92-15676a2e6a4a,洗腎_欣禾診所,其他
359e142c-1cf2-481b-8da4-2a4af4091613,洗腎_青田診所,其他
5e3caa79-e82f-4866-a287-76fefc4af5db,洗腎_建新診所,其他
9c306ce6-029a-4156-8bed-7a298bb789b5,洗腎_思原內科診所,其他
f9479e42-e3a2-4c11-8be3-d7bdde15af61,洗腎_家祥診所,其他
e63337de-d332-4571-80a4-8c371fdfc1f3,洗腎_恩康診所,其他
0695fd33-763b-4f95-b79b-54c8df4d5325,洗腎_恩華診所,其他
487841ef-eeee-4550-83dc-ef323e721696,洗腎_桃安診所,其他
925080a1-0b80-4581-a23d-214e9acbd94d,洗腎_站前松禾診所,其他
ad80a747-f8ef-4206-a01b-8cde2d640aed,洗腎_國城診所,其他
27cf4d48-7021-4d51-a62d-12559f4637e7,洗腎_得安診所,其他
5a2ad567-ca42-4e92-ab8a-152db11609eb,洗腎_祥佑診所,其他
d7b7012a-c2a9-4327-b4a9-77343079bfbb,洗腎_景安診所,其他
2f30bbae-140a-4ae5-abb0-451b11669f98,洗腎_逸全診所,其他
b893cac0-22a0-433a-ad76-484eadace61c,洗腎_傳康診所,其他
ac9311d0-6538-40eb-a3d0-fa93ff0557b3,洗腎_新仁診所,其他
2475b23a-34b1-4a0f-b7ad-c922a556044b,洗腎_新庚診所,其他
c8e5997a-cc5e-4dd4-8d21-44d48a066002,洗腎_新欣診所,其他
c2fa2acd-2a28-46f5-bf26-1c3a03294ec7,洗腎_新福星診所,其他
d64b7c6d-68a3-4745-a827-21ce3c1116d8,洗腎_萬澤內診所,其他
a927c277-5d1d-4d5d-a67f-2b936b2902d5,洗腎_聖文診所,其他
cb707144-1bff-48fb-9a5c-98e0aa4336bf,洗腎_德全診所,其他
6e02a155-c2d4-4f41-9bc8-437a5627d65d,洗腎_憲安診所,其他
06508907-9651-4763-8478-a49c31a60c8b,洗腎_樹林松禾診所,其他
c30e5902-55ff-40a2-9ca8-12cc58924e8f,洗腎_龍恩診所,其他
0dc86a57-d741-4650-aa96-f155c5573a3b,洗腎_中和欣禾洗腎中心,其他
f0efde67-7ab6-41ab-8c3f-9e0a5aa66a09,洗腎。_皇泰診所,其他
47bd713b-fbe9-4a32-b9ab-262445d75316,洗腎中心_滙安診所,其他
15539d53-9ed9-458e-83f6-4d9914c3d090,洗腎中心_人晟診所,其他
3c2f9651-ae34-46e8-a86a-f1089bc3dfe0,洗腎中心_十全診所,其他
563404a6-d374-4f5d-a90d-938d11c33ba5,洗腎中心_三本診所,其他
c743357c-f3c0-4c43-8d5e-14bbfb8d8d6e,洗腎中心_三泰醫院,其他
b9acd170-f8c7-45c1-8bcc-45795c1af7f7,洗腎中心_三豐診所,其他
8566b25c-43a5-44ef-9b92-5f5d3e656aa8,洗腎中心_三軍總醫院,其他
65f315bd-85d2-487f-a858-e29a4d7bf214,洗腎中心_三軍總醫院汀洲院區,其他
be4a9891-327e-41bc-826c-f7661894ac80,洗腎中心_三軍總醫院澎湖分院,其他
d363b58c-9ddc-4008-a02c-5e424fc7240d,洗腎中心_上安診所,其他
cca377ed-899d-4a8d-9d4f-9154ba461937,洗腎中心_上順診所,其他
215ac4fb-e373-4ce7-aed7-7aadb5c4008e,洗腎中心_大千醫院,其他
0dab7ecc-0bee-4a0a-b43e-456e64eb8aa1,洗腎中心_大墩診所,其他
1e946e4f-6296-452a-933c-9b14b4ea7d95,洗腎中心_大安診所,其他
67139ffe-73be-4615-b808-bbc14bb7d817,洗腎中心_大安醫院,其他
27d86b49-d5c8-424e-8066-62d64903d5e7,洗腎中心_大川醫院,其他
80a758f9-b7cd-494b-a580-c0db00155561,洗腎中心_大武診所,其他
2479e7a7-ec46-455c-ac7a-627ea173e380,洗腎中心_大順綜合醫院,其他
45eafa10-32dc-451f-8e6e-b133fd8a80e7,洗腎中心_中和健新洗腎診所,其他
90806611-7ac6-4dfd-aa90-0cdafd65f9a2,洗腎中心_中國醫藥大學北港附設醫院-台中市,其他
a0b272a7-b85b-4722-aa01-6b138947b717,洗腎中心_中國醫藥大學北港附設醫院-雲林縣,其他
5c130e77-e9ef-4614-b2dc-04471a66a12c,洗腎中心_中國醫藥大學附設醫院,其他
baedef73-aa47-4b02-b32b-58319751182e,洗腎中心_中國醫藥大學附設醫院台北分院,其他
6a27df2c-9446-4ed3-9ef0-8ea94ccd3adb,洗腎中心_中國醫藥大學附設醫院豐原醫務室,其他
8bf8af60-2a72-4acc-a3fd-f6f9fb53250c,洗腎中心_中壢祐民醫院,其他
ab8a1b17-e000-422b-87bf-fdd57cb26609,洗腎中心_中壢長榮醫院,其他
3ff29d24-a1b9-4f53-ba29-947faba6a0d2,洗腎中心_中山醫學大學附設醫院,其他
f92d89c7-5f07-40c9-b82f-0e03dbd4ce36,洗腎中心_中山醫學大學附設醫院中港分院,其他
2595dd20-26a4-4c88-998f-d242d6df0cdd,洗腎中心_中山醫院,其他
6f2d9ed3-ba99-4f01-ac79-a1147a204afd,洗腎中心_中庚診所,其他
44961f9c-1d09-407e-b586-2170af21ddf7,洗腎中心_中心診所,其他
3d6531ae-a395-4f25-b708-a6c49828e020,洗腎中心_中慎診所,其他
0f920a47-bb10-4f28-8aa4-25ba4812ec70,洗腎中心_中清診所,其他
7936a517-f6d5-404a-8e17-774a68649a87,洗腎中心_中祥醫院,其他
d4b97a93-f9ed-4852-85ec-2db20f01e4d6,洗腎中心_中科診所,其他
4dc16014-ec40-4ca6-ba5c-2e06ab782b94,洗腎中心_中興醫院,其他
c7f858ca-ab50-4463-8bea-e9a857267e40,洗腎中心_中英醫院,其他
8487edf1-ea2f-412d-89fa-6abe19997dde,洗腎中心_仁佑診所,其他
816de17f-12ba-4d43-bfb9-8d4fe07f0e98,洗腎中心_仁安診所,其他
ff274459-5673-4ef9-bf8f-8b6ad6fdade7,洗腎中心_仁康診所,其他
a8806fe8-6e2e-4567-ba75-a952b6436f59,洗腎中心_仁得內科診所,其他
a3c85146-880c-45f8-8fc0-dfd54b018b30,洗腎中心_仁愛醫療財團法人大里院區,其他
51691d2d-cfd8-495d-971c-5288c7b9bd2a,洗腎中心_仁暉診所,其他
327894e0-b67c-43cd-b7b6-9e1b2660291e,洗腎中心_仁濟醫院,其他
41c5972b-ce60-4cef-ad73-66226c8352b8,洗腎中心_仁祥診所,其他
8ff5c987-2e99-40ad-8f57-369885c910e5,洗腎中心_仁禾診所,其他
c9508b34-fab5-4f4e-ad7f-e42d3c560b35,洗腎中心_仁美診所-彰化市,其他
cef1c439-796b-4819-bb82-d86ccb2c5d43,洗腎中心_仁美診所-新北市,其他
9702bc26-66da-4542-aaa7-e72a1aa8fdd4,洗腎中心_仁謙診所,其他
13a7e858-ff7f-4e30-808f-e25207d7cbb6,洗腎中心_元佳診所,其他
8b2a1476-90f5-431c-be99-b078016085af,洗腎中心_元林診所,其他
478ff08a-74bf-4b7c-938b-291f1659dbe4,洗腎中心_元福診所,其他
45a76152-990f-4de6-8636-9013abd73cc1,洗腎中心_元福診所,其他
15c47337-861c-4d1c-aa30-9834c494fbae,洗腎中心_元翔診所,其他
4d362025-ede5-4ca3-bc0b-065f2eb0d088,洗腎中心_內湖內科診所,其他
db091d05-50b3-4157-b95d-9488f80bbe41,洗腎中心_公園內科診所,其他
34d7f3be-b298-49a8-975e-ab11e6435396,洗腎中心_公祥醫院,其他
b2b8287b-8707-4eb0-a73b-61d8422eefe5,洗腎中心_天成醫院,其他
7e8a6fdf-17a5-4e31-b170-9dfda47766e8,洗腎中心_天晟醫院,其他
bd8968a3-1e3f-4d40-a64c-dd5966eb366c,洗腎中心_太原診所,其他
063a3667-78f6-4160-8924-b01984fc9a7e,洗腎中心_心力合診所,其他
e6ea996f-63ee-4381-8c5f-1ed07fbd2392,洗腎中心_文冠內科診所,其他
5494cc3e-e1a7-446d-a797-fdf856e75903,洗腎中心_文林診所,其他
784628e5-ceff-416a-b68a-80635f5e2d15,洗腎中心_文瑞診所,其他
92ff6353-a3cc-4b24-84c3-61a39455c38b,洗腎中心_文瑞診所,其他
4755aab7-50fd-4d68-8de8-7961d900e6ac,洗腎中心_文賢內科診所,其他
100e52a9-dd26-44cf-bf51-bb793aa3d597,洗腎中心_文雄醫院,其他
5e1507c9-b0d6-4ac6-a571-b5c8b9bd0004,洗腎中心_世康診所,其他
c4aec8ca-7dea-4f7c-af90-05c7c93b471c,洗腎中心_世紀聯合門診崇安診所,其他
6162909a-8328-4611-b075-0a413aaadb5c,洗腎中心_以琳內科診所,其他
2dd3350b-7950-45e7-851b-6b8198e0bbd4,洗腎中心_加安診所,其他
39d706e7-113b-478f-bc2f-c5fc2bcb4d67,洗腎中心_加昇診所,其他
ec3ac3ac-5bbb-490b-9ca0-b82f9eb18f77,洗腎中心_右昌聯合醫院,其他
86baa612-a0cb-4570-805d-f6c53b8c8b65,洗腎中心_台中榮民總醫院,其他
c3579cd8-3daf-49ba-a074-d75d83337df8,洗腎中心_台北榮民總醫院,其他
42a9ba35-2fbd-41fd-a0e8-1f5b410b427f,洗腎中心_台北秀傳醫院,其他
77e30635-b945-4eb6-bddb-5a51a62ba8cd,洗腎中心_台北醫學大學附設醫院,其他
f2aa7824-3074-4d78-a6d1-149fc05738aa,洗腎中心_台北長庚醫院,其他
701808f9-7807-4ff5-8c49-197514a807da,洗腎中心_台北馬偕醫院,其他
3febbf4b-106c-4313-b81a-2bd6cbbecd08,洗腎中心_台南市立醫院,其他
8820e134-0979-42ac-b654-7b45c5ed337b,洗腎中心_台大醫院,其他
3a83ac0c-ad67-4ccc-9a28-22864f81ea02,洗腎中心_台大醫院北護分院,其他
cae63966-12ab-4d32-9045-f9f885739cb1,洗腎中心_台大醫院竹東分院,其他
4cdcb262-e1d6-42a6-a94c-4dccfddc9d4d,洗腎中心_台大醫院附設新竹分院,其他
4ca5b4fd-cf32-40ed-912f-d90861b52199,洗腎中心_台大醫院附設金山院區,其他
56d0281e-d2ab-4b6a-ae5f-4bf5d66d4000,洗腎中心_台大醫院雲林分院,其他
c3da29bc-e774-4477-af2d-81c237af79f3,洗腎中心_台大醫院雲林分院虎尾院區,其他
d979236a-174d-4ecd-a331-540325b37155,洗腎中心_台安醫院,其他
68cd9fb8-b410-40e7-99bf-02c22c36cfcd,洗腎中心_台安醫院雙十分院,其他
69fd78ad-8bf4-482b-8503-f1045452c17a,洗腎中心_台新醫院,其他
add7236e-0d4a-4c8d-ae4f-8d10132ba582,洗腎中心_台東基督教醫院,其他
32cf7256-463b-45d7-8cf0-4ed824ab7acc,洗腎中心_台東榮民醫院,其他
390c8c93-4710-40dc-80f7-dd0bf842a73d,洗腎中心_台灣基督教長老教會-東區,其他
78865dd3-3c5c-4adb-98e8-4edd9f1b3174,洗腎中心_台灣基督教長老教會-麻豆區,其他
8cf190c0-2130-4d24-82d6-e0191c36005f,洗腎中心_台灣礦工醫院,其他
cc7dd08e-b077-4271-99ff-ce7f2f245f9d,洗腎中心_台糖診所,其他
1f057e6d-23ed-4e66-b9fe-765d93083d89,洗腎中心_台糖診所,其他
04609627-99aa-484f-b577-5f051e712342,洗腎中心_市立聯合醫院中興院區,其他
78cafe0d-54d4-4924-ae59-3f421325b078,洗腎中心_市立聯合醫院仁愛院區,其他
4aeb387d-ae13-4152-bd75-19fff83f89f2,洗腎中心_市立聯合醫院和平院區,其他
417d30da-0bab-49fb-ad96-ba32efb17ccf,洗腎中心_市立聯合醫院忠孝院區,其他
89098749-0c1d-4d79-b6b3-121204e7516b,洗腎中心_市立聯合醫院陽明院區,其他
00d2f168-04dd-409a-bc7c-98093388b4c9,洗腎中心_市立萬芳醫院,其他
a0729411-1e49-4389-a78a-c3b4ac639657,洗腎中心_弘光診所,其他
33763fd2-aaae-40bc-9e73-e467eff6b24c,洗腎中心_弘典內科診所,其他
9b74b297-5433-494a-be70-b65fbc7cd8ca,洗腎中心_弘德診所,其他
3643404b-a799-47d0-b00c-e8c6c4d57515,洗腎中心_本堂澄清醫院,其他
1f685418-22a8-422b-aebd-214e1535f8ad,洗腎中心_正安診所,其他
6e5f3624-ee9b-4174-b703-2e75383e8714,洗腎中心_民族聯合診所,其他
4aca54f3-ae0f-45fb-996f-1c615befd6ef,洗腎中心_永和振興醫院,其他
4f54f9ee-70e6-4390-9fb8-f11c80781a51,洗腎中心_永和耕莘醫院,其他
c2bcef9a-a8ba-473f-ad80-7447fb7b75eb,洗腎中心_永和醫院,其他
a8b84026-f9e4-4614-af4e-b9bd7e583ae3,洗腎中心_永康榮民醫院,其他
de5fac6d-8d14-4b11-b6b4-dedd20554200,洗腎中心_永德診所,其他
4e72d490-323e-4ab9-9662-d4990c62f13b,洗腎中心_永萣診所,其他
6d05b5a0-c89e-42e1-b1c8-d6ea57f611a6,洗腎中心_田安診所,其他
690eb942-81b5-44e3-9a36-499d03e71d8e,洗腎中心_田源診所,其他
e512fe58-c16a-47f5-9b37-6a645bf13f15,洗腎中心_石內科診所,其他
d8ef391a-c28a-44d0-b3cf-52c088bd2223,洗腎中心_禾安診所,其他
42807c87-c629-4217-964f-05652d3d56d7,洗腎中心_立安診所,其他
c41985e7-47fe-4785-ae4b-87ac5de1e0c4,洗腎中心_立福內科診所,其他
63c63809-d599-42a4-b06f-fecf7e0c9df6,洗腎中心_光明內科診所,其他
3acaa3b5-8618-4004-8353-67bf7ca2e940,洗腎中心_光田綜合醫院,其他
3e235bdb-5e39-4993-92f1-0cb32bb3dd6c,洗腎中心_光田綜合醫院大甲分院,其他
67e99b00-8f3a-4150-89cc-6aa9ef9d353c,洗腎中心_兆揚內科診所,其他
c1823a3e-ba6c-4d18-9e9a-df83de9ec130,洗腎中心_全生醫院洗腎中心,其他
58ecdede-0a14-45d2-93f0-9555dc9ef2bd,洗腎中心_吉安醫院,其他
209aac4c-e3ee-4ec9-a4d3-e17cd47f8993,洗腎中心_吉泰內科診所,其他
5d007f77-0e3f-4300-9658-8c253f6a31e4,洗腎中心_同仁醫院,其他
bf98b247-e44e-4ee8-b6e3-127fbb5ae2e4,洗腎中心_同心診所,其他
1669ef18-412d-4eee-b127-b029bc132048,洗腎中心_合安診所,其他
22f1cf73-7658-438e-8b7a-32a94f49c655,洗腎中心_合濟醫院,其他
4d99709e-4415-4f7e-8724-90d9b4e8f2b2,洗腎中心_合田診所,其他
49747c73-bb2a-4535-8ea2-823b6b85a770,洗腎中心_好生診所,其他
441af656-ad94-4e77-afdb-bd0317567125,洗腎中心_安仁診所,其他
daf91899-e914-463e-a932-0af1907c9b3a,洗腎中心_安南醫院,其他
891588c1-f6ad-4065-819d-e23760f47604,洗腎中心_安基診所,其他
1ea4b4b2-9c46-4085-a52e-7227b64f135d,洗腎中心_安庚內科診所,其他
afa416cd-d08d-4927-9708-f431ade7c557,洗腎中心_安德診所,其他
5dd1bfc4-85dc-4d09-8d60-8abba4a9c30d,洗腎中心_安慎診所,其他
83f8b339-0158-452d-819e-7cdbb2748a8d,洗腎中心_安慧診所,其他
cd97edd9-367b-4790-a0c6-a77029cc50a1,洗腎中心_安新診所-台中市,其他
03816e25-e3ea-46e3-b191-85bcc57e4b0c,洗腎中心_安新診所-新北市,其他
ce3aa7af-8fcf-4073-b270-68bbbefa1962,洗腎中心_安泰診所,其他
e1bcdb8d-cfb7-4793-a3d7-94aebaad58b1,洗腎中心_安禾診所,其他
da7a9760-c6f6-46a0-acee-d005b13df692,洗腎中心_安禾診所-台北市,其他
f2b4807b-943b-4567-b8c4-8a7c4de04144,洗腎中心_安禾診所-桃園縣,其他
008c9830-f8fd-4802-8883-fa3abad3a034,洗腎中心_安聯診所-台南市,其他
7c3d8f21-fccf-401e-ab1a-d4cf78c690fd,洗腎中心_安聯診所-嘉義縣,其他
3ba006ed-bef5-432f-b09e-aa28be75f577,洗腎中心_安馨嘉義內科診所,其他
0ad6e0a6-6040-424c-8a47-c15124fcea2a,洗腎中心_安馨大溪診所,其他
f1c9db40-d73c-4cb1-955a-88d227ad88f0,洗腎中心_成大醫院斗六分院,其他
c18989e1-52e3-48cc-a930-535d0a821308,洗腎中心_成民內科診所,其他
d9221917-fb8a-4c35-8ea5-d3656d20577e,洗腎中心_江生診所,其他
6adae4f7-abe8-4ea9-ad1b-7caeca0b8120,洗腎中心_百齡診所,其他
b45989a7-5ad6-4b10-a54e-ba5345a84d3b,洗腎中心_竹北安慎診所,其他
359530f3-8c6f-4e68-add2-b3155b1ab107,洗腎中心_竹東安慎診所,其他
45d6b2bf-780f-4e9b-9069-46382b156875,洗腎中心_竹東榮民醫院,其他
66645b64-214f-4851-be39-e8b10fb6fc35,洗腎中心_西園醫院,其他
ddf76cd0-b369-4100-a143-71a2ef01f42d,洗腎中心_佛教普門醫院慢性病分院,其他
2b875ecf-5533-4ae5-a628-0ce9fbd06c41,洗腎中心_佑全診所-台中市,其他
22a252ea-6b8b-417a-abb2-24fbd1e7384a,洗腎中心_佑全診所-台南市,其他
b197dc49-fc15-4f83-9ef4-9f98d48546ff,洗腎中心_佑城診所,其他
7130cc90-4a3e-45f2-b70d-53e255f1a217,洗腎中心_佑強診所,其他
fbca47c7-6f64-4ec0-9e60-5aea7ed2cbef,洗腎中心_佑昇醫院,其他
71c570c5-5dc7-469f-9ce6-b7c7bb157521,洗腎中心_佑民綜合醫院,其他
9a69099a-fe5b-4bcb-8b4d-58bbb4993487,洗腎中心_吳三江內科診所,其他
5101d3b8-38b4-42a2-9d77-c093b6fb0aa8,洗腎中心_吳得中診所,其他
57e23d13-25f2-49cf-9942-48d7f859fa33,洗腎中心_吳明修診所,其他
51f6abf7-f288-4a1b-9917-4e2d51f0291e,洗腎中心_宏仁診所,其他
d6404ca1-c895-409d-b453-cb8068910369,洗腎中心_宏仁醫院,其他
4eb0192c-e98e-4f5e-93be-f51508eb752c,洗腎中心_宏元診所,其他
4b21feaa-c602-465a-8a6b-89d149105ced,洗腎中心_宏安診所,其他
3c2af890-cf2f-41cd-948c-98c725e626d9,洗腎中心_宏德診所,其他
9d02a05a-1535-45bd-ad00-a190418870fa,洗腎中心_宏恩綜合醫院,其他
349cf820-883c-4786-9ef2-4be29affff10,洗腎中心_宏明診所,其他
d9ac6dc5-7a92-444f-84f6-6a5ace8d34e3,洗腎中心_宏林診所,其他
dc648890-cd45-4a31-8d55-94293b593f5c,洗腎中心_宏福診所,其他
97898550-766a-4fc9-acdf-58c63e50556e,洗腎中心_宏醫診所,其他
616f7db2-f46f-45a7-806f-9783b160453d,洗腎中心_志豪診所,其他
ae5f1e32-2067-4e70-8854-2a8c261defb7,洗腎中心_李一鳴內科診所,其他
ccb4c7f5-3bd1-4071-8f15-3b29e07b460c,洗腎中心_李綜合醫院大甲分院,其他
b36d9b1e-ecab-443b-9772-cf1bfb24a59e,洗腎中心_杏原診所,其他
5b89fbd9-3040-4e98-898b-f14d475a7740,洗腎中心_杏和診所,其他
d9c4849f-e651-434c-ac81-6028b7a9ff1d,洗腎中心_杏心診所,其他
168327c7-2109-4465-abea-0dde0e6ea9db,洗腎中心_杏福診所,其他
f2a7ae10-108c-423a-a765-7cd6790478e5,洗腎中心_杏豐醫院,其他
b7ae0bee-dce5-4470-b4fc-ebb8bf56e5c0,洗腎中心_沅林內科診所,其他
e518f6f8-289f-42c1-836f-d00c31ab36c4,洗腎中心_沐民診所,其他
5e01953d-0996-4311-a2b1-bd70b0a8feb3,洗腎中心_秀傳醫療社團法人秀傳紀念醫院,其他
0c86f1e5-e702-42f7-9bfd-11fef5eb4881,洗腎中心_秀農診所,其他
286cfd00-59cb-4d6c-9d60-a88e353f307f,洗腎中心_育堂診所,其他
faa1bc58-1bcc-492a-869b-a3e481bc8839,洗腎中心_育恩診所,其他
10cc31a7-b5cc-4271-ac0c-6d87c54ab673,洗腎中心_里仁診所,其他
e4b033a5-0196-4dcf-b7a7-769b7722e467,洗腎中心_阮綜合醫療社團法人阮綜合醫院,其他
8df8a472-49b1-4f45-80d2-5467cae9d0ca,洗腎中心_亞太診所,其他
dfdc5b7d-57b2-4720-b86b-c2df1384b278,洗腎中心_亞東紀念醫院,其他
07edafd8-bb61-40ac-a13c-a63817501c19,洗腎中心_京冠診所,其他
3d524671-92fb-4c82-b7af-57bd8d75e74f,洗腎中心_佳佑診所,其他
1af485d7-fa9e-4fa2-8679-8e43874e7979,洗腎中心_佳基內科診所,其他
70f260bb-8775-42fd-b6a2-a062034ea6dc,洗腎中心_佳安內科診所,其他
0a7c9f05-49fb-4c14-a54c-8765de0674dc,洗腎中心_佳屏診所,其他
2cddf6a4-3a1e-42e0-b2d9-22d017f4dbbf,洗腎中心_佳康內科診所,其他
03c51fdb-42c9-4f9b-b3bb-f6b3fdab6bc7,洗腎中心_佳德內科診所,其他
4a736b3e-419c-46e2-a0e9-4de114c19390,洗腎中心_佳德內科診所,其他
4f372dd4-3ddb-4443-8967-c939859ce6e7,洗腎中心_佳新診所,其他
4e7ee004-1283-4a45-b532-26267a82e886,洗腎中心_佳楊診所,其他
b0fa0609-413b-4a43-beca-ff2bc4f873fe,洗腎中心_佳永診所,其他
06d43d5c-9319-4060-b116-c5fec1bde4ca,洗腎中心_佳生診所,其他
99e3d8b8-6425-4abb-bd61-ce40c88eee2b,洗腎中心_佳福診所,其他
4fbe1c67-e149-44fa-ac9a-0d04fe2685dc,洗腎中心_佳苗診所,其他
a2e2322a-3661-47cc-8312-18c3168baa7b,洗腎中心_佳醫診所,其他
da699318-018d-4d5f-8e4c-f401b2e508aa,洗腎中心_佳里醫療社團法人佳里醫院,其他
e74e1a18-ca49-496d-9eac-0142feed0429,洗腎中心_卓醫院,其他
403d8f33-606a-4be5-9b10-90cdd3cbc724,洗腎中心_和信醫院,其他
0d4be104-dc7e-4b7c-8f0f-0b0064f985ab,洗腎中心_和泰內科診所,其他
f8bf771a-9c79-4a39-8aa9-738018bd4fe1,洗腎中心_宜暘診所,其他
e59ae2f5-43fb-4e64-8af3-cd7db45908ab,洗腎中心_尚清診所,其他
da0e6de4-fae1-40cd-934b-f4e6d8cd5b75,洗腎中心_尚群診所,其他
539cfdd4-add6-43ad-992b-17c7b1806cd0,洗腎中心_岡山內科診所,其他
f5140c63-9984-4eeb-a41f-abcf46c67582,洗腎中心_幸安診所-新北市,其他
488c4b14-f752-4ecc-9b4a-a37c7a8e268b,洗腎中心_幸安診所-高雄市,其他
671112f2-cdcf-4bb3-a7c8-92cddf5eabca,洗腎中心_怡仁綜合醫院,其他
99680843-fe82-4def-b816-541721d4c533,洗腎中心_怡仁診所,其他
7f35de44-09d9-4ee5-992c-36673666ebac,洗腎中心_怡和醫院,其他
a8ed89b1-60dc-4544-9971-29d1cc6a7cfa,洗腎中心_怡安診所,其他
bcf9cc50-b67e-4049-8e09-f23bb7f456b5,洗腎中心_怡德診所,其他
b45f4c9a-33de-4dbc-92c1-fb07e9441afc,洗腎中心_承安聯合診所,其他
69e9087d-fafc-4c0e-92ab-8d3b79d9c5fb,洗腎中心_承安診所,其他
0ac12f03-2cab-44bd-90c1-286333397e3c,洗腎中心_承新診所,其他
bd0aa0c8-ca31-4964-8139-872e21f20544,洗腎中心_明德聯合診所,其他
907b9132-2568-41cf-8810-1920317dfb4b,洗腎中心_明港診所,其他
4a5d4e72-0049-47df-89b6-b924a8699395,洗腎中心_昕安內科診所,其他
662e5723-fe0a-4f55-934e-0f63ced8b503,洗腎中心_昕隆診所,其他
14f82e8f-96ef-486b-a91c-c5f0691fbcee,洗腎中心_枋寮醫院,其他
36b8a536-faf6-42c1-8e38-dc9f7cd905b0,洗腎中心_東元綜合醫院,其他
19048687-24b9-4668-87f3-04dc1fa4b458,洗腎中心_東勢區農民醫院,其他
12e4f6a0-d942-458f-9f38-6d9f1afcc438,洗腎中心_東勢協和醫院,其他
4cded1b3-cabc-4dc9-8e04-639ab4d9e159,洗腎中心_東勢蔡外科診所,其他
4577b1b7-4257-4dd9-8f72-01474f78c83f,洗腎中心_東成診所,其他
c6aa3e7d-618a-4f6c-8fd9-0b469b6c8e4a,洗腎中心_東暉診所,其他
cf272243-8374-4be6-9f94-f43e01e5b83c,洗腎中心_東港安泰醫院,其他
46793fc3-c690-44fa-a9e8-1055250157d4,洗腎中心_東興內科診所,其他
ecb520e7-1924-454f-9c69-e55cd3ef336e,洗腎中心_東陽診所,其他
eb73f318-84af-4a65-b1f0-1b7e125e5112,洗腎中心_林修哲內科診所,其他
9f12490f-79fa-4698-8939-22866f621729,洗腎中心_林口長庚醫院,其他
ad973e82-3e8b-48fd-ae01-e4e646a78a5c,洗腎中心_林建任內科診所,其他
0aa0f105-d25f-4d02-8a82-0528d1444914,洗腎中心_林新醫療社團法人林新醫院,其他
5ffc323a-7c18-4f09-b51b-f1f4a29b553e,洗腎中心_板新醫院,其他
9ad7d264-6341-40ee-b427-0efec7697c84,洗腎中心_松禾大溪診所,其他
b1c891aa-4a54-421b-9ab3-290e6231e9b6,洗腎中心_松禾診所,其他
7f0d636e-485e-4359-aca1-f6e8507c70ea,洗腎中心_欣姿診所,其他
6db913fc-781d-407d-a8e3-6d6aed16a0f7,洗腎中心_欣禾診所,其他
98f4f4a2-d148-4405-b9db-5a06cd4b2fdd,洗腎中心_芳民診所,其他
ece3bdcd-c605-4a2d-b781-58fc8033279c,洗腎中心_花蓮玉里榮民醫院,其他
a826e506-44da-429c-90e7-f2ac58a03885,洗腎中心_虎尾鎮農會附設診所,其他
df14c1c6-a5be-4a20-a0d3-ca7784273294,洗腎中心_長佑診所,其他
72cd55a9-9fdf-4299-b173-8ef034944b67,洗腎中心_長安診所,其他
36f19a52-2394-43b0-a268-f6375e80bc0a,洗腎中心_長庚紀念醫院桃園分院,其他
a067ab20-1c70-4367-89fe-236589c5e56f,洗腎中心_長庚紀念醫院長青院區,其他
29df3ef7-a4a0-46ec-92ce-4bca6796be02,洗腎中心_長新診所,其他
0c638d36-a638-4f28-8380-eb32ed171c87,洗腎中心_長清診所,其他
1f8cf6b4-2996-443d-ac10-a35351add9a3,洗腎中心_門諾會醫院,其他
6b78ff7b-ef54-470f-a7cd-7ea45eb7b6c9,洗腎中心_青田診所,其他
bb84434d-4499-4283-b777-77adb4e3c82b,洗腎中心_信安診所,其他
e39af00c-d5d6-427a-ac01-dfc039af522f,洗腎中心_信生醫院,其他
b1e29df6-0fe9-4156-986c-1f831aa1fe9e,洗腎中心_侯嘉修內科診所,其他
2bc3fdee-bd58-4694-8206-ca547db05144,洗腎中心_俊安內科診所,其他
32f60655-d790-445e-8188-2807dad9fbab,洗腎中心_冠華醫院,其他
b5a4be99-04e8-49d1-9374-7b658915b297,洗腎中心_南山醫院,其他
5c183dc7-293f-4620-ae32-9713a3fc543d,洗腎中心_南門綜合醫院,其他
eba5f480-bfcd-48e0-8d56-a03b16a83808,洗腎中心_南門醫院,其他
ced84efd-2d98-45fb-872b-eeaaeb3df51f,洗腎中心_屏東基督教醫院,其他
d2a76327-1347-4480-b5e0-ab847ecf3f8f,洗腎中心_屏東縣琉球鄉衛生所,其他
86d82dfb-99e8-4912-9ec0-5f287c31922a,洗腎中心_建佑醫院,其他
9501763b-f3f0-4685-b9a9-6e156a96c342,洗腎中心_建安診所,其他
625b387f-8873-45a1-b336-0765fe3ced96,洗腎中心_建霖內科診所,其他
ef985567-2471-42f1-8ff4-6a2dba935162,洗腎中心_後龍聯合診所,其他
31720da7-ee9c-438a-8de5-0d5cbd445ba4,洗腎中心_思源診所,其他
b1867a16-3fab-48bf-9af8-ec64d498bcb2,洗腎中心_恆春基督教醫院,其他
be987c6c-9c9f-4f0f-ac94-c073425c350c,洗腎中心_昱泰診所,其他
399c22ed-ac75-4d12-ab3d-518c4676811a,洗腎中心_洪揚醫院血液透析中心,其他
f366aa6e-f856-4500-b790-dbc39d0e9e58,洗腎中心_洪永祥診所,其他
5bb41f11-4075-4f4d-9f70-d12f3479314a,洗腎中心_為恭紀念醫院,其他
16981d22-8049-4049-963a-79d976f280b6,洗腎中心_皇家診所,其他
e0db0230-8565-4248-ab75-b73b13b2ac4d,洗腎中心_皇泰診所,其他
6af921fb-93d0-4699-a57a-b2773ea34c8b,洗腎中心_美侖診所,其他
ea49fb3c-e298-4a15-bbd2-ab2463ad8cc8,洗腎中心_美崙聯安診所,其他
2f11704c-5189-4608-b1de-f9fdf6345cab,洗腎中心_若瑟醫院,其他
2c2fbeff-c91e-441c-9365-fcdfcbc4420c,洗腎中心_茂田診所,其他
89d13163-23c0-49b8-a802-433a03e52bb4,洗腎中心_苑裡李綜合醫院,其他
077c7e84-1a44-4f17-a108-564510a8285c,洗腎中心_迦南內科診所,其他
65334338-56bb-4610-be90-a53c606c7dc0,洗腎中心_重光醫院,其他
f8d545cf-34fd-49e6-9de4-bec9b05b7e53,洗腎中心_員林何醫院,其他
0cc49e87-fda2-4d05-a9a9-e7fb4f3b4e6d,洗腎中心_員榮醫院,其他
5a31e1f1-8995-4975-a750-0362bb54fdc2,洗腎中心_員生醫院,其他
3055b9ca-fcda-4120-8d5f-73b25d1ff35f,洗腎中心_員美診所,其他
ce5e1d19-63dc-49db-8378-eb5d5f6ffda7,洗腎中心_家祥診所,其他
9e17537b-6039-4026-9619-894b97d9be33,洗腎中心_家綾診所,其他
872e88c3-1b2d-40cf-872d-4809e9f89c52,洗腎中心_家誼診所,其他
580faf5c-3970-4b41-84cc-4d3ceb434598,洗腎中心_恩主公醫院,其他
1b37b4be-189d-45e7-80a9-9905eb10d80e,洗腎中心_恩樺醫院,其他
5da602e2-9068-438b-96fc-a7c2246f2c19,洗腎中心_振興醫療財團法人振興醫院,其他
33135e8a-087e-400f-977d-d73e9fb6e968,洗腎中心_晉安診所,其他
3b504ab4-053e-426d-b5ee-f2c5c2f99c4d,洗腎中心_桃園榮民醫院,其他
ed0b3f84-fef7-4645-bd28-3bd9c9c82ffd,洗腎中心_桃安診所,其他
26e6ba99-ed67-4328-8650-b5e9124b169c,洗腎中心_桃庚聯合診所,其他
b7e577ed-6b33-411f-a371-19f194095683,洗腎中心_桃德診所,其他
1fc99a5a-db91-423e-8f5c-9e5f24e4d246,洗腎中心_桃新醫院,其他
0e36aeb4-7394-4f75-8523-45756c1f7cf3,洗腎中心_烏日澄清醫院,其他
810bdb74-2b2d-4aa0-abf3-a6bb73678bd8,洗腎中心_祐生醫院,其他
2d7ed0e7-0a30-49f0-b27f-516915d85699,洗腎中心_祐腎內科診所,其他
b9de0c33-96f7-45d0-abd0-7105ab15bab5,洗腎中心_耕莘醫院,其他
bddf63e4-40d9-4699-aec5-445a1768fd44,洗腎中心_財團法人同仁院萬華醫院,其他
8dae89c0-9cdd-454d-b9bd-17096069dc0e,洗腎中心_財團法人天主教聖功醫院,其他
16438b77-2998-4cdb-8cb8-d1c5cbf3fd16,洗腎中心_財團法人奇美醫院,其他
fceffd39-9b74-4cae-9203-eb1d28ddea48,洗腎中心_財團法人奇美醫院柳營分院,其他
7cf0ec99-4012-4070-a0b8-01eda9101f51,洗腎中心_財團法人康寧醫院,其他
059646f6-9def-4c80-9d22-ea4a078c1570,洗腎中心_財團法人彰濱秀傳紀念醫院,其他
b3989df1-3a7f-4ff7-a617-054b42475e5d,洗腎中心_財團法人高雄基督教信義醫院,其他
66932e53-c9a4-4ffb-b44d-14e3696e9c61,洗腎中心_馬偕醫院台東分院,其他
61bc9eb7-741f-4a1a-a09c-0a44dd7f5523,洗腎中心_馬偕醫院新竹分院,其他
dacd3bc7-58d9-4a4b-a601-17988262eca5,洗腎中心_馬偕醫院淡水分院,其他
23feee93-680d-4c02-b656-693d15a404c1,洗腎中心_高健診所,其他
4cfee8f8-948d-4c96-b3b2-e2de2750df2c,洗腎中心_高品診所,其他
6721cf0a-0c21-40b6-b656-cb20162f7efd,洗腎中心_高士振診所,其他
85f00f4d-0a5b-4612-be76-2c700b8c0047,洗腎中心_高新醫院,其他
2c558fcb-dfeb-4797-afd6-be5a3a734e3e,洗腎中心_高美內科診所,其他
73659a87-581e-4612-b610-5fb263cf97f0,洗腎中心_高茂診所,其他
f763fe82-fba7-48b2-a813-4ec82535e537,洗腎中心_高雄宏明醫院,其他
2ca37ab2-ef0c-4eac-8fa5-e9090847ab9e,洗腎中心_高雄宗禾診所,其他
d87dbf6d-940b-4ecb-8407-d097dfb8c1ea,洗腎中心_高雄市立小港醫院,其他
11d8fab8-09fd-4ae8-9548-055c2ebf04db,洗腎中心_高雄市立岡山醫院,其他
951a1aeb-7d84-4bba-8a46-f3f39ba9ebdf,洗腎中心_高雄市立旗津醫院,其他
4d7fe5a6-09f7-42c6-b761-6bedbd30a90c,洗腎中心_高雄市立聯合醫院大同院區,其他
29bdde77-f38b-447e-ae34-65ea33886914,洗腎中心_高雄市立聯合醫院美術館院區,其他
95458c9c-15e7-4bef-acbd-969160a62737,洗腎中心_高雄市立鳳山醫院,其他
99d1ce87-2935-4536-aeb8-a975d3671722,洗腎中心_高雄新高鳳醫院,其他
ccb9c5f0-8613-4b83-bdeb-c7f984ea3b67,洗腎中心_高雄榮民總醫院,其他
ced1cc09-260f-4e20-a280-566e460230c9,洗腎中心_高雄醫學大學附設醫院,其他
0735b3c5-df46-45fe-9fbc-4f047b9c2477,洗腎中心_高雄長庚醫院,其他
61dd6f91-5fa3-4fb2-8f17-8a573338aa90,洗腎中心_健仁醫院,其他
3be57b10-4061-4822-842f-92921e2b1035,洗腎中心_健安內科診所,其他
c1910272-f391-476d-b0eb-ce756bab8b85,洗腎中心_健新內科診所,其他
f1526000-7ec9-42ae-b297-51fc3894cdd3,洗腎中心_健聖診所,其他
c4ddcd88-b84d-48ea-a351-27dde77b7cfe,洗腎中心_國仁醫院,其他
01215b56-e546-4e1f-91cb-18f54dea238d,洗腎中心_國城診所,其他
069b2c21-63ee-490e-a7c3-df9c8ba396c9,洗腎中心_國安診所,其他
f5291985-b726-48d6-8077-db57eede2f66,洗腎中心_國泰綜合醫院新竹分院,其他
a9afd5a9-a3e1-4393-900a-719e54ac6057,洗腎中心_國泰綜合醫院汐止分院,其他
182858b9-eb3d-466c-92f2-057aec98f58b,洗腎中心_國泰醫院,其他
58d839f4-c129-42e2-860f-08bb67ef65b8,洗腎中心_國立成功大學醫學院附設醫院,其他
3209a892-2389-4555-b110-6497323e93fc,洗腎中心_國立陽明大學附設醫院,其他
365b7f7b-4049-4998-b2be-0f8eb8292953,洗腎中心_國軍台中總醫院,其他
f185af95-3070-4648-acd8-634a116a9e5f,洗腎中心_國軍台中總醫院中清院區,其他
c94f309f-bbb6-4d85-abea-cc08bd55ee25,洗腎中心_國軍岡山醫院,其他
d97d3665-6a16-4dac-acb3-80dd7314ac0a,洗腎中心_國軍左營醫院,其他
97f421dd-bd74-4d12-ac57-451f33701494,洗腎中心_國軍松山總醫院,其他
06c4e23e-731f-4ecf-87f1-a80b412dfa3f,洗腎中心_國軍桃園總醫院,其他
82cdc9e3-5898-4587-a21d-20bc857fac64,洗腎中心_國軍花蓮總醫院,其他
7673b831-2441-4862-bb47-54cef181275a,洗腎中心_國軍高雄總醫院屏東分院,其他
65594e83-a0d6-49ae-a8b2-7767e1d6dc05,洗腎中心_基隆長庚紀念醫院,其他
3a998088-fee2-47d4-bf7f-3637c08a2a5d,洗腎中心_崇仁內科診所,其他
615a27f7-c49a-4b1f-9dc0-28637e3745dd,洗腎中心_康健內兒科診所,其他
f033de11-b218-4b8e-9d6c-1a3fdc046a09,洗腎中心_康健診所,其他
694ed1e2-3b87-434a-a3dc-ad3c4ec9cf7d,洗腎中心_康全診所,其他
b9962dd7-0ed2-4f69-b735-65a18e8966f2,洗腎中心_康明診所,其他
c2722e78-fece-4ebd-bcde-265b61b3ead4,洗腎中心_得安診所,其他
0c5304e6-8549-43a2-b87b-e266e60cb4d5,洗腎中心_敏盛綜合醫院,其他
28f47fa8-4986-41d9-bd4d-dc7d1ebfdb65,洗腎中心_敏盛醫院龍潭分院,其他
786212b2-5f9c-4f03-aef4-8e70e7841d72,洗腎中心_清泉醫院,其他
a985f508-8c65-4501-bc2f-21ac956635d0,洗腎中心_祥仁內科診所,其他
76b1e539-4315-47f2-990d-a10e59972c0a,洗腎中心_祥佑診所,其他
64bb6c6a-f3fd-4c4f-a265-03203646abf3,洗腎中心_祥太醫院,其他
0387d76c-16df-46ba-9665-c6e01b6ca022,洗腎中心_紹善聯合診所,其他
85b64f6e-fddd-40b7-9104-24de1c59c752,洗腎中心_紹毅內兒科診所,其他
6b58ce6d-9a4b-4b0a-a523-76877257d475,洗腎中心_通霄光田醫院,其他
471d2470-5dbf-4883-b5fd-e6cd511b9f92,洗腎中心_連江縣立醫院,其他
db7414e9-07b2-4a5c-9c0e-6b3a727bc013,洗腎中心_郭綜合醫院,其他
4803441d-d609-4c5c-b0e5-bc8471fa6380,洗腎中心_陳冠文內科診所,其他
7497dd9e-2b8f-4f38-b5c1-e993e0450b3d,洗腎中心_陳尚志診所洗腎中心,其他
555ea768-cd39-4852-9e28-622cecc139f3,洗腎中心_陳文貴診所,其他
723cb09b-978d-4257-94fd-9d6a66224a07,洗腎中心_陳明正內科診所,其他
7cc95bc9-5eea-42bb-bd71-a1123b81b057,洗腎中心_陳相國聯合診所,其他
8fbefb81-9715-46f4-914a-1dcd4480837b,洗腎中心_傑安內科診所,其他
f1eff4d2-9eb6-4876-9aaf-7ad6523b3dfe,洗腎中心_博仁綜合醫院,其他
afb86c52-7bd4-4a34-a2ae-5bb308f1acbe,洗腎中心_博佑診所,其他
90b2fdbf-754b-45bd-878c-8cdbbf84364a,洗腎中心_喜聖診所,其他
7fccbda3-cfb3-4929-a051-eda966a6d79d,洗腎中心_復興醫院,其他
77b11ad7-5a29-4fa1-8afe-e5e6fd793e52,洗腎中心_惠仁醫院,其他
ca81e53b-9167-431d-9673-9bb3c0f70a13,洗腎中心_惠川醫院,其他
186ffc96-e144-4add-8309-3c8976d940eb,洗腎中心_惠德醫院,其他
a89f363c-08db-41bd-980b-fc436eb7d77d,洗腎中心_惠民診所,其他
1618b0b2-91dd-4619-bf5c-1ee300ebbdcb,洗腎中心_惠聖診所,其他
36224d6d-f5ac-4500-be34-326cdc7fa24e,洗腎中心_惠腎診所-新竹縣,其他
0437532d-3fdb-46f8-b4c4-632664d776a6,洗腎中心_惠腎診所-雲林縣,其他
fe804043-86bc-40a4-9149-936617b77bf8,洗腎中心_普仁健康診所,其他
9efb3e13-636d-405f-b7a9-f4ec32afbd11,洗腎中心_景安診所,其他
9ce85421-ef94-4dee-810f-ef4b4fcbe145,洗腎中心_湖口仁慈醫院,其他
6415c0aa-b8cc-47e0-baed-fe7adc032d99,洗腎中心_湖康診所,其他
20081d80-1137-42de-bb3f-41bbd8f15331,洗腎中心_童綜合醫院梧棲院區,其他
e5393d40-fcee-4e96-b00d-802f8b78a11d,洗腎中心_童綜合醫院沙鹿院區,其他
7dd89594-6616-48d9-95de-006eda614001,洗腎中心_腎安診所,其他
979e0098-ae77-476a-84e2-b7117fdcaa4e,洗腎中心_腎心診所,其他
a62ffef8-d346-4f48-894d-7cb8652191ec,洗腎中心_腎美診所,其他
834bc536-e40d-43fe-8f51-d2e7ad225510,洗腎中心_華康內科診所,其他
1179176a-2bbb-446c-877a-388465b35e6c,洗腎中心_華榮診所,其他
e07f51e9-70bc-4124-9a9a-fc0bceaf767e,洗腎中心_華濟醫院,其他
9e406573-1252-469a-b512-c3979e397763,洗腎中心_逸全診所,其他
2ff63f9d-4ac1-4583-b005-dba26d886364,洗腎中心_逸原診所,其他
d2bbc80e-1eb9-4935-99c4-e426b53af9ce,洗腎中心_逸原診所,其他
383409e4-964f-444f-94c3-e46dbea24c3e,洗腎中心_逸安診所,其他
263c626c-586a-4edb-8d63-b96a8c513645,洗腎中心_郵政醫院,其他
4f034c3a-a131-4b4a-9849-9dddfe14d1bb,洗腎中心_陽明醫院,其他
248dec0d-580a-4278-92ef-72f96c70edb6,洗腎中心_雅林診所,其他
31aea8be-cc65-4ec4-95b2-5ceb307ee650,洗腎中心_集賢內科診所,其他
6d6f11b4-348a-4ce6-b3a8-e9ceec5c4a90,洗腎中心_雲林長庚紀念醫院,其他
88d13dc3-f8a8-4283-b9ee-eec2f80b2e22,洗腎中心_順天綜合醫院,其他
09dd2ea9-85ab-4300-ad57-527343a1adad,洗腎中心_順泰診所,其他
b9f38660-66dd-4211-aaf7-8e2ce0d7a583,洗腎中心_匯安診所,其他
c4228431-f304-4e3c-93cc-84960ae373c5,洗腎中心_匯康內科診所,其他
31e59139-3148-49a0-9cee-15282b2227ef,洗腎中心_慈元診所,其他
af8113cb-e6f1-4a03-9461-50b2a0d36e69,洗腎中心_慈濟綜合醫院,其他
a1927733-c525-4630-8b02-61883337966a,洗腎中心_慈濟綜合醫院大林分院,其他
827b3d77-8a99-47ae-926a-12048fd08725,洗腎中心_慈濟醫院台中分院,其他
6977a4d1-226d-4a43-8538-f975021fc7ad,洗腎中心_慈濟醫院斗六門診部,其他
f8c6ed28-8ae6-4562-b4a1-c1ee1072ea35,洗腎中心_慈祐醫院,其他
06ce1e5b-3950-4349-acd8-2a6218c0412b,洗腎中心_愛欣診所,其他
5d2453ab-a36c-496b-9ca3-9f496d63226f,洗腎中心_新仁內科診所,其他
d4356e77-f394-4e16-aef6-2e2c8ebfd6fc,洗腎中心_新仁醫院,其他
c78938b9-1049-4ee7-85ce-aeb45376849f,洗腎中心_新光紀念醫院,其他
4409f4fb-4c7c-4d41-b7e2-3b8feafb01fc,洗腎中心_新北市聯合醫院三重院區,其他
8ddd0645-dc72-4522-85ee-1fb61d42d5b7,洗腎中心_新北市聯合醫院板橋院區,其他
43b2ee55-3751-442a-a713-601da72f4ea5,洗腎中心_新國民綜合醫院,其他
abf9e840-f5d9-4e6e-aa35-cd2eb3bebe22,洗腎中心_新店慈濟醫院,其他
ddfe274e-eb76-4d93-b0cf-45ec3295b085,洗腎中心_新庚聯合診所,其他
3e9aa0b4-cf62-4f4b-babc-9c06f13bd96f,洗腎中心_新樓醫療財團法人台南新樓醫院,其他
e400777b-0aa3-4e08-9a54-cca811b4867a,洗腎中心_新樓醫療財團法人麻豆院區,其他
c9659e66-0761-4a20-9d7d-169cbdada268,洗腎中心_新泰綜合醫院,其他
cad764d3-483a-4bdf-84f1-fe6cf2e189ff,洗腎中心_新生醫院,其他
0ca1e1c5-beeb-4933-a8ee-9c6b02045993,洗腎中心_新福星診所,其他
705e6658-e6e5-445e-a9f5-6f2800d2a743,洗腎中心_新興醫療社團法人新興醫院,其他
0828a73f-e9e5-4332-ba54-d683f4543459,洗腎中心_新莊安庚內科診所,其他
d4332955-ceaf-4b1e-8c76-0ed1fb40d460,洗腎中心_新莊新仁醫院,其他
8943b8df-1cc4-4752-b09e-2c1ceaafcca0,洗腎中心_新菩提醫院,其他
dc6a85db-acee-486b-a746-8446bddd8da7,洗腎中心_新華田內科診所,其他
5c812487-bf09-4018-b2b9-f4fe4a41191a,洗腎中心_楠華診所,其他
a8f4eb59-df12-4d48-acf2-f7004d06f9f0,洗腎中心_溫建益醫院,其他
25e7dcc1-f0ba-4a4d-8a61-391983b1863e,洗腎中心_溪洲醫院,其他
b0792865-70c9-4cbf-9b8c-5f7518d884e7,洗腎中心_瑞林診所,其他
65fef995-697e-45f7-9bb3-48fdddf3be37,洗腎中心_萬澤內科診所,其他
3a49fa09-09b9-48e6-b4fd-a7c3147e5126,洗腎中心_義大醫療財團法人義大醫院,其他
498d9073-7270-4fa4-a529-93ffd2107f6f,洗腎中心_聖保祿醫院,其他
f8d1c9ad-5dec-4895-a0fe-f08d904d1aaa,洗腎中心_聖安診所,其他
6767cdc6-2b85-4d0f-b160-b05817649cf4,洗腎中心_聖文內科診所,其他
dd0dea98-a37f-4931-8ceb-9926e7f7a742,洗腎中心_聖馬爾定醫院,其他
81bae23a-0f84-404e-8926-432ca385bc2a,洗腎中心_路竹診所,其他
f5394a18-ae63-4ab7-9257-b2b60a3cc5e7,洗腎中心_道周醫院,其他
a866ab07-24c2-4cfa-995a-563ba859d00d,洗腎中心_嘉恩診所,其他
c9c82106-aeeb-4ad2-a880-81b42e79ae97,洗腎中心_嘉美診所,其他
8f6f9f42-3ba0-472b-a126-586f9e26821b,洗腎中心_嘉義基督教醫院,其他
5b52ca24-fab2-4b21-aa6d-7e216dc3feae,洗腎中心_嘉義榮民醫院,其他
36f21d8e-8a0b-4684-8d11-a612d8728b33,洗腎中心_嘉義長庚醫院,其他
4bd48282-c967-4ef4-8901-6785c0468f76,洗腎中心_嘉義陽明醫院,其他
499eef35-5dac-41cb-840a-0cd7aa9acb0e,洗腎中心_彰化基督教醫院,其他
c9d626f9-6a5e-48fa-9dfe-27dbdf75ae26,洗腎中心_彰化基督教醫院雲林分院,其他
1327169b-5e67-439b-9327-2dc23c296d26,洗腎中心_彰化基督教醫院鹿基分院,其他
bf5f22d8-7aac-4a46-8b69-27515bbac907,洗腎中心_榮元診所,其他
64517090-5114-40f3-99b6-b9b0a04b13c6,洗腎中心_榮曜診所,其他
08fa61da-da6f-416b-ae46-6db749cf2832,洗腎中心_榮銘內科診所,其他
ac7cc0ae-2a61-4c3d-a2eb-37a3182bbac8,洗腎中心_漳怡診所,其他
51e775b6-e7df-4cd2-aa7d-f30042a3b3cd,洗腎中心_漢銘醫院,其他
3688b95e-1417-4821-a06b-7d040bbf752b,洗腎中心_漢陽內科診所,其他
9e6f3e50-5e33-4314-8dc3-382f666f38ae,洗腎中心_滿福診所,其他
2eb6a8fa-293c-46d8-99d7-1e49992b269b,洗腎中心_睿康診所,其他
7187e075-7cdd-47d0-a387-061e489426fe,洗腎中心_福全醫院,其他
fa3a0c86-eca2-48b4-928a-edf240c8aa56,洗腎中心_福安醫院,其他
9e9a3928-47d0-4310-986b-42cba36026a2,洗腎中心_福平醫院,其他
18f74035-2331-4949-9431-afe0622ac7e3,洗腎中心_福林診所,其他
ebe44d49-a883-4238-b006-93820acaf345,洗腎中心_福民內科診所,其他
ed76519f-2591-4b2c-b192-03d3b80e12c1,洗腎中心_輔英醫護專校附設醫院,其他
c2eadeda-0641-47ba-8193-f75422961638,洗腎中心_遠東聯合診所,其他
0fecddcc-4217-4345-9c66-9f6d3b9a7a55,洗腎中心_鳳林榮民醫院,其他
4df64bc9-04de-4975-a835-3266b5801403,洗腎中心_劉內兒科診所,其他
e29f71c8-200f-4773-bde5-dd7d54cad2f4,洗腎中心_廣泉洗腎診所,其他
f274a5de-28b1-4f7e-a768-c89811e12bb2,洗腎中心_廣泉診所,其他
6bbf4098-d38b-4e06-8695-7cb198148071,洗腎中心_廣聖醫院,其他
f8dce4c3-5473-4176-a38d-84d67113ac98,洗腎中心_德仁醫院,其他
86cad9bd-321f-4c7a-9f98-f117cbb52fa8,洗腎中心_德全醫院,其他
e987e81b-f270-4d3b-a95e-e657d62173c8,洗腎中心_德埔診所,其他
b57835eb-7e78-4613-ba1f-44fc05e0037b,洗腎中心_德恩診所,其他
6e7c7e4d-f52b-4060-b686-2392837177e2,洗腎中心_德澤診所,其他
2454a23b-31a8-45af-ac50-dc178b25b5f8,洗腎中心_德禾診所,其他
291365b8-9390-4b6a-9f89-3733b422eee7,洗腎中心_德禾診所,其他
38f04cb2-18f0-48e5-ab00-09bcce834c26,洗腎中心_慶如診所,其他
0aadf5d9-e932-4a1a-9790-5c5200d9775f,洗腎中心_慶安診所,其他
b67d7cfe-8bae-4298-98f5-439a65057fdf,洗腎中心_慶華診所,其他
dd87e86d-e2b7-4837-9df3-5a85f7e1398c,洗腎中心_慧安診所,其他
b509398b-33b4-47e1-981d-0e80e0f3ab29,洗腎中心_慧安診所,其他
8414caec-2f94-4fde-aa0a-94d30b590640,洗腎中心_澄清綜合醫院,其他
2325a717-9cad-4776-a714-52173ef48782,洗腎中心_澄清綜合醫院中港院區,其他
53993c33-d333-448a-8850-73a220693816,洗腎中心_蔣榮福診所,其他
50c26e57-b135-4145-95cd-7fa33db5b654,洗腎中心_蔡精龍診所,其他
364ecaf9-b7ab-4bca-8d01-6df22741a84a,洗腎中心_衛生福利部台中醫院,其他
e0b8c58b-1ed8-4683-b984-4f7302836e78,洗腎中心_衛生福利部台北醫院,其他
79dd77cc-9d1d-4e7b-8fcb-020bee391ce5,洗腎中心_衛生福利部台南醫院,其他
25415652-324e-4afd-92ac-0049a09b9175,洗腎中心_衛生福利部台東醫院,其他
e484bc79-5a49-4fad-bc2d-83fcd9f853a5,洗腎中心_衛生福利部嘉義醫院,其他
16485266-1be5-4ffc-bccf-779193cae58c,洗腎中心_衛生福利部基隆醫院,其他
9a7be62d-674c-4637-8579-0a2f4c505fb7,洗腎中心_衛生福利部屏東醫院,其他
a0119424-52c3-4fc1-a901-d6e5dd17bbc7,洗腎中心_衛生福利部彰化醫院,其他
caf87fd7-268d-4de6-8e3d-ebbe1f0169fa,洗腎中心_衛生福利部恒春旅遊醫院,其他
aed2a87a-571c-4d36-b06c-c3458424e0fa,洗腎中心_衛生福利部新營醫院,其他
ff55d50c-ceb2-48f6-b58f-86b173ac5ba2,洗腎中心_衛生福利部朴子醫院,其他
442cf076-c5be-4176-bd43-c61d36c50c89,洗腎中心_衛生福利部桃園醫院,其他
0337f587-3865-45ea-bf64-402732f05be6,洗腎中心_衛生福利部澎湖醫院,其他
dc45448b-deeb-4ee8-bd13-29722d76f8b8,洗腎中心_衛生福利部玉里醫院洗腎室,其他
ca8dc176-06a1-47af-948f-f19245d2ee23,洗腎中心_衛生福利部花蓮醫院,其他
03935223-0fde-4f4e-a974-3e89fd16ffe2,洗腎中心_衛生福利部苗栗醫院,其他
8eaf08d2-1998-4939-bcb7-297a94c949ae,洗腎中心_衛生福利部豐原醫院,其他
b3cbff45-6d95-472d-9bd5-c15cd0a9d69b,洗腎中心_衛生福利部雙和醫院,其他
c283e4aa-f957-45e0-98cd-5d16ea3bfac3,洗腎中心_賢德醫院,其他
1b3fb771-0a15-4a16-8187-5fd8f0fa8b7a,洗腎中心_輝德診所,其他
ef385fcc-b745-4653-ba0c-9d43d38ee623,洗腎中心_憲安診所,其他
5b684ede-e6ec-48f0-a789-dc3b78af7bb7,洗腎中心_樹林仁愛醫院,其他
bdb9311f-be88-4678-bdbd-f6cf51113bb6,洗腎中心_樹林松禾診所,其他
3a326a2b-12ce-45ed-9c8b-3575ec8d197b,洗腎中心_興義診所,其他
c09ee716-75e3-4a39-bf07-c25053adf6f2,洗腎中心_興豐內科診所,其他
200acb1e-ecbc-40cf-b165-6bce300a333f,洗腎中心_蕭中正醫院,其他
8051ead2-4d74-4e8a-877e-0c43bcc966bd,洗腎中心_錫和診所,其他
7e9bc670-1fb3-4c2f-8af4-1aee931490d9,洗腎中心_龍泉榮民醫院,其他
c419829b-8732-4ae1-89aa-b1c5ea40595d,洗腎中心_龍華診所,其他
49f852cb-64d0-420d-b143-02888f102205,洗腎中心_戴良恭診所,其他
38d641a2-1680-4ed7-b154-18618cab9d9f,洗腎中心_營新醫院,其他
8fb2d943-a15a-4acc-9c48-2a6c5e7448c1,洗腎中心_聯安醫院,其他
00f423b4-05d9-4b55-8534-18f13724f2bd,洗腎中心_謝智超達恩診所,其他
78a3241a-9277-4656-b3bc-81d66e2735ad,洗腎中心_鴻源診所,其他
cfeeb649-d14f-4a6d-90bb-0e7ffd353503,洗腎中心_鴻遠診所,其他
be1fd029-dad9-4e80-a60b-f7f537e77207,洗腎中心_豐安醫院,其他
3d470e6a-aa4a-47b4-ba9e-8ea049b6d447,洗腎中心_顏大翔內科診所,其他
716f776b-9f42-407e-9d6e-80f15346b257,洗腎中心_壢新醫院,其他
1c7b8848-7809-4738-9124-a47921128c28,洗腎中心_懷仁內科診所,其他
5cc5e832-539d-41ec-8db5-f87eb78129c4,洗腎中心_懷寧內科診所,其他
7821c7f7-a9af-42ee-b784-2965ceba177a,洗腎中心_懷德內科診所,其他
a7c5d3e5-bd06-49d4-b10c-f6e3a474084d,洗腎中心_懷德診所,其他
390c5e0d-7a28-43f2-9beb-794f5ee15703,洗腎中心_羅斯福內科診所,其他
813deb9a-ec4d-4673-899b-3336949d6301,洗腎中心_羅東博愛醫院,其他
559da8d5-e492-409a-bb58-09af050f21ae,洗腎中心_羅東聖母醫院,其他
7d9de43f-6767-40e4-8128-1c20a7af11ff,洗腎中心_關渡醫院,其他
034fc631-abed-477e-ad17-3e54c1b2403c,洗腎中心_霧峰澄清醫院,其他
c8bda809-810e-4e31-8676-d6cee72268f0,洗腎中心_寶建醫院,其他
b5a6f9e6-1bea-4ff5-9c22-178fc72e0daa,洗腎中心_蘇澳榮民醫院,其他
0fcee2fe-886c-41a6-9431-24377c71deba,洗腎中心_蘇炳文內科診所,其他
a9e4eab7-8c28-46b7-99bf-32ec73507d8e,洗腎中心_蘇義華內科小兒科診所,其他
ab32728e-746f-47cf-a9b8-36e8562bf2f3,洗腎中心_蘇育諒聯合診所,其他
53c34e86-e519-41a9-89ad-bc53a4f75341,洗腎中心_鑫庚內科診所,其他
9622b39e-35dc-4577-a32c-f614a788b6f9,洗腎中心_安馨民雄診所,其他
7de6332d-1844-47a3-b875-6d04118cdce3,洗腎中心_杏福內科診所,其他
49a67471-9960-4a3f-945a-3fdc05f754b4,洗腎中心_杏福內科診所,其他
f23e927b-3151-42b9-8d72-dad6e69d850e,洗腎中心_三總附設基隆服務處,其他
9889aadc-45c1-425d-a062-bef10a74cd21,洗腎中心_安基洗腎中心,其他
02fd08b2-48fb-43b7-9841-bdd0a450e378,洗腎中心_和暘,其他
aaeae9a4-3d35-4dc5-87e2-39788c12f6c9,洗腎中心_皇泰洗腎中心,其他
aefc02db-c3b2-417b-b347-3285aa281a50,洗腎中心_彰化基督教二林分院,其他
f85df857-b723-4175-a395-79bd8bfd6480,洗腎中心_衛生福利部桃園新屋分院,其他
0fec48e4-2e91-4d1c-b999-55d828378a36,洗腎中心_衛生福利部樂生療養院,其他
ef4a30fa-093b-44e5-943a-95b22fa9fb14,洗腎中心_佳宜洗腎中心,其他
37998b17-2a2d-431e-a213-818a32e0b03b,洗腎診所_安基診所,其他
65263c2e-b202-4030-aead-8f7d3f045f73,洗腎診所_為好診所,其他
062620f3-c997-4207-8f63-45ea44ce457a,洗腎診所_杏和診所,其他
131d2592-55a4-4767-84b6-2746d1b16e32,洗腎診所_育仁洗腎診所,其他
9fb4b2a9-a831-4731-9368-c2fa014ae22a,洗腎診所_夏隣康合診所,其他
afe99c8e-31ae-45b3-b8f6-58f999b26f7e,洗腎診所_祥和內科診所,其他
11fbe3bf-b080-467d-b2c3-14a0e0bf82cd,洗腎診所_聖博診所,其他
c58c12bf-d92e-427e-a5c9-ab0f592bc51e,洗腎診所_詮華診所,其他
9dce0c9d-24f4-4152-b622-de33d8e74fd4,為恭紀念醫院_為恭紀念醫院,其他
fcf5c63e-4468-43ba-a216-59ce62440379,為恭紀念醫院_為恭紀念醫院,其他
f07dfb0f-c0b3-4f9f-8f7c-c3a74ccbc045,珍齡社區長照_珍齡社區長照,其他
943b8344-17c9-486c-9704-5b28c06d20c5,界霖科技股份有限公司_界霖科技股份有限公司,其他
22bff048-d364-4915-987d-9c44d9be0f42,皇家診所_皇家診所,其他
16885531-9241-4efa-9944-ea8dc7db67ee,皇泰診所_皇泰診所,其他
061ef113-bfbf-4ac4-85c5-9efdc50fb2c5,皇田工業股份有限公司_皇田工業股份有限公司,其他
71f81455-675d-47be-8527-cade88d732b2,盈正豫順電子股份有限公司_盈正豫順電子股份有限公司,其他
3f1935e4-1ce5-4ce1-af18-72a9a56b8d92,相互股份有限公司_相互股份有限公司,其他
ea0a3708-18ab-4d5a-a86d-a48465f1cd18,研揚科技股份有限公司_研揚科技股份有限公司,其他
7e823df1-4fb6-4d3c-89ec-33cb8961d483,研碩電腦股份有限公司_研碩電腦股份有限公司,其他
24b08ed2-1733-4e83-9f62-367f2a0d4119,研華科技股份有限公司_研華科技股份有限公司,其他
7be31d6b-3931-4741-b13b-065553ebbc5c,美亞鋼管廠股份有限公司_美亞鋼管廠股份有限公司,其他
4140cf36-5be4-4816-b014-98be9acb9193,美佑永康長照機構_美佑永康長照機構,其他
cb0b6b6f-8f80-4eda-b0bf-58fbff29e933,美侖診所_美侖診所,其他
0791e201-f1fa-423d-9403-6ada25a2af54,美利達工業股份有限公司_美利達工業股份有限公司,其他
890029d6-d5f9-45a3-a5b8-baf796549f27,美安居服長照機構_美安居服長照機構,其他
1947dba7-2e39-48fb-915f-dfd4208f0492,美崙聯安診所_美崙聯安診所,其他
4b114882-29c5-42b1-becd-35986668fa8c,美律實業股份有限公司_美律實業股份有限公司,其他
2d7748f4-3c6f-4486-aba3-f103a5f038e2,美琪瑪國際股份有限公司_美琪瑪國際股份有限公司,其他
c316817e-19af-4050-aaf2-62f47271bb1c,美生金屬工業股份有限公司_美生金屬工業股份有限公司,其他
4645d2b0-f25b-4c98-a06f-79c0fef8fbc0,美磊科技股份有限公司_美磊科技股份有限公司,其他
6fb2d0b4-794d-4c3a-8d38-6a281e859dbd,美隆工業股份有限公司_美隆工業股份有限公司,其他
63deec41-8b7e-4afb-a6a3-bb68271d8a0c,美麗千禧皇城社區長照機構_美麗千禧皇城社區長照機構,其他
600ae154-1324-474b-acc3-3df0dc31a2ac,美麗千禧長照機構_美麗千禧日照,其他
5ea1e9cf-fea8-44be-93b0-e283a24bdb92,耐斯企業股份有限公司_耐斯企業股份有限公司,其他
0de6558a-d18a-475d-b178-3137a118cf67,胡連精密股份有限公司_胡連精密股份有限公司,其他
d61f59c1-bec7-4864-ab1e-ec0560ec2c3b,致伸科技股份有限公司_致伸科技股份有限公司,其他
7a6eabee-8b61-4a1d-a3f4-d0eefa2f0a08,致新科技股份有限公司_致新科技股份有限公司,其他
345424b5-6dab-412a-af41-37e30b2afdd9,致茂電子股份有限公司_致茂電子股份有限公司,其他
f787a556-5dd0-4484-809c-dba4c65c198d,若瑟基金會_若瑟基金會,其他
d664d96e-5467-481c-83e3-a752a7302749,若瑟醫院_若瑟醫院,其他
ed7c4382-59d6-4524-ba8d-9b4b4fd26526,茂德科技股份有限公司_茂德科技股份有限公司,其他
919ffe73-36b1-4137-82a9-d2d878d76f9b,茂林光電科技股份有限公司_茂林光電科技股份有限公司,其他
11edb69a-501e-4dac-8693-4edabdb143fd,茂榮鐵工廠股份有限公司_茂榮鐵工廠股份有限公司,其他
fdf63cb7-19e7-48d4-8506-10c499e0dbfa,茂田診所_茂田診所,其他
1b51d976-5a1d-4c1c-a183-dc30bbf7525b,茂訊電腦股份有限公司_茂訊電腦股份有限公司,其他
7d681f23-6dfc-4ad9-beeb-ad5c4839a8d3,茂迪股份有限公司_茂迪股份有限公司,其他
724f3a14-6fb0-4a2c-93c1-fec169b204ad,茂達電子股份有限公司_茂達電子股份有限公司,其他
d0d1ef54-2ac0-4f40-9a1a-d63a21fa8def,茂順密封元件科技股份有限公司_茂順密封元件科技股份有限公司,其他
16c03a33-36a5-4b98-9e6e-d2f24356ce80,苗栗大千醫院_苗栗大千醫院,其他
12441dc4-a0fa-408f-838d-cf594e37e826,苗栗大千醫院_苗栗大千醫院,其他
9f84335b-eced-41a4-93a3-98a494b1bdf5,苗栗弘大醫院_苗栗弘大醫院,其他
b77bd296-3ccf-424d-81d5-e186a09209c4,苗栗社區安養中心_苗栗社區安養中心,其他
54a37d7f-a4f6-44f2-9b6e-e302ecd7dce1,苗栗老人養護之家_陳韋志,其他
78f6db72-63c4-4928-a173-8c15b7956009,英全化學工業股份有限公司_英全化學工業股份有限公司,其他
714d9523-1e6e-417f-8a05-6e7a321d97f8,英屬開曼群島商泰鼎國際股份有限公司_英屬開曼群島商泰鼎國際股份有限公司,其他
17268958-812f-44f7-aef3-14351289e94b,英格爾科技股份有限公司_英格爾科技股份有限公司,其他
6dc6555e-84e7-4472-9d99-7206084ec915,英業達股份有限公司_英業達股份有限公司,其他
e9be0525-33ce-4634-aa03-5d98d2ce0224,英濟股份有限公司_英濟股份有限公司,其他
9f1a7b91-9e8b-4064-9c1b-f8a3c6a309f7,苑裡李綜合醫院_苑裡李綜合醫院,其他
d41e27ac-95a3-45df-843d-ca24eb98be87,虹光精密工業股份有限公司_虹光精密工業股份有限公司,其他
4d3c7d05-b9e4-4991-a558-09f040be59ac,迦南內科診所_迦南內科診所,其他
3d46d764-c36f-45c0-bea7-9232c5d67c21,迦南長照中心_迦南長照中心,其他
89969950-9df7-4dcc-a2a5-2f19f494c30c,迦樂醫療財團法人附設迦樂社區復健中心_迦樂醫療財團法人附設迦樂社區復健中心,其他
643f03c5-9cd9-46c0-bdf3-2bd579c5bd14,重仁骨科診所_重仁骨科診所,其他
2c6a194c-27f6-4390-80b6-563f32e858f2,風鈴草股份有限公司_苗栗縣私立同心圓居家長照機構,其他
f74c9f0f-9de3-49fb-869f-ded5cf3b8546,風青金屬實業股份有限公司_風青金屬實業股份有限公司,其他
dca325f9-190f-4e83-973b-73e136445655,飛宏科技股份有限公司_飛宏科技股份有限公司,其他
114f9ca6-8d84-4424-a8f7-710e350ffefb,飛捷科技股份有限公司_飛捷科技股份有限公司,其他
649a25cd-cede-4c77-9426-a319a3c7bb28,首利實業股份有限公司_首利實業股份有限公司,其他
14698f88-5d13-4f98-9b69-8304bdf6f1ff,凌巨科技股份有限公司_凌巨科技股份有限公司,其他
ad3070ea-5d73-4acf-8279-bb5df2543d44,凌耀科技股份有限公司_凌耀科技股份有限公司,其他
649b14d7-14cd-43f9-b8e4-4b5481d55f5d,凌華科技股份有限公司_凌華科技股份有限公司,其他
dfc813e3-f250-43f7-a8b3-924fa403a2e3,凌通科技股份有限公司_凌通科技股份有限公司,其他
960da99d-07eb-4bf2-84e5-b582d8f04935,凌陽科技股份有限公司_凌陽科技股份有限公司,其他
5a767c20-1d31-4cbb-9426-c2eedd6cb27e,原相科技股份有限公司_原相科技股份有限公司,其他
f83a1634-da61-44e1-9ca9-b76c1ddd796c,唐偉峯復健科診所_唐偉峯復健科診所,其他
2ebcfb3a-2317-49b5-a3a4-49d78db6864f,唐榮鐵工廠股份有限公司_唐榮鐵工廠股份有限公司,其他
23976ab6-9567-4b84-bfb3-93c98af8d0d1,唐氏症基金會_唐氏症基金會,其他
ae11ef87-d9db-4c9a-ae1b-9e9b32b6bc38,員林基督教醫院_員林基督教醫院,其他
c94ce6b8-4082-4f46-a77c-64b07b85cc33,員榮醫院_員榮醫院,其他
e42bdf20-fcbe-419a-b5fd-5519ccbe0f85,員生醫院_員生醫院,其他
f40ccc75-27a6-4909-917e-7813ceea2f26,員美診所_員美診所,其他
423ad71e-d110-4469-8886-946606ceee14,員郭醫院_員郭醫院,其他
7b2ef500-cbbc-4d01-8237-e1da1299aabe,埔基醫療財團法人埔里基督教醫院附設護理之家_埔基醫療財團法人埔里基督教醫院附設護理之家,其他
c9d9f2b2-4949-4a1a-8cd3-a5ecec7ca66a,埔基醫療財團法人埔里基督教醫院附設護理之家_埔基醫療財團法人埔里基督教醫院附設護理之家,其他
1f4c4a58-06d3-474b-9f80-185d4c42f9aa,埔尾社區長照機構_埔尾社區長照機構,其他
95001ad3-9da4-49b2-8a76-a75bf276a3ae,埔里基督教醫院_埔里基督教醫院,其他
325b25a3-5d2a-4373-b04e-8a9b4c35b793,埔里基督教醫院_埔里基督教醫院,其他
469f2582-3082-49de-8ca9-80371338fdfd,埔里基督教醫院_埔里基督教醫院,其他
8667eebb-6cfb-4092-b82e-ba7dafb2b20d,埔里安泰診所_埔里安泰診所,其他
a122ec87-b1bd-418f-9a1f-6b5ed4b394e2,夏雨惟思養護中心_夏雨惟思養護中心,其他
6c0b48eb-6702-4354-8c27-58fbb58ed909,家安社區關懷協會_家安社區關懷協會,其他
fa743046-2f50-4d58-88b1-973e9814d2ba,家安社關懷服務協會_家安社關懷服務協會,其他
ee074823-465b-4163-906e-96df3e8db6c7,家寶基金會_家寶基金會,其他
774087c1-323d-4992-a6be-b9268335d452,家祥診所_家祥診所,其他
fc5f3ad0-02e6-49d5-9510-47af0e2cbd7a,家綾診所_家綾診所,其他
fcd14ced-706a-46d5-a822-a28024046569,家誼診所_家誼診所,其他
9364c6fe-3ac2-4b61-8db0-21f41eb8e30b,宸鴻股份有限公司_宸鴻股份有限公司,其他
f92b9764-4fa9-4844-b896-5721863daeaa,展宇科技材料股份有限公司_展宇科技材料股份有限公司,其他
e51d6980-4b44-41b9-ad29-74f85a213984,展頌股份有限公司_展頌股份有限公司,其他
e5d4285d-c907-4a15-8d75-02040f52d299,恩主公醫院_恩主公醫院,其他
4641dc82-f6ef-41e6-a3fa-95e19263847c,恩德科技股份有限公司_恩德科技股份有限公司,其他
3eeba69a-bdf9-46c2-bd99-e6d3c9676ab3,恩樺醫院_恩樺醫院,其他
c1f989a6-314f-4b7e-9cc3-fc8de02af07b,恩澤養護中心_恩澤養護中心,其他
f7209905-826a-4b73-9547-1057fe8c5557,悅城科技股份有限公司_悅城科技股份有限公司,其他
687dde44-a7b7-4422-87b7-62bbe6f27eb4,振曜科技股份有限公司_振曜科技股份有限公司,其他
cec7ffdf-8da0-4203-927b-4d4b5c625273,振樺電子股份有限公司_振樺電子股份有限公司,其他
ec0afdb5-1e8c-4f6b-b5ee-2b4e16fab1e4,振鋒企業股份有限公司_振鋒企業股份有限公司,其他
07331e6f-76f7-47e5-ba71-ae25ed4ec1fc,晉倫科技股份有限公司_晉倫科技股份有限公司,其他
791db0f2-095e-41ad-8927-0e1ddf86343a,晉安洗腎診所_晉安洗腎診所,其他
a24c4b83-175f-4af6-962c-ff72ce17ad00,晉椿工業股份有限公司_晉椿工業股份有限公司,其他
69c5b158-e990-4e90-98bf-8646c848eb53,晉禾企業股份有限公司_晉禾企業股份有限公司,其他
4f402941-befa-4db0-aa34-881f14cf1e28,桂冠實業股份有限公司_桂冠實業股份有限公司,其他
46af7dbe-cc3a-49d4-b9da-b67a6cf3c643,桃園圓夢愛心關懷協會_圓夢愛心協會,其他
c1f70e7c-0781-474a-b006-bfc89e46c10b,桃園市原住民嘎色鬧產業發展協會_桃園市原住民嘎色鬧產業發展協會,其他
de66ccbd-32ca-405e-a04d-a5256fa7b0df,桃園市圓夢愛心關懷協會_圓夢愛心關懷協會,其他
c42028de-634a-4ec8-a1bd-d497704d8857,桃園市復興區部落產業發展協會_桃園市復興區部落產業發展協會,其他
ba200478-325e-422d-bd6b-4d5ff9b7bcc7,桃園榮民醫院_桃園榮民醫院,其他
94be709b-f62c-48ad-a5e3-18fae20ed66f,桃園縣泰雅爾族部落永續發展協會_桃園縣泰雅爾族部落永續發展協會,其他
4ee0ed9a-d7de-4b4e-b55a-bf5883793909,桃園縣脊髓損傷者協會_桃園縣脊髓損傷者協會,其他
4fd24a62-27c0-45e5-ab9f-60ebc8a1832d,桃太郎老人養護中心_桃太郎老人養護中心,其他
b3954d63-42fd-4d8d-a323-8a22f4ef8af8,桃安診所_桃安診所,其他
1010b0ff-34d8-42a0-8763-be0e4fb820f3,桃庚聯合診所_桃庚聯合診所,其他
f4fca44d-a086-4b53-8688-f9ce9effcfac,桃德診所_桃德診所,其他
3b593d0e-ca45-4a36-a424-b47e960dded2,桃新醫院_桃新醫院,其他
e005a86f-ca88-4438-a62b-3c60dfc0322a,泰博科技股份有限公司_泰博科技股份有限公司,其他
bbf77d8c-17a4-49b4-88f2-77e0f2a53e7c,泰山企業股份有限公司_泰山企業股份有限公司,其他
53c580dc-4232-4513-bde6-3bfb40f0423e,泰慶皮革塑膠工業股份有限公司_泰慶皮革塑膠工業股份有限公司,其他
a7bf6df8-669a-45e5-9a85-2948dac9cf7d,泰林科技股份有限公司_泰林科技股份有限公司,其他
0a76d1c4-e7b6-476d-87e5-53679bed81fd,泰碩電子股份有限公司_泰碩電子股份有限公司,其他
1cfdda1e-ae76-4c19-8c68-bb9fa5492dbb,泰西企業股份有限公司_泰西企業股份有限公司,其他
e7477c39-6ac0-4430-9e66-663ec4f82a0d,泰豐輪胎股份有限公司_泰豐輪胎股份有限公司,其他
948012c5-c478-432a-9ed7-c1ed4149fa39,泰金寶科技股份有限公司_泰金寶科技股份有限公司,其他
f516c733-e136-4fd2-acc2-b951054023c1,泰銘實業股份有限公司_泰銘實業股份有限公司,其他
a9d0a4db-b66f-4c92-b3d3-3ee068842e21,海光企業股份有限公司_海光企業股份有限公司,其他
f19b558e-0155-409f-8639-2064d4ef670e,海華科技股份有限公司_海華科技股份有限公司,其他
c2635537-cdf0-4808-b1e4-e9ad66e33259,海韻電子工業股份有限公司_海韻電子工業股份有限公司,其他
7dcfb4c8-5f53-44d1-8328-3f845a4cf89a,浩鑫股份有限公司_浩鑫股份有限公司,其他
10f6c4c4-e665-469c-b3fb-22a0db77d513,烏來區衛生所附設居家護理所_烏來區衛生所附設居家護理所,其他
ac89254e-9ea8-46a4-bc31-86496e6438ff,烏日澄清醫院_烏日澄清醫院,其他
de071d16-a31c-44f9-ba00-28bda21f8326,烏日 澄清醫院_烏日 澄清醫院,其他
8c6e82ef-0f59-4d29-b117-1cb58d5e5768,益通光能科技股份有限公司_益通光能科技股份有限公司,其他
49b46eb4-cc22-4c24-99d2-d38de59b382e,真善美長照_真善美長照,其他
a0cd4a56-ee50-4df2-8388-ee501b907067,真心關懷協會_真心關懷協會,其他
479c2b93-8056-437b-81e3-790ada1ee2c2,真誠社區長照機構_真誠社區長照機構,其他
38b782c7-8cd6-4a33-83e6-88e9616c6aa3,祐和診所_祐和診所,其他
ea5b59c2-2e25-48ce-801f-13a35b0c8ffd,祐和診所_祐和診所,其他
309d1066-b258-465d-a104-a41eb50502ae,祐瑞居家長照機構_祐瑞居家長照機構,其他
9bc03f87-615e-4b06-b61b-2fd671e5fa69,祐生醫院_祐生醫院,其他
b1897af7-cd60-45f6-90e7-2ea369c4ebe1,祐腎內科診所_祐腎內科診所,其他
5074d237-d26b-41cd-9877-f82d052cd3f1,神基科技股份有限公司_神基科技股份有限公司,其他
a50a35ba-56e1-4310-b4e9-1deec7a509d0,神準科技股份有限公司_神準科技股份有限公司,其他
0d10a579-3ad4-4d02-92e2-3f1a1ebd092d,神達投資控股股份有限公司_神達投資控股股份有限公司,其他
ca4c7cab-5275-4518-8094-c1884bd2b686,神達電腦股份有限公司_神達電腦股份有限公司,其他
aa0d47fb-3685-4df1-8cf4-cba5f4aefe0d,租賃公司_尚騰汽車,其他
e7b713e3-a4fc-4df9-b867-530d3c579d26,笑咪咪關懷協會_笑咪咪關懷協會,其他
5b4a7803-8682-4d2a-8c59-67d0f1f51036,耆福長照機構_耆福長照機構,其他
29536f0a-9705-4d6c-be47-67b46517a8ee,耕莘醫院_耕莘醫院,其他
f25d03fb-586a-4fd9-bf41-686e7789b3e3,耿鼎企業股份有限公司_耿鼎企業股份有限公司,其他
b915b922-f8dc-4729-98ac-53ca0714dd20,脊髓損傷協會_中華民國脊髓損傷者聯合會,其他
b6c0dd63-dea4-4c98-8df3-58f7c77c296e,脊髓損傷協會_台中市脊髓損傷者協會,其他
8a1aac21-2006-4a8f-94d9-c709bb5adb61,脊髓損傷協會_台北市脊髓損傷社會福利基金會,其他
8f7c1160-29c6-471e-bf47-eb548090e5a2,脊髓損傷協會_台北市脊髓損傷者協會,其他
04a2d030-cbbd-4a68-9372-eb7bb4bca497,脊髓損傷協會_台南市脊髓損傷者協會,其他
dd7cb8e3-28f7-4521-ae15-b2b939999b1d,脊髓損傷協會_台南市脊髓損傷關懷協會,其他
c471e21f-607b-4da6-aab9-4ac89468c585,脊髓損傷協會_台東縣脊髓損傷者協會,其他
6313e7f1-5165-4f7f-8a75-0dd3b8ac4f0b,脊髓損傷協會_宜蘭縣脊髓損傷者協會,其他
818d76b4-43a7-4726-bd6f-691a8fe6314e,脊髓損傷協會_花蓮縣脊髓損傷福利協進會,其他
164f101b-0374-4966-b0c8-f3976aeb6b9d,脊髓損傷協會_南投縣脊髓損傷者協會,其他
9510b8c0-3994-4072-bbac-6ab5593dc398,脊髓損傷協會_屏東縣脊髓損傷者協會,其他
a2fe5b8f-52a6-4552-a556-3060b96faf26,脊髓損傷協會_苗栗縣脊髓損傷者協會,其他
0eb66a9a-3f64-418c-a4c4-64f5a4b1185f,脊髓損傷協會_桃園縣脊髓損傷者協會,其他
430e18c6-8367-4d9b-b009-e73f4c818644,脊髓損傷協會_脊髓損傷潛能發展中心,其他
2933b856-d5a8-4a29-8d34-47ee3e7fac3c,脊髓損傷協會_高雄三山脊損重建協會,其他
e5fca6fb-697e-44eb-a402-0fedfdb5a4d3,脊髓損傷協會_高雄市脊髓損傷者協會,其他
530b7af1-44ee-4b14-a415-f32b51d93e3e,脊髓損傷協會_基隆市脊髓損傷者協會,其他
b45770a3-71c3-45af-b3ee-1b0efce2e4cd,脊髓損傷協會_雲林縣脊髓損傷者協會,其他
5eba055f-1133-4749-ad6f-aa8fd420b8c8,脊髓損傷協會_新北市脊髓損傷者協會,其他
07fa7154-3005-4ff1-b0c5-010d3e823724,脊髓損傷協會_新竹市脊髓損傷者協會,其他
725e6432-8cb2-495f-807e-dcf321aecbf9,脊髓損傷協會_新竹縣脊髓損傷者協會,其他
cc30d1b3-468f-487c-8730-a0d099be8f56,脊髓損傷協會_嘉義市脊髓損傷者協會,其他
6737c6ca-e1ca-426e-a85e-b1548221844d,脊髓損傷協會_嘉義縣脊髓損傷者協會,其他
d6b807bb-4a34-4561-995f-76ad2c26a0b5,脊髓損傷協會_彰化縣脊髓損傷者協會,其他
b3ae4c99-e07c-413d-99d6-99560342b16b,脊髓損傷協會_臺中市山海屯脊髓損傷協會,其他
528cde8a-745c-4186-8921-38e27e62426e,脊髓損傷協會_澎湖縣脊髓損傷者協會,其他
6fed8f9e-5c2a-465f-a364-6b364a789250,訊舟科技股份有限公司_訊舟科技股份有限公司,其他
852d6b55-a685-4858-a033-33ab2798c603,財團法人OMG關懷社會愛心基金會_財團法人OMG關懷社會愛心基金會,其他
78f20f2b-b785-4733-a1c7-ea01cfa6c037,財團法人一粒麥子社會福利慈善事業基金會-宜蘭縣_財團法人一粒麥子社會福利慈善事業基金會-宜蘭縣,其他
05e29dd6-1550-4254-b1cb-44bf911a20e9,財團法人一粒麥子社會福利慈善事業基金會-寧波街_財團法人一粒麥子社會福利慈善事業基金會-寧波街,其他
3bd881b7-2e85-4413-ad9e-d9857d894b84,財團法人一粒麥子社會福利慈善事業基金會-臺東縣_財團法人一粒麥子社會福利慈善事業基金會-臺東縣,其他
470888e2-0428-4688-a420-bd21086647e2,財團法人一粒麥子社會福利慈善事業基金會-花蓮服務中心_財團法人一粒麥子社會福利慈善事業基金會-花蓮服務中心,其他
b9d90502-9d83-419d-acec-cf5207d25323,財團法人一粒麥子社會福利慈善事業基金會-花蓮縣_財團法人一粒麥子社會福利慈善事業基金會-花蓮縣,其他
a4ca291d-b121-4556-bfb0-3c06a8a3a4c6,財團法人一粒麥子社會福利慈善事業基金會-開封街_財團法人一粒麥子社會福利慈善事業基金會-開封街,其他
5fe3237c-92e5-4bf7-80df-0ca56cd629fe,財團法人上海商業儲蓄銀行慈善基金會_財團法人上海商業儲蓄銀行慈善基金會,其他
cf1da59f-af22-43f7-bf5d-835085b4a073,財團法人世豐善智慈善事業基金會_財團法人世豐善智慈善事業基金會,其他
93801226-153b-4643-ad57-d08ea4bb7c39,財團法人中保關懷社會福利基金會_財團法人中保關懷社會福利基金會,其他
e51dc46b-e18c-40e9-a103-a94728882fa3,財團法人中國信託慈善基金會_財團法人中國信託慈善基金會,其他
a8db427b-e778-49bd-82e1-d2b967814dd4,財團法人中國國民黨身心障礙者保護基金會_財團法人中國國民黨身心障礙者保護基金會,其他
9808484f-18d0-4af0-a656-8b8713eb2cde,財團法人中華啟能基金會_財團法人中華啟能基金會,其他
3e51be67-9f92-430c-8f85-7d4b5b77c1a7,財團法人中華基督教福音信義傳道會辦理信義長青快樂學堂_財團法人中華基督教福音信義傳道會辦理信義長青快樂學堂,其他
e0db4750-48ef-417f-a6a6-3c843a9001c2,財團法人中華文化社會福利事業基金會_財團法人中華文化社會福利事業基金會,其他
e28da171-18d8-4e30-9cab-41abe7045071,財團法人中華民國婦聯社會福利基金會_財團法人中華民國婦聯社會福利基金會,其他
a5b86330-5c24-47d4-bc7a-dcaae5f8f3ba,財團法人中華民國福建省金門縣愛心慈善事業基金會_財團法人中華民國福建省金門縣愛心慈善事業基金會,其他
07ada5c1-67b8-4d17-985b-c76778541fd6,財團法人中視慈善愛心基金會_財團法人中視慈善愛心基金會,其他
406c0b7b-f922-44f5-a1f5-8e9ccf39f0c5,財團法人京城社會福利慈善事業基金會_財團法人京城社會福利慈善事業基金會,其他
bfc05f3e-1d90-486a-a75f-3704479bdf69,財團法人人安社會福利慈善事業基金會_財團法人人安社會福利慈善事業基金會,其他
79c7d9a8-f138-47de-b64f-465aad43c840,財團法人今光愛心社會福利慈善事業基金會_財團法人今光愛心社會福利慈善事業基金會,其他
22129697-5a7f-4f21-bf9f-b3f707e3988a,財團法人介惠社會福利基金會_財團法人介惠社會福利基金會,其他
e235a05c-0239-47d7-b9c3-8d1fe42776f9,財團法人介惠社會福利慈善基金會_財團法人介惠社會福利慈善基金會,其他
eaa43000-efdd-404a-a1fa-d56752f585c1,財團法人仕招社會福利慈善事業基金會_財團法人仕招社會福利慈善事業基金會,其他
1f805967-de84-4904-8e5f-d0eae4bca1c4,財團法人仲祥社會福利慈善事業基金會_財團法人仲祥社會福利慈善事業基金會,其他
3c65fa03-b7bc-43e9-b057-9fc86ebb50a5,財團法人伊甸社會福利基金會 三峽_財團法人伊甸社會福利基金會 三峽,其他
0597149a-bb95-4426-b6ff-90a37d5f5ab0,財團法人伊甸社會福利基金會-南投縣_財團法人伊甸社會福利基金會-南投縣,其他
bef8f328-614e-4103-9971-680c11e4b52b,財團法人伊甸社會福利基金會-台南市_財團法人伊甸社會福利基金會-台南市,其他
6f9d0c86-45be-4c2f-9e1a-08b4b7d35277,財團法人伊甸社會福利基金會-台南市_財團法人伊甸社會福利基金會-台南市,其他
465cd527-e09c-441a-bba7-090662175d55,財團法人伊甸社會福利基金會-嘉義縣_財團法人伊甸社會福利基金會-嘉義縣,其他
8cfe2167-0eb7-480b-b36a-b7cc0f3d011c,財團法人伊甸社會福利基金會-基隆市新豐街_財團法人伊甸社會福利基金會-基隆市新豐街,其他
fd028a72-593e-4b69-8970-a84b53179ce3,財團法人伊甸社會福利基金會-基隆市東信路_財團法人伊甸社會福利基金會-基隆市東信路,其他
1d030062-02db-4d1c-a672-6391c31c2375,財團法人伊甸社會福利基金會-宜蘭縣_財團法人伊甸社會福利基金會-宜蘭縣,其他
7aa46003-cc6b-4876-9f38-d4b1a7600fc7,財團法人伊甸社會福利基金會-新北市三峽區_財團法人伊甸社會福利基金會-新北市三峽區,其他
1c158a2b-b9c2-4e89-a1b4-136f7dee70d8,財團法人伊甸社會福利基金會-新北市鶯歌區_財團法人伊甸社會福利基金會-新北市鶯歌區,其他
ffc39675-df96-4c01-9ef0-690f2faf5ddc,財團法人伊甸社會福利基金會-雲林縣_財團法人伊甸社會福利基金會-雲林縣,其他
592b9020-798f-4ab0-a193-b4f3dff9b518,財團法人伊甸社會福利基金會桃園分事務所_財團法人伊甸社會福利基金會桃園分事務所,其他
cf11edee-3780-4e3c-b611-729b606ab3ef,財團法人佛光山慈悲社會福利基金會_財團法人佛光山慈悲社會福利基金會,其他
48882d5a-3f8f-42d4-90b1-a36e4109a4ed,財團法人佛教慈恩育幼基金會_財團法人佛教慈恩育幼基金會,其他
caaf67dd-e289-4b98-8b26-0f449f9e6da3,財團法人侯政廷公益事業基金會_財團法人侯政廷公益事業基金會,其他
ae500550-d736-4618-8bc5-b78f08f88d0e,財團法人傳咸慈善公益基金會_財團法人傳咸慈善公益基金會,其他
97ecd6fc-0bae-454a-931e-f3169e28aa0f,財團法人傳愛社會福利慈善基金會_財團法人傳愛社會福利慈善基金會,其他
550bf12a-4a8e-437d-93a5-4eb058848ee3,財團法人兆豐慈善基金會_財團法人兆豐慈善基金會,其他
4fd41a64-72a2-4187-945a-ffc778e44f36,財團法人全聯慶祥慈善事業基金會_財團法人全聯慶祥慈善事業基金會,其他
4a97fd0f-e905-4bd5-8bd9-b3aa6583b9f7,財團法人再好社會福利事業基金會_財團法人再好社會福利事業基金會,其他
5b1b7b52-34a3-4562-bef2-888c9d6f6911,財團法人切膚之愛基金會連瑪玉學苑_財團法人切膚之愛基金會連瑪玉學苑,其他
460920dc-c681-427c-b861-5fd97b106764,財團法人利河伯社會福利基金會_財團法人利河伯社會福利基金會,其他
85b6a4ea-fa89-4bb3-add1-bb18d2ca6eb4,財團法人創世社會福利基金會_財團法人創世社會福利基金會,其他
c53a2026-e2bb-4f33-b072-842c7b12c1f8,財團法人創世社會福利基金會嘉義分事務所_財團法人創世社會福利基金會嘉義分事務所,其他
14d270b4-32ac-454a-8c88-b3a9444f7d39,財團法人力鋼社會福利慈善基金會_財團法人力鋼社會福利慈善基金會,其他
0b7846d8-07b7-4f5d-a11c-9698185f2a9f,財團法人功學社關係企業社會福利基金會_財團法人功學社關係企業社會福利基金會,其他
a73a8174-2bf9-463b-b76d-fd6b11a4303e,財團法人勵馨社會福利事業基金會_財團法人勵馨社會福利事業基金會,其他
42335ac5-d2b5-4d53-9b50-d5790d819edc,財團法人化英慈善事業基金會_財團法人化英慈善事業基金會,其他
944d53a2-4211-46a4-aab4-1ec77dabde92,財團法人北縣私立林木社會福利慈善事業基金會_財團法人北縣私立林木社會福利慈善事業基金會,其他
76d0a31b-8fa0-4379-99fd-b248a35a8c47,財團法人千佛山慈善基金會_財團法人千佛山慈善基金會,其他
3830bee2-933e-4362-ae28-4e186894aa5a,財團法人南山人壽慈善基金會_財團法人南山人壽慈善基金會,其他
4c129b05-6434-4783-ab58-9325ae7ad900,財團法人南投縣伽利終生關懷社會福利基金會_財團法人南投縣伽利終生關懷社會福利基金會,其他
50e0f347-d166-427d-b78e-fb90c85e765e,財團法人南投縣私立傑瑞社會福利基金會_財團法人南投縣私立傑瑞社會福利基金會,其他
fdf24d9c-55fb-4d8e-94fb-f7df713e3e61,財團法人南投縣私立傑瑞社會福利基金會_財團法人南投縣私立傑瑞社會福利基金會,其他
80673031-f897-4b8d-9933-9a6b342f92b3,財團法人南投縣私立劉秀忍社會福利基金會_財團法人南投縣私立劉秀忍社會福利基金會,其他
e3fc9d32-2124-4b4a-92f1-ea6b3c417316,財團法人南投縣私立聖音慈善基金會_財團法人南投縣私立聖音慈善基金會,其他
33931ee2-4209-484b-9c08-9c9044535dcf,財團法人南投縣私立郭全源社會福利基金會_財團法人南投縣私立郭全源社會福利基金會,其他
06a1f212-9f6c-4b49-b46c-7bf344d16ab3,財團法人博幼社會福利基金會_財團法人博幼社會福利基金會,其他
82ba0973-fb8d-417b-b16a-c5a1af0a1ff1,財團法人博愛社會福利慈善事業基金會_財團法人博愛社會福利慈善事業基金會,其他
4c51be76-6bc9-4569-876c-c8e6abf06412,財團法人台中市私立中七合作社社會福利慈善事業基金會_財團法人台中市私立中七合作社社會福利慈善事業基金會,其他
634ae08e-c352-4cf5-b767-a7d4510ef61b,財團法人台中市私立中國兒童福利慈善事業基金會_財團法人台中市私立中國兒童福利慈善事業基金會,其他
0a9a9c46-14b1-418c-b117-6e5d326313f8,財團法人台中市私立中杏社會福利基金會_財團法人台中市私立中杏社會福利基金會,其他
deb626c0-a4ee-46e7-8d5b-ef9b9575c11c,財團法人台中市私立仁愛社會福利慈善事業基金會_財團法人台中市私立仁愛社會福利慈善事業基金會,其他
5d35eeb1-ef20-43cb-bd3a-cee1e3f70384,財團法人台中市私立健康社會福利慈善事業基金會_財團法人台中市私立健康社會福利慈善事業基金會,其他
bd1cb18e-af6b-47cb-adb8-5bcb927f51e7,財團法人台中市私立傳統慈善基金會_財團法人台中市私立傳統慈善基金會,其他
80917c82-b578-4d75-a441-f56093a5d384,財團法人台中市私立博愛基金會_財團法人台中市私立博愛基金會,其他
65b25b14-bf1c-4adc-bfb0-987f012aac29,財團法人台中市私立台中中學紀念基金會_財團法人台中市私立台中中學紀念基金會,其他
dc9cc123-8594-41ac-8437-00fb46a1aa89,財團法人台中市私立合同社會福利慈善事業基金會_財團法人台中市私立合同社會福利慈善事業基金會,其他
a58a68ba-66ec-4ae5-8bc3-a09da7cb447a,財團法人台中市私立基督教台安社會福利慈善事業基金會_財團法人台中市私立基督教台安社會福利慈善事業基金會,其他
482246dc-07fb-46cb-a177-d9a08e686039,財團法人台中市私立壽翁德富慈善基金會_財團法人台中市私立壽翁德富慈善基金會,其他
06b20659-2352-4817-99b0-a20a326d2b65,財團法人台中市私立大同社會福利慈善事業基金會_財團法人台中市私立大同社會福利慈善事業基金會,其他
f0605fbb-4dbb-4304-af16-888a8c050f63,財團法人台中市私立天生慈益基金會_財團法人台中市私立天生慈益基金會,其他
80e192ae-9881-44e5-84b1-2410b3265663,財團法人台中市私立尚欽基金會_財團法人台中市私立尚欽基金會,其他
a589224a-29f8-4638-b98b-c46a6c51539c,財團法人台中市私立弘道老人福利基金會_財團法人台中市私立弘道老人福利基金會,其他
bfa7fa55-34b3-41b0-9e5f-091c194b85de,財團法人台中市私立張光裕堂慈善會_財團法人台中市私立張光裕堂慈善會,其他
674e1b66-4a44-4e31-b67f-2e16fa0ca028,財團法人台中市私立張秀菊社會福利慈善事業基金會_財團法人台中市私立張秀菊社會福利慈善事業基金會,其他
6395102e-e96f-49dd-a9c8-149599bbc35a,財團法人台中市私立惠康醫療救濟基金會_財團法人台中市私立惠康醫療救濟基金會,其他
f0f2129b-a96a-436c-9f3e-ed69eb474508,財團法人台中市私立慈光社會福利慈善事業基金會_財團法人台中市私立慈光社會福利慈善事業基金會,其他
7f2c3730-0b6f-4995-94f2-26e3a34c43c8,財團法人台中市私立慶炎慈善會_財團法人台中市私立慶炎慈善會,其他
ad113c23-def2-4722-bf4b-8705def7f705,財團法人台中市私立振鋒慈善事業基金會_財團法人台中市私立振鋒慈善事業基金會,其他
40e9cd85-01ac-40ca-b809-3b70fa97629d,財團法人台中市私立文英基金會_財團法人台中市私立文英基金會,其他
ec1b9d03-1f5c-477d-81d8-3d921eb9f5c0,財團法人台中市私立松林社會福利慈善事業基金會_財團法人台中市私立松林社會福利慈善事業基金會,其他
5486568d-dcd9-477c-94ba-7752681a4ad5,財團法人台中市私立林業生社會福利慈善事業基金會_財團法人台中市私立林業生社會福利慈善事業基金會,其他
6dd47e24-f02f-43fc-8a7d-68d2bb9712a8,財團法人台中市私立歐氏社會福利慈善事業基金會_財團法人台中市私立歐氏社會福利慈善事業基金會,其他
373c6a47-eef1-4080-a68c-c13c8aff0345,財團法人台中市私立永耕社會福利基金會_財團法人台中市私立永耕社會福利基金會,其他
21fec0a7-f6fe-4eb2-81d7-ad39491850ee,財團法人台中市私立無極證道院社會福利慈善基金會_財團法人台中市私立無極證道院社會福利慈善基金會,其他
e37ff027-ea4b-46fe-a3e5-afaa52573ac0,財團法人台中市私立瑞健福利慈善事業基金會_財團法人台中市私立瑞健福利慈善事業基金會,其他
6e7853d5-4509-406a-ab83-ba2db40b20c4,財團法人台中市私立瑞光基金會_財團法人台中市私立瑞光基金會,其他
e201f856-0bba-44e6-9dae-0fecc927ebfe,財團法人台中市私立甘霖社會福利慈善事業基金會附設柳川家園_財團法人台中市私立甘霖社會福利慈善事業基金會附設柳川家園,其他
4abeedb9-a63e-414c-99ae-7738b8c08e03,財團法人台中市私立甘霖社會福利慈善事業基金會附設樂多家園_財團法人台中市私立甘霖社會福利慈善事業基金會附設樂多家園,其他
5b2b4de9-94ce-4145-b83b-af95ca598970,財團法人台中市私立百齡社會福利事業管理會_財團法人台中市私立百齡社會福利事業管理會,其他
b4b2e766-18bf-41a8-9fd6-79acf3f4ebf4,財團法人台中市私立素貞興慈會_財團法人台中市私立素貞興慈會,其他
a731a5c9-1f46-4998-9f48-8e94fdcb3331,財團法人台中市私立群園社會福利慈善事業基金會_財團法人台中市私立群園社會福利慈善事業基金會,其他
81157d25-ae03-4fdb-a650-dceb0a6f9d3d,財團法人台中市私立蓮友慈益基金會_財團法人台中市私立蓮友慈益基金會,其他
b3424187-dd1f-4fdf-b7ee-8435db3d61c4,財團法人台中市私立蔡火傳、蔡陳端社會福利慈善事業基金會_財團法人台中市私立蔡火傳、蔡陳端社會福利慈善事業基金會,其他
9ef730cf-c74d-4980-8ba2-dbbd7a35cb2e,財團法人台中私立欣欣社會福利慈善事業基金會_財團法人台中私立欣欣社會福利慈善事業基金會,其他
52d890f7-1a54-42fc-a3f7-02500289cf2f,財團法人台中縣921震災重建基金會_財團法人台中縣921震災重建基金會,其他
440a9925-94c6-49a1-99f4-6781529668e8,財團法人台中縣私立佑安社會福利慈善事業基金會_財團法人台中縣私立佑安社會福利慈善事業基金會,其他
63880bef-89f9-47da-b7a3-4e55a687188a,財團法人台中縣私立公老坪社會福利慈善基金會_財團法人台中縣私立公老坪社會福利慈善基金會,其他
ca33f376-17ed-46bb-a430-d04a1723b525,財團法人台中縣私立博愛社會福利慈善事業基金會_財團法人台中縣私立博愛社會福利慈善事業基金會,其他
69f5e64b-03b0-4c28-bb9c-a311eb32020c,財團法人台中縣私立大度山社會福利慈善事業基金會_財團法人台中縣私立大度山社會福利慈善事業基金會,其他
f910bd2d-ccee-40c2-b7df-a998c3c93b24,財團法人台中縣私立大慈社會福利慈善事業基金會_財團法人台中縣私立大慈社會福利慈善事業基金會,其他
eb6bee93-a73c-4dc7-9e23-5c60c03b0090,財團法人台中縣私立天順社會福利慈善事業基金會_財團法人台中縣私立天順社會福利慈善事業基金會,其他
ba8b5d3f-f67b-4099-a65b-7c8de3437ed3,財團法人台中縣私立安信社會福利慈善事業基金會_財團法人台中縣私立安信社會福利慈善事業基金會,其他
f868f0d6-24f6-4f72-acc4-b603ff51e998,財團法人台中縣私立廖繼誠社會福利慈善基金會_財團法人台中縣私立廖繼誠社會福利慈善基金會,其他
762fded8-5b98-4249-8622-681084b6eb6c,財團法人台中縣私立廣亮社會福利慈善事業基金會_財團法人台中縣私立廣亮社會福利慈善事業基金會,其他
deb892fe-5cc4-4bec-a973-665a62930b06,財團法人台中縣私立廣達社會福利慈善事業基金會_財團法人台中縣私立廣達社會福利慈善事業基金會,其他
0346bae1-cab2-4f58-a99a-63f8899dcba1,財團法人台中縣私立弘毓社會福利慈善事業基金會_財團法人台中縣私立弘毓社會福利慈善事業基金會,其他
e69fe604-de12-49a4-8c83-141d306593c4,財團法人台中縣私立慈心社會福利慈善事業基金會_財團法人台中縣私立慈心社會福利慈善事業基金會,其他
7394f910-c23b-4160-9fca-13d07fa39a09,財團法人台中縣私立懷恩社會福利慈善事業基金會_財團法人台中縣私立懷恩社會福利慈善事業基金會,其他
7cd4fc91-c18d-4cbd-ad60-aafc442685b3,財團法人台中縣私立明園社會福利慈善事業基金會_財團法人台中縣私立明園社會福利慈善事業基金會,其他
08d69051-1c8b-4959-8f63-cff6c4cc150b,財團法人台中縣私立春暉社會福利慈善事業基金會_財團法人台中縣私立春暉社會福利慈善事業基金會,其他
2d39dddf-045e-4fb7-9e05-652c7ae3ffa7,財團法人台中縣私立普濟社會福利慈善事業基金會_財團法人台中縣私立普濟社會福利慈善事業基金會,其他
29b55a7f-7f80-468c-9014-a28d59e60628,財團法人台中縣私立有美社會福利慈善事業基金會-太平區_財團法人台中縣私立有美社會福利慈善事業基金會-太平區,其他
51c2cf0e-abd8-48f9-a302-4aed7abdd0f1,財團法人台中縣私立有美社會福利慈善事業基金會-豐原區_財團法人台中縣私立有美社會福利慈善事業基金會-豐原區,其他
8d550add-2574-461d-a05e-d0e45ab5f99a,財團法人台中縣私立東勢義渡社會福利基金會_財團法人台中縣私立東勢義渡社會福利基金會,其他
7803dee1-6fc9-445a-9f9d-305940f56d49,財團法人台中縣私立榮富慈益基金會_財團法人台中縣私立榮富慈益基金會,其他
31a4f308-ff22-4f74-a9be-acc4005b2d83,財團法人台中縣私立漢雲慈善會_財團法人台中縣私立漢雲慈善會,其他
edb8960d-9b10-4f35-8bc6-8fc8900a7052,財團法人台中縣私立精神衛生社會福利慈善事業基金會_財團法人台中縣私立精神衛生社會福利慈善事業基金會,其他
c32b299a-53b3-4d5a-86af-c2985b08d4b1,財團法人台中縣私立群賢社會福利慈善事業基金會_財團法人台中縣私立群賢社會福利慈善事業基金會,其他
728a4433-9721-458a-bb15-6d2cb9861942,財團法人台中縣私立豐信社會福利慈善基金會_財團法人台中縣私立豐信社會福利慈善基金會,其他
b4748a1c-dee0-4e5e-9a42-1af174f01e7e,財團法人台中縣私立金栳社會福利基金會_財團法人台中縣私立金栳社會福利基金會,其他
fafb7eaa-6975-457d-bb03-4768ed0814a6,財團法人台中縣私立銀同碧湖陳氏社會福利基金會_財團法人台中縣私立銀同碧湖陳氏社會福利基金會,其他
5e46d8ed-045a-4d7d-9f1f-abeaae90b591,財團法人台中縣私立高林社會福利慈善事業基金會_財團法人台中縣私立高林社會福利慈善事業基金會,其他
c9e2c26f-a024-45d5-a738-44fff54bcd1d,財團法人台北富邦銀行公益慈善基金會_財團法人台北富邦銀行公益慈善基金會,其他
d7c1c5e5-c8d1-489b-bb25-34f429add697,財團法人台北市三寶社會福利基金會_財團法人台北市三寶社會福利基金會,其他
3a825d73-a9b4-45ed-ac0a-7693f4d8f725,財團法人台北市三德善會_財團法人台北市三德善會,其他
adc87c22-cf3c-45aa-850c-de0ec732e70a,財團法人台北市中國基督教靈糧世界佈道會士林靈糧堂-內湖老人日間照顧中心_財團法人台北市中國基督教靈糧世界佈道會士林靈糧堂-內湖老人日間照顧中心,其他
7638ccf5-f7ce-40fe-8088-8adcd2b7827d,財團法人台北市中國基督教靈糧世界佈道會士林靈糧堂承辦臺北市西湖老人日間照顧中心_財團法人台北市中國基督教靈糧世界佈道會士林靈糧堂承辦臺北市西湖老人日間照顧中心,其他
23a22ff9-0ee2-45fe-b5ad-15bf6c6b5bfe,財團法人台北市中國基督教靈糧世界佈道會士林靈糧堂辦理臺北市社區整合照顧服務(石頭湯)_財團法人台北市中國基督教靈糧世界佈道會士林靈糧堂辦理臺北市社區整合照顧服務(石頭湯),其他
5ef0071c-c569-485b-b8ae-04aadce2bbd8,財團法人台北市中廣愛心園社會福利事業基金會_財團法人台北市中廣愛心園社會福利事業基金會,其他
3dd195c1-7bc2-4dfb-b099-8df141fb87b1,財團法人台北市中華唇顎裂兒童基金會_財團法人台北市中華唇顎裂兒童基金會,其他
838119df-56af-4018-b6ae-6ce133d9ff0d,財團法人台北市中華基督教浸信會慈光堂_財團法人台北市中華基督教浸信會慈光堂,其他
d752dacd-c4df-4612-b482-53cc9b18987f,財團法人台北市仰德社會福利事業基金會_財團法人台北市仰德社會福利事業基金會,其他
0eb87aad-1c55-4462-9253-b8cb875b3c4c,財團法人台北市佛恩慈善基金會_財團法人台北市佛恩慈善基金會,其他
057ddf70-f46c-4251-9d38-bc511a1d3c8c,財團法人台北市偉慈善基金會_財團法人台北市偉慈善基金會,其他
0042518e-476a-454e-a9e0-f23971e35799,財團法人台北市光明聖德基金會_財團法人台北市光明聖德基金會,其他
d3de5d28-4464-4201-9280-8939f76dbd05,財團法人台北市光智社會事業基金會_財團法人台北市光智社會事業基金會,其他
0aae4e98-d3b9-4168-92e1-61c09af84195,財團法人台北市光泉關懷慈善基金會_財團法人台北市光泉關懷慈善基金會,其他
d154a22c-3f62-400d-9dcf-e6e4d9c75b15,財團法人台北市六桂慈善基金會_財團法人台北市六桂慈善基金會,其他
5cca1e18-3e42-42f4-b57b-3816d5fad3d3,財團法人台北市劉氏社會福利事業基金會_財團法人台北市劉氏社會福利事業基金會,其他
071c6b72-568d-42da-9603-ef0bb64e9b49,財團法人台北市博愛福利基金會_財團法人台北市博愛福利基金會,其他
c1dc3a74-2bc3-4c73-aea5-b7a3c3671ab4,財團法人台北市友緣社會福利事業基金會_財團法人台北市友緣社會福利事業基金會,其他
3f264ecc-bdf4-45c9-b426-77780b618dc7,財團法人台北市友訊科技慈善基金會_財團法人台北市友訊科技慈善基金會,其他
5e4d15ab-5603-4733-8ebb-83672a685125,財團法人台北市呂守義慈善社會福利紀念基金會_財團法人台北市呂守義慈善社會福利紀念基金會,其他
8393ecfc-568a-48cd-9c64-075c449b4c46,財團法人台北市周火秋社會福利慈善事業基金會_財團法人台北市周火秋社會福利慈善事業基金會,其他
ab7b9655-8107-4995-a63d-2f17ba3f7c77,財團法人台北市和桂社會福利慈善事業基金會_財團法人台北市和桂社會福利慈善事業基金會,其他
12218fd7-11b6-454b-bd0b-8bbae776025a,財團法人台北市基督徒救世會社會福利事業基金會_財團法人台北市基督徒救世會社會福利事業基金會,其他
0d3da5a5-1248-41cd-a51d-551023c78497,財團法人台北市基督教婦女福利事業基金會_財團法人台北市基督教婦女福利事業基金會,其他
9da29a05-3a0e-442c-9fe5-e9500e773400,財團法人台北市大愛慈善事業基金會_財團法人台北市大愛慈善事業基金會,其他
7ffe34c0-f733-421c-af48-594cc831b0c8,財團法人台北市婦女救援社會福利事業基金會_財團法人台北市婦女救援社會福利事業基金會,其他
c405ce19-13d5-4b22-b7fe-bc7094dd7790,財團法人台北市崇善基金會_財團法人台北市崇善基金會,其他
6df2ac76-5894-4332-957d-1c25b45a84b0,財團法人台北市廖銘昆慈善事業基金會_財團法人台北市廖銘昆慈善事業基金會,其他
2c33be65-775b-49fb-8af3-cc0858ae80bc,財團法人台北市建大社會福利基金會_財團法人台北市建大社會福利基金會,其他
6edce32d-db01-4a4b-b42f-50b6223bc27c,財團法人台北市張炎虎社會福利基金會_財團法人台北市張炎虎社會福利基金會,其他
c824097c-e113-49ef-9b0a-21fa64ad59dd,財團法人台北市德義社會福利慈善事業基金會_財團法人台北市德義社會福利慈善事業基金會,其他
1f9b2de3-bcef-4e12-a948-c3d377489e08,財團法人台北市志松社會福利事業基金會_財團法人台北市志松社會福利事業基金會,其他
fd5879f6-266a-4d18-9f02-fab1b0ad118f,財團法人台北市慈心慈善基金會-仁愛路_財團法人台北市慈心慈善基金會-仁愛路,其他
85ff9770-2a09-4f23-91e7-f1eb2a00166c,財團法人台北市慈心慈善基金會-忠孝東路_財團法人台北市慈心慈善基金會-忠孝東路,其他
4d6de041-4ba3-476e-b898-a7e8c9bb20b7,財團法人台北市慈恩園基金會_財團法人台北市慈恩園基金會,其他
d1644311-3d3c-4e8b-83de-afe6ca91b2ee,財團法人台北市慈愛社會福利事業基金會_財團法人台北市慈愛社會福利事業基金會,其他
7a52509d-e4ce-4295-8616-c0a3cd85ee8a,財團法人台北市敦安社會福利基金會_財團法人台北市敦安社會福利基金會,其他
6bf5722e-2712-45e6-b4f0-ba3d7abd6560,財團法人台北市新光吳氏基金會_財團法人台北市新光吳氏基金會,其他
94d525a7-d42a-443c-8202-a3a4d68f5870,財團法人台北市新光吳火獅先生救難急救基金會_財團法人台北市新光吳火獅先生救難急救基金會,其他
051baa78-1b70-44bc-9561-95c629ef72d3,財團法人台北市新生代社會福利事業基金會_財團法人台北市新生代社會福利事業基金會,其他
1bbd0f98-fe19-4f2e-adbe-07fb348027ac,財團法人台北市明光基金會_財團法人台北市明光基金會,其他
66ac0271-b93e-4421-b8f7-85b134978802,財團法人台北市星友社會福利事業基金會_財團法人台北市星友社會福利事業基金會,其他
bdc1e629-04e1-4a03-a24f-08aa86d4a5b5,財團法人台北市春三榮社會福利事業基金會_財團法人台北市春三榮社會福利事業基金會,其他
2156045d-3287-49f9-8663-08e6f308f1e1,財團法人台北市李春金關懷基金會_財團法人台北市李春金關懷基金會,其他
4630d49b-846f-4dd0-9fc1-0c56b0d0564e,財團法人台北市李連來公益基金會_財團法人台北市李連來公益基金會,其他
7a96b5c7-4292-42e8-ae10-1e934e61a2ba,財團法人台北市東海社會福利慈善事業基金會_財團法人台北市東海社會福利慈善事業基金會,其他
14ea99b6-3a24-4c5e-9c0c-068cab9658ee,財團法人台北市林公國長祠慈善基金會_財團法人台北市林公國長祠慈善基金會,其他
b0565f44-e9e6-48ef-a2a6-9ebb8eb775e1,財團法人台北市林振興先生慈善濟助事業基金會_財團法人台北市林振興先生慈善濟助事業基金會,其他
8219ea7b-e825-4e3a-a039-27de11454f5f,財團法人台北市樹仁社會福利事業基金會_財團法人台北市樹仁社會福利事業基金會,其他
0f04f794-91e6-49e9-9b14-30ba8aed26c9,財團法人台北市清靜社會福利事業基金會_財團法人台北市清靜社會福利事業基金會,其他
bd687a26-e109-4148-9357-c12f5d7de45a,財團法人台北市潘氏社會福利事業基金會_財團法人台北市潘氏社會福利事業基金會,其他
371becfa-9202-4096-82cb-d4e37f80f134,財團法人台北市王子君紀念基金會_財團法人台北市王子君紀念基金會,其他
cd0461e0-378b-4b26-af3e-a82e0dd73cdc,財團法人台北市王文佰紀念基金會_財團法人台北市王文佰紀念基金會,其他
a5f90eb6-a4b3-4161-9abc-0b412524e327,財團法人台北市王松琳慈善事業基金會_財團法人台北市王松琳慈善事業基金會,其他
c4a4cd91-9150-417f-b6e7-2a84bdaa13ec,財團法人台北市現代婦女基金會_財團法人台北市現代婦女基金會,其他
3a8ccf3c-673d-4202-af04-62de4732e25d,財團法人台北市申倫社會福利基金會_財團法人台北市申倫社會福利基金會,其他
39fa1a31-e6ec-4265-b2de-f563b4ad8377,財團法人台北市白陳惜慈善基金會_財團法人台北市白陳惜慈善基金會,其他
77aa4080-24a0-4bec-b9a3-a1421221f13c,財團法人台北市真如苑社會福利事業基金會_財團法人台北市真如苑社會福利事業基金會,其他
9d39e49b-da33-4799-b593-c9ca09daa92c,財團法人台北市禾伸堂社會福利慈善事業基金會_財團法人台北市禾伸堂社會福利慈善事業基金會,其他
5578b5bc-3079-4648-a5df-67c3ecdd50ed,財團法人台北市私立三三慈善事業基金會_財團法人台北市私立三三慈善事業基金會,其他
c243178a-2d4b-4dbf-afbb-9370b70ed98d,財團法人台北市私立世豐慈善公益基金會_財團法人台北市私立世豐慈善公益基金會,其他
82f742b4-421e-418a-be71-d3dd5ea63ba7,財團法人台北市私立仁愛社會福利事業基金會_財團法人台北市私立仁愛社會福利事業基金會,其他
135fe411-c915-4f76-b2bf-865082c12298,財團法人台北市私立佛教菩提慈善基金會_財團法人台北市私立佛教菩提慈善基金會,其他
fd13d9f4-2bd3-40e5-a6e7-1e90a1a752f3,財團法人台北市私立全人愛心基金會_財團法人台北市私立全人愛心基金會,其他
c26aef84-87c1-46f9-871a-09cb80c58119,財團法人台北市私立宗南聯合佛教社會福利慈善事業基金會_財團法人台北市私立宗南聯合佛教社會福利慈善事業基金會,其他
6a39a63e-e37f-44cb-be69-9f53f63c1aed,財團法人台北市私立廣益社會福利慈善基金會_財團法人台北市私立廣益社會福利慈善基金會,其他
d2e6ca26-819a-43a9-a340-f3f37ef21ce0,財團法人台北市私立彌堅基金會_財團法人台北市私立彌堅基金會,其他
afa3b490-3631-476f-8d25-5caea08120b8,財團法人台北市私立得榮社會福利基金會_財團法人台北市私立得榮社會福利基金會,其他
6e3b3c82-8acd-4c1e-91ef-4118fcab99b6,財團法人台北市私立慈觀社會福利事業基金會_財團法人台北市私立慈觀社會福利事業基金會,其他
3816714e-97df-46a3-908b-30b72d8c40f8,財團法人台北市私立李雪吟社會服務事業基金會_財團法人台北市私立李雪吟社會服務事業基金會,其他
0fd91886-7c8b-4e20-86e9-0bced238059e,財團法人台北市私立東森社會福利慈善基金會_財團法人台北市私立東森社會福利慈善基金會,其他
9420f03b-3366-4fda-b980-88046b19480c,財團法人台北市私立潘品如老人福利基金會_財團法人台北市私立潘品如老人福利基金會,其他
04fc5419-eda9-4630-ab4e-39767c9b9fb2,財團法人台北市私立王楊蓮英社會福利慈善事業基金會_財團法人台北市私立王楊蓮英社會福利慈善事業基金會,其他
f551f458-b9aa-4912-a3ec-fb8c55dc6cd5,財團法人台北市私立碧梧婦孺福利基金會_財團法人台北市私立碧梧婦孺福利基金會,其他
0924de1e-3221-4f09-8c32-5323b627b792,財團法人台北市私立蔡山先生慈善事業基金會_財團法人台北市私立蔡山先生慈善事業基金會,其他
e418929f-1106-4f6b-9300-67fe09d317fd,財團法人台北市私立許王秀英社會福利慈善事業基金會_財團法人台北市私立許王秀英社會福利慈善事業基金會,其他
444db2ff-854b-48f5-8776-5e1f0b7f630f,財團法人台北市私立長德老人基金會_財團法人台北市私立長德老人基金會,其他
85fdf93a-0bd4-4a78-a651-e34de63519dd,財團法人台北市私立長春老人福利基金會_財團法人台北市私立長春老人福利基金會,其他
26d89851-2504-4286-86bf-5095c6e6edab,財團法人台北市私立長生學社會福利事業基金會_財團法人台北市私立長生學社會福利事業基金會,其他
175f17f9-0bfd-42bc-b34c-66e84ca2ea3b,財團法人台北市私立雙連視障關懷基金會_財團法人台北市私立雙連視障關懷基金會,其他
1d8b421f-a357-441c-bb96-1d03a96b4142,財團法人台北市私立非凡關懷社會福利慈善基金會_財團法人台北市私立非凡關懷社會福利慈善基金會,其他
d887696c-462f-413e-8cb2-870c46b7b06f,財團法人台北市私立黃尊秋社會福利慈善基金會_財團法人台北市私立黃尊秋社會福利慈善基金會,其他
2e0a9607-959c-4989-b242-6070f06ad783,財團法人台北市紀恒紀念基金會_財團法人台北市紀恒紀念基金會,其他
06a0182a-493e-4950-9fcc-47211f47af4c,財團法人台北市素香慈善事業基金會_財團法人台北市素香慈善事業基金會,其他
dfcfaf78-025a-49b2-adb8-e5f31ed4c7f1,財團法人台北市義芳慈善事業基金會_財團法人台北市義芳慈善事業基金會,其他
c7891af2-d213-420d-b9a0-a60227c4b64f,財團法人台北市老人基金會_財團法人台北市老人基金會,其他
ed18bc1c-ddbc-47ca-8faf-cab33c9c193b,財團法人台北市聖明世界和平運動基金會_財團法人台北市聖明世界和平運動基金會,其他
9393b42e-7d90-4e9a-ad0e-c42b3503cc6c,財團法人台北市聖道基金會_財團法人台北市聖道基金會,其他
c88aa65b-c1c3-4c71-af47-70fa20798438,財團法人台北市育達社會福利事業基金會_財團法人台北市育達社會福利事業基金會,其他
8ecc3502-6e32-4cb0-bfdd-75bb5804d4b4,財團法人台北市華僑商業銀行股份有限公司慈善事業基金會_財團法人台北市華僑商業銀行股份有限公司慈善事業基金會,其他
b16f257d-9974-4c01-8a67-6d35465ef41a,財團法人台北市葉山母社會福利慈善事業基金會_財團法人台北市葉山母社會福利慈善事業基金會,其他
6188422b-6681-4623-924a-69f674bb1c0f,財團法人台北市葉王蟬慈善事業基金會_財團法人台北市葉王蟬慈善事業基金會,其他
b74fb9da-f359-493f-88d4-d76ae9e69621,財團法人台北市蔡紹華慈善濟助事業基金會_財團法人台北市蔡紹華慈善濟助事業基金會,其他
3d92d03c-d35d-424f-ac09-5d30fb4370a9,財團法人台北市蔡雪泥公益慈善基金會_財團法人台北市蔡雪泥公益慈善基金會,其他
9c52be56-df2f-44cf-980e-4e96e3e8939c,財團法人台北市覺心兒童福利基金會_財團法人台北市覺心兒童福利基金會,其他
e7b0bdf0-316f-4734-b8ca-96b17131f74c,財團法人台北市觀音救濟基金會_財團法人台北市觀音救濟基金會,其他
ef018d08-8759-4f8b-904b-1f3e7b79940a,財團法人台北市許憲樑社會福利基金會_財團法人台北市許憲樑社會福利基金會,其他
2e435349-e347-448a-9f68-b8fa61b636f6,財團法人台北市賽珍珠基金會_財團法人台北市賽珍珠基金會,其他
c07b7e8e-7fa1-4cc7-8dc7-f00fb38464ac,財團法人台北市關天師天心慈善基金會_財團法人台北市關天師天心慈善基金會,其他
dd1785f1-78e3-41c0-832c-e84768f3168e,財團法人台北市陳君鎮慈善基金會_財團法人台北市陳君鎮慈善基金會,其他
c962f4b4-3945-4b23-8c3f-cd0ee1243867,財團法人台北市青峰社會福利基金會_財團法人台北市青峰社會福利基金會,其他
dbdb3c98-f661-497c-abab-d4bace886a65,財團法人台北市韓母謝太夫人慈幼基金會_財團法人台北市韓母謝太夫人慈幼基金會,其他
6964b84e-0a35-4362-8e22-9d6ffc6ff132,財團法人台北市馮蘭森社會福利事業基金會_財團法人台北市馮蘭森社會福利事業基金會,其他
697189b8-a4e8-440b-b9c4-798cd86d37f1,財團法人台北縣新希望社會福利慈善事業基金會_財團法人台北縣新希望社會福利慈善事業基金會,其他
2aa68382-c00d-4086-8702-65e2e7ce8a22,財團法人台北縣樹林健民協會_財團法人台北縣樹林健民協會,其他
bd0e111d-114e-46b6-ae53-1f13bd9a5433,財團法人台北縣私立介石社會福利慈善事業基金會_財團法人台北縣私立介石社會福利慈善事業基金會,其他
4a4c7ff0-2bd3-494c-92eb-532af506d435,財團法人台北縣私立周坤榮校長社會福利慈善事業基金會_財團法人台北縣私立周坤榮校長社會福利慈善事業基金會,其他
189dfa24-5a6d-4eec-8f17-fbee758fc049,財團法人台北縣私立國寶社會福利慈善事業基金會_財團法人台北縣私立國寶社會福利慈善事業基金會,其他
445e12c6-2dfc-422a-9e4d-b358a513739a,財團法人台北縣私立天道總會社會福利慈善事業基金會_財團法人台北縣私立天道總會社會福利慈善事業基金會,其他
fd3bc26d-05ad-4043-b4c7-df39c4d809f3,財團法人台北縣私立太璞宮社會福利慈善事業基金會_財團法人台北縣私立太璞宮社會福利慈善事業基金會,其他
41871504-28ac-43a2-ba6e-233ad0387b42,財團法人台北縣私立宇宙靈源社會福利慈善事業基金會_財團法人台北縣私立宇宙靈源社會福利慈善事業基金會,其他
7eb2bdca-4ec4-470a-8a15-a2e5dce8b9d5,財團法人台北縣私立宏愛社會福利慈善事業基金會_財團法人台北縣私立宏愛社會福利慈善事業基金會,其他
1568eb65-aa9d-4db9-95a6-d55e828563bf,財團法人台北縣私立廣慈博愛基金會_財團法人台北縣私立廣慈博愛基金會,其他
6c295553-5ef8-47dc-911e-4730ad41f107,財團法人台北縣私立張方大慈善基金會_財團法人台北縣私立張方大慈善基金會,其他
8d7ade23-d6f1-4ac5-84a5-d42672d63bc9,財團法人台北縣私立心慈社會福利慈善事業基金會_財團法人台北縣私立心慈社會福利慈善事業基金會,其他
8f187ac3-1110-43f5-80c1-55da68ffc3d7,財團法人台北縣私立慈音社會福利慈善事業基金會_財團法人台北縣私立慈音社會福利慈善事業基金會,其他
1b641bd2-b49c-4f4b-b19b-2b36bf318a99,財團法人台北縣私立新莊武聖慈善基金會_財團法人台北縣私立新莊武聖慈善基金會,其他
378d9e36-ee42-44c3-b8e3-3ed36e46dfaa,財團法人台北縣私立明倫社會福利慈善事業基金會_財團法人台北縣私立明倫社會福利慈善事業基金會,其他
c6996aab-d98a-45f0-b6a9-61931e916319,財團法人台北縣私立明聖愛心慈善事業基金會_財團法人台北縣私立明聖愛心慈善事業基金會,其他
079cac56-e503-4300-9417-4bc177d81b3f,財團法人台北縣私立映登社會福利慈善事業基金會_財團法人台北縣私立映登社會福利慈善事業基金會,其他
ed3150a9-4941-4949-9c02-091f53d99cdc,財團法人台北縣私立林阿仁社會福利慈善事業基金會_財團法人台北縣私立林阿仁社會福利慈善事業基金會,其他
daa2f180-d4cd-40d8-8fa0-80597e25e542,財團法人台北縣私立武秀蘭社會福利慈善事業基金會_財團法人台北縣私立武秀蘭社會福利慈善事業基金會,其他
9a00365b-19c6-4ee4-8728-9fd39e68d168,財團法人台北縣私立淡信社會福利慈善事業基金會_財團法人台北縣私立淡信社會福利慈善事業基金會,其他
6bfe1471-4e44-4df6-8a37-336bf38958af,財團法人台北縣私立瀚邦社會福利慈善事業基金會_財團法人台北縣私立瀚邦社會福利慈善事業基金會,其他
f8bf80e2-ce91-4340-937e-e54e7f5ead08,財團法人台北縣私立福德慈善基金會_財團法人台北縣私立福德慈善基金會,其他
431f4077-f590-495d-8a7c-32a2eff2d8c8,財團法人台北縣私立紅新月社會福利慈善事業基金會_財團法人台北縣私立紅新月社會福利慈善事業基金會,其他
8cf68e7e-668f-4f5b-9557-86c3d6594ba2,財團法人台北縣私立聖保祿修女會社會福利慈善事業基金會_財團法人台北縣私立聖保祿修女會社會福利慈善事業基金會,其他
2b3a03a4-5247-4002-ae12-c206195a1a87,財團法人台北縣私立萬愛社會福利慈善事業基金會_財團法人台北縣私立萬愛社會福利慈善事業基金會,其他
852ea6fb-9499-47f4-a501-abe776b21bac,財團法人台北縣私立葉經望社會福利慈善事業基金會_財團法人台北縣私立葉經望社會福利慈善事業基金會,其他
a5e8b5a1-3e35-42f8-8dca-5bcfe1f7b445,財團法人台北縣私立輝容社會福利慈善事業基金會_財團法人台北縣私立輝容社會福利慈善事業基金會,其他
797d9301-734d-4ca2-b2b5-1203f750c98a,財團法人台北縣私立邱和成慈善基金會_財團法人台北縣私立邱和成慈善基金會,其他
ecdacfe0-f6d5-4da5-a88a-53fd8638c5e1,財團法人台北縣私立雙連社會福利慈善事業基金會_財團法人台北縣私立雙連社會福利慈善事業基金會,其他
dcc084f6-2304-4f1f-a9eb-d2a8a95e5d10,財團法人台北縣私立靈鷲山社會福利慈善事業基金會_財團法人台北縣私立靈鷲山社會福利慈善事業基金會,其他
74a53e9e-100b-4980-a065-35f300d8e62d,財團法人台北縣私立麥春福博愛基金會_財團法人台北縣私立麥春福博愛基金會,其他
d5923d2c-55bf-414a-a25e-c4a84df33cd3,財團法人台北青商基金會_財團法人台北青商基金會,其他
61fb81bc-31fe-46fc-b5d8-127bb25665ee,財團法人台南市南中扶社會福利慈善事業基金會_財團法人台南市南中扶社會福利慈善事業基金會,其他
3902f5ec-a4da-4d81-a22e-7849721ce280,財團法人台南市沈黃紫袖社會福利慈善事業基金會_財團法人台南市沈黃紫袖社會福利慈善事業基金會,其他
bc1b8eca-7d6c-439e-96d7-59d47d10af95,財團法人台南市私立世寰社會福利慈善事業基金會_財團法人台南市私立世寰社會福利慈善事業基金會,其他
9cdf0404-0243-4886-bf38-cd31d5b8acaa,財團法人台南市私立中山社會福利慈善事業基金會_財團法人台南市私立中山社會福利慈善事業基金會,其他
2d567fd7-8c2c-4e1b-aa08-84c9905af132,財團法人台南市私立億群社會福利慈善事業基金會_財團法人台南市私立億群社會福利慈善事業基金會,其他
2b4b4956-2ee6-40ef-a0a8-ee75bcc50bfb,財團法人台南市私立博愛社會福利慈善基金會_財團法人台南市私立博愛社會福利慈善基金會,其他
ac3a88ea-7bda-4c24-a655-56d97ecb0335,財團法人台南市私立吳珍長老社會福利慈善事業基金會_財團法人台南市私立吳珍長老社會福利慈善事業基金會,其他
f041c1b3-1dfd-4523-a29f-3ca084804266,財團法人台南市私立國清社會福利慈善事業基金會_財團法人台南市私立國清社會福利慈善事業基金會,其他
d64101d1-468e-4ad9-b7c7-cd07a39edbb7,財團法人台南市私立基督教青年會社會福利慈善事業基金會_財團法人台南市私立基督教青年會社會福利慈善事業基金會,其他
ea1b24ac-d032-4be4-9b22-7c8d70667c42,財團法人台南市私立明輝社會福利慈善事業基金會_財團法人台南市私立明輝社會福利慈善事業基金會,其他
ef9cff77-cf7d-4b10-8798-d81fad5e0860,財團法人台南市私立普恩社會福利慈善事業基金會_財團法人台南市私立普恩社會福利慈善事業基金會,其他
d30629ab-5144-4634-992d-aedae21591a9,財團法人台南市私立朝興社會福利慈善事業基金會_財團法人台南市私立朝興社會福利慈善事業基金會,其他
adffa540-7b75-4164-93dc-a62fdf71621c,財團法人台南市私立林仲衡榮民社會福利慈善事業基金會_財團法人台南市私立林仲衡榮民社會福利慈善事業基金會,其他
17c5eb9c-dfb9-486d-9494-d22390654831,財團法人台南市私立榕華社會福利慈善事業基金會_財團法人台南市私立榕華社會福利慈善事業基金會,其他
33e1555e-98f6-459f-aec9-a0649213509e,財團法人台南市私立母佑會社會福利慈善基金會_財團法人台南市私立母佑會社會福利慈善基金會,其他
a651e28a-a48e-405b-bc5b-b81398f2ac3e,財團法人台南市私立王趁社會福利慈善事業基金會_財團法人台南市私立王趁社會福利慈善事業基金會,其他
01420085-b974-42c7-8fa7-daa1657d356e,財團法人台南市私立福壽社會福利慈善基金會_財團法人台南市私立福壽社會福利慈善基金會,其他
fbd37c8a-ae30-4e4f-aa54-03edb3bb0887,財團法人台南市私立秀峰公記慈善會_財團法人台南市私立秀峰公記慈善會,其他
ecfebf3f-d73c-47a3-9094-8c59e532f941,財團法人台南市私立秋海棠社會福利慈善事業基金會_財團法人台南市私立秋海棠社會福利慈善事業基金會,其他
8baf6294-e8c5-429f-9552-634b559ca6e9,財團法人台南市私立紀念沈有德、方懷正社會福利慈善事業基金會_財團法人台南市私立紀念沈有德、方懷正社會福利慈善事業基金會,其他
43a5d268-7e34-4658-8c04-9c003b522b8a,財團法人台南市私立耕心社會福利慈善事業基金會_財團法人台南市私立耕心社會福利慈善事業基金會,其他
cc804d9c-4854-4340-b945-918ad495bfd1,財團法人台南市私立荷園慈善事業基金會_財團法人台南市私立荷園慈善事業基金會,其他
4fb97bb0-31b9-44fd-aeb5-7cc9d5b3c82b,財團法人台南市私立荷園社會福利慈善事業基金會_財團法人台南市私立荷園社會福利慈善事業基金會,其他
a9a20481-ccf3-4c62-8700-2de974b4be22,財團法人台南市私立萬安社會福利慈善基金會_財團法人台南市私立萬安社會福利慈善基金會,其他
9eccd246-cea9-4b22-b86d-1428934c5e05,財團法人台南市私立行原慈善基金會_財團法人台南市私立行原慈善基金會,其他
d2fd1f57-c94b-4485-97ff-5d248b5d1981,財團法人台南市私立道濟社會福利慈善事業基金會_財團法人台南市私立道濟社會福利慈善事業基金會,其他
56a7cfc8-0a21-4d0c-b613-ca6f7c65332d,財團法人台南市私立鄭高輝社會福利慈善事業基金會_財團法人台南市私立鄭高輝社會福利慈善事業基金會,其他
3513375e-2366-45c8-9c28-9fdf5110b5f9,財團法人台南市聖功社會福利慈善事業基金會_財團法人台南市聖功社會福利慈善事業基金會,其他
e454fecb-d83f-470a-a867-b53b41eb723f,財團法人台南市蓮心園社會福利慈善事業基金會_財團法人台南市蓮心園社會福利慈善事業基金會,其他
56aca4b0-31ad-48bd-8b74-a4c7063ed4cb,財團法人台南縣私立佛教觀音村社會福利慈善事業基金會_財團法人台南縣私立佛教觀音村社會福利慈善事業基金會,其他
fc026047-2730-4fd0-846e-f80bafa07ed2,財團法人台南縣私立千日好社會福利慈善事業基金會_財團法人台南縣私立千日好社會福利慈善事業基金會,其他
0f6d25da-67cb-438e-8bf6-1e3d9ad988a8,財團法人台南縣私立南瀛社會福利慈善事業基金會_財團法人台南縣私立南瀛社會福利慈善事業基金會,其他
a1f401b4-f08e-4efa-81d8-4f59702f29c6,財團法人台南縣私立吳俊傑慈善公益基金會_財團法人台南縣私立吳俊傑慈善公益基金會,其他
9073aabd-ad4f-4fc2-aa87-d654d353978c,財團法人台南縣私立周茂寅社會福利慈善事業基金會_財團法人台南縣私立周茂寅社會福利慈善事業基金會,其他
02a0ec6d-d380-4752-914b-67fe12de9a02,財團法人台南縣私立慶美社會福利慈善事業基金會_財團法人台南縣私立慶美社會福利慈善事業基金會,其他
7b5927db-e6b8-47a6-b15d-8d891eb4b263,財團法人台南縣私立李黃玉蘭社會福利慈善事業基金會_財團法人台南縣私立李黃玉蘭社會福利慈善事業基金會,其他
ecabaa19-c0f7-4a41-8f6d-5444ac2b8e85,財團法人台南縣私立穩心社會福利慈善事業基金會_財團法人台南縣私立穩心社會福利慈善事業基金會,其他
b4ab8c1e-4702-4c6d-b1bb-060919c5dbba,財團法人台南縣私立聖心功德會社會福利慈善事業基金會_財團法人台南縣私立聖心功德會社會福利慈善事業基金會,其他
c3f70633-8111-4538-8544-a850814bf81b,財團法人台南縣私立蓮心園社會福利慈善事業基金會_財團法人台南縣私立蓮心園社會福利慈善事業基金會,其他
374dd0fa-bb41-449d-852f-6a8b99e39bc1,財團法人台南縣私立邱瑞山社會福利慈善事業基金會_財團法人台南縣私立邱瑞山社會福利慈善事業基金會,其他
1f909149-425b-4d67-a952-17b8e12e6027,財團法人台南縣私立陳江山慈善公益基金會_財團法人台南縣私立陳江山慈善公益基金會,其他
4e49694d-e05d-49c8-843f-400e8f449e26,財團法人台新銀行公益慈善基金會_財團法人台新銀行公益慈善基金會,其他
991a5071-dd03-459c-9790-269e4259d21d,財團法人台東縣私立博愛基金會_財團法人台東縣私立博愛基金會,其他
aa18b109-4cbb-45e7-a608-645d65f9ebd1,財團法人台東縣私立林坤池基金會_財團法人台東縣私立林坤池基金會,其他
17080709-5a8b-430a-b17f-656a0cb9144c,財團法人台東縣私立海山弘願慈善基金會_財團法人台東縣私立海山弘願慈善基金會,其他
24c93ddd-06af-48d2-b623-0750cf0f3e02,財團法人台東縣私立華福社會服務基金會_財團法人台東縣私立華福社會服務基金會,其他
bdfd4700-0eb5-4212-bca5-bf13968b74a4,財團法人台灣世界展望會_財團法人台灣世界展望會,其他
4cb45614-de75-4427-9018-ea3fe9ee4bfd,財團法人台灣兒童暨家庭扶助基金會_財團法人台灣兒童暨家庭扶助基金會,其他
a0c7572f-da89-4ee0-a142-e73651c5953b,財團法人台灣兒童暨家庭扶助基金會嘉義分事務所_財團法人台灣兒童暨家庭扶助基金會嘉義分事務所,其他
506fa92d-3cc3-47c9-8dc4-17701cfef319,財團法人台灣基督教恩惠福音會湖光基督教會_財團法人台灣基督教恩惠福音會湖光基督教會,其他
348e4085-dd5f-4759-a530-1a5538efaf80,財團法人台灣基督長老教會中布中會_財團法人台灣基督長老教會中布中會,其他
6101fbed-98bd-4063-a39f-e93081d25f0c,財團法人台灣基督長老教會泰雅爾中會信賢教會_財團法人台灣基督長老教會泰雅爾中會信賢教會,其他
cc21181f-b4fb-4aa9-acbe-2fb69485fb55,財團法人台灣時報社會服務基金會_財團法人台灣時報社會服務基金會,其他
30700c9b-887d-4f04-8a0c-ba0fda622d18,財團法人台灣林登山社會福利基金會_財團法人台灣林登山社會福利基金會,其他
adbffa05-effd-4244-98d6-a47af589ec2f,財團法人台灣省台南市天主教仁愛修女會_財團法人台灣省台南市天主教仁愛修女會,其他
507b8f53-bb72-41d5-986b-b48600d50c95,財團法人台灣省私立台北仁濟院附設仁濟療養院新莊分院社區復健中心_財團法人台灣省私立台北仁濟院附設仁濟療養院新莊分院社區復健中心,其他
86abefc5-1e26-47fa-832f-ce546f2bc114,財團法人台灣省私立基益社會福利慈善事業基金會_財團法人台灣省私立基益社會福利慈善事業基金會,其他
a70c8153-b03b-49a6-a2ac-1e93b115bd43,財團法人台灣省私立板信社會福利慈善事業基金會_財團法人台灣省私立板信社會福利慈善事業基金會,其他
bd9c9fa1-e24d-488a-a897-ada81fdfd0f5,財團法人台灣省私立金石醫療慈善基金會_財團法人台灣省私立金石醫療慈善基金會,其他
9748e1bf-a341-4506-a9ab-f0b621d497e7,財團法人台灣省私立高雄仁愛之家附設康復之家_財團法人台灣省私立高雄仁愛之家附設康復之家,其他
3f97516b-f5a0-4552-b9a3-5d980094d535,財團法人台灣省私立高雄仁愛之家附設社區復健中心_財團法人台灣省私立高雄仁愛之家附設社區復健中心,其他
8fb36574-f631-4b87-a4c3-015155e7aca9,財團法人台灣老人福利事業基金會_財團法人台灣老人福利事業基金會,其他
c7941e1d-455d-4051-914d-2c48517a96c4,財團法人合聯公益基金會_財團法人合聯公益基金會,其他
0d458703-1263-45b7-9d7f-469d9e63a812,財團法人吉祥臻社會福利事業基金會_財團法人吉祥臻社會福利事業基金會,其他
1b5d1cb9-1013-4938-8419-5d703e17e5dd,財團法人同仁院萬華醫院_財團法人同仁院萬華醫院,其他
e6d7d7a0-075b-45f6-8a0b-66482096a695,財團法人善慧恩社會慈善基金會_財團法人善慧恩社會慈善基金會,其他
8abb2850-2577-4c0f-bdb8-8db945d4228c,財團法人嘉宜社會福利基金會_財團法人嘉宜社會福利基金會,其他
3f7d2d8c-5ff2-4e2d-a7ce-075e6fc556e4,財團法人嘉義健康促進暨照顧協會_協會,其他
e81423dc-7de2-4205-803d-7115423fb48b,財團法人嘉義市慈玄宮社會福利慈善事業基金會_財團法人嘉義市慈玄宮社會福利慈善事業基金會,其他
e524e1e1-793b-418c-a7b0-a84d202f0bb3,財團法人嘉義市私立博愛社會福利慈善事業基金會_財團法人嘉義市私立博愛社會福利慈善事業基金會,其他
63a6fdef-a1ca-409e-9260-f26a8b295085,財團法人嘉義市私立基督教社會福利慈善事業基金會_財團法人嘉義市私立基督教社會福利慈善事業基金會,其他
9542bfe0-08e7-4c53-a769-482c7431800e,財團法人嘉義市私立豐年社會福利慈善事業基金會_財團法人嘉義市私立豐年社會福利慈善事業基金會,其他
6b54a0cc-4627-4e82-99ea-39f7b84b8b65,財團法人嘉義市私立陳李月女慈善事業基金會_財團法人嘉義市私立陳李月女慈善事業基金會,其他
f403c9e7-ac88-4339-a628-2b3e4730d19b,財團法人嘉義縣私立卍字社會福利慈善基金會_財團法人嘉義縣私立卍字社會福利慈善基金會,其他
b7cc46c1-2755-4509-bc48-97a7325cc973,財團法人嘉義縣私立子良社會福利慈善事業基金會_財團法人嘉義縣私立子良社會福利慈善事業基金會,其他
e013c62c-72c8-449b-83c4-cf1aaeb61c1d,財團法人嘉義縣私立游寅丑游吳變社會福利慈善事業基金會_財團法人嘉義縣私立游寅丑游吳變社會福利慈善事業基金會,其他
f5f2e3aa-0f58-4635-9dbe-7ba14c0499c4,財團法人嘉義縣私立福靈宮社會福利慈善基金會_財團法人嘉義縣私立福靈宮社會福利慈善基金會,其他
80f76280-d6c2-4387-b558-84fa5d1d3b15,財團法人國光慈善事業基金會_財團法人國光慈善事業基金會,其他
90773aa8-3875-4ca2-a8cd-3355a9ecd849,財團法人國泰人壽慈善基金會_財團法人國泰人壽慈善基金會,其他
50788d64-d197-4c33-8d7d-36590ced96d2,財團法人國票社會福利慈善基金會_財團法人國票社會福利慈善基金會,其他
b2b6464c-8e0e-4dc6-a173-261d873358b6,財團法人國美社會福利基金會_財團法人國美社會福利基金會,其他
dc94b3cd-1da3-406b-afba-0bfed1d9bdc6,財團法人培珍社會福利慈善事業基金會_財團法人培珍社會福利慈善事業基金會,其他
89afcf93-ae99-4860-b996-4ad408c5ab17,財團法人基督教惠明盲人福利會_財團法人基督教惠明盲人福利會,其他
44031ba1-6a62-4a03-9932-6f6aa7d1d687,財團法人基督教愛網全人關懷社會福利慈善事業基金會_財團法人基督教愛網全人關懷社會福利慈善事業基金會,其他
e6b4ed30-a08e-4dab-ba15-9cf6b7bfc737,財團法人基督教福澤慈善事業基金會_財團法人基督教福澤慈善事業基金會,其他
7099ee5f-3a96-4e83-92a3-27293ceca015,財團法人基督教蘭恩文教基金會_財團法人基督教蘭恩文教基金會,其他
39f767bd-ea80-4e4e-902b-3c45619b0161,財團法人基督教都市人工作群社會福利事業基金會_財團法人基督教都市人工作群社會福利事業基金會,其他
4587cb78-5864-4c2f-9f81-af6851a0f395,財團法人基隆市私立三功謝杜院連社會福利慈善事業基金會_財團法人基隆市私立三功謝杜院連社會福利慈善事業基金會,其他
e4ad8f36-69a1-486b-8c90-b868aeeb577b,財團法人基隆市私立李萬生慈善基金會_財團法人基隆市私立李萬生慈善基金會,其他
7f405e58-ed9d-4fbb-8904-04d181bf331d,財團法人基隆市私立松柏社會福利慈善事業基金會_財團法人基隆市私立松柏社會福利慈善事業基金會,其他
854672ab-abf7-4ebf-b31b-8c966b55d5df,財團法人基隆市私立胡氏漁民遺屬慈善服務基金會_財團法人基隆市私立胡氏漁民遺屬慈善服務基金會,其他
e3dfaac1-f70a-4835-9727-a19c3d64b79f,財團法人大甲媽社會福利基金會_財團法人大甲媽社會福利基金會,其他
98d37da7-315f-4a48-b7b9-29b5c99381cc,財團法人天主教光仁社會福利基金會_財團法人天主教光仁社會福利基金會,其他
fdec1286-39b7-4e7a-bf42-ee1ecefd6ef2,財團法人天主教善牧社會福利基金會_財團法人天主教善牧社會福利基金會,其他
415db2ba-a3ce-44b7-87fc-e0b13c4a08e7,財團法人天主教德來會附設德來日間照顧中心_財團法人天主教德來會附設德來日間照顧中心,其他
f61f6918-0c54-43ac-8186-f86d3645c999,財團法人天主教白永恩神父社會福利基金會_財團法人天主教白永恩神父社會福利基金會,其他
97995e92-73a2-4953-89e0-e1eec6e34f56,財團法人天主教福利會_財團法人天主教福利會,其他
917701fc-eb24-4281-af5e-ea82bc0794e2,財團法人天主教耕莘醫院日間照護中心_財團法人天主教耕莘醫院日間照護中心,其他
cf442fbd-37a2-4c74-b399-129a6dd097ba,財團法人天主教聖功醫院_財團法人天主教聖功醫院,其他
32f6d355-6fa4-4b5a-b2f1-399f5c53701a,財團法人天主教華光社會福利基金會_財團法人天主教華光社會福利基金會,其他
72132d01-b8a7-473d-b7d2-66a72f2f8555,財團法人天主教靈醫會惠民醫院_財團法人天主教靈醫會惠民醫院,其他
99bc70f8-6ce6-4277-8cc0-42cc015ab178,財團法人天主教靈醫會羅東聖母醫院_財團法人天主教靈醫會羅東聖母醫院,其他
85c17be7-f370-4391-ab51-9437a9300762,財團法人天使社會福利慈善事業基金會_財團法人天使社會福利慈善事業基金會,其他
9dfb4aa4-4594-43d9-8748-9ab1c865088c,財團法人天律文教公益基金會_財團法人天律文教公益基金會,其他
7a9294b3-a7ec-4f18-b4ae-d69219e02606,財團法人天才社會福利慈善事業基金會_財團法人天才社會福利慈善事業基金會,其他
4a115c65-7749-45f1-a8fa-17a9e6fee491,財團法人天華社會福利慈善事業基金會_財團法人天華社會福利慈善事業基金會,其他
00323690-837a-4f4d-b208-88423d605f08,財團法人太平洋崇光社會福利基金會_財團法人太平洋崇光社會福利基金會,其他
9030d9ec-748d-4c66-8866-49417a2807ec,財團法人奇美醫院_財團法人奇美醫院,其他
7b90f5f7-e716-41c2-9e85-0a2bc723489f,財團法人奇美醫院柳營分院_財團法人奇美醫院柳營分院,其他
c77b2ac3-29f1-4b71-9bb5-0aab09a4d05a,財團法人威盛信望愛慈善基金會_財團法人威盛信望愛慈善基金會,其他
b6994bdb-d3b5-4bc9-8cf8-dac600ed5600,財團法人婦女新知基金會_財團法人婦女新知基金會,其他
d7fb975f-e1cf-44e2-9761-777aded15164,財團法人婦女權益促進發展基金會_財團法人婦女權益促進發展基金會,其他
f86aca65-24d0-4a46-bf47-fec5ab22c9ea,財團法人存仁院慈善事業基金會_財團法人存仁院慈善事業基金會,其他
f3815344-2633-42ec-96a9-7054e25fcec7,財團法人安國慈善事業基金會_財團法人安國慈善事業基金會,其他
872153fc-8601-4348-a942-d015b88f2407,財團法人宏寶社會福利慈善事業基金會_財團法人宏寶社會福利慈善事業基金會,其他
accb7c0f-e6ab-4fbf-a5e9-d3fe2b4e5626,財團法人宏達社會福利慈善事業基金會_財團法人宏達社會福利慈善事業基金會,其他
524922f1-166d-48cd-9438-dc864d28846b,財團法人宜蘭縣社會褔利聯合勸募基金會_財團法人宜蘭縣社會褔利聯合勸募基金會,其他
55ab7c28-c3ce-4618-b56f-d0eda3edcafe,財團法人宜蘭縣私立五結美德會福利慈善事業基金會_財團法人宜蘭縣私立五結美德會福利慈善事業基金會,其他
1197fe11-20e5-422f-a942-e7f0e927f297,財團法人宜蘭縣私立佛教幸夫社會福利慈善事業基金會_財團法人宜蘭縣私立佛教幸夫社會福利慈善事業基金會,其他
34cf3e34-2c61-40e1-a5ab-21a939d720d4,財團法人宜蘭縣私立佛教普賢社會褔利慈善事業基金會_財團法人宜蘭縣私立佛教普賢社會褔利慈善事業基金會,其他
3c34875a-2a61-4e9d-8b0c-40a55c9cbba3,財團法人宜蘭縣私立感恩社會福利慈善事業基金會_財團法人宜蘭縣私立感恩社會福利慈善事業基金會,其他
151f8e40-186b-41c4-9ca4-8ed7dfff9013,財團法人宜蘭縣私立松柏社會福利慈善事業基金會_財團法人宜蘭縣私立松柏社會福利慈善事業基金會,其他
4d5e3a8c-39dc-42e4-9627-24e2889b4926,財團法人宜蘭縣私立立大社會福利慈善事業基金會_財團法人宜蘭縣私立立大社會福利慈善事業基金會,其他
df47f9e3-8193-4ee4-be59-be0c152c678f,財團法人富邦慈善基金會_財團法人富邦慈善基金會,其他
8a553abd-7f90-4a11-838f-d25e538e6ed7,財團法人屏東縣私立公益慈善服務基金會_財團法人屏東縣私立公益慈善服務基金會,其他
95ad7791-78db-438a-8e48-94a36bf1aa81,財團法人屏東縣私立吳崑山社會福利慈善事業基金會_財團法人屏東縣私立吳崑山社會福利慈善事業基金會,其他
b761ebbf-ecb6-4d7e-adb7-b0b4f93c4621,財團法人屏東縣私立國淳社會福利慈善事業基金會_財團法人屏東縣私立國淳社會福利慈善事業基金會,其他
c34a8b38-e034-40af-896c-d2613a5d062d,財團法人屏東縣私立圓融社會福利慈善基金會_財團法人屏東縣私立圓融社會福利慈善基金會,其他
bf64bf08-7514-43df-ac26-5ff960877fe4,財團法人屏東縣私立寶建社會福利慈善基金會_財團法人屏東縣私立寶建社會福利慈善基金會,其他
56c89bb8-3ba6-477e-95d6-a9becd53ce96,財團法人屏東縣私立山村社會福利慈善事業基金會_財團法人屏東縣私立山村社會福利慈善事業基金會,其他
6aeae0ef-8a81-4862-98dd-65b3db43626f,財團法人屏東縣私立悟照社會福利慈善事業基金會_財團法人屏東縣私立悟照社會福利慈善事業基金會,其他
7c48bc32-8cb7-494a-b9f0-829df209892c,財團法人屏東縣私立明聖佛院社會福利慈善事業基金會_財團法人屏東縣私立明聖佛院社會福利慈善事業基金會,其他
d9f69667-b08e-4047-aa7e-7cb72500d723,財團法人屏東縣私立活泉社會福利慈善事業基金會_財團法人屏東縣私立活泉社會福利慈善事業基金會,其他
df991937-cffb-4f50-892e-9c63ea2bbc96,財團法人屏東縣私立清境家園社會福利慈善事業基金會_財團法人屏東縣私立清境家園社會福利慈善事業基金會,其他
fc70f27d-fcd4-4000-9498-de89cff650d6,財團法人屏東縣私立畢嘉士社會福利基金會-屏東市永大多元照顧中心_財團法人屏東縣私立畢嘉士社會福利基金會-屏東市永大多元照顧中心,其他
e755f84a-5a2e-4efa-af25-ed826bdad1ad,財團法人屏東縣私立福慧社會福利慈善事業基金會_財團法人屏東縣私立福慧社會福利慈善事業基金會,其他
856550ae-38bb-4f2b-8868-95e39c382074,財團法人屏東縣私立聖天社會福利慈善事業基金會_財團法人屏東縣私立聖天社會福利慈善事業基金會,其他
352ea7c6-2622-40b2-97e2-216568a0cde5,財團法人屏東縣私立聖天社會福利慈善事業基金會-竹田鄉_財團法人屏東縣私立聖天社會福利慈善事業基金會-竹田鄉,其他
174d0091-d4dd-4872-a856-89ad50b705d3,財團法人屏東縣私立聖天社會福利慈善事業基金會-萬巒鄉_財團法人屏東縣私立聖天社會福利慈善事業基金會-萬巒鄉,其他
758c355c-ffc7-4d42-a26d-133300b79b62,財團法人屏東縣都市原住民全人發展關懷協會_財團法人屏東縣都市原住民全人發展關懷協會,其他
fe09d136-3b90-4e3a-93a5-672354ceb845,財團法人山城友愛人文基金會_財團法人山城友愛人文基金會,其他
e838ddc1-d211-417f-afdc-0ce6a814a00f,財團法人左營曾氏宗族社會福利慈善事業基金會_財團法人左營曾氏宗族社會福利慈善事業基金會,其他
d6aafab8-232d-4349-a382-24c40fdeb293,財團法人巨東慈善公益事業基金會_財團法人巨東慈善公益事業基金會,其他
dc0732c3-a3d1-4899-9839-83d39f40ea80,財團法人平安社會福利基金會_財團法人平安社會福利基金會,其他
8ab5275b-9baa-45b0-b7b8-d1b36072392f,財團法人平安社會福利慈善事業基金_財團法人平安社會福利慈善事業基金,其他
40733379-9e11-4167-93ad-3ecbc94a0009,財團法人平安社會福利慈善事業基金會平安馬公日間照顧中心_財團法人平安社會福利慈善事業基金會平安馬公日間照顧中心,其他
e2fa374c-c5f2-46c6-a648-bbb7e8e5892d,財團法人康寧社會福利慈善事業基金會_財團法人康寧社會福利慈善事業基金會,其他
67336a68-ae95-4903-9db4-d719c94a6a9f,財團法人康寧醫院_財團法人康寧醫院,其他
28989323-8b84-4a61-98fb-bbb4e1735960,財團法人廖有章社會福利慈善基金會_財團法人廖有章社會福利慈善基金會,其他
e4e4ce6d-f943-420d-94e3-fd40d8f964b6,財團法人廣源慈善基金會_財團法人廣源慈善基金會,其他
b5737d9f-9d04-4834-826f-8fdbb025c699,財團法人建準慈善基金會_財團法人建準慈善基金會,其他
3b48c2e8-f164-491d-90f1-791d2a40579b,財團法人弘化同心共濟會_財團法人弘化同心共濟會,其他
8b5855a8-7062-4bb5-8037-531d6dd9e63c,財團法人弘道老人福利基金會-宜蘭辦事處_財團法人弘道老人福利基金會-宜蘭辦事處,其他
52c0fe6e-4bb7-4b49-b794-09c4e41b24de,財團法人弘道老人福利基金會-彰化縣_財團法人弘道老人福利基金會-彰化縣,其他
c908356c-ade2-4680-af0f-7fae6e4547d9,財團法人弘道老人福利基金會-新北服務處_財團法人弘道老人福利基金會-新北服務處,其他
3b69b75d-ee27-4a81-bae4-4422150438a9,財團法人弘道老人福利基金會-總會_財團法人弘道老人福利基金會-總會,其他
16fac004-062e-45f1-8345-7949de559707,財團法人弘道老人福利基金會-高雄市_財團法人弘道老人福利基金會-高雄市,其他
600914a8-9a95-41de-b373-32f14c374ecc,財團法人張榮發慈善基金會_財團法人張榮發慈善基金會,其他
1af372ae-46be-406e-970b-8971d0f1244f,財團法人張添永慈善基金會_財團法人張添永慈善基金會,其他
ebb2ea14-1d65-4776-8973-136861c2c51b,財團法人張玲玉社會福利慈善事業基金會_財團法人張玲玉社會福利慈善事業基金會,其他
cd6f3b39-b87a-4e64-8cd6-eb20f464dfa1,財團法人張雲罔雀慈善事業基金會_財團法人張雲罔雀慈善事業基金會,其他
9ae92bb4-538c-4cc2-b7b6-1029f5e8d53a,財團法人彰化縣私立仁愛社會福利慈善事業基金會_財團法人彰化縣私立仁愛社會福利慈善事業基金會,其他
ae8e7727-f7bd-46d8-bac0-d84d22b318f7,財團法人彰化縣私立儒林社會福利慈善事業基金會_財團法人彰化縣私立儒林社會福利慈善事業基金會,其他
d7122386-18a9-40e3-97f5-580d1e7535f9,財團法人彰化縣私立崇德社會福利慈善事業基金會_財團法人彰化縣私立崇德社會福利慈善事業基金會,其他
16f6abe8-6f5b-48cc-8d02-d85b2f011e43,財團法人彰化縣私立廣成社會福利基金會_財團法人彰化縣私立廣成社會福利基金會,其他
232a3f18-eb15-4214-9e9c-273e0f7e7ca0,財團法人彰化縣私立張生慈善基金會_財團法人彰化縣私立張生慈善基金會,其他
f02f45ae-7e2d-4e54-86fe-0aa8aaa2e69e,財團法人彰化縣私立慈恩老人養護中心-二林鎮_財團法人彰化縣私立慈恩老人養護中心-二林鎮,其他
0a47519a-08f7-407b-963f-a655389725fc,財團法人彰化縣私立慈恩老人養護中心-溪湖鎮_財團法人彰化縣私立慈恩老人養護中心-溪湖鎮,其他
8ee5ad6a-e9f8-4a1d-aed6-4d0228cf71de,財團法人彰化縣私立慈林社會福利慈善事業基金會_財團法人彰化縣私立慈林社會福利慈善事業基金會,其他
18bfa6cd-bd41-453d-ae33-81a56fe7e1f7,財團法人彰化縣私立柯豆社會福利慈善事業基金會_財團法人彰化縣私立柯豆社會福利慈善事業基金會,其他
d9b59794-c97c-451d-93d9-54b4550b3060,財團法人彰化縣私立武聖宮慈善事業基金會_財團法人彰化縣私立武聖宮慈善事業基金會,其他
a5d15c83-d10f-47a2-b1c6-7d2ac0f09edf,財團法人彰化縣私立海頓社會福利慈善事業基金會_財團法人彰化縣私立海頓社會福利慈善事業基金會,其他
ba7b29b2-f22f-4635-ad8a-b90a33946f11,財團法人彰化縣私立真善美社會福利慈善事業基金會_財團法人彰化縣私立真善美社會福利慈善事業基金會,其他
1e785e33-2ebf-478f-a692-d2c997d6e2d8,財團法人彰化縣私立秀和慈善事業基金會_財團法人彰化縣私立秀和慈善事業基金會,其他
7ae94a94-8695-48f1-aa70-7f0d07f7a3df,財團法人彰化縣私立至誠社會福利慈善事業基金會_財團法人彰化縣私立至誠社會福利慈善事業基金會,其他
6036eae8-44cf-41de-a48b-e1eae401ced6,財團法人彰化縣私立葳群公益慈善事業基金會_財團法人彰化縣私立葳群公益慈善事業基金會,其他
460d9a9e-e437-489a-9ea6-4b63b5815393,財團法人彰化縣私立蕭清源先生社會福利慈善事業基金會_財團法人彰化縣私立蕭清源先生社會福利慈善事業基金會,其他
20793aa1-0e02-4358-bb78-d4f313445da0,財團法人彰化縣私立西台社會福利慈善事業基金會_財團法人彰化縣私立西台社會福利慈善事業基金會,其他
85c80a49-c87f-4d51-885a-9524303b3f0c,財團法人彰化縣私立謝成哲社會福利慈善事業基金會_財團法人彰化縣私立謝成哲社會福利慈善事業基金會,其他
186706b9-9917-4813-ae90-4868fec38da5,財團法人彰化縣私立賴樹旺社會福利慈善事業基金會_財團法人彰化縣私立賴樹旺社會福利慈善事業基金會,其他
1ba03d2a-aed3-4102-a22a-dfcb1de09a6d,財團法人彰化縣私立陳珍良社會福利慈善事業基金會_財團法人彰化縣私立陳珍良社會福利慈善事業基金會,其他
dae2db55-8ce4-4b6f-9f63-7e8d9275090c,財團法人彰化縣私立鹿港金長順泉郊慈善基金會_財團法人彰化縣私立鹿港金長順泉郊慈善基金會,其他
e7ca9e5c-4321-497c-8aec-d5bf71d65adf,財團法人彰濱秀傳紀念醫院_財團法人彰濱秀傳紀念醫院,其他
ff193ee4-ac27-4408-b4af-d62453edcc5e,財團法人後勁社會福利基金會_財團法人後勁社會福利基金會,其他
07b9f4d2-88c7-4d0e-ba7f-45a44102df8a,財團法人德發慈善事業基金會_財團法人德發慈善事業基金會,其他
653911c4-71ea-45cd-80ff-1082832d5610,財團法人心路社會福利基金會_財團法人心路社會福利基金會,其他
d8fc3736-0a8b-4da1-a24d-004607b24023,財團法人忠義社會福利事業基金會_財團法人忠義社會福利事業基金會,其他
40ff0c91-c4b5-44e0-bf43-65c37001f2de,財團法人惠昌社會福利慈善事業基金會_財團法人惠昌社會福利慈善事業基金會,其他
9b8d5d1d-c5e7-4f6f-9443-b23a926ff66d,財團法人惠民醫療救濟基金會_財團法人惠民醫療救濟基金會,其他
c3d9d8eb-c4a9-4abe-8fac-8ba13ac24cef,財團法人惠眾醫療救濟基金會_財團法人惠眾醫療救濟基金會,其他
733868fb-0e78-4054-9857-fa70041665e2,財團法人愚人之友社會福利慈善事業基金會-國姓鄉_財團法人愚人之友社會福利慈善事業基金會-國姓鄉,其他
80b8fa1e-d706-4619-9bda-99fb0c39349f,財團法人愚人之友社會福利慈善事業基金會-埔里鎮樹人三街_財團法人愚人之友社會福利慈善事業基金會-埔里鎮樹人三街,其他
d597786c-625f-40a3-9f3f-ea47d7c752d3,財團法人愚人之友社會福利慈善事業基金會-埔里鎮鐵山路_財團法人愚人之友社會福利慈善事業基金會-埔里鎮鐵山路,其他
9234edc4-96b6-45d3-bdeb-952152309361,財團法人愛盲基金會_財團法人愛盲基金會,其他
968dbab8-4eaf-492d-b53a-09cc87435f36,財團法人感恩社會福利基金會_財團法人感恩社會福利基金會,其他
1cbdde25-f92b-4a05-908f-6d0690a9b6c6,財團法人慈暉社會福利基金會_財團法人慈暉社會福利基金會,其他
16616b35-7e1b-4119-885d-100f4a560bdb,財團法人慈航社會福利基金會_財團法人慈航社會福利基金會,其他
2a15706a-6cf5-4c06-846d-feb2455ff1a4,財團法人應柴秀珍女士紀念基金會_財團法人應柴秀珍女士紀念基金會,其他
b36945c3-1506-4386-9106-13247214e2e6,財團法人懷恩社會福利慈善事業基金會_財團法人懷恩社會福利慈善事業基金會,其他
99874eee-8d9a-473f-a932-dd99f96ea130,財團法人搭理舖慈善基金會_財團法人搭理舖慈善基金會,其他
c9053de6-24a8-41ba-92d6-60e0711acd75,財團法人新光人壽慈善基金會_財團法人新光人壽慈善基金會,其他
177ef084-dab6-4e4b-9b2e-6913f4c14233,財團法人新北市基督徒五股禮拜堂_財團法人新北市基督徒五股禮拜堂,其他
186d4e3c-7dfd-409d-8ff9-38a3248c7c4d,財團法人新北市私立雙連社會福利慈善事業基金會-社區照顧關懷據點_財團法人新北市私立雙連社會福利慈善事業基金會-社區照顧關懷據點,其他
cc844a4f-a618-41df-a260-f66302139647,財團法人新北市私立雙連社會福利慈善事業基金會-雙連新莊社會福利中心_財團法人新北市私立雙連社會福利慈善事業基金會-雙連新莊社會福利中心,其他
7d250bf4-8dee-40ed-b3b4-c53a4ca695a4,財團法人新竹市天主教仁愛社會福利基金會_財團法人新竹市天主教仁愛社會福利基金會,其他
14c885c7-fea8-44bd-b31e-b4540d5d763f,財團法人新竹市私立忠義仁風基金會_財團法人新竹市私立忠義仁風基金會,其他
87d272ad-37af-41cf-8d92-73e7aefc268c,財團法人新竹市私立雙獅社會慈善事業基金會_財團法人新竹市私立雙獅社會慈善事業基金會,其他
85f223c1-f125-4054-9f81-3e3abe3ceceb,財團法人新竹縣私立新科社會福利慈善事業基金會_財團法人新竹縣私立新科社會福利慈善事業基金會,其他
9d816a75-145c-41ba-be05-871c7e9bf17a,財團法人新竹縣私立香園社會福利慈善事業基金會_財團法人新竹縣私立香園社會福利慈善事業基金會,其他
d14b4c85-6b96-487f-b5a7-a62cb5d30a89,財團法人新聯陽社會福利慈善事業基金會_財團法人新聯陽社會福利慈善事業基金會,其他
76c18845-e0e7-4886-b2e8-9898b370a409,財團法人新莊林姓媽祖會基金會_財團法人新莊林姓媽祖會基金會,其他
e6deac05-3c95-4e40-8055-a9c9c621be3a,財團法人明倫社會福利慈善事業基金會_財團法人明倫社會福利慈善事業基金會,其他
a3ed68e4-e033-4491-ada9-1a4f8d8e26f2,財團法人明善社會福利慈善事業基金會_財團法人明善社會福利慈善事業基金會,其他
c1112a2c-95ac-485a-ba36-9cea540d717f,財團法人曹仲植基金會_財團法人曹仲植基金會,其他
12f7fd12-2d6b-4656-81af-7675763686ed,財團法人曾氏子女紀念先嚴曾松根公先慈黃水月娘社會福利慈善事業基金會_財團法人曾氏子女紀念先嚴曾松根公先慈黃水月娘社會福利慈善事業基金會,其他
46123f4d-ca04-4ef7-8a7a-6b76f2e3fbbd,財團法人杜萬全慈善公益基金會_財團法人杜萬全慈善公益基金會,其他
e37b1062-5f96-4300-b70e-419f6b98fc62,財團法人東震社會福利慈善事業基金會_財團法人東震社會福利慈善事業基金會,其他
3e9cfc3d-1e53-4b6a-afe6-d79c7d0bc5b3,財團法人林堉琪先生紀念基金會_財團法人林堉琪先生紀念基金會,其他
fdb04045-576b-4fec-b200-cda9e7550bbe,財團法人林金帶先生慈善事業基金會_財團法人林金帶先生慈善事業基金會,其他
4754ff0a-99ec-4d6c-99e4-af9873bc21f7,財團法人桃園市私立怡德老人長期照顧中心承辦怡仁居照顧日間中心_財團法人桃園市私立怡德老人長期照顧中心承辦怡仁居照顧日間中心,其他
b04d24fc-7a3b-461b-865a-99e5fc12bdc9,財團法人桃園縣忠義社會福利慈善事業基金會_財團法人桃園縣忠義社會福利慈善事業基金會,其他
2c7359ee-77a3-4258-9ab4-8e04f20deda6,財團法人桃園縣私立三商社會福利慈善事業基金會_財團法人桃園縣私立三商社會福利慈善事業基金會,其他
1874312d-db90-4fc8-b3ca-f2c969e77243,財團法人桃園縣私立元極康福慈善事業基金會_財團法人桃園縣私立元極康福慈善事業基金會,其他
68f64499-4815-407d-90ce-4317c67e56bb,財團法人桃園縣私立心一慈善基金會_財團法人桃園縣私立心一慈善基金會,其他
46c70f62-a9ec-41ce-bdaa-fe0dcdec738a,財團法人桃園縣私立怡仁愛心社會福利慈善事業基金會_財團法人桃園縣私立怡仁愛心社會福利慈善事業基金會,其他
199c72be-373d-4ecb-8a59-d8f9dc82e2ee,財團法人桃園縣私立景福宮社會福利慈善事業基金會_財團法人桃園縣私立景福宮社會福利慈善事業基金會,其他
4e0b5665-89a1-4e8b-9b31-98fb083d6ef5,財團法人桃園縣私立王啟奔慈善事業基金會_財團法人桃園縣私立王啟奔慈善事業基金會,其他
5556f869-ffe2-4d83-81a4-d9b48c20ab54,財團法人桃園縣私立甡光社會福利基金會_財團法人桃園縣私立甡光社會福利基金會,其他
e10293a3-b24c-4021-8f12-ae4631499edb,財團法人桃園縣私立發枝社會福利基金會_財團法人桃園縣私立發枝社會福利基金會,其他
0d000f61-2c28-4405-a700-491da5ce88ac,財團法人桃園縣私立簡欣哲社會福利基金會_財團法人桃園縣私立簡欣哲社會福利基金會,其他
b8415aac-c22d-48f6-8c8e-76c47f0d51a1,財團法人桃園縣私立華新瀚宇慈善基金會_財團法人桃園縣私立華新瀚宇慈善基金會,其他
fa569b76-6360-4a1f-9e03-ffb44e2c99bb,財團法人桃園縣私立護國宮愛心基金會_財團法人桃園縣私立護國宮愛心基金會,其他
2e101378-b9b5-43bd-8fbb-5b519b457cf9,財團法人桃園縣私立陳根社會福利基金會_財團法人桃園縣私立陳根社會福利基金會,其他
50a76ff2-f7f2-4791-ae11-36ac7d6f6e2a,財團法人桃園縣香雲福利慈善基金會_財團法人桃園縣香雲福利慈善基金會,其他
16ed76be-4e9b-4479-b7ba-1300e586b97c,財團法人楊塘海社會福利慈善基金會_財團法人楊塘海社會福利慈善基金會,其他
d73f74fc-6460-4349-adc9-f216cfcd6148,財團法人樓蘭社會福利慈善基金會_財團法人樓蘭社會福利慈善基金會,其他
5b0db335-a2f2-44e8-87e3-ad1c6151205c,財團法人樹河社會福利基金會-北區_財團法人樹河社會福利基金會-北區,其他
f0e51aa5-55bb-4da8-9843-8663e37b3cc6,財團法人樹河社會福利基金會-南區_財團法人樹河社會福利基金會-南區,其他
51797929-a410-4c2b-8d8a-b05ca021a90c,財團法人樹河社會福利基金會-關廟區_財團法人樹河社會福利基金會-關廟區,其他
fbbd9e0d-dd3f-46a9-b2f9-e9582b89bfa1,財團法人歡喜希望社會福利基金會_財團法人歡喜希望社會福利基金會,其他
ffce6989-64dc-4c0e-a2f3-14999414342a,財團法人正德社會福利慈善基金會_財團法人正德社會福利慈善基金會,其他
53669b1d-87ac-48a2-b1b6-f2d47ddc02c7,財團法人民生建設基金會_財團法人民生建設基金會,其他
fdbf97eb-9231-457b-91c9-20e8d0344a44,財團法人永大社會福利基金會_財團法人永大社會福利基金會,其他
48fcd321-0605-415c-bb80-8ecea9b54cce,財團法人永昌基金會_財團法人永昌基金會,其他
0798cd72-d3a6-45dd-ae23-2e9e690465b0,財團法人永瑞慈善事業基金會_財團法人永瑞慈善事業基金會,其他
3302acaf-3573-490e-9736-8d922bf560d8,財團法人永續慈善基金會_財團法人永續慈善基金會,其他
caf31ea9-c027-4d6a-8f58-4b829dbb57ee,財團法人永達社會福利基金會_財團法人永達社會福利基金會,其他
048e4356-f788-4094-b8c9-abf7773fb357,財團法人永齡社會福利慈善事業基金會_財團法人永齡社會福利慈善事業基金會,其他
be2721b4-8fd2-4069-afba-8f62d860e3cc,財團法人法鼓山社會福利慈善事業基金會_財團法人法鼓山社會福利慈善事業基金會,其他
d8dfcdec-2435-4e55-8ed1-163c2a125e0f,財團法人湧蓮慈善基金會_財團法人湧蓮慈善基金會,其他
f5c43862-cebe-4d79-ad6d-f3ef578f6372,財團法人漢慈公益基金會_財團法人漢慈公益基金會,其他
ec818d20-4eef-4682-9c75-51bae385239e,財團法人澎湖縣慈善服務基金會_財團法人澎湖縣慈善服務基金會,其他
0a093e69-d023-43a0-a4fb-0c3de6838d08,財團法人濟興長青社會福利基金會_財團法人濟興長青社會福利基金會,其他
900835ab-0af5-47d0-83d4-8ec5583b73d7,財團法人為恭社會福利基金會_財團法人為恭社會福利基金會,其他
c193c715-c588-492a-a30a-21bed9ed8deb,財團法人為恭紀念醫院_財團法人為恭紀念醫院,其他
ac4a744c-be24-4e7a-9270-f2faefff8631,財團法人燕景社會福利慈善事業基金會_財團法人燕景社會福利慈善事業基金會,其他
c17bc3d9-3645-4d54-9b92-57d95dcb2624,財團法人玉山志工社會福利慈善事業基金會_財團法人玉山志工社會福利慈善事業基金會,其他
856b5182-0255-4d3e-8826-8bac2971c418,財團法人王品戴水社會福利基金會_財團法人王品戴水社會福利基金會,其他
abeb1b16-bae1-4d2d-8cd8-c83269fb8394,財團法人王楊嬌愛主社會福利慈善基金會_財團法人王楊嬌愛主社會福利慈善基金會,其他
55e6d43d-b933-4e6d-8abb-59886619dd7d,財團法人王素筠慈善基金會_財團法人王素筠慈善基金會,其他
aea4184c-0d2e-4ea5-b39c-7461d30596d8,財團法人王詹樣社會福利慈善基金會_財團法人王詹樣社會福利慈善基金會,其他
cbb43856-6a63-4d15-bfce-249672306181,財團法人玎妤慈愛基金會_財團法人玎妤慈愛基金會,其他
11b7481d-3077-486f-86b8-44ac5442aec9,財團法人瑞三礦業公司社會福利基金會_財團法人瑞三礦業公司社會福利基金會,其他
baafa086-b78c-4c73-b3ac-e9421b49c223,財團法人瑞穗實業銀行慈善事業瑞穗愛心基金會_財團法人瑞穗實業銀行慈善事業瑞穗愛心基金會,其他
9c3d7ae0-223b-476d-8a22-9536c6ec8f60,財團法人瑪利亞社會福利基金會_財團法人瑪利亞社會福利基金會,其他
b1495327-c2af-40f7-b224-b468242b0403,財團法人瑪利亞社會福利基金會-臺中市南區輔具資源中心_財團法人瑪利亞社會福利基金會-臺中市南區輔具資源中心,其他
630870c1-1030-4847-98e5-9f390cee4be2,財團法人生蓮慈善公益基金會_財團法人生蓮慈善公益基金會,其他
4513d5dd-9650-4a5b-a97d-6f8bf63b83fd,財團法人盛寶全人社會福利基金會_財團法人盛寶全人社會福利基金會,其他
6329dccc-6a6b-4d67-99fc-132f66aeaa9b,財團法人真佛覺心社會福利慈善基金會_財團法人真佛覺心社會福利慈善基金會,其他
251747ff-f5ca-4fd1-bb8b-55b8cd3e3d0a,財團法人祥和社會福利慈善事業基金會_財團法人祥和社會福利慈善事業基金會,其他
cc2cc751-fedf-4ce4-8f73-7539354d52e0,財團法人福華慈善公益事業基金會_財團法人福華慈善公益事業基金會,其他
82969f20-0331-4895-a101-288eb4a81d26,財團法人福誠慈善事業基金會_財團法人福誠慈善事業基金會,其他
9354ae79-bd2e-4677-a477-28f2caecff09,財團法人私立國宏社會福利慈善事業基金會_財團法人私立國宏社會福利慈善事業基金會,其他
525aadc6-e822-4bf9-b92a-325d4665e2c9,財團法人私立廣恩老人養護中心-五股區_財團法人私立廣恩老人養護中心-五股區,其他
ee4f36f7-1f48-4743-9922-34cea0c65b15,財團法人私立廣恩老人養護中心-五股老人公寓_財團法人私立廣恩老人養護中心-五股老人公寓,其他
c75e926c-bd53-4b2a-b8d3-cd295137dfdb,財團法人私立廣恩老人養護中心-新店屈_財團法人私立廣恩老人養護中心-新店屈,其他
622331dd-2444-4042-b9de-c6c05c1073fb,財團法人私立新竹商銀企業集團職工慈善事業基金會_財團法人私立新竹商銀企業集團職工慈善事業基金會,其他
b46cbdd6-f794-4571-a1df-009d9e7bcca1,財團法人私立舍抄樓蘭社會福利慈善事業基金會_財團法人私立舍抄樓蘭社會福利慈善事業基金會,其他
2efd3918-8c9c-4fad-958e-13ad4103d380,財團法人私立郭腓利門紀念基金會_財團法人私立郭腓利門紀念基金會,其他
bb8f8289-5eec-4298-b8f3-0eeebf3dac33,財團法人秋霜紀念基金會_財團法人秋霜紀念基金會,其他
540a66a6-b4d5-466d-8519-51d44afd7664,財團法人立信社會福利慈善事業基金會_財團法人立信社會福利慈善事業基金會,其他
87be73e8-3bb8-4ec4-b61c-0730cad31323,財團法人立安社會福利基金會_財團法人立安社會福利基金會,其他
c7c5300f-c0ca-4836-822c-1c83e9d462ca,財團法人立慈懷社會福利基金會_財團法人立慈懷社會福利基金會,其他
8d28f16c-c424-4937-a316-5652cfbf937d,財團法人竹信社會福利基金會_財團法人竹信社會福利基金會,其他
ae0e9114-1ff9-4284-9698-2326689171b6,財團法人紀念林國長先生社會福利基金會_財團法人紀念林國長先生社會福利基金會,其他
a9e8ec70-10fd-4a4b-8bc7-e4f400c71837,財團法人純青社會福利基金會_財團法人純青社會福利基金會,其他
d462ec4d-5cf0-45e9-8c01-c577a80b8a56,財團法人維他露社會福利慈善事業基金會_財團法人維他露社會福利慈善事業基金會,其他
7a58e672-8288-4b09-ab2e-0f4b4ae2ba77,財團法人羅許基金會_財團法人羅許基金會,其他
6caa5449-8d6b-43db-9065-c8cb25fae96d,財團法人羅許基金會羅東博愛醫院_財團法人羅許基金會羅東博愛醫院,其他
20930f15-97f3-4902-b584-6b29d06a734d,財團法人美豐社會福利慈善基金會_財團法人美豐社會福利慈善基金會,其他
10caf2e2-251f-4237-bd2d-0397565021d0,財團法人義廷社會福利慈善基金會_財團法人義廷社會福利慈善基金會,其他
1ef88ba3-153d-4c0c-abdc-51307c67c7b2,財團法人翁黃琴社會福利基金會_財團法人翁黃琴社會福利基金會,其他
c136fef4-8b43-4904-ba9f-acfe38b18dcc,財團法人老五老基金會-台中市_財團法人老五老基金會-台中市,其他
b22f5059-4ec6-4c06-8580-d6033c2eb1f3,財團法人老五老基金會-彰化服務中心_財團法人老五老基金會-彰化服務中心,其他
4a83f625-ff82-43a3-ad07-6c67f5b1eac4,財團法人老五老基金會-彰化縣_財團法人老五老基金會-彰化縣,其他
9001de6d-bb0f-4955-bc85-7bfd01b92d0b,財團法人老五老基金會-新竹市_財團法人老五老基金會-新竹市,其他
ff89214b-6887-44e8-a753-d81eb660f1f3,財團法人老五老基金會日間照顧服務_財團法人老五老基金會日間照顧服務,其他
8629f787-12eb-49b7-b4f6-445ae8702c2c,財團法人聖仁慈善救濟基金會_財團法人聖仁慈善救濟基金會,其他
6a26491b-4929-4a0e-ac47-6e5016a203f0,財團法人聖迪斯哥文教基金會_財團法人聖迪斯哥文教基金會,其他
c34c823b-af45-42c3-a2f0-d755c23654c9,財團法人聯合報系社會福利慈善事業公益基金會_財團法人聯合報系社會福利慈善事業公益基金會,其他
c1528823-9b5a-4801-a324-89fc6fe86bdb,財團法人至善社會福利基金會_財團法人至善社會福利基金會,其他
8e51c4af-fbb8-4c65-8751-ef9210878b83,財團法人至誠社會服務基金會_財團法人至誠社會服務基金會,其他
663a14dc-b207-4b3b-bcf8-c2c5b50b3c50,財團法人臺中市私立龍眼林社會福利慈善事業基金會_財團法人臺中市私立龍眼林社會福利慈善事業基金會,其他
b09783cb-dcd5-473a-bc0f-4ca7b06ab895,財團法人臺北市中國基督教靈糧世界佈道會士林靈糧堂-居家服務_財團法人臺北市中國基督教靈糧世界佈道會士林靈糧堂-居家服務,其他
6295bb0a-3bad-46ec-9112-3bdfed250c67,財團法人臺北市台灣三洋電機社會福利慈善基金會_財團法人臺北市台灣三洋電機社會福利慈善基金會,其他
d1a166b9-5520-43b7-90ef-50c5bd71fa9e,財團法人臺北市基督教全人福利事業基金會(吳興教會)_財團法人臺北市基督教全人福利事業基金會(吳興教會),其他
7cddc6ab-69bf-4b36-9984-26ced19e3f65,財團法人臺北市慈迎社會福利慈善事業基金會_財團法人臺北市慈迎社會福利慈善事業基金會,其他
9822bd35-eaa7-4953-b733-c3711a11a67c,財團法人臺北市李東運社會福利慈善基金會_財團法人臺北市李東運社會福利慈善基金會,其他
30eaafbb-7a22-421a-bf6e-140132f6736e,財團法人臺北市私立宇景社會福利慈善基金會_財團法人臺北市私立宇景社會福利慈善基金會,其他
87a5c2cd-f8b4-4f04-853d-1c639927b486,財團法人臺北市私立志英社會福利慈善事業基金會_財團法人臺北市私立志英社會福利慈善事業基金會,其他
39c3aa6a-7702-481a-8356-84b9cfe83680,財團法人臺北市私立恆安老人長期照顧中心(長期照護型)受託經營臺北市兆如老人安養護中心附設日間照顧中心_財團法人臺北市私立恆安老人長期照顧中心(長期照護型)受託經營臺北市兆如老人安養護中心附設日間照顧中心,其他
4e615690-c154-43cd-833a-3941ac699648,財團法人臺北市私立林伯修社會福利慈善基金會_財團法人臺北市私立林伯修社會福利慈善基金會,其他
2260aae3-c339-40a0-b19a-f1c6f37eb92b,財團法人臺北市糧食協進會_財團法人臺北市糧食協進會,其他
e54d5acf-2462-44ec-9b22-487e260d76bb,財團法人臺北市美麗世界社會福利慈善基金會_財團法人臺北市美麗世界社會福利慈善基金會,其他
7701def5-3f26-403f-8af4-ff915d03d7af,財團法人臺北市蘋果日報社會福利慈善基金會_財團法人臺北市蘋果日報社會福利慈善基金會,其他
fa9650a7-a381-450d-9780-e2982c40e975,財團法人臺北醫學大學展齡服務暨研究中心_財團法人臺北醫學大學展齡服務暨研究中心,其他
f6286ca7-9c80-425e-89c9-08b9eead3b50,財團法人臺南縣私立上崙社會福利慈善事業基金會_財團法人臺南縣私立上崙社會福利慈善事業基金會,其他
cc83a415-2457-492f-86b1-bafde4cc2e03,財團法人臺南縣私立萬安社會福利慈善事業基金會_財團法人臺南縣私立萬安社會福利慈善事業基金會,其他
f96a85ca-2bed-4399-9fe0-45f2baad1be0,財團法人臺灣基督教門諾會醫院_財團法人臺灣基督教門諾會醫院,其他
860b2e0e-7b24-4ec1-9536-bbc08609fa5e,財團法人臺灣省台中縣私立洪掛社會福利慈善事業基金會_財團法人臺灣省台中縣私立洪掛社會福利慈善事業基金會,其他
e757b14b-85f1-4456-a11e-21bdc2e5e45d,財團法人臺灣省私立佛教密藏院慈善事業基金會_財團法人臺灣省私立佛教密藏院慈善事業基金會,其他
0e479ce8-e363-4f8b-8fb3-dfd566e7977e,財團法人臺灣省私立佛教懷仁社會福利慈善事業基金會_財團法人臺灣省私立佛教懷仁社會福利慈善事業基金會,其他
36112a71-114c-42ed-8677-669ce08154f8,財團法人臺灣省私立台南紡織社會福利慈善事業基金會_財團法人臺灣省私立台南紡織社會福利慈善事業基金會,其他
fdf5e7a9-4b7c-45a2-afa9-da2c7ce46c4f,財團法人臺灣省私立向上社會福利基金會_財團法人臺灣省私立向上社會福利基金會,其他
79000fcb-ff1d-4d7d-8350-d5fc3f13c0e5,財團法人臺灣省私立天一圓德社會福利慈善事業基金會_財團法人臺灣省私立天一圓德社會福利慈善事業基金會,其他
46c164fd-c260-4299-bf3c-2f0f9711b2cc,財團法人臺灣省私立天恩師德基金會_財團法人臺灣省私立天恩師德基金會,其他
e83afca0-16c4-4a2f-812e-a01f3bc2d415,財團法人臺灣省私立崇華堂社會福利慈善事業基金會_財團法人臺灣省私立崇華堂社會福利慈善事業基金會,其他
5fde9235-c375-40ac-9501-316ffabd0862,財團法人臺灣省私立慈航普渡救世慈善事業基金會_財團法人臺灣省私立慈航普渡救世慈善事業基金會,其他
ed24ffe0-5d4d-41cf-a71c-1282238081f8,財團法人臺灣省私立慶寶慈善事業基金會_財團法人臺灣省私立慶寶慈善事業基金會,其他
a7ea5115-e719-4c34-9474-2d78b7592a51,財團法人臺灣省私立林森社會福利慈善事業基金會_財團法人臺灣省私立林森社會福利慈善事業基金會,其他
875b5b4a-1c4d-4960-ad48-cf77495a2988,財團法人臺灣省私立正豐社會福利慈善事業基金會_財團法人臺灣省私立正豐社會福利慈善事業基金會,其他
1201ec6f-d888-471d-962a-ed26cbeccaa2,財團法人臺灣省私立波錠社會福利公益慈善事業基金會_財團法人臺灣省私立波錠社會福利公益慈善事業基金會,其他
5c0bb66e-5254-4867-a5ef-68ed1c0242da,財團法人臺灣省私立王李社會福利慈善事業基金會_財團法人臺灣省私立王李社會福利慈善事業基金會,其他
8a838e38-8e3c-48d7-9a34-7b8ca6341854,財團法人臺灣省私立福壽社會福利基金會_財團法人臺灣省私立福壽社會福利基金會,其他
4341c239-0751-4cf3-9e84-20589e69f855,財團法人臺灣省私立統一企業社會福利慈善事業基金會_財團法人臺灣省私立統一企業社會福利慈善事業基金會,其他
89ceb9b1-58d3-4dea-a988-1e5921a705dc,財團法人臺灣省私立聖道慈善基金會_財團法人臺灣省私立聖道慈善基金會,其他
67a43e31-2d9a-446d-a876-68146ca40538,財團法人臺灣省私立許鉗基金會_財團法人臺灣省私立許鉗基金會,其他
33a5c1bf-b81b-4890-83ff-44325680dcc0,財團法人臺灣省私立鮑朝雲慈善事業基金會_財團法人臺灣省私立鮑朝雲慈善事業基金會,其他
af508ed4-939c-4901-af02-df21cbad3fe5,財團法人興毅社會福利慈善事業基金會_財團法人興毅社會福利慈善事業基金會,其他
7e74504d-ee43-44f5-beb8-40a67bece6ff,財團法人良顯堂社會福利基金會_財團法人良顯堂社會福利基金會,其他
6f4e0434-d792-429f-a944-c5d09394972c,財團法人花蓮縣私立丞昇社會福利慈善基金會_財團法人花蓮縣私立丞昇社會福利慈善基金會,其他
aa0c4553-ff37-47f6-aa8a-46ecdc8cba0e,財團法人花蓮縣私立勝安慈善基金會_財團法人花蓮縣私立勝安慈善基金會,其他
370b4aa2-1f1a-4374-9375-e4d3bf934778,財團法人花蓮縣私立慈惠愛心基金會_財團法人花蓮縣私立慈惠愛心基金會,其他
2cb6f8c3-9751-471b-be1a-84b28523af27,財團法人花蓮縣私立明星慈善基金會_財團法人花蓮縣私立明星慈善基金會,其他
55fd17d2-22c3-499c-a38c-a3f5ae99267d,財團法人花蓮縣私立瑪拉社會福利慈善基金會_財團法人花蓮縣私立瑪拉社會福利慈善基金會,其他
f5981af0-c0c2-4ea8-bb5c-814f8b7ad6cb,財團法人苗栗縣惠勝王萬生紀念公益基金會_財團法人苗栗縣惠勝王萬生紀念公益基金會,其他
6c82a774-34aa-4580-8d4c-f080bb580953,財團法人英業達集團公益慈善基金會_財團法人英業達集團公益慈善基金會,其他
6f33569e-da5f-4a0a-a886-2c6cbbbfb5aa,財團法人荷園社會福利慈善業基金會_財團法人荷園社會福利慈善業基金會,其他
ad30c9e4-2e66-48f2-85d2-71f622d64443,財團法人華山社會福利慈善事業基金會_財團法人華山社會福利慈善事業基金會,其他
c888f5a0-b35f-40d9-aa7b-a57c6b605ee9,財團法人華科事業群慈善基金會_財團法人華科事業群慈善基金會,其他
0fb922be-9878-4f56-a256-862c7ca0f070,財團法人萬海航運社會福利慈善事業基金會_財團法人萬海航運社會福利慈善事業基金會,其他
9b97574c-1798-4805-b3e0-f8bb134edef9,財團法人薛長興慈善文教基金會_財團法人薛長興慈善文教基金會,其他
1bd915c4-f1d7-4e72-865d-835cc0cba55c,財團法人蘭嶼部落文教基金會_財團法人蘭嶼部落文教基金會,其他
0747cbc5-f4ba-4621-bd53-68d001c67066,財團法人蘭智社會福利基金會_財團法人蘭智社會福利基金會,其他
729cf24e-4b0c-4f51-91a6-ea1e493af886,財團法人覺恩慈善事業基金會_財團法人覺恩慈善事業基金會,其他
73b42d77-2946-4f70-8b29-4b81a0dd5414,財團法人許加紀念基金會_財團法人許加紀念基金會,其他
882fdfaf-1ad9-4ffd-b9eb-d0284122258b,財團法人許潮英社會福利慈善事業基金會_財團法人許潮英社會福利慈善事業基金會,其他
affa3868-91f2-483d-b553-ca18c88fa513,財團法人豐匙慈善公益基金會_財團法人豐匙慈善公益基金會,其他
1db689e7-9cdb-4893-aa21-a8f94845a673,財團法人賑災基金會_財團法人賑災基金會,其他
a31cc443-7a5d-44bf-947c-e2f1db67deaa,財團法人進賢社會福利慈善事業基金會_財團法人進賢社會福利慈善事業基金會,其他
3084f17f-dc60-4589-a921-2446704e7223,財團法人道心社會福利基金會_財團法人道心社會福利基金會,其他
84bdcc2a-d140-48e8-919e-728a4ab7bcf9,財團法人道明慈善事業基金會_財團法人道明慈善事業基金會,其他
fa273486-9f34-438f-acad-b2d0a1639755,財團法人邢榮階紀念父母慈善事業基金會_財團法人邢榮階紀念父母慈善事業基金會,其他
9fe0aeb5-f9a1-4fa0-8d21-a128086acf46,財團法人邱春木社會福利慈善事業基金會_財團法人邱春木社會福利慈善事業基金會,其他
ff3fa8eb-0f09-4d78-a163-3f72b3876d50,財團法人鄒梅基金會_財團法人鄒梅基金會,其他
e037ea6d-4ab0-4d01-8dfc-f4843ccb0ea9,財團法人鄭俊生社會福利慈善事業基金會_財團法人鄭俊生社會福利慈善事業基金會,其他
fcb5b533-2686-48d3-a12e-b768b2c6bd0f,財團法人鄭火田慈善基金會_財團法人鄭火田慈善基金會,其他
bf0a8871-8f7f-495f-b075-b88edefabad7,財團法人長思社會福利慈善事業基金會_財團法人長思社會福利慈善事業基金會,其他
a58b131c-4b03-40c0-83b9-07a9b0335629,財團法人門諾社會福利慈善事業基金會-富里鄉_財團法人門諾社會福利慈善事業基金會-富里鄉,其他
4122a967-c9de-41a6-a909-7e1b413a22b5,財團法人門諾社會福利慈善事業基金會-新城鄉_財團法人門諾社會福利慈善事業基金會-新城鄉,其他
c9d505cf-8505-4087-b91c-cdc82c2ee56d,財團法人門諾社會福利慈善事業基金會-玉里鎮285號_財團法人門諾社會福利慈善事業基金會-玉里鎮285號,其他
1a52d1bf-b283-497e-ad93-31b034c1ee08,財團法人門諾社會福利慈善事業基金會-玉里鎮293號_財團法人門諾社會福利慈善事業基金會-玉里鎮293號,其他
d4a87bfa-38ca-46c3-9520-bba8005e8173,財團法人門諾社會福利慈善事業基金會-花蓮市_財團法人門諾社會福利慈善事業基金會-花蓮市,其他
9236f5b3-bd9b-46cc-bf42-ac9427da9ace,財團法人開證上人紀念慈善基金會_財團法人開證上人紀念慈善基金會,其他
ec4b3bfb-b86d-4acf-b50f-ecd617f99844,財團法人關懷成長基金會_財團法人關懷成長基金會,其他
cea3e31a-8fc4-4787-9774-8a0e42e6556b,財團法人關聖恩公慈善事業基金會_財團法人關聖恩公慈善事業基金會,其他
070b18ea-7c04-4ec8-8967-23d2661fd76f,財團法人陳中和翁慈善基金會_財團法人陳中和翁慈善基金會,其他
df66c8ef-6833-4a5e-a0ad-32c907457cc2,財團法人陳啟清先生慈善基金會_財團法人陳啟清先生慈善基金會,其他
7f8215e6-152f-41fe-93aa-073ea906de28,財團法人陳建志社會福利慈善基金會_財團法人陳建志社會福利慈善基金會,其他
c665989f-8192-4be2-872d-40a0f59b6e1c,財團法人陳德成社會福利基金會_財團法人陳德成社會福利基金會,其他
4a305c00-09f4-4763-bee2-9ed74df87968,財團法人陳萬枝慈善事業基金會_財團法人陳萬枝慈善事業基金會,其他
21d43006-f14c-499a-9434-21e95f94ddb9,財團法人陳趙樹公益慈善基金會_財團法人陳趙樹公益慈善基金會,其他
84e84c08-873f-4b58-9e9c-4693e580fcf5,財團法人陳韜博士慈善基金會_財團法人陳韜博士慈善基金會,其他
49089982-e3c5-42dd-b439-6e7e37c8feb4,財團法人陽光社會福利基金會_財團法人陽光社會福利基金會,其他
06541815-6c59-40a0-a835-5f49d4fe1ed2,財團法人雙十仁親基金會_財團法人雙十仁親基金會,其他
f142b48b-0fe2-4a7e-abed-ba86e487b6d4,財團法人雙福社會福利慈善事業基金會-常樂園_財團法人雙福社會福利慈善事業基金會-常樂園,其他
4ec6f236-697b-4cce-a5aa-3ff255fef578,財團法人雙福社會福利慈善事業基金會-民雄鄉_財團法人雙福社會福利慈善事業基金會-民雄鄉,其他
19c273c3-211b-43fb-a0e2-f3015bf9932f,財團法人雙福社會福利慈善事業基金會-阿里山鄉山美村_財團法人雙福社會福利慈善事業基金會-阿里山鄉山美村,其他
b51372d3-adde-43ac-9907-3d4ad6080d39,財團法人雙福社會福利慈善事業基金會-阿里山鄉新美村_財團法人雙福社會福利慈善事業基金會-阿里山鄉新美村,其他
968d852a-c667-44c1-a51e-5fd90704ff7e,財團法人雲林縣私立北港媽祖社會福利慈善事業基金會_財團法人雲林縣私立北港媽祖社會福利慈善事業基金會,其他
2bfd3bdd-1fbe-4534-996d-7f7320fe2409,財團法人雲林縣私立慈天慈善事業基金會_財團法人雲林縣私立慈天慈善事業基金會,其他
83b482fe-c9c5-433f-872b-a9b802ebe7ac,財團法人雲林縣私立民眾服務社會福利慈善事業基金會_財團法人雲林縣私立民眾服務社會福利慈善事業基金會,其他
6dbf724d-1db9-43b1-acbd-acd0469cea41,財團法人雲林縣私立許曾春秋社會福利慈善事業基金會_財團法人雲林縣私立許曾春秋社會福利慈善事業基金會,其他
9fec1e8d-94f6-452c-ace7-2aa161df67b9,財團法人雲林縣私立許老有慈善基金會_財團法人雲林縣私立許老有慈善基金會,其他
db9f8e94-06f4-46b2-b44c-6f1f9998c07e,財團法人雲林縣私立長春社會福利基金會_財團法人雲林縣私立長春社會福利基金會,其他
28b79f39-8b84-4d7e-a565-8f9cd621d1c6,財團法人靜觀慈善事業基金會_財團法人靜觀慈善事業基金會,其他
be1ec072-4ef1-4261-abb4-518d73c1b79c,財團法人顏子慈善基金會_財團法人顏子慈善基金會,其他
2a011980-5ada-43f0-b7e4-9648291682ac,財團法人顏榮興孝慈善基金會_財團法人顏榮興孝慈善基金會,其他
f07f6cb1-165a-47c4-b301-baad6bc1f1f5,財團法人顧氏社會福利慈善基金會_財團法人顧氏社會福利慈善基金會,其他
d75eaa5a-d10d-4869-8e26-d3eb02d45a47,財團法人香光社會福利基金會_財團法人香光社會福利基金會,其他
f3ef9cc7-ad9f-4cf1-b336-8dfcdb7b6c78,財團法人高雄基督教信義醫院_財團法人高雄基督教信義醫院,其他
f88bac30-cb6e-4f91-9e40-043e78a771b0,財團法人高雄市三清歷史文化院慈善事業基金會_財團法人高雄市三清歷史文化院慈善事業基金會,其他
07d05d1f-3742-4842-91ea-8f632e2e64da,財團法人高雄市仁愛基金會_財團法人高雄市仁愛基金會,其他
1d389f21-0316-49f6-8893-30b12f1a2432,財團法人高雄市嘉義同鄉會社會服務基金會_財團法人高雄市嘉義同鄉會社會服務基金會,其他
4051642f-bc05-4805-8b58-a8bfb4ec5b71,財團法人高雄市基督教青年會劉阿蘭社會福利慈善事業基金會_財團法人高雄市基督教青年會劉阿蘭社會福利慈善事業基金會,其他
05cb1a1f-1244-4312-873a-6f5425a23dad,財團法人高雄市烈山五姓宗親(許姓)會館基金會_財團法人高雄市烈山五姓宗親(許姓)會館基金會,其他
6afa9771-ce16-4eb7-aa99-47c084f931c2,財團法人高雄市私立典寶社會福利慈善事業基金會(居家服務中心)_財團法人高雄市私立典寶社會福利慈善事業基金會(居家服務中心),其他
d044d7a3-4f11-4c68-aff4-9da4b4558a36,財團法人高雄市私立典寶社會福利慈善事業基金會(高雄市明山慈安居老人養護中心)_財團法人高雄市私立典寶社會福利慈善事業基金會(高雄市明山慈安居老人養護中心),其他
f8080e06-feaf-4c95-8c31-758e96d1c3d4,財團法人高雄市私立慈聯社會福利基金會-仁武區_財團法人高雄市私立慈聯社會福利基金會-仁武區,其他
3dc6a082-9169-4304-acbc-d10711983768,財團法人高雄市私立慈聯社會福利基金會-鳳山區_財團法人高雄市私立慈聯社會福利基金會-鳳山區,其他
221cdcb8-8bea-4a69-a7c4-ab9d35cf2311,財團法人高雄市私立松泰社會福利慈善事業基金會_財團法人高雄市私立松泰社會福利慈善事業基金會,其他
101493e3-6099-4ea1-aa61-107520570fa3,財團法人高雄市私立萃文書院社會福利慈善事業基金會附設高雄市私立萃文佛恩養護院_財團法人高雄市私立萃文書院社會福利慈善事業基金會附設高雄市私立萃文佛恩養護院,其他
a75f68b3-b536-480e-b518-d3d5f4659398,財團法人高雄市私立萃文書院社會福利慈善事業基金會附設高雄市私立萃文佛恩養護院_財團法人高雄市私立萃文書院社會福利慈善事業基金會附設高雄市私立萃文佛恩養護院,其他
066efbf1-49d8-4c47-93f9-520cd25ec93e,財團法人高雄市華仁慈善事業基金會_財團法人高雄市華仁慈善事業基金會,其他
824707a9-7704-4a20-916b-17546a5f04d2,財團法人高雄市郭吳麗珠社會福利慈善事業基金會-苓雅區_財團法人高雄市郭吳麗珠社會福利慈善事業基金會-苓雅區,其他
0490e5ea-5559-47bd-8277-1bb311c6cffe,財團法人高雄市郭吳麗珠社會福利慈善事業基金會-鳳山區_財團法人高雄市郭吳麗珠社會福利慈善事業基金會-鳳山區,其他
a7cb88cf-a214-4c39-bd41-69fc27f113ba,財團法人高雄市郭吳麗珠社會福利慈善事業基金會長青五甲多元照顧中心_財團法人高雄市郭吳麗珠社會福利慈善事業基金會長青五甲多元照顧中心,其他
dead4c67-4383-46a4-8f0d-e6f9b9164dcf,財團法人高雄縣私立仁祿社會福利慈善事業基金會_財團法人高雄縣私立仁祿社會福利慈善事業基金會,其他
c2aa7c0a-febf-404d-85bf-bb2e5315942b,財團法人高雄縣私立佳賢社會福利慈善事業基金會_財團法人高雄縣私立佳賢社會福利慈善事業基金會,其他
e527a526-39b3-4548-bd19-46547854c4ad,財團法人高雄縣私立典寶社會福利慈善事業基金會_財團法人高雄縣私立典寶社會福利慈善事業基金會,其他
46df5475-78dd-491e-bd56-d11acd1ce970,財團法人高雄縣私立博愛社會福利基金會_財團法人高雄縣私立博愛社會福利基金會,其他
59f4d0bf-4e67-4dc2-b29c-ba1349640559,財團法人高雄縣私立天聖社會福利慈善事業基金會_財團法人高雄縣私立天聖社會福利慈善事業基金會,其他
f8d0e4d8-37bc-4ab3-9b16-bafcedd64b2b,財團法人高雄縣私立天臺聖宮社會福利慈善事業基金會_財團法人高雄縣私立天臺聖宮社會福利慈善事業基金會,其他
e08f231d-1187-462a-8876-062debe74b8b,財團法人高雄縣私立寶光建德社會福利慈善事業基金會_財團法人高雄縣私立寶光建德社會福利慈善事業基金會,其他
f5d8a5cd-f0f0-4cd3-b2cb-d6252a546dc1,財團法人高雄縣私立康和社會福利慈善事業基金會_財團法人高雄縣私立康和社會福利慈善事業基金會,其他
173199ea-4d2d-4cf1-9a23-05ca7cfd6014,財團法人高雄縣私立建德社會福利慈善事業基金會_財團法人高雄縣私立建德社會福利慈善事業基金會,其他
fa01a687-e49e-4b6b-8fe0-d01a25dd4d1a,財團法人高雄縣私立張簡秋風社會福利慈善事業基金會_財團法人高雄縣私立張簡秋風社會福利慈善事業基金會,其他
ae250b52-5f87-454a-9ac3-dacf62e1bd1b,財團法人高雄縣私立慈惠社會福利慈善事業基金會_財團法人高雄縣私立慈惠社會福利慈善事業基金會,其他
af1ad838-d335-4247-888b-778c62d4208a,財團法人高雄縣私立慈聯社會福利基金會_財團法人高雄縣私立慈聯社會福利基金會,其他
a157b0a6-a627-4f20-8133-d98c5e54f29c,財團法人高雄縣私立星星兒社會福利基金會_財團法人高雄縣私立星星兒社會福利基金會,其他
d89bb3a6-9d85-4a20-9a17-7d8f3d277657,財團法人高雄縣私立林柔蘭社會福利慈善事業基金會_財團法人高雄縣私立林柔蘭社會福利慈善事業基金會,其他
d9ff9977-97d4-4e68-8cc5-49a4a7b21ee5,財團法人高雄縣私立洪賴金珠社會福利慈善事業基金會_財團法人高雄縣私立洪賴金珠社會福利慈善事業基金會,其他
cef2eaf3-b80c-4eb0-b277-bd00d928bfdf,財團法人高雄縣私立淨覺社會福利慈善事業基金會_財團法人高雄縣私立淨覺社會福利慈善事業基金會,其他
05ce75d9-62c6-4347-b0b8-b992ec64d7f3,財團法人高雄縣私立營光林金川社會福利基金會_財團法人高雄縣私立營光林金川社會福利基金會,其他
c841b3d2-a998-4a50-9b1f-e030d5cc92eb,財團法人高雄縣私立王寶貴女士社會福利慈善事業基金會_財團法人高雄縣私立王寶貴女士社會福利慈善事業基金會,其他
976a050a-4073-4fe8-af6d-baec0d1e0fcb,財團法人高雄縣私立群武社會福利慈善事業基金會_財團法人高雄縣私立群武社會福利慈善事業基金會,其他
8fd28981-acfb-4c1b-8c05-8643be3f91da,財團法人高雄縣私立聖和社會福利慈善事業基金會_財團法人高雄縣私立聖和社會福利慈善事業基金會,其他
9a67c57a-16a1-4092-afeb-4a5467c63524,財團法人高雄縣私立育世社會福利慈善事業基金會_財團法人高雄縣私立育世社會福利慈善事業基金會,其他
02513073-b0c9-4732-808b-b7ceee278e8c,財團法人高雄縣私立興毅純陽聖道院社會福利慈善事業基金會_財團法人高雄縣私立興毅純陽聖道院社會福利慈善事業基金會,其他
0cf595b8-81d8-4781-a16f-dec82cb6dd8b,財團法人高雄縣私立萃文書院社會福利慈善事業基金會_財團法人高雄縣私立萃文書院社會福利慈善事業基金會,其他
3ece56e4-68f8-4b27-bfe4-a849211ba4de,財團法人高雄縣私立蘇旺社會福利慈善事業基金會_財團法人高雄縣私立蘇旺社會福利慈善事業基金會,其他
60cac08f-f7fe-43e5-8aea-d86168fb6749,財團法人高雄縣私立載道社會福利慈善事業基金會_財團法人高雄縣私立載道社會福利慈善事業基金會,其他
3382d935-7fc8-4ca9-a264-b66f0d3bbddd,財團法人高雄縣私立長安社會福利慈善事業基金會_財團法人高雄縣私立長安社會福利慈善事業基金會,其他
b698d1a8-118f-4feb-a5cd-e18ff5db0850,財團法人高雄銀行社會福利慈善基金會_財團法人高雄銀行社會福利慈善基金會,其他
1364d18c-2860-4701-ae74-5fbaf4ae505a,財團法人鴻彬教育基金會-北區_財團法人鴻彬教育基金會-北區,其他
e343fb92-3341-4640-9327-df47efaaf1cf,財團法人鴻彬教育基金會-南區_財團法人鴻彬教育基金會-南區,其他
2c3812e0-1d29-4d0f-ba3f-6fc197faaded,財團法人鹿野苑慈善事業基金會_財團法人鹿野苑慈善事業基金會,其他
8bca3051-bc5e-4f8b-b9be-a6026b0a8df4,財團法人麥當勞叔叔之家兒童慈善基金會_財團法人麥當勞叔叔之家兒童慈善基金會,其他
38eb22b7-2463-4eb2-8a9c-b414654a012e,財團法人黃文獻慈善事業基金會_財團法人黃文獻慈善事業基金會,其他
a5ec1919-c8f6-4180-8d9c-980fb8f484ce,財團法人黃氏慈善公益事業基金會_財團法人黃氏慈善公益事業基金會,其他
c843cd2a-69bb-4c29-99e0-fe4a67020a4d,財團法人黃清標慈善基金會_財團法人黃清標慈善基金會,其他
cd85a0c0-7414-4176-a11c-1573e54d61c0,財團法人黃烈火社會福利基金會_財團法人黃烈火社會福利基金會,其他
85cdd145-bac0-4963-9059-b6ccaa53dfcd,財團法人黃秋茂私立秋茂園社會福利慈善基金會_財團法人黃秋茂私立秋茂園社會福利慈善基金會,其他
9dc070d0-74ac-4c63-aeb6-e6ff7c18a4c8,財團法人龍巖社會福利慈善事業基金會_財團法人龍巖社會福利慈善事業基金會,其他
065b4004-93f5-4c2d-82c8-c55679089457,財團法人龍顏基金會_財團法人龍顏基金會,其他
a26d8894-acb9-424e-8729-f3b0908793c8,貢寮長照_貢寮長照,其他
42f426ee-33c6-4ce9-97ba-2858cf3ba661,軒長掛肚有限公司_軒長掛肚有限公司,其他
4d5ef61a-8ce9-4176-a1a4-e63a9eea0733,軒鴻實業有限公司_軒鴻實業有限公司,其他
ffbee5d9-2b83-48cf-9dc6-b1222228e16d,陞泰科技股份有限公司_陞泰科技股份有限公司,其他
52069ebb-a3b3-41ff-8668-e0c22bd8e7be,馬偕紀念醫院新竹分院_馬偕紀念醫院新竹分院,其他
4cc636e7-b0fc-45a5-b6c2-4ce5e1804968,馬偕紀念醫院臺東分院_馬偕紀念醫院臺東分院,其他
1789f441-974b-4c0c-8b70-246b6f6869d8,馬偕醫院台東分院_馬偕醫院台東分院,其他
72bc4e7b-dc84-4671-a3ee-d69849e9cdc0,馬偕醫院新竹分院_馬偕醫院新竹分院,其他
f5f86577-f0a0-4758-9c80-35685bcc771d,馬偕醫院淡水分院_馬偕醫院淡水分院,其他
05a479c9-1714-4971-9886-cf4f71f5fb8f,馬公市五德里社區發展協會_馬公市五德里社區發展協會,其他
c4709d1c-0e02-49ea-94d3-3c41320e7571,馬公市菜園里社區發展協會_馬公市菜園里社區發展協會,其他
19ba96d1-12e9-44d5-a77d-4c700e241f00,馬祥長期照顧服務協會_馬祥長期照顧服務協會,其他
840a6654-1c2c-40a9-b4b7-65276f57eeb6,高健診所_高健診所,其他
89ce5f67-9565-4940-8b70-216d9a5c9675,高力熱處理工業股份有限公司_高力熱處理工業股份有限公司,其他
1a33fdeb-ca52-4c66-903e-d75edfd9432f,高品診所_高品診所,其他
afd4b6d2-a20e-452b-84be-a0818eee53c9,高士振診所_高士振診所,其他
d762d0af-0675-48e2-8122-44211be96c28,高林股份有限公司_高林股份有限公司,其他
482a91ef-db61-4f79-bda7-1f4d3feb8361,高盛電子科技股份有限公司_高盛電子科技股份有限公司,其他
18336f0c-a1a4-4a82-a7d8-766e4e14d646,高美內科診所_高美內科診所,其他
2d8c4fce-d41f-4850-9beb-0d9410ae316f,高茂診所_高茂診所,其他
9a67e03d-b54a-4a84-88d8-866e73caca64,高鋒工業股份有限公司_高鋒工業股份有限公司,其他
42a172ea-97ec-46f3-a994-df66e9ea767d,高雄三山脊損重建協會_高雄三山脊損重建協會,其他
774484d4-fd37-4dd8-9887-be5e5f5c5a7d,高雄塑酯化學股份有限公司_高雄塑酯化學股份有限公司,其他
d13019d4-97d7-43f2-82da-b9b8d3a4a715,高雄宏明醫院_高雄宏明醫院,其他
b257d560-78af-484f-aeb5-be9de412ba32,高雄宗禾診所_高雄宗禾診所,其他
d9b80eec-5ad1-45da-b221-c8ff1f87afa0,高雄富國製衣股份有限公司_高雄富國製衣股份有限公司,其他
b7443b71-7a68-4d99-ab61-9cea03326f50,高雄市內門區內豐社區發展協會_高雄市內門區內豐社區發展協會,其他
1e9b01f5-b341-46dc-aa08-00026f33b288,高雄市博愛馨關懷慈善會_高雄市博愛馨關懷慈善會,其他
baa6f503-0a94-427b-8600-abdb10a806ae,高雄市左營區果峰長青社區發展協會_高雄市左營區果峰長青社區發展協會,其他
3f851636-0e3b-40f3-bbc9-4f4a2aa0097a,高雄市政府長照科_高雄市政府長照科,其他
5357889b-ad98-4045-8a5b-4d83dc74fea9,高雄市燭光協會_高雄市燭光協會,其他
b36bb4c5-12ae-45fb-ac25-eb94d789ce33,高雄市立凱旋醫院附設大寮康復之家_高雄市立凱旋醫院附設大寮康復之家,其他
4ce26269-91af-4f2c-b9eb-7f47cada5ff0,高雄市立凱旋醫院附設康復之家_高雄市立凱旋醫院附設康復之家,其他
001e06d6-ec85-4f17-ac05-72975058346a,高雄市立凱旋醫院附設社區復健中心_高雄市立凱旋醫院附設社區復健中心,其他
a2da4a8d-3aa2-463f-94b5-0a771b9eba57,高雄市立聯合醫院大同院區_高雄市立聯合醫院大同院區,其他
2830af7b-ad5e-49ac-8302-efe85656ef79,高雄市立聯合醫院美術館院區_高雄市立聯合醫院美術館院區,其他
b6c30376-266f-43d8-94fa-262c2432e232,高雄市腦麻協會_高雄市腦麻協會,其他
cb8c0a78-8e31-431a-8239-cc459f143083,高雄市鹽埕社區式長照機構_高雄市鹽埕社區式長照機構,其他
aa271be9-40c4-49b1-90fe-4088ca91b896,高雄新高鳳醫院_高雄新高鳳醫院,其他
a4f7a8c3-4a42-43ac-9b35-73e478675f20,高雄晶傑達光電科技股份有限公司_高雄晶傑達光電科技股份有限公司,其他
af2e9b40-0c91-4bdf-9084-e21953a0c6a2,高雄榮民總醫院附設紅樓社區復健中心_高雄榮民總醫院附設紅樓社區復健中心,其他
c21c6525-e636-406d-81b2-97b3132bac29,高雄茂林衛生所_高雄茂林衛生所,其他
0e44c03b-5542-4313-ad2e-932749e871f0,高雄那瑪夏衛生所_高雄那瑪夏衛生所,其他
03dadaee-40fe-40f5-a372-62fff2446885,高雄醫學大學附設中和紀念醫院_中和紀念醫院,其他
cc56eee2-e821-4faa-808a-e7506fd99b06,高雄醫學大學附設醫院_高雄醫學大學附設醫院,其他
5250c215-17b2-4c11-88a2-b99082457cf2,高雄長庚醫院_高雄長庚醫院,其他
fcaa14b0-3d26-472c-9598-62dfff291993,高雄鳳新老人養護中心_高雄鳳新老人養護中心,其他
18e36b9a-a8e0-404e-85e7-0290813b990c,偉全實業股份有限公司_偉全實業股份有限公司,其他
217fcba4-4c49-489e-8d8a-44263464ce4a,偉訓科技股份有限公司_偉訓科技股份有限公司,其他
c9fbfb09-b5d3-46e6-b044-08fd933263be,健仁醫院_健仁醫院,其他
f93dfac1-03af-415c-aace-1b652bdf8aff,健和興端子股份有限公司_健和興端子股份有限公司,其他
32979485-3fa3-4da6-8711-511bd4889d1e,健安內科診所_健安內科診所,其他
b784b5a2-edbf-428e-8fbf-70237061a25a,健安養護中心_健安養護中心,其他
1cb32f04-34a6-4a9e-8f3c-3b059a2ad8ee,健康護理之家_健康護理之家,其他
2f870d42-0384-4181-9ece-4b27ed3d5009,健復老人長期照顧中心_健復老人長期照顧中心,其他
55e29f9e-676f-4955-ba58-fad851b56eac,健復長照_健復長照,其他
37c6a20d-664e-4a04-accd-207e3c83a9b4,健新內科診所_健新內科診所,其他
1ba9ef4c-d033-4931-9edf-2843ad41a711,健新復健科診所_健新復健科診所,其他
ed98039b-5edf-48c0-a22d-a261e5e44406,健民養護中心_健民養護中心,其他
77718ccb-baf9-4d40-94fb-2aea94f8a894,健策精密工業股份有限公司_健策精密工業股份有限公司,其他
1a7b8530-e589-469e-a6da-d671d4247467,健聖診所_健聖診所,其他
bcbe46ce-4adf-45cd-9ffa-da3423197212,健豐社區長照機構_健豐社區長照,其他
84db334c-b88d-4f35-8ee5-f567b8528dfb,健順養護中心_健順養護中心,其他
f7236e11-adf1-4956-8b65-a4dd172cdaa7,健鼎科技股份有限公司_健鼎科技股份有限公司,其他
1dc82a92-3af8-4c1f-8617-578580c2f5fd,國仁醫院_國仁醫院,其他
713076cf-045f-4d0f-ad1c-dc9209cd05db,國喬石油化學股份有限公司_國喬石油化學股份有限公司,其他
cf5fcfe6-e56e-449e-a308-422b6b450d22,國城診所_國城診所,其他
00e453ef-c883-446f-b7ae-beeb4a94986b,國安診所_國安診所,其他
9f05d847-1688-47c3-9a0b-1e64646355d6,國宏股份有限公司_國宏股份有限公司,其他
a150597e-b5e9-48bf-aabf-fdde059ae34b,國巨股份有限公司_國巨股份有限公司,其他
8d706902-6892-4309-ae2f-1f09aa14c454,國慶化學股份有限公司_國慶化學股份有限公司,其他
7f39d363-bbc0-4dfb-a159-8e7544d211f8,國泰綜合醫院新竹分院_國泰綜合醫院新竹分院,其他
a2755c27-afae-4512-8ebc-22809c4e6180,國泰綜合醫院汐止分院_國泰綜合醫院汐止分院,其他
bb82dcac-2ecd-486e-9e13-774c33eaf9b0,國泰醫院_國泰醫院,其他
07f3b3c7-a809-4f7a-96bb-8e8215f1425f,國泰醫院新竹分院_國泰醫院新竹分院,其他
94b40a6d-f0e2-4297-bb7e-45ea12dd2fe4,國瑞汽車股份有限公司_國瑞汽車股份有限公司,其他
4928b47d-5a2b-4f2a-87d1-f108a7f6fdf3,國產實業建設股份有限公司_國產實業建設股份有限公司,其他
339dd5b0-f43c-41b7-aa40-aa4cba817193,國碩科技工業股份有限公司_國碩科技工業股份有限公司,其他
780c27de-af8b-45ce-a378-451e43498e1a,國立台灣大學醫學院附設醫院雲林分院_國立台灣大學醫學院附設醫院雲林分院,其他
59f18cd9-88d2-4af1-8681-ed0e3db298b0,國立成功大學醫學院附設醫院斗六分院-中山路_國立成功大學醫學院附設醫院斗六分院-中山路,其他
6b8b89aa-9bdf-4837-883c-b628473328e8,國立成功大學醫學院附設醫院斗六分院-莊敬路_國立成功大學醫學院附設醫院斗六分院-莊敬路,其他
7826f28a-7a22-4210-b418-d60dc3b24b25,國立成功大學醫學院附設醫院精神部社區復健中心_國立成功大學醫學院附設醫院精神部社區復健中心,其他
65079639-6982-40fd-8250-9ed61a737921,國立臺灣大學醫學院附設醫院雲林分院：斗六院區_國立臺灣大學醫學院附設醫院雲林分院：斗六院區,其他
97685f21-81bb-459a-b0bb-a1dbefad7100,國立陽明大學附設醫院_國立陽明大學附設醫院,其他
345b04e1-5e07-42f5-a3dd-d32363c2e531,國精化學股份有限公司_國精化學股份有限公司,其他
eed6df08-a0cf-4f3d-a62e-7778a0801b57,國興畜產股份有限公司_國興畜產股份有限公司,其他
67fec469-f647-4259-8e93-6609ecc8ce47,國軍台中總醫院_國軍台中總醫院,其他
3a1f7062-08c9-47b1-95ed-24cfda53067d,國軍台中總醫院中清院區_國軍台中總醫院中清院區,其他
24232b22-3698-40c3-b792-ba71c5f0053f,國軍台中總醫院附設民眾診療服務處_國軍台中總醫院附設民眾診療服務處,其他
0679e765-88d0-43fd-9eaa-d16b00374525,國軍岡山醫院_國軍岡山醫院,其他
f677d354-f171-414d-9198-05863a096b82,國軍岡山醫院_國軍岡山醫院,其他
33484159-b094-4464-be61-5c76c7c311ab,國軍左營醫院_國軍左營醫院,其他
1819d3f1-0020-43aa-920c-32c23fb509ff,國軍新竹醫院_國軍新竹醫院,其他
4edeab1e-44ad-4638-a739-e4ea16a5b668,國軍松山總醫院_國軍松山總醫院,其他
662b5455-fd07-4bf8-8e0f-d839746b96d2,國軍桃園總醫院_國軍桃園總醫院,其他
10c8f048-df87-4e01-b935-5d5e1d390433,國軍高雄總醫院_國軍高雄總醫院,其他
958c2121-3101-4cfa-a1aa-044e01667490,國軍高雄總醫院_國軍高雄總醫院-洗腎中心,其他
cd062621-b9f7-4fce-a1f9-42b254e75e36,國軍高雄總醫院屏東分院_國軍高雄總醫院屏東分院,其他
9e59b80d-d62d-453a-a07b-3e65cd49c705,國軍高雄總醫院左營分院日間照顧中心_國軍高雄總醫院左營分院日間照顧中心,其他
21096c06-25a8-4e8f-8c3f-f9fba68e45fa,國軍高雄總醫院左營分院附設民眾診療服務處_國軍高雄總醫院左營分院附設民眾診療服務處,其他
1b7d4e8c-049e-4a0d-90e9-c644f670bdf9,國軍高雄總醫院附設民眾診療服務處附設社區復健中心_國軍高雄總醫院附設民眾診療服務處附設社區復健中心,其他
cdc6dc51-534f-42a1-86cb-b6031a859f48,國軍高雄總醫院附設民眾診療服務處附設蘭園康復之家_國軍高雄總醫院附設民眾診療服務處附設蘭園康復之家,其他
f2ec3ca5-cade-4683-b8e9-943f9b9ff080,國際蘭馨交流協會_國際蘭馨交流協會,其他
5cca5771-0b14-4fb7-b103-ecb7a45d6236,基盛(開曼)控股股份有限公司_基盛(開曼)控股股份有限公司,其他
8d78b466-4b91-4c7d-bfee-8a2de08f295e,基督復臨安息日會醫療財團法人臺安醫院_基督復臨安息日會醫療財團法人臺安醫院,其他
098f0001-5e51-46e4-9fa4-9ef473984d56,基金會_v財團法人台中市私立基督教台安社會福利慈善事業基金會,其他
32d05767-ef10-4aa6-80a8-d638e2f24a75,基金會_一粒麥子基金會台南中心,其他
d305d059-67d3-4cb1-97f0-df45f060eb7c,基金會_三玉,其他
cc4a3d49-450a-4ff3-bc44-f3566408c136,基金會_中視,其他
f9e4eb42-e5cf-4387-b6a4-47afbafb6f5c,基金會_台南美善基金會,其他
9a5ba53b-55a9-4d45-9e9c-4647e84e6304,基金會_安道基金會,其他
1f5383b7-eea8-46f9-8c83-6d6d1fd0bfe4,基金會_枝茂社會福利慈善事業基金會,其他
db4ab330-5b30-4404-98e3-d8e2829a434b,基金會_社團法人台中市大恆樂齡協會,其他
68174e9c-66af-42dc-a55d-0dfda849029b,基金會_社團法人台灣福氣社區關懷協會,其他
9952cdb0-c302-401a-b6fc-4e6f4485601c,基金會_俊逸慈善基金會,其他
a79db3d2-58b6-4a86-beec-92578428f79a,基金會_財團法人OMG關懷社會愛心基金會,其他
7987d231-a53a-4e93-b5cd-9b376594b96d,基金會_財團法人一粒麥子社會福利慈善事業基金會-寧波街,其他
c29cb02c-e4d3-4e76-b183-b3d7c5458a10,基金會_財團法人一粒麥子社會福利慈善事業基金會-開封街,其他
d73c7a71-b639-411e-a51d-cba4bf150a38,基金會_財團法人上海商業儲蓄銀行慈善基金會,其他
112d69b7-0cdd-4b9e-970c-5790581abecd,基金會_財團法人世豐善智慈善事業基金會,其他
38b5b156-9aee-4350-8f79-f8e6edebf883,基金會_財團法人中保關懷社會福利基金會,其他
44d9e115-69d2-4fe1-9b4e-8324fb5e75c4,基金會_財團法人中國信託慈善基金會,其他
1d43d2bd-b3b4-475f-9dc8-f7d4c0035041,基金會_財團法人中國國民黨身心障礙者保護基金會,其他
ecdaa877-1360-4c61-b480-a63be9ab17f4,基金會_財團法人中華啟能基金會,其他
c5b9cc13-ab84-4657-b570-13ed0b04f3d8,基金會_財團法人中華文化社會福利事業基金會,其他
653ed298-22fd-4891-bc77-e5ad31dccfb3,基金會_財團法人中華民國佛教慈濟慈善事業基金會,其他
6989dc3e-61ed-4fc1-bd53-2825d40e483b,基金會_財團法人中華民國大同老人福利基金會,其他
237e14ad-784f-4fea-81b1-86212cb38048,基金會_財團法人中華民國婦聯社會福利基金會,其他
6adcae28-e124-4348-8a51-f2fa215ff3b4,基金會_財團法人中華民國福建省金門縣愛心慈善事業基金會,其他
4fe9f26c-d3e1-4ec3-9706-b6d8933a4c0d,基金會_財團法人中華社會福利基金會,其他
cd891552-2cce-4e3c-924e-f9ca8a9515fc,基金會_財團法人中視慈善愛心基金會,其他
3f167210-fdfb-492c-9d32-de0afbfdb64b,基金會_財團法人京城社會福利慈善事業基金會,其他
5a6d9e49-e805-4e7f-a2ed-182bd3e237b4,基金會_財團法人人安社會福利慈善事業基金會,其他
6fa1a3bf-1019-41a9-80e1-6265e7600259,基金會_財團法人今光愛心社會福利慈善事業基金會,其他
03f748d7-0b5d-4720-81dc-22a498aa6cbf,基金會_財團法人介惠社會福利慈善基金會,其他
511dfaa6-3605-44b9-991c-c98bff101429,基金會_財團法人仕招社會福利慈善事業基金會,其他
6582ae81-0875-4a73-a960-8a6bdec7304c,基金會_財團法人仲祥社會福利慈善事業基金會,其他
f3c53b59-1bf4-47a0-bfae-b76bdef38a8b,基金會_財團法人伊甸社會福利基金會,其他
062519c0-433c-4b90-ab1b-e64bdc41b2f1,基金會_財團法人伊甸社會福利基金會 三峽,其他
2f14e47c-174f-48b1-b84d-8be733b9fdf8,基金會_財團法人伊甸社會福利基金會桃園分事務所,其他
b6925463-afcd-4ee6-b213-87a11c19f47a,基金會_財團法人佛光山慈悲社會福利基金會,其他
1b31420d-c530-484f-b145-571c51180500,基金會_財團法人佛教慈恩育幼基金會,其他
05b30196-25e7-4912-bd09-809b4aa9f58b,基金會_財團法人侯政廷公益事業基金會,其他
d8e48502-6357-4834-b9ea-bd633b59e0ad,基金會_財團法人傳咸慈善公益基金會,其他
62963bf0-a5c2-4756-a3e2-203ad711d365,基金會_財團法人傳愛社會福利慈善基金會,其他
a6ae370c-cbd9-4a70-81aa-7535b202fa2f,基金會_財團法人兆豐慈善基金會,其他
ba6a12db-9f81-4db9-907c-abf58fed57b8,基金會_財團法人全成社會福利基金會,其他
07b4ece0-129b-41a9-83c6-417b992c9373,基金會_財團法人全聯慶祥慈善事業基金會,其他
b80dc08b-b5df-4881-b463-d6f439b180e2,基金會_財團法人再好社會福利事業基金會,其他
9c3a9367-89e3-44e4-bb48-fc5870205581,基金會_財團法人切膚之愛社會福利慈善事業基金會,其他
0700f253-8f45-4a2d-b912-8728144d322e,基金會_財團法人利河伯社會福利基金會,其他
7986ebfe-c360-4f95-9947-ae1fe4c4b0b1,基金會_財團法人創世社會福利基金會,其他
67690363-2e94-4b55-9164-271330599fc1,基金會_財團法人創世社會福利基金會嘉義分事務所,其他
420b963d-2919-4b60-8518-c94b243c0807,基金會_財團法人力鋼社會福利慈善基金會,其他
11a8df43-1a02-4f22-90ab-a478c7ccd6fc,基金會_財團法人功學社關係企業社會福利基金會,其他
4385d3f1-9115-4d31-b670-7dea106ac750,基金會_財團法人勵馨社會福利事業基金會,其他
677596c7-6978-424c-a87d-1bf1baa18ba6,基金會_財團法人化英慈善事業基金會,其他
576e9599-dde9-4247-b25c-fb01dcdd0dd7,基金會_財團法人北縣私立林木社會福利慈善事業基金會,其他
5079ec4d-e28a-47d4-a48a-fa97f9d8f88d,基金會_財團法人千佛山慈善基金會,其他
ce579280-ccc4-4605-bd88-05dff3727119,基金會_財團法人南山人壽慈善基金會,其他
7bda6e4d-1965-4160-ba0f-4139563abc01,基金會_財團法人南投縣伽利終生關懷社會福利基金會,其他
4c75078e-8a3e-45de-8a2f-0e38d967b0b9,基金會_財團法人南投縣私立傑瑞社會福利基金會,其他
68bb746c-e2d4-4c7a-a710-b44eee42e307,基金會_財團法人南投縣私立劉秀忍社會福利基金會,其他
3d52aa30-3903-4d54-970c-d096af2337f8,基金會_財團法人南投縣私立聖音慈善基金會,其他
aef119a2-35a4-4ee4-8203-1910857ef19f,基金會_財團法人南投縣私立郭全源社會福利基金會,其他
08c2862c-2174-4271-ae9d-73f1ee4a1442,基金會_財團法人博幼社會福利基金會,其他
acab3a1a-ccea-457b-884e-6208373fde9e,基金會_財團法人博愛社會福利慈善事業基金會,其他
5c7c78a6-25e5-4f42-9732-90a207fd491f,基金會_財團法人台中市私立中七合作社社會福利慈善事業基金會,其他
30759b8d-41c8-47e4-a4e0-8d5af21cb574,基金會_財團法人台中市私立中國兒童福利慈善事業基金會,其他
f3518904-eb2f-49ae-95be-474ebd6dae47,基金會_財團法人台中市私立中杏社會福利基金會,其他
71f946f4-b47f-4364-b378-a72ae1b221c1,基金會_財團法人台中市私立仁愛社會福利慈善事業基金會,其他
248895e4-9635-42ab-8530-dde489e12ad3,基金會_財團法人台中市私立健康社會福利慈善事業基金會,其他
c869b21e-7d4e-4616-a1bb-634de4a66449,基金會_財團法人台中市私立傳統慈善基金會,其他
09088c43-b8a0-490e-a6af-0836cf0e20a8,基金會_財團法人台中市私立博愛基金會,其他
576f0136-63c8-4494-b344-d334c8106c07,基金會_財團法人台中市私立台中中學紀念基金會,其他
8cbca855-9229-4f3b-8f1d-f11767bdd979,基金會_財團法人台中市私立合同社會福利慈善事業基金會,其他
e6c4f33f-2e37-496d-b54b-c72610c84871,基金會_財團法人台中市私立壽翁德富慈善基金會,其他
f8fbcace-075a-46e8-bfb0-d06f33e96465,基金會_財團法人台中市私立大同社會福利慈善事業基金會,其他
4cdad91f-4d8d-43d0-98eb-df06d81f2b26,基金會_財團法人台中市私立天生慈益基金會,其他
4d4df226-4ab1-4a91-914b-f37d08b8f2ff,基金會_財團法人台中市私立宏恩社會福利慈善基金會,其他
39ae1859-3927-4fd6-8f94-1e52cecdfcaf,基金會_財團法人台中市私立尚欽基金會,其他
7c303041-74c8-4d6e-a7e3-dda1a0061d57,基金會_財團法人台中市私立弘道老人福利基金會,其他
0ef7251e-d9ff-4bfe-8510-70bcab5fa8c7,基金會_財團法人台中市私立張光裕堂慈善會,其他
4dd10476-8120-4b31-a46f-4c370c9e1526,基金會_財團法人台中市私立張秀菊社會福利慈善事業基金會,其他
99a556d1-b9cb-4404-9e0a-b52655a83f78,基金會_財團法人台中市私立惠康醫療救濟基金會,其他
3eb91710-4ed1-45e8-86ee-423ce95bd81e,基金會_財團法人台中市私立慈光社會福利慈善事業基金會,其他
77256879-b94f-434f-b889-c2000d525f91,基金會_財團法人台中市私立慶炎慈善會,其他
1aca7db1-ae6b-456c-ae9b-914b327876ec,基金會_財團法人台中市私立振鋒慈善事業基金會,其他
7f59377a-a9f0-4104-9c8d-cb24143ec6f3,基金會_財團法人台中市私立文英基金會,其他
c0ba9b59-ed0d-47ce-8f17-989a655a1a2b,基金會_財團法人台中市私立松林社會福利慈善事業基金會,其他
b0f50c03-4ba4-4340-9e22-795de31293d4,基金會_財團法人台中市私立林業生社會福利慈善事業基金會,其他
874b678c-7ec3-46f0-bfe8-9f799c3fb1b1,基金會_財團法人台中市私立歐氏社會福利慈善事業基金會,其他
da79ba0b-a908-49ba-adda-213991f3caba,基金會_財團法人台中市私立永耕社會福利基金會,其他
31d485f2-8db6-4143-a2d5-a8226959c97b,基金會_財團法人台中市私立無極證道院社會福利慈善基金會,其他
6bbbd061-802b-42c6-9f94-74df3f4455a2,基金會_財團法人台中市私立瑞健福利慈善事業基金會,其他
c040ea82-5df6-47d6-9793-df95df382ca3,基金會_財團法人台中市私立瑞光基金會,其他
71e24666-9c34-4b99-9839-4f3c6a9ccbaf,基金會_財團法人台中市私立甘霖社會福利慈善事業基金會,其他
a75f2418-7527-4e59-b524-bdec95debf90,基金會_財團法人台中市私立百齡社會福利事業管理會,其他
47461415-d08b-4720-a935-5ff12d14b8b9,基金會_財團法人台中市私立素貞興慈會,其他
d7387e14-4dd5-43ad-92b9-79969b31b05e,基金會_財團法人台中市私立群園社會福利慈善事業基金會,其他
901ad07d-8644-48f5-9bd6-cb59c7fb1f6c,基金會_財團法人台中市私立蓮友慈益基金會,其他
ed8a8263-41ee-4b2a-9595-9f8de396d9d8,基金會_財團法人台中市私立蔡火傳、蔡陳端社會福利慈善事業基金會,其他
befe00b9-41ab-4edf-bff7-646e2bde8df6,基金會_財團法人台中私立欣欣社會福利慈善事業基金會,其他
aecc2904-c4c5-436b-9b81-c160f15ef888,基金會_財團法人台中縣921震災重建基金會,其他
03eaf3f2-99e1-4c5e-accb-db48b8389d18,基金會_財團法人台中縣私立佑安社會福利慈善事業基金會,其他
5a4b3ba7-0915-44ff-975c-51ffa436d3c4,基金會_財團法人台中縣私立公老坪社會福利慈善基金會,其他
1dde9c32-5d92-4054-9a7a-42ff3fc36760,基金會_財團法人台中縣私立博愛社會福利慈善事業基金會,其他
9cce2ffa-9ace-40a0-9ebc-8c08e6cbcf66,基金會_財團法人台中縣私立大度山社會福利慈善事業基金會,其他
3f0ab9b8-3dc8-42b4-9cec-5a86be70467a,基金會_財團法人台中縣私立大慈社會福利慈善事業基金會,其他
d12d31c6-e79b-48a5-b38b-5f76318789b1,基金會_財團法人台中縣私立天順社會福利慈善事業基金會,其他
16bbc9b6-eee7-4279-a180-6c3bb90e0557,基金會_財團法人台中縣私立安信社會福利慈善事業基金會,其他
c3bdc547-5b49-4086-a20f-decef0649748,基金會_財團法人台中縣私立廖繼誠社會福利慈善基金會,其他
29e3841d-7d50-4d06-8f6c-b4cabe1cda75,基金會_財團法人台中縣私立廣亮社會福利慈善事業基金會,其他
e84466ef-60de-4658-b2ed-4a1cf266589e,基金會_財團法人台中縣私立廣達社會福利慈善事業基金會,其他
fd91b9b4-0197-46be-8c1e-4518e3374458,基金會_財團法人台中縣私立弘毓社會福利慈善事業基金會,其他
65d08951-4350-44ed-a5af-bed8ef8a0adf,基金會_財團法人台中縣私立慈心社會福利慈善事業基金會,其他
ac46c56f-e55e-42e0-bb2b-49d32e47cc4f,基金會_財團法人台中縣私立懷恩社會福利慈善事業基金會,其他
2f374306-f990-482b-b446-32c3baa48350,基金會_財團法人台中縣私立明園社會福利慈善事業基金會,其他
72fb9343-f43e-4714-86f8-5068bbf09e27,基金會_財團法人台中縣私立春暉社會福利慈善事業基金會,其他
42f11a67-aa51-4acd-84fb-93198122a485,基金會_財團法人台中縣私立普濟社會福利慈善事業基金會,其他
857a905a-4520-4aa2-a36e-e2b73ef714ee,基金會_財團法人台中縣私立有美社會福利慈善事業基金會-太平區,其他
456489c4-6fc0-4cdc-af92-be63e84c6875,基金會_財團法人台中縣私立有美社會福利慈善事業基金會-豐原區,其他
a19f89ab-4ed2-414d-8edc-9e2a5dd7e085,基金會_財團法人台中縣私立東勢義渡社會福利基金會,其他
913c060f-4eb8-44d6-a418-1f9de30fb82b,基金會_財團法人台中縣私立榮富慈益基金會,其他
a8a299ba-8eeb-4869-bf8c-7f1d9b434c22,基金會_財團法人台中縣私立漢雲慈善會,其他
f7831122-e6ad-4e94-a639-78cb5b8f6d6b,基金會_財團法人台中縣私立精神衛生社會福利慈善事業基金會,其他
c005fc7d-8943-4280-bb29-a569d0db1ad1,基金會_財團法人台中縣私立群賢社會福利慈善事業基金會,其他
10bf737c-f23c-4c67-a573-80c5bbdd9b07,基金會_財團法人台中縣私立豐信社會福利慈善基金會,其他
cfa0f1b0-0919-4cbb-9e4d-eaaf1b5059d9,基金會_財團法人台中縣私立金栳社會福利基金會,其他
973983a3-5c5e-4dd6-9a95-255eb3f8f12b,基金會_財團法人台中縣私立銀同碧湖陳氏社會福利基金會,其他
057e9d41-1d1b-4ad0-b486-456adb7bd4dd,基金會_財團法人台中縣私立高林社會福利慈善事業基金會,其他
13ea3b69-eacc-485e-a446-ca50d4512399,基金會_財團法人台北富邦銀行公益慈善基金會,其他
1c831bdc-901f-46b8-8adf-0444d2ff80fb,基金會_財團法人台北市三寶社會福利基金會,其他
0af7168e-45c6-4f40-aaac-f591cd420407,基金會_財團法人台北市三德善會,其他
d0f92b48-b77b-469b-8c8d-b61da2a21f63,基金會_財團法人台北市中廣愛心園社會福利事業基金會,其他
89a5ba04-9cdb-46ad-b81c-470f97e6866c,基金會_財團法人台北市中華唇顎裂兒童基金會,其他
bf076f87-4f1e-407e-9103-f0e9e5b5d5f5,基金會_財團法人台北市仰德社會福利事業基金會,其他
356cee44-7853-41ac-8114-4d735155ff3f,基金會_財團法人台北市佛恩慈善基金會,其他
74e3881c-da15-497e-bf0c-9a19d4693c43,基金會_財團法人台北市偉慈善基金會,其他
fb8457b6-623c-46dc-9584-f30b19cbf700,基金會_財團法人台北市光明聖德基金會,其他
76ca7231-c23a-41bf-b62b-90717dc6624b,基金會_財團法人台北市光智社會事業基金會,其他
616720ad-a08e-45c6-8600-e7363f0b64de,基金會_財團法人台北市光泉關懷慈善基金會,其他
ff3d35ce-fcfa-4324-8f6a-afca0110c343,基金會_財團法人台北市六桂慈善基金會,其他
59886949-07f7-4a54-a038-959adb2dbeae,基金會_財團法人台北市劉氏社會福利事業基金會,其他
f6f5899b-9a60-4609-9473-857bf40970ba,基金會_財團法人台北市博愛福利基金會,其他
eb62a5c5-7fc6-423e-b0a0-9875aa170182,基金會_財團法人台北市友緣社會福利事業基金會,其他
2c2723a3-1966-427c-a0f3-0d0fd21f19e7,基金會_財團法人台北市友訊科技慈善基金會,其他
f5f84893-cb42-40c3-b8e3-98a933f03ba5,基金會_財團法人台北市呂守義慈善社會福利紀念基金會,其他
c668ca8b-31b6-4171-9e94-9927c3623822,基金會_財團法人台北市周火秋社會福利慈善事業基金會,其他
e0a0c029-6551-4c92-addb-bbea10230fcd,基金會_財團法人台北市和桂社會福利慈善事業基金會,其他
0a80df47-e99b-449a-912c-f333e6ec05aa,基金會_財團法人台北市基督徒救世會社會福利事業基金會,其他
e22b06b8-84f0-47ad-90a7-c17c5106c73e,基金會_財團法人台北市基督教婦女福利事業基金會,其他
55aa4209-1b63-4361-b545-952bbeaac09b,基金會_財團法人台北市大愛慈善事業基金會,其他
8bf31ded-be6b-49bd-806f-85b222858d33,基金會_財團法人台北市婦女救援社會福利事業基金會,其他
18ffbc33-156b-42e8-a8fd-809943d677e7,基金會_財團法人台北市崇善基金會,其他
1a1bb7c0-1aa2-4c92-9909-8e4c9767f4e6,基金會_財團法人台北市廖銘昆慈善事業基金會,其他
62e2a291-a022-4ef5-918e-01df61469153,基金會_財團法人台北市建大社會福利基金會,其他
297a5d3e-4bb4-4115-9435-e5b1ca7c44c8,基金會_財團法人台北市張炎虎社會福利基金會,其他
cf4d4835-8183-4234-8c50-91fcf3cddc09,基金會_財團法人台北市德義社會福利慈善事業基金會,其他
eaaf575e-b340-4c1e-8036-4b11a1ab3c49,基金會_財團法人台北市志松社會福利事業基金會,其他
a78a992f-5cfd-4db9-a334-8a84db2342df,基金會_財團法人台北市慈心慈善基金會-仁愛路,其他
5557d3a1-cc9d-443d-a82c-fd9f872f9b8d,基金會_財團法人台北市慈心慈善基金會-忠孝東路,其他
b230a86f-9ae5-486e-9e84-8c569aac5072,基金會_財團法人台北市慈恩園基金會,其他
2aee0318-3f9b-4577-8f1d-4e9b8a55148e,基金會_財團法人台北市慈愛社會福利事業基金會,其他
39669f11-bbcc-458c-8274-d07256d4ed58,基金會_財團法人台北市敦安社會福利基金會,其他
7555fe24-bc52-4726-b8c8-5ac1156c1df2,基金會_財團法人台北市新光吳氏基金會,其他
c140d9f1-e7cc-41ed-bd33-3b94e1608a95,基金會_財團法人台北市新光吳火獅先生救難急救基金會,其他
f69fa39f-7434-4aa6-95c7-c34c6dafea03,基金會_財團法人台北市新生代社會福利事業基金會,其他
d6aa60f1-0fee-40e5-bd81-3a4415d2696f,基金會_財團法人台北市明光基金會,其他
6d81ecde-d064-4b5f-a09a-429e74d0ddcb,基金會_財團法人台北市星友社會福利事業基金會,其他
14b5d7f9-dbb8-4109-bc54-c7ba7aaacfe0,基金會_財團法人台北市春三榮社會福利事業基金會,其他
5e8b1df4-922a-4802-9382-9843a6d0e60f,基金會_財團法人台北市李春金關懷基金會,其他
517c2312-84f5-40a7-9ea3-78f658f75561,基金會_財團法人台北市李連來公益基金會,其他
72160917-f71e-491f-8e7a-f5c36e9320e6,基金會_財團法人台北市東海社會福利慈善事業基金會,其他
4c6aa1f6-7b0a-450e-8b20-865f0961249b,基金會_財團法人台北市林公國長祠慈善基金會,其他
a1037b63-d332-4eb8-b815-2a98aea79738,基金會_財團法人台北市林振興先生慈善濟助事業基金會,其他
8f2c91b2-1893-4c39-9b57-e2f7e18aeba1,基金會_財團法人台北市樹仁社會福利事業基金會,其他
91e61994-2750-4ba5-86cd-6f17d9100b06,基金會_財團法人台北市清靜社會福利事業基金會,其他
2d2e9521-040d-420a-b75e-849dc9d32cb9,基金會_財團法人台北市潘氏社會福利事業基金會,其他
76b3fc32-fef6-4fd6-9644-65f1cea2840b,基金會_財團法人台北市王子君紀念基金會,其他
b4aa4223-0e1d-4c82-acf0-febafd33abda,基金會_財團法人台北市王文佰紀念基金會,其他
be6dd47b-c860-4e2d-8e85-5e797d9cd503,基金會_財團法人台北市王松琳慈善事業基金會,其他
d931b92f-c1e6-43c3-a4be-e734a6b23d71,基金會_財團法人台北市現代婦女基金會,其他
16d43ac1-74ff-4dd3-8545-9865b2c31ee0,基金會_財團法人台北市申倫社會福利基金會,其他
3be75203-44b7-4171-95f9-b78d5bf2db5f,基金會_財團法人台北市白陳惜慈善基金會,其他
569ac912-4f7f-4d50-81cd-3813a0428503,基金會_財團法人台北市真如苑社會福利事業基金會,其他
68e7b072-2c75-4996-90b9-521854cc1446,基金會_財團法人台北市禾伸堂社會福利慈善事業基金會,其他
14fe92a2-1ea1-4335-82f1-a33b34eec6ed,基金會_財團法人台北市私立三三慈善事業基金會,其他
190ea9ce-492d-4807-848a-b131d2d801e6,基金會_財團法人台北市私立世豐慈善公益基金會,其他
dbcd1f44-6dae-4949-a354-6a61716ec9db,基金會_財團法人台北市私立仁愛社會福利事業基金會,其他
4483171b-6c27-4e1d-ba95-b8e2628361fa,基金會_財團法人台北市私立佛教菩提慈善基金會,其他
b6eb547e-f3cb-4e1d-834f-f768d817b004,基金會_財團法人台北市私立全人愛心基金會,其他
c866e6ef-c4c2-43fb-a7da-debaee48012f,基金會_財團法人台北市私立宗南聯合佛教社會福利慈善事業基金會,其他
8cfc704c-d558-483a-a6f9-b8e793fe7c54,基金會_財團法人台北市私立廣益社會福利慈善基金會,其他
a4df3145-cb43-4df9-b3ed-94514f44281d,基金會_財團法人台北市私立彌堅基金會,其他
b73f59d8-a5b6-4940-82a3-0181a36910de,基金會_財團法人台北市私立得榮社會福利基金會,其他
c21dbdae-b703-41b5-8672-2c741dc8031e,基金會_財團法人台北市私立慈觀社會福利事業基金會,其他
bda426bd-a479-445b-9e35-0af6d9462393,基金會_財團法人台北市私立李雪吟社會服務事業基金會,其他
78118822-60dd-4831-8ce4-5317af99f3e9,基金會_財團法人台北市私立東森社會福利慈善基金會,其他
b8c95d7c-32b4-4ca3-a149-9b862e4d23ec,基金會_財團法人台北市私立永年社會福利慈善基金會,其他
a9ac1c48-2171-418b-a08d-ac069c005a52,基金會_財團法人台北市私立潘品如老人福利基金會,其他
e6cb166e-df4b-4fe8-a758-472e269076da,基金會_財團法人台北市私立王楊蓮英社會福利慈善事業基金會,其他
69b233d5-653c-4ed8-b349-eb9d2d7913ba,基金會_財團法人台北市私立碧梧婦孺福利基金會,其他
087f71f8-0918-41f4-88c4-db21f36796d4,基金會_財團法人台北市私立蔡山先生慈善事業基金會,其他
ea4a770e-b9e3-4fcd-b930-bf194eb9c1f3,基金會_財團法人台北市私立許王秀英社會福利慈善事業基金會,其他
affeddd1-ac5a-41a8-b8b1-240fd7bac353,基金會_財團法人台北市私立長德老人基金會,其他
5b09348b-5ad0-457f-a9e2-486b4fcd9607,基金會_財團法人台北市私立長春老人福利基金會,其他
7f68c3d8-d879-403b-9a89-bd73da995bc2,基金會_財團法人台北市私立長生學社會福利事業基金會,其他
b835331c-6358-4b9a-9960-8134eef71b34,基金會_財團法人台北市私立雙連視障關懷基金會,其他
cae16511-a35f-4a86-9cad-941958cd5780,基金會_財團法人台北市私立非凡關懷社會福利慈善基金會,其他
fb346a98-ab18-4944-b15b-44668f5b2284,基金會_財團法人台北市私立黃尊秋社會福利慈善基金會,其他
a0cde95e-2a3a-420d-ba79-05e1e9c67079,基金會_財團法人台北市立心慈善基金會,其他
7ef890b3-d2da-4f61-83ba-0606535d9385,基金會_財團法人台北市紀恒紀念基金會,其他
7ebf6e4c-1556-4807-a942-460bc12dec75,基金會_財團法人台北市素香慈善事業基金會,其他
0d0f3d62-9a22-4989-a340-7565756f80d6,基金會_財團法人台北市義芳慈善事業基金會,其他
6c49eb0c-ea32-43eb-9b01-26e26a76a51d,基金會_財團法人台北市老人基金會,其他
944db8bb-006b-4e39-96ef-640977053841,基金會_財團法人台北市聖明世界和平運動基金會,其他
b4f66e55-4216-4e27-902d-694c243b97a0,基金會_財團法人台北市聖道基金會,其他
a8bedc94-48db-4639-9e09-4f9f83d0116a,基金會_財團法人台北市育達社會福利事業基金會,其他
4533b839-99e0-4bf3-95c3-a44aa592ae98,基金會_財團法人台北市華僑商業銀行股份有限公司慈善事業基金會,其他
a5d0706c-da94-46f2-94a7-6d2319aaa4b1,基金會_財團法人台北市葉山母社會福利慈善事業基金會,其他
9b219549-d6a8-4a29-8933-549c9bd6b52c,基金會_財團法人台北市葉王蟬慈善事業基金會,其他
7e461aa5-cf67-4075-b8c9-739878ca82b8,基金會_財團法人台北市蔡紹華慈善濟助事業基金會,其他
523bd04f-6826-4781-80fa-c5b988213bc8,基金會_財團法人台北市蔡雪泥公益慈善基金會,其他
654a960e-1e60-4024-baa8-2a5b535ee212,基金會_財團法人台北市覺心兒童福利基金會,其他
aff76b1a-a217-4f76-80d4-53dac41b3db4,基金會_財團法人台北市觀音救濟基金會,其他
84556f66-8893-48a1-8700-4b92e7824125,基金會_財團法人台北市許憲樑社會福利基金會,其他
f0c42820-41ac-44d8-82ba-6890016ceb41,基金會_財團法人台北市賽珍珠基金會,其他
955c2686-7a27-4042-9174-10d06a70b1ce,基金會_財團法人台北市關天師天心慈善基金會,其他
3651111b-f30d-432c-bfa8-e069fe7b71b6,基金會_財團法人台北市陳君鎮慈善基金會,其他
e02748bb-39b5-41b9-89f1-c03fbdc34e1e,基金會_財團法人台北市青峰社會福利基金會,其他
9eedb8ac-5efe-4d27-b0e0-27ae993b030b,基金會_財團法人台北市韓母謝太夫人慈幼基金會,其他
a7732c3b-9519-4605-8f5d-0bc1fadc5dad,基金會_財團法人台北市馮蘭森社會福利事業基金會,其他
9a8f2960-d818-48a6-9aa3-1e8735259a74,基金會_財團法人台北縣新希望社會福利慈善事業基金會,其他
01de873a-f769-4bdf-93f4-b0812ee34ddf,基金會_財團法人台北縣樹林健民協會,其他
ede387b4-89d2-4730-9b7b-7fb20ebe5340,基金會_財團法人台北縣私立介石社會福利慈善事業基金會,其他
bab5129a-c12f-4502-a85b-880a357a4a23,基金會_財團法人台北縣私立周坤榮校長社會福利慈善事業基金會,其他
99573dfa-f615-43de-a69c-dbf4c18bef4d,基金會_財團法人台北縣私立國寶社會福利慈善事業基金會,其他
f586e5bf-5c72-4e45-a029-204fbf03e47d,基金會_財團法人台北縣私立天道總會社會福利慈善事業基金會,其他
4b88992d-884c-41e5-93fa-43dd407b11b3,基金會_財團法人台北縣私立太璞宮社會福利慈善事業基金會,其他
a3485985-425c-4499-b9f6-f22c8762d690,基金會_財團法人台北縣私立宇宙靈源社會福利慈善事業基金會,其他
6f5ac117-3a8c-47a4-b9b4-da4ff0949e3a,基金會_財團法人台北縣私立宏愛社會福利慈善事業基金會,其他
fd14f1ba-19c3-4375-9eac-9bd20ec4d33d,基金會_財團法人台北縣私立廣慈博愛基金會,其他
ed69209a-dc90-48f0-a4f2-6873f87b35bd,基金會_財團法人台北縣私立張方大慈善基金會,其他
bb934c63-aa56-474d-abf4-f9ea87320364,基金會_財團法人台北縣私立心慈社會福利慈善事業基金會,其他
b9da4fcd-5247-4151-a70c-ddb11bb53033,基金會_財團法人台北縣私立慈音社會福利慈善事業基金會,其他
e8d779d0-b7cf-47cf-ab5c-c4b496ca916a,基金會_財團法人台北縣私立新莊武聖慈善基金會,其他
e6feb497-632d-4cd3-a0d7-9bf05e987722,基金會_財團法人台北縣私立明倫社會福利慈善事業基金會,其他
2b5765ab-96e0-4464-9b2d-d6b1dc0d0998,基金會_財團法人台北縣私立明聖愛心慈善事業基金會,其他
68dce200-9b67-40fb-b5cf-c10335b29a65,基金會_財團法人台北縣私立映登社會福利慈善事業基金會,其他
86a736c1-96b4-4d92-9812-af1568ae1426,基金會_財團法人台北縣私立林阿仁社會福利慈善事業基金會,其他
f8cb1d72-8ac0-49c8-a2be-4fa81a7c2f42,基金會_財團法人台北縣私立武秀蘭社會福利慈善事業基金會,其他
1e5bac34-75a9-414d-88b6-4dfcce0ea60d,基金會_財團法人台北縣私立淡信社會福利慈善事業基金會,其他
bca62c70-53dd-4706-bb3e-082804420556,基金會_財團法人台北縣私立瀚邦社會福利慈善事業基金會,其他
c7e78a46-9b24-439c-b57f-1b5576420d0c,基金會_財團法人台北縣私立福德慈善基金會,其他
941bf6eb-20fe-496d-b957-50f76416e409,基金會_財團法人台北縣私立紅新月社會福利慈善事業基金會,其他
ed42e7c8-8d99-4340-8129-ad74891e1cf7,基金會_財團法人台北縣私立聖保祿修女會社會福利慈善事業基金會,其他
7525a7ba-b798-4966-885e-7fb4446b2374,基金會_財團法人台北縣私立萬愛社會福利慈善事業基金會,其他
bb355e32-9001-4666-93e6-faf7a065f7d6,基金會_財團法人台北縣私立葉經望社會福利慈善事業基金會,其他
3f260d93-0e97-4dfb-b359-852e23ff6445,基金會_財團法人台北縣私立輝容社會福利慈善事業基金會,其他
75ba0c3f-d0f1-4faa-b40e-e3880db66bff,基金會_財團法人台北縣私立邱和成慈善基金會,其他
feac4276-2607-4689-ab6c-85f0672878c0,基金會_財團法人台北縣私立雙連社會福利慈善事業基金會,其他
754f2df7-02d7-4ac8-b0d2-1e94f91ca2b6,基金會_財團法人台北縣私立靈鷲山社會福利慈善事業基金會,其他
2f42f2e4-f0c1-4cd6-8440-5beb07f92a10,基金會_財團法人台北縣私立麥春福博愛基金會,其他
ac26d1ce-bb96-42da-a916-ed8a1a5c3212,基金會_財團法人台北青商基金會,其他
ce27b91d-2132-456d-af29-bba154ad1d11,基金會_財團法人台南市南中扶社會福利慈善事業基金會,其他
ed01abaf-a933-402e-9aec-8460a51d6b28,基金會_財團法人台南市沈黃紫袖社會福利慈善事業基金會,其他
4efb8662-6718-42ba-b953-a1d1ec804c42,基金會_財團法人台南市私立世寰社會福利慈善事業基金會,其他
cfed1db7-9075-4b19-811b-2e6a56faecb5,基金會_財團法人台南市私立中山社會福利慈善事業基金會,其他
4a5a979a-5008-4836-b31f-ef820b6f502c,基金會_財團法人台南市私立億群社會福利慈善事業基金會,其他
cbb6afb7-567b-4686-a669-feacb4f9f9f6,基金會_財團法人台南市私立博愛社會福利慈善基金會,其他
436a3e09-d1af-4ea6-9b4d-a17d66c548f1,基金會_財團法人台南市私立吳珍長老社會福利慈善事業基金會,其他
9716a8b7-4e3b-49c8-9940-517125cd5a52,基金會_財團法人台南市私立國清社會福利慈善事業基金會,其他
98fda5e3-4e93-435a-9b8a-e450c614bb60,基金會_財團法人台南市私立基督教青年會社會福利慈善事業基金會,其他
93c66792-5e20-4bca-8686-aa420d91bfab,基金會_財團法人台南市私立明輝社會福利慈善事業基金會,其他
ec4cd568-923f-43ae-ba70-6a1a21d76762,基金會_財團法人台南市私立普恩社會福利慈善事業基金會,其他
92149d63-2ed4-4aad-a056-cdae7a1c410a,基金會_財團法人台南市私立朝興社會福利慈善事業基金會,其他
f6018e0f-a857-42f9-8ce1-7230a2170c14,基金會_財團法人台南市私立林仲衡榮民社會福利慈善事業基金會,其他
28e74cf7-d1ea-45b6-a5ea-6c87549996b9,基金會_財團法人台南市私立林澄輝社會福利慈善事業基金會,其他
4087ef64-8ea2-4192-a4d7-2e7f1f44d8dd,基金會_財團法人台南市私立榕華社會福利慈善事業基金會,其他
771a67ab-57ec-471b-8c0d-3a6cb9c8acd2,基金會_財團法人台南市私立母佑會社會福利慈善基金會,其他
5fcec387-2d07-4f8e-bd3c-dfd38ea1986f,基金會_財團法人台南市私立王趁社會福利慈善事業基金會,其他
33c66947-f63a-4d07-b4c8-dac578b47ad3,基金會_財團法人台南市私立福壽社會福利慈善基金會,其他
a97ac48a-7976-40be-906b-4b23158dbfd8,基金會_財團法人台南市私立秀峰公記慈善會,其他
d0dd8ef3-4f3b-4d4e-b2a4-0f8a56c5b753,基金會_財團法人台南市私立秋海棠社會福利慈善事業基金會,其他
5cd92a1f-f1f2-4cd4-bb6b-227432f74c8a,基金會_財團法人台南市私立紀念沈有德、方懷正社會福利慈善事業基金會,其他
a27bed6a-d030-4425-a1ac-199e2f9b5deb,基金會_財團法人台南市私立耕心社會福利慈善事業基金會,其他
8b5cf2d3-4208-4d7a-92c5-89116637428a,基金會_財團法人台南市私立行原慈善基金會,其他
817d6d35-fa0b-40bf-8ccf-0e90865446cc,基金會_財團法人台南市私立道濟社會福利慈善事業基金會,其他
36c4326e-8c91-4239-b19f-c6419a4b78a3,基金會_財團法人台南市私立鄭高輝社會福利慈善事業基金會,其他
9d2df4c8-c4cd-43cd-ba83-db5c383ff359,基金會_財團法人台南市蓮心園社會福利慈善事業基金會,其他
77a69d8b-7daa-4ab2-9f27-ad004b9f37d6,基金會_財團法人台南縣私立佛教觀音村社會福利慈善事業基金會,其他
d1819542-748f-43de-8df6-41921bc7b9d2,基金會_財團法人台南縣私立千日好社會福利慈善事業基金會,其他
a343edd5-0ea0-4c34-857f-3eb090ef1f64,基金會_財團法人台南縣私立南瀛社會福利慈善事業基金會,其他
a90dbd22-df78-48ec-b655-f195a256b20d,基金會_財團法人台南縣私立吳俊傑慈善公益基金會,其他
90b5ce99-ca8f-45e4-b4aa-d2272b8990b0,基金會_財團法人台南縣私立周茂寅社會福利慈善事業基金會,其他
d3efd663-ad91-4c14-87bb-b4be22da5126,基金會_財團法人台南縣私立慶美社會福利慈善事業基金會,其他
14d1b411-e24b-40c0-b349-d19cf2d578d8,基金會_財團法人台南縣私立李黃玉蘭社會福利慈善事業基金會,其他
2f2d6e36-9dd4-45f5-a004-ad321226b51b,基金會_財團法人台南縣私立穩心社會福利慈善事業基金會,其他
de2f0e8f-286a-4f30-8156-d7e8659a1886,基金會_財團法人台南縣私立聖心功德會社會福利慈善事業基金會,其他
b70e5ed0-1015-4f34-9279-b8cca67c1c94,基金會_財團法人台南縣私立蓮心園社會福利慈善事業基金會,其他
31086848-ebcd-490e-ab82-69e32b3c2a0a,基金會_財團法人台南縣私立邱瑞山社會福利慈善事業基金會,其他
f297a9dd-64ba-4396-9f15-5105f54c13cf,基金會_財團法人台南縣私立陳江山慈善公益基金會,其他
dd45fee2-fef8-49f4-a8b8-52d32a415504,基金會_財團法人台南縣私立麻豆社會福利慈善事業基金會,其他
7898b3e0-b87b-48b4-b9c7-317c2ec389c6,基金會_財團法人台新銀行公益慈善基金會,其他
525f04b5-5742-41d3-ad20-0c748b70738e,基金會_財團法人台東縣私立博愛基金會,其他
ee1b689b-410c-44d9-9e5b-862c09b60b97,基金會_財團法人台東縣私立林坤池基金會,其他
15bfe330-77c7-4ea4-8a14-c18e33e32cfc,基金會_財團法人台東縣私立海山弘願慈善基金會,其他
26531c22-740b-4c04-8cfb-22d92e0ed18e,基金會_財團法人台東縣私立華福社會服務基金會,其他
3c031a21-6133-4e71-b28a-3fc12a1f5afd,基金會_財團法人台灣世界展望會,其他
aa08f4cc-fd35-48df-b721-21f0b5236f60,基金會_財團法人台灣兒童暨家庭扶助基金會,其他
aafbfb14-65a5-4ec4-962b-1c64a75726fd,基金會_財團法人台灣兒童暨家庭扶助基金會嘉義分事務所,其他
3e15bc1b-12aa-4caa-b76a-bbf29100b28f,基金會_財團法人台灣基督教福利會,其他
bf955d54-c249-4b58-90a5-0d1f03d3b092,基金會_財團法人台灣時報社會服務基金會,其他
1b95cd72-5cfc-4bfd-8507-621717a912ce,基金會_財團法人台灣林登山社會福利基金會,其他
cb7829fb-9e79-400a-9482-e0778bbb300f,基金會_財團法人台灣省私立基益社會福利慈善事業基金會,其他
26c90c1b-18f4-41ee-9ac7-900c5329d504,基金會_財團法人台灣省私立板信社會福利慈善事業基金會,其他
3fcba596-ec17-4eae-8464-18e8045a56ff,基金會_財團法人台灣省私立毓得社會福利基金會,其他
e8972a7d-d7e3-43df-aeda-ff5e57b2d3b8,基金會_財團法人台灣省私立金石醫療慈善基金會,其他
fe045223-4f51-4f1f-8fae-a7d6b621bbe7,基金會_財團法人台灣老人福利事業基金會,其他
1431a144-e520-4667-b845-a0318ca8f858,基金會_財團法人合聯公益基金會,其他
c04d0d48-0420-43fc-ae7f-20ee48a4b02c,基金會_財團法人吉祥臻社會福利事業基金會,其他
db4e6181-878e-416d-9b35-f887402a0b20,基金會_財團法人善慧恩社會慈善基金會,其他
c5865ebf-108a-4c81-8ea5-7e6aa12f886b,基金會_財團法人喜憨兒社會福利基金會,其他
3bafb8d0-554f-41ce-9288-fef931f6cccc,基金會_財團法人嘉宜社會福利基金會,其他
db38f893-3b41-46a9-9c66-ab886b3565a0,基金會_財團法人嘉義市慈玄宮社會福利慈善事業基金會,其他
cbf3aa37-2d87-4896-975e-9f93468f0980,基金會_財團法人嘉義市私立博愛社會福利慈善事業基金會,其他
8669e26e-ef5f-4727-a105-6c1ea11aa84e,基金會_財團法人嘉義市私立基督教社會福利慈善事業基金會,其他
97d27d71-dc58-4210-ab88-323cb9eca4ad,基金會_財團法人嘉義市私立豐年社會福利慈善事業基金會,其他
314641fc-c618-404b-a46f-27e3bf2d65a2,基金會_財團法人嘉義市私立陳李月女慈善事業基金會,其他
dfb79eab-a794-4ce7-8211-cba32b7b495f,基金會_財團法人嘉義縣私立卍字社會福利慈善基金會,其他
5b63dfca-3627-4b8c-b183-e1e53e175fb4,基金會_財團法人嘉義縣私立子良社會福利慈善事業基金會,其他
3e9739f1-1cb1-49f6-986b-fe05716e1496,基金會_財團法人嘉義縣私立游寅丑游吳變社會福利慈善事業基金會,其他
10c187c3-feec-4370-b14e-d7d0a4fde1fb,基金會_財團法人嘉義縣私立瑞泰社會福利基金會,其他
b3a9d25d-e8c4-4fa5-ab3c-150f864fe397,基金會_財團法人嘉義縣私立福靈宮社會福利慈善基金會,其他
0848b8c0-5861-4afb-b554-762fd44dc621,基金會_財團法人國光慈善事業基金會,其他
16f20f56-60f8-4e37-acc9-66c152d5652d,基金會_財團法人國泰人壽慈善基金會,其他
9c379e53-3f2b-498c-a898-3396e25ea84a,基金會_財團法人國票社會福利慈善基金會,其他
160b9f14-e4fa-452a-86fb-37dae27f26a6,基金會_財團法人國美社會福利基金會,其他
e71296bf-2f96-4053-8c16-25c795b8041f,基金會_財團法人培珍社會福利慈善事業基金會,其他
51b3abc6-f4b6-4f6e-b9ea-398e427a341e,基金會_財團法人基督教惠明盲人福利會,其他
8c6032b2-4d12-42d3-90fa-1d3655310cb5,基金會_財團法人基督教愛網全人關懷社會福利慈善事業基金會,其他
a06bb484-fe7f-4eba-b7a7-085fc6cba4ec,基金會_財團法人基督教福澤慈善事業基金會,其他
c595e6af-8090-4d08-98f2-54ad5f626ae1,基金會_財團法人基督教芥菜種會,其他
96a6581b-c93c-46ce-af6b-7f10040a025b,基金會_財團法人基督教都市人工作群社會福利事業基金會,其他
46cef3db-b213-4dd7-86a6-1390738e6a79,基金會_財團法人基隆市私立三功謝杜院連社會福利慈善事業基金會,其他
8c75fe37-ac31-40e5-b430-563f87f85c62,基金會_財團法人基隆市私立李萬生慈善基金會,其他
881042a5-4b5d-4cf1-ae8a-19e4edcf34d8,基金會_財團法人基隆市私立松柏社會福利慈善事業基金會,其他
fbf262d4-a995-4f1d-b992-736449f38c79,基金會_財團法人基隆市私立胡氏漁民遺屬慈善服務基金會,其他
500e6df4-9c44-4edc-b467-5b61f9eeee76,基金會_財團法人大甲媽社會福利基金會,其他
be5ad713-5931-41d9-85fd-0cbba4cdcfd9,基金會_財團法人天下為公社會福利慈善事業基金會,其他
784fc98d-cde1-4188-84e2-6342cf408c1a,基金會_財團法人天主教光仁社會福利基金會,其他
463c0f05-f78e-4e88-888a-7dd0be8793e6,基金會_財團法人天主教善牧社會福利基金會,其他
7bc253be-b300-43d6-acd5-866fc6ac0b92,基金會_財團法人天主教失智老人社會福利基金會,其他
140df994-8642-47e1-bf10-ac79ffba78c1,基金會_財團法人天主教曉明社會福利基金會,其他
c3800e51-0b91-4dca-b3fb-a3ea14468af3,基金會_財團法人天主教白永恩神父社會福利基金會,其他
79337b34-c227-4b44-8c0e-56487033b13a,基金會_財團法人天主教社會慈善福利基金會,其他
d0c4322d-cb1c-4f2d-a309-582393c00d01,基金會_財團法人天主教福利會,其他
2a50ff37-451d-495a-a01b-428d1db58b87,基金會_財團法人天主教華光社會福利基金會,其他
3d339f39-f29a-48b2-86d3-1662bfea7b69,基金會_財團法人天使社會福利慈善事業基金會,其他
c0f452fa-bb16-4686-bfaa-a6c4ea951c41,基金會_財團法人天才社會福利慈善事業基金會,其他
88796b0e-f2f3-48f5-9c24-fedc215fd4c2,基金會_財團法人天華社會福利慈善事業基金會,其他
f2d4d566-8203-441f-86b4-54891b740571,基金會_財團法人太平洋崇光社會福利基金會,其他
70ff591e-28a2-4da9-91b6-bc2f7499d084,基金會_財團法人威盛信望愛慈善基金會,其他
5da1c48c-da0c-456e-a1df-74b8c712530a,基金會_財團法人婦女新知基金會,其他
ac6dfe34-e54a-4941-9eda-bc83fdfa1561,基金會_財團法人婦女權益促進發展基金會,其他
952e9dcb-f03a-411d-a428-fda7ff4bcb7e,基金會_財團法人存仁院慈善事業基金會,其他
81356323-4d22-45cf-b721-90d4e9855079,基金會_財團法人安國慈善事業基金會,其他
4df28b00-c155-4699-9829-ac8e54e35e00,基金會_財團法人宏寶社會福利慈善事業基金會,其他
3d19e2ad-d6e6-4621-84ec-1c8d5947a527,基金會_財團法人宏達社會福利慈善事業基金會,其他
18f8039e-fd99-4fcc-8d2b-1da5960e2938,基金會_財團法人宜蘭縣社會褔利聯合勸募基金會,其他
07e8d73d-0423-453e-bbdd-8d62dba19e26,基金會_財團法人宜蘭縣私立五結美德會福利慈善事業基金會,其他
44ce15e8-9e2e-4f48-bf9f-21211f720e23,基金會_財團法人宜蘭縣私立佛教幸夫社會福利慈善事業基金會,其他
96df5271-06fa-4cf8-b17a-fdefb767b9b7,基金會_財團法人宜蘭縣私立佛教普賢社會褔利慈善事業基金會,其他
2d4a3fc4-ab70-44a7-a38f-07b7e6cf36c8,基金會_財團法人宜蘭縣私立感恩社會福利慈善事業基金會,其他
fc0196b6-d9bf-4f0c-b21a-e858117a033d,基金會_財團法人宜蘭縣私立松柏社會福利慈善事業基金會,其他
c7819911-7feb-4049-aded-bb42da1d1cd7,基金會_財團法人宜蘭縣私立立大社會福利慈善事業基金會,其他
477001aa-746d-4ff7-a3eb-56e002b395b1,基金會_財團法人富邦慈善基金會,其他
a87c6bfa-9476-4813-a029-455c3475ed61,基金會_財團法人屏東縣私立公益慈善服務基金會,其他
e5e958e0-9081-45d1-b93c-f2a341a1bcc4,基金會_財團法人屏東縣私立吳崑山社會福利慈善事業基金會,其他
b8546042-ba73-4f13-9791-ba7f7c5dba0d,基金會_財團法人屏東縣私立國淳社會福利慈善事業基金會,其他
92f8051b-41bc-4929-9750-facc91801cbf,基金會_財團法人屏東縣私立圓融社會福利慈善基金會,其他
89d3f1da-847a-444d-b7e4-4b865245027f,基金會_財團法人屏東縣私立寶建社會福利慈善基金會,其他
f1597467-9b40-4816-90f0-dfae3ad8485d,基金會_財團法人屏東縣私立山村社會福利慈善事業基金會,其他
206fcc35-e2a7-46cb-bf91-118d339981bb,基金會_財團法人屏東縣私立悟照社會福利慈善事業基金會,其他
12b2a042-3a38-4bde-9547-849b7bdac7c4,基金會_財團法人屏東縣私立明聖佛院社會福利慈善事業基金會,其他
f8965c46-a582-4946-bd8e-9410d8c57169,基金會_財團法人屏東縣私立活泉社會福利慈善事業基金會,其他
db4fa450-7951-4e04-89d7-9cc8011b5e56,基金會_財團法人屏東縣私立清境家園社會福利慈善事業基金會,其他
53b123d3-df59-495e-af1e-a7803df9e6f5,基金會_財團法人屏東縣私立福慧社會福利慈善事業基金會,其他
59a6d9d3-000f-4da5-bee0-74cfecc3cdbb,基金會_財團法人屏東縣私立聖天社會福利慈善事業基金會,其他
c48d1c1b-5e06-44bc-b0fe-f848aada8379,基金會_財團法人左營曾氏宗族社會福利慈善事業基金會,其他
c9d9b344-d7c6-476a-ae86-db5c765b00aa,基金會_財團法人巨東慈善公益事業基金會,其他
ca30393b-e253-478a-b4d4-565af570aa98,基金會_財團法人平安社會福利慈善事業基金,其他
dd562cfc-27bd-425e-b788-5bf447fb11ac,基金會_財團法人康寧社會福利慈善事業基金會,其他
6e6ef037-afcf-4153-8c42-9228944856d0,基金會_財團法人廖有章社會福利慈善基金會,其他
04d09f63-0003-438e-842e-b2189ef40d7e,基金會_財團法人廣源慈善基金會,其他
03b4d031-4989-46d4-bea8-a273d775e7b2,基金會_財團法人建準慈善基金會,其他
c23d5ce5-810a-4389-acd3-6d8f35b2e902,基金會_財團法人弘化同心共濟會,其他
c805a075-e803-4d31-970b-0e332c951268,基金會_財團法人張榮發慈善基金會,其他
1b335739-4898-4eef-9b67-bc8d050d8a8e,基金會_財團法人張添永慈善基金會,其他
1dfd5fc3-c8fb-40b7-8e8d-d4b4cb8c3ad7,基金會_財團法人張玲玉社會福利慈善事業基金會,其他
831795b1-6d1a-4345-bd19-0d48016d51a7,基金會_財團法人張雲罔雀慈善事業基金會,其他
50120671-570d-4262-a50e-d8716366a64b,基金會_財團法人彰化縣私立仁愛社會福利慈善事業基金會,其他
39acb21b-3e4a-4f3a-9b3b-3bb676f0605c,基金會_財團法人彰化縣私立儒林社會福利慈善事業基金會,其他
1d853cfc-aff7-4a63-be7d-f48fc59f7513,基金會_財團法人彰化縣私立崇德社會福利慈善事業基金會,其他
e4bc4c66-0281-4c4c-8a30-f5347fc00369,基金會_財團法人彰化縣私立希望社會福利慈善事業基金會,其他
7629a97a-302b-4de7-b063-8168c24b3772,基金會_財團法人彰化縣私立廣成社會福利基金會,其他
5f81540f-2f43-4472-af18-1a9d1889d3a5,基金會_財團法人彰化縣私立張生慈善基金會,其他
ecadedf4-a000-4bb7-a5ca-b6a3d7886836,基金會_財團法人彰化縣私立慈林社會福利慈善事業基金會,其他
4edb2f67-2b4b-4b95-9aa2-eb54224cabdf,基金會_財團法人彰化縣私立柯豆社會福利慈善事業基金會,其他
58b2bfae-173a-4815-9951-f6b0b950fee8,基金會_財團法人彰化縣私立武聖宮慈善事業基金會,其他
6b65643b-7f53-4c62-bba6-e28010587929,基金會_財團法人彰化縣私立海頓社會福利慈善事業基金會,其他
8b59faa8-681b-47b3-a250-47eed4609c04,基金會_財團法人彰化縣私立真善美社會福利慈善事業基金會,其他
02a9f4f5-d51b-4610-b4f3-54573170ac48,基金會_財團法人彰化縣私立秀和慈善事業基金會,其他
867b329c-35be-4032-a3f1-b72f29448b20,基金會_財團法人彰化縣私立至誠社會福利慈善事業基金會,其他
f35dc845-ded7-4281-b707-030dbd79d0fb,基金會_財團法人彰化縣私立茉莉園社會福利慈善事業基金會,其他
0246e11c-9617-447e-b2ae-246f44aac2f5,基金會_財團法人彰化縣私立葳群公益慈善事業基金會,其他
3c99ac6b-a301-4c85-a914-0d191c9c3e69,基金會_財團法人彰化縣私立蕭清源先生社會福利慈善事業基金會,其他
d6148ebe-4290-4126-a2e6-947054641cb3,基金會_財團法人彰化縣私立西台社會福利慈善事業基金會,其他
449e49d1-e4d4-46c3-aa1e-26d7004f0aac,基金會_財團法人彰化縣私立謝成哲社會福利慈善事業基金會,其他
df1502e6-439e-43f2-b674-50af07fac3c4,基金會_財團法人彰化縣私立賴樹旺社會福利慈善事業基金會,其他
0c0a8a18-c677-4346-8ba1-af8b117c4849,基金會_財團法人彰化縣私立陳珍良社會福利慈善事業基金會,其他
02bae595-c138-4fc0-b109-547dd037601a,基金會_財團法人彰化縣私立鹿港金長順泉郊慈善基金會,其他
afc241cb-00ad-420a-a30b-e4f75aef4100,基金會_財團法人後勁社會福利基金會,其他
0c6893e9-47e0-4634-b5f4-689c46cf195c,基金會_財團法人德發慈善事業基金會,其他
a987c271-9380-4d4d-805f-79f8facc45c8,基金會_財團法人心路社會福利基金會,其他
68612739-983a-49e5-9498-9575c0c5d9ba,基金會_財團法人忠義社會福利事業基金會,其他
9a138d7d-cac3-4a91-af63-cfb5f8180ea8,基金會_財團法人惠昌社會福利慈善事業基金會,其他
7099a502-da62-4e57-8a5f-25162c42cba8,基金會_財團法人惠民醫療救濟基金會,其他
4c864f7b-5ae7-4f3a-8979-e7195f23d222,基金會_財團法人惠眾醫療救濟基金會,其他
359e3b04-5d1a-4bdb-bb8a-43f31ca38bf7,基金會_財團法人愚人之友社會福利慈善事業基金會,其他
a3e9f9c0-de27-41ba-b493-1257ae644663,基金會_財團法人愛盲基金會,其他
93d33df4-bc91-4d74-ba19-70cf4a6e3ab2,基金會_財團法人感恩社會福利基金會,其他
e7293518-b5ec-432c-b6f6-bb773c849aad,基金會_財團法人慈暉社會福利基金會,其他
5cceb1ca-f489-43d7-baae-b8f6f4a05ecb,基金會_財團法人慈航社會福利基金會,其他
9fff6af4-0617-4863-87db-0ab31c2baef4,基金會_財團法人應柴秀珍女士紀念基金會,其他
14640044-d8ec-4c28-8c13-52f058f63fcb,基金會_財團法人懷恩社會福利慈善事業基金會,其他
c33d221c-0fcb-42bc-8adb-b80a527f4972,基金會_財團法人搭理舖慈善基金會,其他
d6cb9ef1-70ae-435c-94c7-ade54410e923,基金會_財團法人政慧發展社會福利慈善事業基金會,其他
6602e851-c7d8-4bb0-a26a-7df3aa084bc6,基金會_財團法人新光人壽慈善基金會,其他
a69b1816-ae2b-48f9-af56-1e1bba638cfb,基金會_財團法人新北市私立樂山園社會福利慈善事業基金會,其他
30d1aaab-0f03-43b3-99f8-bdfac49ebf7e,基金會_財團法人新竹市天主教仁愛社會福利基金會,其他
7168aafa-9c47-44e2-b2eb-09da54719a72,基金會_財團法人新竹市私立忠義仁風基金會,其他
7dfffec3-187f-497f-9c63-81e9652eaab7,基金會_財團法人新竹市私立雙獅社會慈善事業基金會,其他
09ac8004-0145-47e3-a166-940778ac02fd,基金會_財團法人新竹縣私立新科社會福利慈善事業基金會,其他
6f9ab985-9d48-4a2e-9d26-4c92272694a2,基金會_財團法人新竹縣私立香園社會福利慈善事業基金會,其他
1dd43c9d-5014-4d58-b977-33b379fbfa27,基金會_財團法人新聯陽社會福利慈善事業基金會,其他
26ab13c0-e875-484b-86b3-5cfabf95d1c8,基金會_財團法人新莊林姓媽祖會基金會,其他
35c91e17-72db-4b88-b46d-a7baedea8f82,基金會_財團法人明倫社會福利慈善事業基金會,其他
3cb1f2c1-529f-4743-9cf0-8f50cb9afe0b,基金會_財團法人明善社會福利慈善事業基金會,其他
8002728d-f392-4b9d-9d23-07cfce027314,基金會_財團法人曹仲植基金會,其他
a93cdf9c-54a3-419f-b04b-21a499f7644b,基金會_財團法人曾氏子女紀念先嚴曾松根公先慈黃水月娘社會福利慈善事業基金會,其他
d434e91c-0dcb-4e1d-ae45-bc7630828ec6,基金會_財團法人杜萬全慈善公益基金會,其他
4f82261b-88b3-44f1-b3de-2f39aa33d920,基金會_財團法人東震社會福利慈善事業基金會,其他
ad0525e8-d257-4a3e-b00c-ad6d018f4171,基金會_財團法人林堉琪先生紀念基金會,其他
e92d4e22-750c-463c-8386-f49bf4b664cb,基金會_財團法人林金帶先生慈善事業基金會,其他
5af93393-0566-4b3f-bc8b-8b9f7f374673,基金會_財團法人桃園縣忠義社會福利慈善事業基金會,其他
8d12e2cd-f948-49c2-83af-54f517bb5884,基金會_財團法人桃園縣私立三商社會福利慈善事業基金會,其他
c9c62c40-90ef-422f-812f-3ab51cbe291f,基金會_財團法人桃園縣私立元極康福慈善事業基金會,其他
fa3b6974-5b0d-44e2-a758-1152bb5e81b5,基金會_財團法人桃園縣私立心一慈善基金會,其他
ada6a9d0-500a-43df-81aa-be8225d1b6a4,基金會_財團法人桃園縣私立怡仁愛心社會福利慈善事業基金會,其他
55b1510c-c196-4ddf-be6f-a6fd413331c2,基金會_財團法人桃園縣私立景福宮社會福利慈善事業基金會,其他
2acd09df-2c09-4b8b-af36-4900f55ad2b2,基金會_財團法人桃園縣私立王啟奔慈善事業基金會,其他
48e3244e-3a62-4789-a1dd-dda1b33eae0e,基金會_財團法人桃園縣私立甡光社會福利基金會,其他
32219f52-cb48-4dd5-8bf2-4464bd53ec4b,基金會_財團法人桃園縣私立發枝社會福利基金會,其他
98f33912-c112-4bb3-bc2b-2d5e7740db6c,基金會_財團法人桃園縣私立簡欣哲社會福利基金會,其他
1d3e173c-4c0a-45dd-8f60-b8ad8450f129,基金會_財團法人桃園縣私立華新瀚宇慈善基金會,其他
e231234e-cef0-49bf-96f3-ec0277a99ba1,基金會_財團法人桃園縣私立護國宮愛心基金會,其他
2c0da5be-12ce-433e-82e9-b7bdbae4dc60,基金會_財團法人桃園縣私立陳根社會福利基金會,其他
1b9f137c-094e-4e53-80cf-7e10ead2f8d6,基金會_財團法人桃園縣香雲福利慈善基金會,其他
bbb2ef19-f1f8-4e57-ab02-0e46391cc4a0,基金會_財團法人楊塘海社會福利慈善基金會,其他
d520fc9c-3125-4f60-a1a0-9c5ae9eb47d8,基金會_財團法人樓蘭社會福利慈善基金會,其他
3a20859f-5b23-4e30-ab93-b84ababfc387,基金會_財團法人樹河社會福利基金會-關廟區,其他
427fb46d-4feb-41e1-aef4-ea151633c15d,基金會_財團法人歡喜希望社會福利基金會,其他
122019f8-d57d-47cb-8155-1e8d1a22262e,基金會_財團法人正德社會福利慈善基金會,其他
703ad8e3-94fc-4e40-82a7-ab652ccbd62f,基金會_財團法人民生建設基金會,其他
26a2a977-0d5a-47ac-afe9-8a68f065ac46,基金會_財團法人永大社會福利基金會,其他
4e36c1a1-8043-4d1b-9ce2-2cc4365c8517,基金會_財團法人永昌基金會,其他
0bc531de-11c5-491b-9a79-5ba4c2264334,基金會_財團法人永瑞慈善事業基金會,其他
7aee6a9a-77ee-451d-92e2-219f58df9048,基金會_財團法人永續慈善基金會,其他
d1edc94d-9982-4ff5-a3b4-9491bc7fc86e,基金會_財團法人永達社會福利基金會,其他
881a5670-e980-425e-865a-ef7b55fb0393,基金會_財團法人永齡社會福利慈善事業基金會,其他
d57f056c-556d-4301-a831-6e7f27c8917b,基金會_財團法人法鼓山社會福利慈善事業基金會,其他
70e26ff9-6e12-4a15-9e0b-6803be86ca24,基金會_財團法人湧蓮慈善基金會,其他
21a977fd-c792-44dd-af4f-16b1a1dbd4cb,基金會_財團法人漢慈公益基金會,其他
aa7c2178-8967-4243-8979-7b66740230de,基金會_財團法人澎湖縣慈善服務基金會,其他
3fbb20d6-6b45-4805-8055-f73cca6463b0,基金會_財團法人濟興長青社會福利基金會,其他
9c2468e7-e4aa-448d-bb81-fb6898477ac8,基金會_財團法人為恭社會福利基金會,其他
77ee4b08-3de9-4fbe-99bd-666001be8a53,基金會_財團法人燕景社會福利慈善事業基金會,其他
4a81e6c0-58ab-48be-a5ed-9852d980592d,基金會_財團法人玉山志工社會福利慈善事業基金會,其他
aeef3b88-807c-4fd2-9cf7-01a1e4fd8760,基金會_財團法人王品戴水社會福利基金會,其他
ce9b57e8-ccf2-41dd-be19-ace7460d3b6e,基金會_財團法人王楊嬌愛主社會福利慈善基金會,其他
1b6da5b7-2c4d-4e95-8208-560f1f1114bb,基金會_財團法人王素筠慈善基金會,其他
bc62dc2a-e909-4735-85de-c6e6b6f096aa,基金會_財團法人王詹樣社會福利慈善基金會,其他
9c24fd1e-4606-4dfd-9fb7-fa87a9b9017c,基金會_財團法人玎妤慈愛基金會,其他
4c96dada-579c-428b-979c-8451aa927f52,基金會_財團法人瑞三礦業公司社會福利基金會,其他
0321cc2a-15ac-4fc5-9606-0682bd0bc9f7,基金會_財團法人瑞穗實業銀行慈善事業瑞穗愛心基金會,其他
1c9bf5f8-a2a6-4c40-91e3-eb6508be4d3a,基金會_財團法人瑪利亞社會福利基金會,其他
0beb1a75-7319-4126-a2db-77427d02c99d,基金會_財團法人生蓮慈善公益基金會,其他
ba033482-6858-4a0a-915b-edf253f7a5b3,基金會_財團法人盛寶全人社會福利基金會,其他
c54daa13-6158-41a1-8144-35bd98c98318,基金會_財團法人真佛覺心社會福利慈善基金會,其他
c0ba71e6-58ec-4f34-96b0-d7ca35d6a887,基金會_財團法人祥和社會福利慈善事業基金會,其他
982f9a3f-bef0-4fe2-9fd5-11dc80fb3638,基金會_財團法人福華慈善公益事業基金會,其他
e04c826a-18dd-4088-94e1-7d5fc3661db1,基金會_財團法人福誠慈善事業基金會,其他
710e3bac-4a9a-4f74-8264-48f5fa0559c6,基金會_財團法人私立國宏社會福利慈善事業基金會,其他
adb4612c-86ab-4c5b-a0a2-2b014e517172,基金會_財團法人私立新竹商銀企業集團職工慈善事業基金會,其他
5fa64db5-6202-40fb-bbe6-ffbef55bd4d4,基金會_財團法人私立舍抄樓蘭社會福利慈善事業基金會,其他
0e96b480-69d7-42b4-9423-0bfd611825a6,基金會_財團法人私立郭腓利門紀念基金會,其他
5edc8fa5-71c6-463d-be43-6b11857a7800,基金會_財團法人秋霜紀念基金會,其他
4f5d021c-3504-4957-ab0c-0554f5cc05d3,基金會_財團法人立信社會福利慈善事業基金會,其他
2d330983-fc84-4d5f-86fa-8f58bb71cd98,基金會_財團法人立安社會福利基金會,其他
633c46c3-9625-43c0-8558-66e1eedb7529,基金會_財團法人立慈懷社會福利基金會,其他
4cd6830e-f83f-487d-8ea0-55b623d894d9,基金會_財團法人竹信社會福利基金會,其他
d1bce070-93e4-4c77-b980-2f5383c9a126,基金會_財團法人第一社會福利基金會,其他
a4a42962-6452-4c24-94c0-dc91f3325335,基金會_財團法人紀念林國長先生社會福利基金會,其他
b97c2fa4-53c6-4df5-9e6d-94e3811e2892,基金會_財團法人純青社會福利基金會,其他
c0f5a512-bf6c-4cee-bbf1-7a339d5c9068,基金會_財團法人維他露社會福利慈善事業基金會,其他
6d9f5903-c56a-4f52-a12b-be4d3c729a66,基金會_財團法人羅許基金會,其他
7f6c9024-4059-4dc6-97ee-355d53b0557f,基金會_財團法人美豐社會福利慈善基金會,其他
1b9f6f20-26b2-4870-b19f-ce84344a721f,基金會_財團法人義廷社會福利慈善基金會,其他
f4f5e5b9-f30e-4a0c-bf16-2d5c6c834041,基金會_財團法人翁黃琴社會福利基金會,其他
2dd30967-00d2-4510-a0ef-5b415328e532,基金會_財團法人老五老基金會-南投縣,其他
e9969268-c6bb-4908-9a40-3714304b99b4,基金會_財團法人聖仁慈善救濟基金會,其他
f295b83b-dcbc-4505-95d9-61f946e41d92,基金會_財團法人聖功社會福利慈善基金會,其他
2f13cea4-b696-4e3f-aae6-6894012b4185,基金會_財團法人聯合報系社會福利慈善事業公益基金會,其他
cd24c1ab-ee26-4f5d-90fe-8f7be77946a6,基金會_財團法人育成社會福利基金會,其他
3b6880db-7070-424e-a5a8-a1b2ce232366,基金會_財團法人至善社會福利基金會,其他
219bd046-d153-4e53-ad02-b684afe421f1,基金會_財團法人至誠社會服務基金會,其他
35c456af-5f6f-4c81-8fea-a02ba3c60c47,基金會_財團法人臺中市私立龍眼林社會福利慈善事業基金會,其他
6301feec-d060-44fd-8a5a-e5bbbc4ea318,基金會_財團法人臺北市台灣三洋電機社會福利慈善基金會,其他
40319bfd-10a4-47db-bf6e-f379f63ce38b,基金會_財團法人臺北市慈迎社會福利慈善事業基金會,其他
f2864ca0-aa86-467c-a94c-7f184ed19869,基金會_財團法人臺北市李東運社會福利慈善基金會,其他
51ef0117-4165-4d43-be9a-e887aefe21a8,基金會_財團法人臺北市私立宇景社會福利慈善基金會,其他
8495a999-82b4-421b-a2b1-db4e2218eeda,基金會_財團法人臺北市私立志英社會福利慈善事業基金會,其他
e9b65790-e970-45fc-93e9-d12ea2953516,基金會_財團法人臺北市私立林伯修社會福利慈善基金會,其他
5795ad11-064d-4ae1-ab14-14b7c4044182,基金會_財團法人臺北市糧食協進會,其他
b88346a2-facb-46e6-8636-3d1b371a8091,基金會_財團法人臺北市美麗世界社會福利慈善基金會,其他
cbc02abc-3001-4bb9-847c-80d287bec51c,基金會_財團法人臺北市蘋果日報社會福利慈善基金會,其他
831dafe4-59c1-480d-b526-7a5d483d17af,基金會_財團法人臺南市私立慈揚社會福利慈善事業,其他
ed90085a-3333-45c2-a2c2-e819ddc0122f,基金會_財團法人臺南市私立慈揚社會福利慈善事業,其他
4c2e662f-d5b2-47c4-ba9e-442542250176,基金會_財團法人臺南縣私立上崙社會福利慈善事業基金會,其他
a4bdcaad-ce9e-4e83-b1df-95c9a24d20d3,基金會_財團法人臺南縣私立萬安社會福利慈善事業基金會,其他
fd6de7bc-e1de-497d-bc2f-67e113d77bf5,基金會_財團法人臺安基金會,其他
3c46a93b-04d5-4f84-aef1-3c416e73783f,基金會_財團法人臺灣省台中縣私立洪掛社會福利慈善事業基金會,其他
20f30fc6-c805-4138-a212-9aabfc37d4d8,基金會_財團法人臺灣省私立佛教密藏院慈善事業基金會,其他
34935f53-6cce-451b-a5cd-5ebb4495b50a,基金會_財團法人臺灣省私立佛教懷仁社會福利慈善事業基金會,其他
faf3e8a5-c179-4bd1-9632-3cc3d0c2ae35,基金會_財團法人臺灣省私立台南紡織社會福利慈善事業基金會,其他
046ca4ae-44a1-4e10-9db5-c43cc6ca2191,基金會_財團法人臺灣省私立向上社會福利基金會,其他
1dd65f25-986f-445b-8db3-7fcac5d90a1f,基金會_財團法人臺灣省私立天一圓德社會福利慈善事業基金會,其他
819d7d55-c93b-4f50-ae5d-f321b66e1aa1,基金會_財團法人臺灣省私立天恩師德基金會,其他
2aa8247e-1e12-490a-8eeb-652cc1f98b4f,基金會_財團法人臺灣省私立崇華堂社會福利慈善事業基金會,其他
7e5c6eae-a77e-485d-8abd-650da1b18989,基金會_財團法人臺灣省私立慈航普渡救世慈善事業基金會,其他
1d909624-f05b-4158-acfb-d53017ca3a52,基金會_財團法人臺灣省私立慶寶慈善事業基金會,其他
4257e1b7-3cdd-4591-aebf-7eae5a20127a,基金會_財團法人臺灣省私立林森社會福利慈善事業基金會,其他
40007605-4970-4a1e-a9b7-5c0338b0f9ce,基金會_財團法人臺灣省私立正豐社會福利慈善事業基金會,其他
bd3ec803-ac1b-43c2-a0b5-3d1197e97093,基金會_財團法人臺灣省私立永信社會福利基金會,其他
5dbe72d9-e25b-4c98-97de-261f08ce8524,基金會_財團法人臺灣省私立波錠社會福利公益慈善事業基金會,其他
5aae9e01-1891-49f5-916f-f5b6fcc45a16,基金會_財團法人臺灣省私立王李社會福利慈善事業基金會,其他
99c069be-353f-4c25-8fab-dc767ccaf195,基金會_財團法人臺灣省私立發一崇德慈善事業基金會,其他
47048794-d9a4-40db-89f2-e13e3d1fcc36,基金會_財團法人臺灣省私立福壽社會福利基金會,其他
73611681-83a8-4f12-a24f-900d04748905,基金會_財團法人臺灣省私立統一企業社會福利慈善事業基金會,其他
b3310515-5821-4c14-8166-924629611f38,基金會_財團法人臺灣省私立聖道慈善基金會,其他
f8b8fbdb-d8be-42f3-9c74-0b213809c205,基金會_財團法人臺灣省私立許鉗基金會,其他
4198a2cc-c20a-4618-a923-00f579880940,基金會_財團法人臺灣省私立鮑朝雲慈善事業基金會,其他
817eb740-e68b-4c1d-b499-ce51841ffaaa,基金會_財團法人興毅社會福利慈善事業基金會,其他
52630914-5a1a-4278-8374-685c7006b81e,基金會_財團法人良顯堂社會福利基金會,其他
e4995fae-c6b6-480c-b209-9ea447054ff4,基金會_財團法人花蓮縣私立丞昇社會福利慈善基金會,其他
d8390a76-938e-4602-9a66-4228e9052e8b,基金會_財團法人花蓮縣私立勝安慈善基金會,其他
e664328b-b7ea-4608-a490-a93ed929cb63,基金會_財團法人花蓮縣私立慈惠愛心基金會,其他
a2ed09db-10ba-47ee-8b10-f63afa3300e6,基金會_財團法人花蓮縣私立明星慈善基金會,其他
f24c32ad-0897-40e7-b766-8be1e900c15e,基金會_財團法人花蓮縣私立瑪拉社會福利慈善基金會,其他
177aed4c-796e-491d-b821-d0934a7183dc,基金會_財團法人苗栗縣惠勝王萬生紀念公益基金會,其他
65c0afca-07c4-4bbb-bbf8-b8c818f06647,基金會_財團法人苗栗縣私立協和社會福利慈善事業基金會,其他
0cd3b2ef-7ebb-4df3-89ec-2d8712fe52d5,基金會_財團法人苗栗縣私立大千社會福利慈善事業基金會,其他
fb1d6379-ce85-4e20-b49a-0e44a84fec4b,基金會_財團法人英業達集團公益慈善基金會,其他
6468418b-5d79-4928-b7dd-9ae1b0c24960,基金會_財團法人華山社會福利慈善事業基金會,其他
2eb0453e-7fb7-4610-a286-a25728a79167,基金會_財團法人華科事業群慈善基金會,其他
4e39258e-640f-46c1-8719-b3d9e40618fb,基金會_財團法人萬海航運社會福利慈善事業基金會,其他
19094050-8db7-4d62-a5cc-22a40dbb2a79,基金會_財團法人薛長興慈善文教基金會,其他
30ce73bb-7340-4450-8ce7-69dea7de2bb3,基金會_財團法人蘭智社會福利基金會,其他
defb79bc-2c7e-470e-bf7a-80efdc3b214f,基金會_財團法人覺恩慈善事業基金會,其他
830602d6-fa4f-431e-8ce5-50af57c89ff5,基金會_財團法人許加紀念基金會,其他
fb91117d-9f83-4f65-839e-33c6d6453b55,基金會_財團法人許潮英社會福利慈善事業基金會,其他
b4937d88-1342-41dd-bcd3-f3cb1bf22088,基金會_財團法人豐匙慈善公益基金會,其他
c77efc76-6bda-4beb-baea-eb5229010423,基金會_財團法人賑災基金會,其他
f35de6ed-f37c-4396-bbcc-0f49b786d606,基金會_財團法人進賢社會福利慈善事業基金會,其他
2442b4bf-0374-4084-8b16-36e9f7fa2641,基金會_財團法人道心社會福利基金會,其他
b1151529-5dab-4f51-be7f-77d6109b56c5,基金會_財團法人道明慈善事業基金會,其他
b42512f6-3388-4adc-abce-a4bb73075124,基金會_財團法人邢榮階紀念父母慈善事業基金會,其他
6246d305-9084-4998-bae7-5f3a6f4b30e2,基金會_財團法人邱春木社會福利慈善事業基金會,其他
2fb4bfa8-3da0-4d38-9efa-7533f94a3e9c,基金會_財團法人鄒梅基金會,其他
0e26e037-3ba8-4858-ae6e-3934ce021d7c,基金會_財團法人鄭俊生社會福利慈善事業基金會,其他
a45ab76d-406b-4c5c-9e8b-8e8ee406b77f,基金會_財團法人鄭火田慈善基金會,其他
2e529d1c-bb72-4336-9538-e7a6257f906a,基金會_財團法人長思社會福利慈善事業基金會,其他
02aad978-a3ae-4406-8927-f9c2eb8c33de,基金會_財團法人門諾社會福利慈善事業基金會,其他
acf22cbe-6016-4d48-9a61-7de1b4f25d61,基金會_財團法人開證上人紀念慈善基金會,其他
ec183856-14d6-46e1-abdc-974980354302,基金會_財團法人關懷成長基金會,其他
ca780317-f132-4c8d-a70c-03e5017c7e84,基金會_財團法人關聖恩公慈善事業基金會,其他
ce2f469b-f6b4-48ea-9d3f-5c33cd5294c6,基金會_財團法人陳中和翁慈善基金會,其他
b5bbc9bd-a5a3-49f3-b55b-f17d75cd81de,基金會_財團法人陳啟清先生慈善基金會,其他
ca990bd3-30b0-421d-968a-33df7eaed16e,基金會_財團法人陳建志社會福利慈善基金會,其他
6a94d063-360a-4e2d-ad22-866caeffc04e,基金會_財團法人陳德成社會福利基金會,其他
5721995d-9ca6-4ad0-9e39-bb0ffd476ac1,基金會_財團法人陳萬枝慈善事業基金會,其他
6d8bb403-af3f-4392-b7f8-6b81678bbf11,基金會_財團法人陳趙樹公益慈善基金會,其他
034b7162-02b5-45e1-9fdb-ae1171f916cd,基金會_財團法人陳韜博士慈善基金會,其他
ffb43f20-bab9-4e09-82f9-c4ad1d924751,基金會_財團法人陽光社會福利基金會,其他
0de62461-3345-446c-9134-875265ac7320,基金會_財團法人雙十仁親基金會,其他
e0f63b1e-5cf6-40ff-b4d4-1488d7664f4a,基金會_財團法人雙福社會福利慈善事業基金會,其他
e233680f-896a-4c12-87a4-6cab564c372e,基金會_財團法人雲林縣私立北港媽祖社會福利慈善事業基金會,其他
74ca26b5-1b91-406a-9f3a-b8fa1110ef92,基金會_財團法人雲林縣私立慈天慈善事業基金會,其他
f726fa20-60a4-4038-a31f-a3e5c1bdc036,基金會_財團法人雲林縣私立民眾服務社會福利慈善事業基金會,其他
ddcdc589-39d7-428a-aae5-2e34a4a43d53,基金會_財團法人雲林縣私立許曾春秋社會福利慈善事業基金會,其他
8f859d56-c8d6-4781-988d-22ebcb4b3f5d,基金會_財團法人雲林縣私立許老有慈善基金會,其他
7b60f7d9-4b5d-4420-86cc-4b4e203dec2f,基金會_財團法人雲林縣私立長春社會福利基金會,其他
b8303101-d76e-490e-946d-673ed9edc109,基金會_財團法人靜觀慈善事業基金會,其他
6c677b88-4a0a-489b-89fe-1588f44c14f4,基金會_財團法人顏子慈善基金會,其他
a2a9995b-a17b-4594-855b-c565b13f1f36,基金會_財團法人顏榮興孝慈善基金會,其他
f96df3c8-74c1-4333-98f9-ed489ea07b5b,基金會_財團法人顧氏社會福利慈善基金會,其他
0047604c-e0dc-4ba9-86f9-77794333d7d1,基金會_財團法人香光社會福利基金會,其他
c7ab10dc-beaa-4a16-a6c7-d6873be9891c,基金會_財團法人高雄市三清歷史文化院慈善事業基金會,其他
c77d0b4d-5110-4078-80bb-d5eb270b6b43,基金會_財團法人高雄市仁愛基金會,其他
a558b614-bd30-4246-b4ce-420893ea837b,基金會_財團法人高雄市嘉義同鄉會社會服務基金會,其他
d8281adc-4a32-4549-b716-94a15f7bb2ad,基金會_財團法人高雄市基督教青年會劉阿蘭社會福利慈善事業基金會,其他
1d5f7c6a-2664-4533-ac80-fe8d0d316842,基金會_財團法人高雄市烈山五姓宗親(許姓)會館基金會,其他
c71b76e6-8452-4482-9447-d39c8b7e8822,基金會_財團法人高雄市私立松泰社會福利慈善事業基金會,其他
6d9c1c83-ac3d-472e-ae2d-842fb519d4ef,基金會_財團法人高雄縣私立仁祿社會福利慈善事業基金會,其他
72483528-808a-47d5-ac0f-bcd0e7e3b608,基金會_財團法人高雄縣私立佳賢社會福利慈善事業基金會,其他
fe5249c5-f47c-4e03-ac68-7dabda89d6d6,基金會_財團法人高雄縣私立典寶社會福利慈善事業基金會,其他
c7b9d907-4430-45fa-8349-d73d67510b64,基金會_財團法人高雄縣私立博愛社會福利基金會,其他
ed358e34-f419-403d-8c74-dc95d8b57a08,基金會_財團法人高雄縣私立天聖社會福利慈善事業基金會,其他
74947194-295f-4058-8c57-176db61a8141,基金會_財團法人高雄縣私立天臺聖宮社會福利慈善事業基金會,其他
3e358d37-d435-4e4e-85fa-ab63bf89d3f4,基金會_財團法人高雄縣私立寶光建德社會福利慈善事業基金會,其他
1513d1f4-2c35-488b-a7ed-3e85318b9bb4,基金會_財團法人高雄縣私立康和社會福利慈善事業基金會,其他
18a797fb-5adc-4397-a752-c7e01a7089ad,基金會_財團法人高雄縣私立建德社會福利慈善事業基金會,其他
a9fe92d5-8fb9-448d-861e-b03772e83e01,基金會_財團法人高雄縣私立張簡秋風社會福利慈善事業基金會,其他
a35c1e30-23e2-4b28-b114-8c3789c84e1f,基金會_財團法人高雄縣私立慈惠社會福利慈善事業基金會,其他
d5ed8827-3578-49d6-980d-a6cf9be3505c,基金會_財團法人高雄縣私立慈聯社會福利基金會,其他
663ee46c-53f2-4891-9c09-99c501ae2197,基金會_財團法人高雄縣私立星星兒社會福利基金會,其他
5ad6225e-d990-403b-8f10-e55e2ef8f1fa,基金會_財團法人高雄縣私立林柔蘭社會福利慈善事業基金會,其他
8936b844-3135-49c5-bbec-47bd5c16bfea,基金會_財團法人高雄縣私立洪賴金珠社會福利慈善事業基金會,其他
61d28548-1f9f-495a-bdcf-900aee3edc2c,基金會_財團法人高雄縣私立淨覺社會福利慈善事業基金會,其他
f0aaa0d2-9816-4d6f-aacd-057c93ff1021,基金會_財團法人高雄縣私立營光林金川社會福利基金會,其他
afe2f00f-cd7a-4817-8709-d939925a8a78,基金會_財團法人高雄縣私立王寶貴女士社會福利慈善事業基金會,其他
8510ceb4-b63f-48f7-b3cb-108fb9bf4ec5,基金會_財團法人高雄縣私立群武社會福利慈善事業基金會,其他
6612ca8c-94fc-4382-a5ec-a6e1ab5151aa,基金會_財團法人高雄縣私立聖和社會福利慈善事業基金會,其他
50413c67-95dc-4eaa-a485-65e6ef2eda51,基金會_財團法人高雄縣私立育世社會福利慈善事業基金會,其他
c999afad-e06e-45d3-9c91-dc59bc27ac12,基金會_財團法人高雄縣私立興毅純陽聖道院社會福利慈善事業基金會,其他
53866ccc-7a68-4e4b-813a-11166af99a18,基金會_財團法人高雄縣私立萃文書院社會福利慈善事業基金會,其他
f8e67d98-fd52-4f17-9333-887d2b46229d,基金會_財團法人高雄縣私立蘇旺社會福利慈善事業基金會,其他
58b7e68d-0512-4f98-9822-8518b4d9844d,基金會_財團法人高雄縣私立載道社會福利慈善事業基金會,其他
33c455c3-aa04-4424-8b38-c523bf32c1ad,基金會_財團法人高雄縣私立長安社會福利慈善事業基金會,其他
cff03b1b-8d1d-49c4-9f3f-77272be54a10,基金會_財團法人高雄銀行社會福利慈善基金會,其他
e1b21b99-6fd4-45c2-87a8-228c67e1c70a,基金會_財團法人鹿野苑慈善事業基金會,其他
a6014d1d-3a3c-4e15-8207-75c95b1d7ad9,基金會_財團法人麥當勞叔叔之家兒童慈善基金會,其他
e36345ec-91e5-4014-b286-b06ee270b7f1,基金會_財團法人黃文獻慈善事業基金會,其他
ba0d7c17-91fb-4627-a046-2b36b662f1a8,基金會_財團法人黃氏慈善公益事業基金會,其他
1eba2621-6583-452b-84ad-1f886ed6be0c,基金會_財團法人黃清標慈善基金會,其他
fc4d5d6f-496e-47f6-a8f6-928ccf7839d9,基金會_財團法人黃烈火社會福利基金會,其他
731c9dcb-5132-4d8f-b1f9-8671e96fc1f1,基金會_財團法人黃秋茂私立秋茂園社會福利慈善基金會,其他
9ad2fa78-9c1d-41ec-981d-342ee0e536e0,基金會_財團法人龍巖社會福利慈善事業基金會,其他
1655a8d1-ec81-4797-8f44-7c3f7c4f7316,基金會_財團法人龍顏基金會,其他
4e7c8362-dd81-47f5-8405-9daadd377ac6,基金會_崇恩社會福利基金會,其他
e965a70e-e549-45fb-85f1-bed4d2ca6425,基金會_畢佳士總部,其他
84986236-2614-4ccd-92b4-286c429420af,基金會_畢嘉士基金會,其他
11817e45-49a1-4d30-b161-e398d5524b74,基金會_郭吳麗珠基金會,其他
c66ab3ea-88d6-4d64-ba3e-ca40494941d4,基金會_喜樂小兒麻痹關懷協會,其他
0bd117bf-f12a-4946-bbc4-62c8458ba6e6,基金會_達觀社區發展協會,其他
3569d28a-64f7-4189-b910-bcf566717519,基金會_靜觀基金會,其他
d78fab21-5846-40b3-a1ff-e011742b9f9f,基金會_雙連新莊,其他
cda8ae89-08f6-425a-92d2-b2a625c01075,基隆市信義區東信社區發展協會_基隆市信義區東信社區發展協會,其他
4ed32c29-4b02-467e-aa14-d5463aa4f1e8,基隆市永愛基金會_永愛基金會,其他
e0cf1e32-0f55-49c2-b20a-e4fb0316a951,基隆市立醫院附設日照中心_基隆市立醫院附設日照中心,其他
ccc0fb06-05d1-47c5-b268-cda321f04480,基隆長庚紀念醫院_基隆長庚紀念醫院,其他
60140cd1-ceb3-4528-b9da-d17b3648c742,崇仁內科診所_崇仁內科診所,其他
52c7cd8c-e849-4d45-8de9-5df6f4cbb187,崇友實業股份有限公司_崇友實業股份有限公司,其他
bf4102fd-37dc-4efc-b5a6-21601e308e6d,崇恩社會福利基金會_崇恩社會福利基金會,其他
9ac791a7-fe1e-43b1-9194-5d81991a5b34,崑洲實業股份有限公司_崑洲實業股份有限公司,其他
4ffc8835-92c9-4722-b39f-437c3d28a07c,崧騰企業股份有限公司_崧騰企業股份有限公司,其他
452c4011-f5d9-468b-9e2c-58ab8f6cb4c2,常德慈善協會_常德慈善協會,其他
7ea8bb20-873a-42e0-8f11-b2683a32d14e,常德照顧協會_常德照顧協會,其他
93406a3a-56f9-4411-a2c2-397886e8eec5,康健內兒科診所_康健內兒科診所,其他
a8084f2c-d8e3-4c34-a163-dd6cd3c1f97a,康全診所_康全診所,其他
df5bda57-da34-4c01-a363-e7f5cf680765,康全電訊股份有限公司_康全電訊股份有限公司,其他
6cbca1bf-a869-4c4b-a215-f735b6596b27,康合復健診所_康合復健診所,其他
13700a53-4197-4b04-8650-2fdaaed54c97,康家社會福利慈善基金會_康家社會福利慈善基金會,其他
58b86fd1-40cf-4222-bf2f-18398056ca3a,康寧學校財團法人康寧大學承辦臺北市內湖老人服務中心_康寧學校財團法人康寧大學承辦臺北市內湖老人服務中心,其他
99dc68d6-2a4c-421f-b3e8-4ce4b8cee219,康寧醫療財團法人康寧醫院_康寧醫療財團法人康寧醫院,其他
1f295c3b-ba61-4d38-bcdf-29ab7e33541b,康普材料科技股份有限公司_康普材料科技股份有限公司,其他
7e16b54c-d238-4515-b215-498579b3f5c8,康樂活社區長照機構_康樂活社區長照機構,其他
380e3d72-3168-49b9-9dba-317dc4303cd7,康福長照_康福,其他
ad14f04f-f18f-4881-aa35-8a5265e18740,康舒科技股份有限公司_康舒科技股份有限公司,其他
083642df-5d4c-4881-ad2e-3a513ab7af87,康那香企業股份有限公司_康那香企業股份有限公司,其他
d92b35f6-8321-43cc-bf02-2d4eaea80c45,張秀菊基金會_張秀菊基金會,其他
12639e5b-3cc9-46c2-bee5-a58e7e3e9aea,張秀菊社福慈善事業基金會_張秀菊社福慈善事業基金會,其他
ae2bf959-3389-475f-be5c-56b785625f55,強新工業股份有限公司_強新工業股份有限公司,其他
e9df8409-6978-46ad-b24d-f4473452c6eb,強茂股份有限公司_強茂股份有限公司,其他
4b28b703-f832-4e47-a77a-f3420b950c83,彩富電子股份有限公司_彩富電子股份有限公司,其他
3883fa35-93d2-4f79-bebe-4135af61aedb,得力實業股份有限公司_得力實業股份有限公司,其他
fffeaeb5-74f1-4e19-b99c-63301f4c53b3,得安診所_得安診所,其他
9eb5730d-ae33-43af-8529-5d058301ed90,悠活長照中心_悠活長照中心,其他
d4ecd6ed-0631-46f1-912c-6a7055df8b91,捷波資訊股份有限公司_捷波資訊股份有限公司,其他
f04f6ac6-0236-4031-9591-351e58518af8,捷邦國際科技股份有限公司_捷邦國際科技股份有限公司,其他
19cf15ac-e269-43cd-9a0b-c410d65f0fc8,啟碁科技股份有限公司_啟碁科技股份有限公司,其他
6874afa9-15f0-4a9e-997f-35de8135eaa9,敏盛醫院龍潭分院_敏盛醫院龍潭分院,其他
b677f283-4272-4233-a1bd-2d6207e0541c,梧濟工業股份有限公司_梧濟工業股份有限公司,其他
733e52c5-fbf4-4350-9f29-7371747df77e,梅山護理之家_梅山護理之家,其他
86428216-8297-491e-acc7-7d16c73b1d12,淳安電子股份有限公司_淳安電子股份有限公司,其他
115a35c6-aed8-4278-8fe0-1740fa8e0c93,清濱醫院_清濱醫院,其他
1c9a5363-7f3a-4791-8cdf-5246cf0fc180,清照老人長照_清照,其他
6b750fe3-3745-46bf-bef8-b8890e4ef87c,深坑衛生所_深坑衛生所,其他
91238f44-8d52-4a73-913d-0035674548c6,產協企業股份有限公司_產協企業股份有限公司,其他
4c9eaf66-5d8b-4b8a-9662-c4afc46e53e9,畢嘉士基金會_畢嘉士基金會,其他
bf2ca72a-a6bf-422b-8b34-a8ef6cadfa0f,盛群半導體股份有限公司_盛群半導體股份有限公司,其他
8fdbb4d3-0dfc-4713-9fe8-9ef822e45460,盛興實業_盛興實業,其他
1cc3a76f-0d51-44ce-9a3b-bb7a840e7585,盛餘股份有限公司_盛餘股份有限公司,其他
96702ceb-f30a-442e-8804-c75ceebecf9f,祥仁內科診所_祥仁內科診所,其他
97817df1-acc0-4599-8fe9-4f3e48e53f23,祥佑診所_祥佑診所,其他
0fa02a5f-4d23-4f8b-b7cf-83bc2fbf3754,祥和長照中心林美誼_祥和長照中心林美誼,其他
559e7355-1d79-4541-9b2e-b11355b20bf8,祥圃實業股份有限公司_祥圃實業股份有限公司,其他
eb08e123-a861-49e0-a494-1eedc29df16a,祥太醫院_祥太醫院,其他
93ee6c97-6e7d-4325-9cbe-a424ff50c726,祥太醫院_祥太醫院,其他
a1565889-50fc-48bc-83e0-3dab94f9736a,祥恩醫院_祥恩醫院,其他
954c1e2e-1c69-4e2b-8acd-df307286ddc7,祥興鋼鐵工業股份有限公司_祥興鋼鐵工業股份有限公司,其他
23818be3-081d-48e8-a316-6b828b0b89d4,第一伸銅科技股份有限公司_第一伸銅科技股份有限公司,其他
df598830-4741-4ad4-81e8-3ccae01b6e22,第一幸福平安居家長照_第一幸福平安居家長照,其他
392d991e-2ee9-439d-9fb0-b61781038edc,統一企業股份有限公司_統一企業股份有限公司,其他
16c59eaf-e509-43de-92ce-fb6e69ac84a3,統一實業股份有限公司_統一實業股份有限公司,其他
58a374f4-e080-4741-877a-5390654f03f5,統一武藏野股份有限公司_統一武藏野股份有限公司,其他
47fce7cb-5dd1-4c4e-87f1-a1128136ac38,統盟電子股份有限公司_統盟電子股份有限公司,其他
f8a10246-39bc-4d10-bc47-7bc5c899aafd,紹善聯合診所_紹善聯合診所,其他
87cfba8b-3c4c-4ac6-8742-a9d9368c8992,紹毅內兒科診所_紹毅內兒科診所,其他
73c29a40-0423-4a0f-a790-9d9ed098adee,莊敬園長照中心_莊敬園長照中心,其他
3291d211-f651-40c2-a8e4-4065a42e0883,袖珍盒子有限公司_袖珍盒子有限公司,其他
dc029487-c015-4a6c-addf-5d0c516308dd,通用先進系統股份有限公司_通用先進系統股份有限公司,其他
968bd253-cf5b-4ecd-b2a1-adb5a6e13b3f,通霄光田醫院_通霄光田醫院,其他
0a2634f2-6ac1-477d-b6c4-3518c3690d9f,連展科技股份有限公司_連展科技股份有限公司,其他
d097b88f-25f6-4e6f-b534-f693dd1842e1,郭吳麗珠基金會_郭吳麗珠基金會,其他
49f658cf-4578-4eb3-9c9b-b2f8c3056c9e,郭吳麗珠基金會_郭吳麗珠基金會,其他
d3abc6bc-a1d7-43db-9a47-2542366f0daf,郭大添骨科診所_郭大添骨科診所,其他
029038cc-5540-4c03-b6d6-20528e766efb,郭醫院護理之家_郭醫院護理之家,其他
3af1247d-4351-481a-b744-6723c9273daa,郭醫院護理之家_郭醫院護理之家,其他
1ff60297-3f89-4da7-ac74-35a61480f4bb,陳冠文內科診所_陳冠文內科診所,其他
ac407f8b-16eb-455f-adff-c8b70fd2c3c4,陳尚志診所_陳尚志診所,其他
147ee0a0-2884-4726-8b18-1c041d532892,陳尚志診所洗腎中心_陳尚志診所洗腎中心,其他
dace8546-ff1d-4322-b56d-5d41673d25c1,陳振輝骨科診所_陳振輝骨科診所,其他
0fc8b9d6-b1a7-483e-ae69-19e13893536e,陳文貴診所_陳文貴診所,其他
a1a06794-169a-421f-9fe8-9503bf36f665,陳新發基金會_陳新發基金會,其他
6cb04ed5-0449-4077-8dec-448194c4a5d3,陳新發文教基金會_陳新發文教基金會,其他
b0b6068c-7ece-41db-8d5a-21e6409500ee,陳明正內科診所_陳明正內科診所,其他
ea4c2090-ddf4-498c-aae4-3ef69f112098,鹿東基督教醫院_鹿東基督教醫院,其他
2ebc35a0-bdcf-462b-bc3a-20067c7b378a,麥豐社區長照機構_麥豐社區長照機構,其他
2f5e21bd-db0d-48b1-8ba9-234208184947,麥迪生國際股份有限公司_麥迪生國際股份有限公司,其他
2bc0b3ce-c944-4024-8758-ee92c50ea1c0,麻豆新樓醫院_麻豆新樓醫院,其他
39e31082-bd47-4c73-91c0-6df0cae1759f,傑安內科診所_傑安內科診所,其他
f7df471a-5ed0-4d3f-b9d9-31de125e4c73,傑安內科診所_傑安內科診所,其他
51ac62d6-c4a6-4472-9c24-272ad5f6fe6f,凱景實業股份有限公司_凱景實業股份有限公司,其他
6df004c3-d1c9-4f8a-b824-948f7d3fc903,凱美電機股份有限公司_凱美電機股份有限公司,其他
2afc4563-9ed0-4865-9fd5-873f0a399b15,創世基金會 草屯 分院_創世 基金會 草屯 分院,其他
074f71d6-c41e-4588-a259-0a93f10f3b90,創世基金會草屯分院_創世基金會草屯分院,其他
e0d4a50d-ab71-4a94-a866-375d18df3b0f,創傑科技股份有限公司_創傑科技股份有限公司,其他
9067a45e-e668-4563-95c9-07088767aaea,創意電子股份有限公司_創意電子股份有限公司,其他
f582c4e2-c563-42e5-8316-10a3781a984b,創見資訊股份有限公司_創見資訊股份有限公司,其他
7bfe63e5-875b-4b20-8b51-10bdcf89cf66,勝一化工股份有限公司_勝一化工股份有限公司,其他
aa5872c6-1fc2-458d-af21-563a2bc23b4d,勝創科技股份有限公司_勝創科技股份有限公司,其他
b04234ee-6bc5-4821-8396-4157f7897539,勝德國際研發股份有限公司_勝德國際研發股份有限公司,其他
93656f76-2c60-4958-927c-354815b73e59,勝華科技股份有限公司_勝華科技股份有限公司,其他
b46d8779-5cd2-4da4-85f9-defedd8e0a98,勝開科技股份有限公司_勝開科技股份有限公司,其他
46f9b07c-055e-4497-a7c8-e8b9f3593857,博仁綜合醫院_博仁綜合醫院,其他
f430f0ca-7994-419b-bfde-abd32b833b70,喜樂小兒麻痹關懷協會_喜樂小兒麻痹關懷協會,其他
54f64e17-9396-495a-af68-85464237acea,喜聖診所_喜聖診所,其他
ed6fbaa2-b030-4284-82bc-6d6142bc2524,喬城實業_喬城,其他
b9eb0eb1-aa55-45f6-b1e5-b3678b2c17c7,喬山健康科技股份有限公司_喬山健康科技股份有限公司,其他
1aef8cf7-3365-4cc8-828a-6152d30d9f16,喬鼎資訊股份有限公司_喬鼎資訊股份有限公司,其他
458d029d-4090-4152-a922-f06e7ab6a229,堤維西交通工業股份有限公司_堤維西交通工業股份有限公司,其他
cca975ab-dbbd-4aec-9c0e-508668ff47d3,富味鄉食品股份有限公司_富味鄉食品股份有限公司,其他
1c015711-5e28-4c23-90c9-5f9835fb3100,富喬工業股份有限公司_富喬工業股份有限公司,其他
a9cda87e-ae8a-42a1-8ebc-2061aa8a8e25,富強鑫精密工業股份有限公司_富強鑫精密工業股份有限公司,其他
88a0c9f7-ec89-4df1-bab7-23d407b97647,富樂社區長照機構_富樂社區長照機構,其他
edc227fb-6f62-4d77-ae75-edba0c5078e8,富海工業股份有限公司_富海工業股份有限公司,其他
319d8965-60cf-4f50-873b-24b2ad488e66,富積電子股份有限公司_富積電子股份有限公司,其他
a57bcd97-32bc-493f-bec3-e0c76c0d6c19,富順纖維工業股份有限公司_富順纖維工業股份有限公司,其他
a5bdbdb6-5bca-4732-86f1-e8f35d19f010,富驊企業股份有限公司_富驊企業股份有限公司,其他
2b4d4934-c969-4d95-9708-2b3401024be5,富鼎先進電子股份有限公司_富鼎先進電子股份有限公司,其他
ea007b66-2aed-4e1d-818e-536a133cfafd,崴強科技股份有限公司_崴強科技股份有限公司,其他
174c0afe-6036-4d19-83dd-cb12b658d8bd,崴立機電股份有限公司_崴立機電股份有限公司,其他
b8120d2d-5c7d-432d-a1a9-cc11e5110458,幃翔精密股份有限公司_幃翔精密股份有限公司,其他
a4fe62f3-0de3-4196-8868-1fb6b1b59bb7,復健機構_三軍總醫院北投分院附設社區復健中心,其他
8a2ace79-5bb4-4d94-af8b-41246412934a,復健機構_中山醫學大學附設醫院工學社區復健中心,其他
43d28840-eb6a-4626-ae01-8e0e4398c8ea,復健機構_天主教仁慈醫療財團法人附設新竹仁慈康復之家,其他
00d9caa2-26b7-42ff-9308-82c78677e480,復健機構_台北市康復之友協會附設孫媽媽工作坊,其他
65954f6e-df71-4435-aaee-469d9e73b6d5,復健機構_台南市立醫院精神科附設康復之家(一),其他
299fdbd0-9f1a-44ec-9ac0-7dee837b1cdb,復健機構_台南市立醫院精神科附設康復之家(二),其他
32ea6dbf-22f8-478e-b4b4-d0ac2eb0edee,復健機構_宜蘭縣康復之友協會附設社區復健中心,其他
bdc55536-87df-45f2-9a97-457fb0911184,復健機構_社團法人新北市康復之友協會附設心橋工作坊,其他
f7fde173-0ff3-47e2-8dfd-aca8bd20434f,復健機構_社團法人新北市康復之友協會附設新莊工作坊,其他
dad30e1a-f0ce-461b-9890-614af14abed2,復健機構_社團法人高雄市康復之友協會附設私立仙人掌社區復健工作坊,其他
74665269-444d-4c8b-a089-daf1162e84b3,復健機構_社團法人高雄市心理復健協會附設喜福社區復健中心,其他
5a34e46f-c062-4a57-aba0-3bcb06eaf4fd,復健機構_社團法人高雄市心理復健協會附設圓夢社區復健中心,其他
5908a2b6-71e6-439f-a51e-d135427be622,復健機構_迦樂醫療財團法人附設迦樂社區復健中心,其他
2440505b-3f29-44b1-a31c-47d3453ae215,復健機構_財團法人台灣省私立台北仁濟院附設仁濟療養院新莊分院社區復健中心,其他
41baf3d5-7034-46bc-beb0-8f5474d00c2e,復健機構_財團法人台灣省私立高雄仁愛之家附設康復之家,其他
6c4ea140-d3ff-4c04-92a3-6e18c3c09aae,復健機構_財團法人台灣省私立高雄仁愛之家附設社區復健中心,其他
b87a6ecb-1663-433d-ac21-8d25366f96a7,復健機構_高雄市立凱旋醫院附設大寮康復之家,其他
cb2cc6ad-6440-4bba-bbc0-945af71ffce7,復健機構_高雄市立凱旋醫院附設康復之家,其他
fc4d8b3f-82c6-4a84-b8b9-0d48fbc241f7,復健機構_高雄市立凱旋醫院附設社區復健中心,其他
7ba83df0-df4e-4476-bdf6-6d50496dc6c0,復健機構_高雄榮民總醫院附設紅樓社區復健中心,其他
eefde082-5fc8-4bf9-ad4e-e049260ef3e8,復健機構_國立成功大學醫學院附設醫院精神部社區復健中心,其他
a29a1428-3b4c-4c49-9e7f-d8af69116aed,復健機構_國軍高雄總醫院附設民眾診療服務處附設社區復健中心,其他
50a66a7c-cd31-45c7-95a3-443fbc27de1e,復健機構_國軍高雄總醫院附設民眾診療服務處附設蘭園康復之家,其他
30917fd0-7c33-4f2f-9a0c-d8ecbe14de94,復健機構_臺中榮民總醫院嘉義分院附設住宿型機構,其他
2bd073a0-6785-495c-bbef-d3787318a62f,復健機構_臺中榮民總醫院嘉義分院附設日間型機構,其他
7d3a7168-46ca-4fbc-a78a-ff8a8d0dad6b,復健機構_臺北市立聯合醫院心湖職能工作坊,其他
4f1d152f-3c8c-45d5-b67a-57fa3e272702,復健機構_臺北市立聯合醫院文山職能工作坊,其他
d2c342a2-f2d3-462e-a49f-be64095ccec6,復健機構_臺北市立聯合醫院福中職能工作坊,其他
1d307f58-a05c-496e-81d2-fb33261f14e4,復健機構_臺北榮民總醫院員山分院附設社區復健中心,其他
09ec0b27-b9e4-470b-9d35-dbc1872e76f3,復健機構_臺北榮民總醫院員山分院附設鑄夢別苑康復之家,其他
12e307c0-6c14-4f0e-a4bd-00347b6e15d6,復健機構_臺北榮民總醫院玉里分院附設康復之家,其他
cc738be6-c04f-4635-b535-233554234d15,復健機構_臺北榮民總醫院玉里分院附設璞石學苑社區復建中心,其他
8747af78-5f1d-44a1-ad62-c499e1059337,復健機構_衛生福利部基隆醫院附設社區復健中心,其他
ea0be178-a546-41a3-b9a6-1e5f0eb3276e,復健機構_衛生福利部玉里醫院附設社區復健中心,其他
3858087e-2493-48b0-8e87-55ba17939ead,復健機構_衛生福利部臺南醫院附設社區復健中心,其他
62baad2f-1943-498a-842d-aa1c11d5e547,復健機構_衛生福利部臺東醫院附設精神復健康復之家,其他
73a88ab2-e766-4a26-94af-bc0e2b27679e,復健機構_九翌復健科診所,其他
e3dfd8a0-311d-4721-8a13-add81f6b08fd,復健機構_大益復健診所,其他
f83ddaad-9593-46c4-82be-fb359387e0c5,復健機構_大道診所,其他
c204f3c5-51cf-47db-9891-d2953899c239,復健機構_仁祥復健科診所,其他
c20416b9-c296-4c8d-930e-42a8e477d622,復健機構_示康診所,其他
8f9ff2b9-dbb1-40d4-997a-f90f18eec26a,復健機構_佑誠復健診所,其他
410f709d-69a0-441b-bfe6-27f1fcf48170,復健機構_李文棟復健科診所,其他
4247860b-6c8a-48a9-b565-8c002d814cc4,復健機構_李文棟復健科診所,其他
f2b25f95-1219-4a2d-86e8-64181c11fa79,復健機構_尚佑診所,其他
7e8955f5-90db-43be-9912-368e2f4586ac,復健機構_易昌復健科診所,其他
3ee33f93-f4a1-494d-9c91-ca56ce5ac2e3,復健機構_松柏復健科診所,其他
b3d424c7-0ee8-468e-992a-dedc23331c5f,復健機構_芳山復健科診所,其他
c4fc6b5d-7b2e-4b13-9173-6ab33abaa0ce,復健機構_美忠復健科診所,其他
bf2836fb-7e8e-4c6a-b809-48130b9c1529,復健機構_徐上德復健診所,其他
da38dc53-4d7c-41a3-99e6-a457256ae01d,復健機構_晉安復健科診所,其他
fdbadd0f-64df-4bb8-9713-612afe2c9d85,復健機構_茗亮楊宗茗復健診所,其他
2550f34f-7909-46a8-b08c-79ec69218ea3,復健機構_晨恩復健科診所,其他
09a8c7d9-9734-4436-8913-b67487fa044d,復健機構_復興診所,其他
27efbe65-f99b-4c8f-8efc-4d9a8ab5e97b,復健機構_敦美復健科診所,其他
17cbbca8-e63f-4c43-af2f-aba4fda2e5ec,復健機構_朝氣復健診所,其他
1a70a893-ea15-4a2f-9e04-3776229a5352,復健機構_翔暘復健專科診所,其他
92068025-417a-4936-a221-1799d08e5b3d,復健機構_新民聯合診所,其他
700e6357-4c15-45d3-a540-448753affd36,復健機構_溫聯合雨田復健診所,其他
5ac471b2-422d-4b21-8f83-bc138502e233,復健機構_瑞基復健診所,其他
e40855ca-2d3b-44f9-9a14-bd1eca28ecf6,復健機構_瑞豐復健科診所,其他
7090baf3-8ee6-4507-8366-b28dd104bdff,復健機構_福音聯合診所,其他
a3e030f9-3e87-4b62-abbc-f0bb8826b671,復健機構_維新復健科診所,其他
e959839a-62d6-451c-9acd-9229bd92983b,復健機構_澤康復健診所,其他
2a7c2a10-0906-4e90-bf8a-9b190ccd85eb,復健機構_盧彥弘復健科診所,其他
c79e2705-903e-477d-8f1e-5c3033900297,復健機構_又新康復之家,其他
7d7d26fe-94af-4ff6-ba3b-9afe3be6cbbf,復健機構_大同康復之家,其他
58c6d212-ce92-46f7-9b4a-8a97da807870,復健機構_大和康復之家,其他
2a472d4d-31f9-4b03-935d-0afa9b99653b,復健機構_山水居康復之家,其他
f1765bf8-179c-4e5a-b4f2-79c2c586bcdd,復健機構_山線社區復健中心,其他
f89d4f8d-3ef1-4884-860b-4a15bd16d69a,復健機構_五龍發社區復健中心,其他
547fff19-8de9-4106-a806-c8dfb2c9376c,復健機構_元氣康復之家,其他
f1df5908-daf6-4623-af2c-c4bb0e071287,復健機構_心元康復之家,其他
df53df97-7fe3-4522-98f7-4ed44faae230,復健機構_心園康復之家,其他
8a793a69-1379-486b-bec2-c71d0d68dc0b,復健機構_心心康復之家,其他
eaba9bf5-db84-4e53-ae36-760b11e5279b,復健機構_心翔社區復健中心,其他
001c3cfa-02c9-40b0-aa3a-157994209e34,復健機構_台南市私立安和康復之家,其他
46c57917-4358-466d-9313-8bc138a1b577,復健機構_永全康復之家,其他
0ed50703-417f-4ee4-a5d4-7761f6c6c076,復健機構_永吉康復之家,其他
bc541e1c-3bf2-4f66-aad5-f83a5ea8be6e,復健機構_永康社區復健中心,其他
56dda733-acf1-4381-a1f2-68c528fa49e1,復健機構_立恩康復之家,其他
57c26e1d-2ba0-4cfe-9e80-1ba2d61d1f94,復健機構_光宏康復之家,其他
dfc75919-f13e-47f8-a49e-5302608a9c3d,復健機構_全民康復之家,其他
3a6ccee5-f216-4286-a375-c84da51a29c1,復健機構_同心圓社區復健中心,其他
873d6ce7-2da5-4dcb-9b14-e25d1fcef084,復健機構_向日葵康復之家,其他
70215e30-931b-48b1-9cac-9d4f6eb19adc,復健機構_名恩療養院附設社區復健中心,其他
2724e9a1-4195-4e47-97c2-4d8aea7682fd,復健機構_如中康復之家,其他
ff4149ab-e6bf-4733-aca7-2c7fbf74fe62,復健機構_如佳康復之家,其他
ee8e8df4-6c0f-4d50-8002-106dc7b2ba46,復健機構_旭祐康復之家,其他
73f153b8-2fbe-489d-9c20-70ee88606cc8,復健機構_自立康復之家,其他
26da2fa2-7649-46be-a79e-fb2e69dca9d3,復健機構_行健社區復健中心,其他
6bd1c4dc-9a7c-4801-affb-528a9e9448e4,復健機構_佛明社區復健中心,其他
bf54207a-bade-4351-b128-41c1b995730e,復健機構_宏苑康復之家,其他
546acbb0-c836-480b-a315-9e1ff0b4c258,復健機構_私立中和康復之家,其他
b22d92bc-dac2-4955-b6d7-e57805d2e4ec,復健機構_私立中華康復之家,其他
8030db58-4eba-4324-9251-1ed5d8d55339,復健機構_私立五股康復之家,其他
d4845d96-994b-41c8-a534-d3a629e8a3c8,復健機構_私立佳安康復之家,其他
f5bbb3fb-a471-4f06-b332-4e9e510c69df,復健機構_私立佳樺康復之家,其他
2edc3c39-e3f7-4acb-bdf2-6168e1cbc976,復健機構_私立佳瑩康復之家,其他
109fa02a-3b0d-4f24-812d-23edd7718545,復健機構_私立修德康復之家,其他
82928995-bde4-4feb-9abd-f06ab0df0485,復健機構_私立內湖康復之家,其他
263b615d-aa39-436e-ab25-a3fbecb3c763,復健機構_私立全人康復之家,其他
568f32cf-58ef-413e-a18b-3c5a7502d5be,復健機構_私立全安康復之家,其他
ab73bc8a-1e69-4a9f-afe2-b712ef4e2f02,復健機構_私立勝安康復之家,其他
23741be7-d7a9-4bd1-a284-ccf453bfbbc7,復健機構_私立協和康復之家,其他
960e2aaa-8f70-420a-b0f7-9c83c5628f51,復健機構_私立南海康復之家,其他
ab8598d5-69f2-413c-b121-20bffb906367,復健機構_私立南港康復之家,其他
82539818-5178-4c71-8bf4-01b1b21a2812,復健機構_私立双連康復之家,其他
2231521b-52e3-4ad0-98d7-b835465b0c44,復健機構_私立吉田康復之家,其他
dcc471aa-c482-48d6-862c-3680f04386fb,復健機構_私立呈泰日間型精神復健機構,其他
bb52eb4d-6350-4459-8d4a-abece451dc9b,復健機構_私立員山康復之家,其他
5d072f86-1537-4fed-99a9-e2e36661173f,復健機構_私立嘉仁康復之家,其他
27c80d2c-2ebb-446e-b0ec-2ddc8e585fe0,復健機構_私立圓心康復之家,其他
cea33037-186b-461f-b0cf-8a2d196ac1be,復健機構_私立均仁坊社區復健中心,其他
1c59f6c3-a08d-4192-93a9-aceab39d7bf9,復健機構_私立均德康復之家,其他
c046803c-6add-46cc-b18a-44fbf8e8a771,復健機構_私立均怡康復之家,其他
45d5a397-96a1-40bc-b44c-aa6d616020a7,復健機構_私立奇岩康復之家,其他
35593bbc-dc69-437e-8c72-4bd3a41ea0c0,復健機構_私立如意康復之家,其他
040f0c0b-066a-420c-9738-86c88b12385d,復健機構_私立安如康復之家,其他
f63fc9f4-89df-4ef3-a4b3-2357ec869d91,復健機構_私立安溪康復之家,其他
062f1498-d92d-4fd4-ae86-d58a287bfa19,復健機構_私立崇生康復之家,其他
9bc483fe-4bc1-493d-9997-56e8bd699665,復健機構_私立希望日間型精神復健機構,其他
05bd26b4-9070-49f6-a763-25c71a3ffc96,復健機構_私立平安康復之家,其他
d4fb94b4-36b4-4fca-86ab-822597aa6c01,復健機構_私立康怡康復之家,其他
bd9f8eb0-c4e3-4264-b4b2-838a9fa4b986,復健機構_私立廣福居康復之家,其他
d5eee87f-449e-46f2-b938-8d4414ac7b34,復健機構_私立弘光康復之家,其他
a2d2d561-7f1b-4031-9d77-fb9ac4b66d16,復健機構_私立德安康復之家,其他
f3da5b3c-1b7b-4b2d-a885-ffe10b03c897,復健機構_私立德瑞康復之家,其他
c4fe0662-a738-44a7-8989-ea2900d28902,復健機構_私立心閤康復之家,其他
ac841003-6ffd-4302-b4cf-98e9d9b5fb9f,復健機構_私立恩哲康復之家,其他
bb26420d-a456-4c5e-8421-b37ac0aa6886,復健機構_私立恩心社區復健中心,其他
3b413f1a-410b-4e00-87c7-272923b3a51f,復健機構_私立慈誠康復之家,其他
3446b5c6-fb2f-45b3-b711-673b3d7a4a8d,復健機構_私立承安康復之家,其他
501b3501-b78e-4e68-8156-bff9f5df6efc,復健機構_私立承宏康復之家,其他
6ef1254d-8aeb-4baf-92e3-bef58c7cea44,復健機構_私立文德康復之家,其他
df121173-dd47-4e49-a8dc-632551a68ec6,復健機構_私立新店怡園康復之家,其他
9639879f-5faa-4edb-89c0-aca38d651c0b,復健機構_私立木柵康復之家,其他
dde25062-0f1a-42a2-b139-996a81ca39a3,復健機構_私立杏和康復之家,其他
5eaca35d-d519-4a3f-8a1e-8ca969e17dc9,復健機構_私立永丞康復之家,其他
1cf1d16b-3dad-4453-bfde-a7ada74e5e06,復健機構_私立永享康復之家,其他
8c0768f4-932b-4fa1-ae82-68ec44d0ca9c,復健機構_私立永芯康復之家,其他
ed185b92-babd-4734-b0da-87a7d271273d,復健機構_私立永青康復之家,其他
525a09ee-230b-4a61-8d55-7188e54ffc60,復健機構_私立汐止康復之家,其他
8ca8e059-3aae-479c-bb51-9a2f8fab42c8,復健機構_私立涵宇康復之家,其他
4e035168-d51e-4864-bc72-9e7ea0895b39,復健機構_私立源芃康復之家,其他
83f36484-5cdd-4113-9243-e88f4afca6fa,復健機構_私立演慈康復之家,其他
b3a907ee-98e6-4c42-a37b-cd52457f5998,復健機構_私立濟安康復之家,其他
98d26f96-3ee4-447a-bc19-79e8b612d6e9,復健機構_私立瑞安康復之家,其他
4b0be35d-167f-4108-a694-ae7f5fd45e42,復健機構_私立福德社區復健中心,其他
fafd21b8-455d-46ac-b167-2d7403b3f8f8,復健機構_私立禾康康復之家,其他
1b07381f-0b4d-4e23-9e1f-53807dd49f72,復健機構_私立竹安康復之家,其他
60ca3e04-8e6f-4629-bee8-268f63344cf4,復健機構_私立良居康復之家,其他
6796c438-291f-4ffb-aeb8-958f4163362d,復健機構_私立詠康康復之家,其他
e1be34e8-ba30-4e16-ae5d-41d59317d89b,復健機構_私立采虹康復之家,其他
42c09c7f-1f23-47a7-bc3c-fcf5498cd26b,復健機構_私立金山社區復健中心,其他
7e016d53-166e-467e-b9ca-88863627c7d2,復健機構_私立長安康復之家,其他
875b2c45-32af-4f05-af88-ebadd7dc5f69,復健機構_私立長德康復之家,其他
e29d980a-e761-4b6d-a2f1-ba34fc3a57f4,復健機構_私立長育康復之家,其他
b76d11b5-83b1-46e8-95a4-9d9d75f28e86,復健機構_私立青松康復之家,其他
4d568bb0-335a-47bb-883a-a0ae32921be9,復健機構_私立鹽光康復之家,其他
6655c3f3-3f06-48f1-8ac9-35b0e3ddaadd,復健機構_亞葵小鎮康復之家,其他
901fc651-dd6a-4bce-97c5-b51b1f6ed61b,復健機構_佳園康復之家,其他
cd43c2fb-2cc8-4e82-ba1d-733eef5bc55a,復健機構_佳立健康復之家,其他
1384dc3e-4a0f-4d19-aab1-b8b58f16db54,復健機構_宜蘭縣私立培德社區復健中心,其他
4aeb78b3-3bb0-43b4-9f4e-a5dd4d121786,復健機構_尚安康復之家,其他
a6f77ff9-d98c-4f72-8880-e217744b4412,復健機構_怡欣康復之家,其他
a67a2cab-81bb-4b7f-986f-a0112cef2ca0,復健機構_東寧農村,其他
9cc9a943-37aa-45a2-8ee7-13322f0a1f94,復健機構_東涵康復之家,其他
5f8ce9c1-a193-4e06-96b1-d9a6f3566597,復健機構_林緣康復之家,其他
7fa9a01c-865f-43dc-b2d9-392640e5f872,復健機構_欣馨社區復健中心,其他
f5a16bd8-a4a6-4014-b1eb-71a670f1087c,復健機構_芳苑會所社區復健中心,其他
76231df4-0218-44b0-a105-c6483425f2c8,復健機構_信德社區復健中心,其他
70aae03a-6ef7-46e6-8fc3-e34fe344b1d8,復健機構_故鄉康復之家,其他
6d96a6ba-5019-4fa4-a6b8-8a30e6704fc3,復健機構_春暉社區復健中心,其他
836e7391-4a93-4958-91f4-25176535af5b,復健機構_柏拉圖康復之家,其他
5a1d5d61-3370-4572-88ab-7681b2609b28,復健機構_活力滿分社區復健中心,其他
c1e20832-a603-4279-83a4-68c8a55427de,復健機構_美麗境界社區復健中心,其他
81593231-15cd-4908-b524-c7618d8bb2ee,復健機構_迦南康復之家,其他
8f8914f6-e10c-4b35-bc44-a825787bfae7,復健機構_迦惠社區復健中心,其他
a1ce795d-7e15-4a26-9ca9-90f06e552e91,復健機構_迦美社區復健中心,其他
2ba79922-85da-4907-a4eb-fd9e6eedf144,復健機構_香草山社區復健中心,其他
1ea3387d-a37e-47f9-84a4-6962d85c28ed,復健機構_宸荃康復之家,其他
7544ef92-f0fc-4796-85aa-335443f7e77b,復健機構_桃園縣私立怡安康復之家,其他
712dfb73-e5d2-440c-9385-7a384eb1afbf,復健機構_桃園縣私立龍潭康復之家,其他
cdac6f25-38ed-47f2-a1ec-85a042b74f1d,復健機構_益華社區復健中心,其他
411c6575-289e-445e-8d5c-80e856eedb06,復健機構_祐成康復之家,其他
ea451238-9067-4b8c-ac05-ca56c6ccc662,復健機構_草鞋墩社區復健中心,其他
3465efd4-649a-4e06-844a-fcdf48dc02f6,復健機構_荃閤康復之家,其他
d7ac9e75-ace6-41ac-a912-6e4d5c5ce21c,復健機構_高醫第二社區復健中心,其他
52d54056-7d2c-4a57-a536-864e2f256915,復健機構_高醫築夢安生社區復健中心,其他
c59ccb19-9af4-447a-91ef-09eb61214e60,復健機構_唯仁康復之家,其他
ad23953f-8234-4f54-888b-ba4abcc2e682,復健機構_唯心康復之家,其他
b02630f2-190a-4448-a37c-d3ad0b0ecd84,復健機構_康新康復之家,其他
e2d9c0e6-34e4-4b3e-8d22-940e37f7f852,復健機構_晨曦社區復健中心,其他
eb6cfee6-dcc8-44b3-ad5a-7b8c0027978a,復健機構_淨心康復之家,其他
f1e851e6-1520-4739-8147-38cd59f18216,復健機構_喜樂社區復健中心,其他
aa14323e-bf36-42c8-a7ee-9cb55e3b3e4b,復健機構_敦仁康復之家,其他
9348b17a-fcdd-4270-afa2-bf84a65e291b,復健機構_晴光康復之家,其他
179a0ac5-7619-4c8e-80f8-3d4db0e53f19,復健機構_湖日社區復健中心,其他
b7714d96-5c0e-4a2f-a636-5774f8fb422a,復健機構_紫竹林康復之家,其他
05218214-5927-45d0-98cd-59aa4e8f25e6,復健機構_陽光康復之家,其他
cd70f965-d1ff-4265-b494-cf22a3af607d,復健機構_微笑家園康復之家,其他
b826d3f7-142f-4016-84dd-095079ab1574,復健機構_新生社區復健中心,其他
6e0dd5ed-399c-4ea8-bfa0-665349bd6b1f,復健機構_暘基康復之家,其他
276fc64b-f2e0-467b-b0d4-299c62cc50b3,復健機構_瑞恩康復之家,其他
a014e24c-1617-4ffa-a440-67786cf61c01,復健機構_群力康復之家,其他
62c91630-7067-40fe-adad-7ca6e96b2a7f,復健機構_蜂巢社區復健中心,其他
d1776e72-81b4-4237-af92-fbd281046d96,復健機構_慷欣社區復健中心,其他
cc13126b-803e-4148-8419-255d2a4c2ac3,復健機構_慶沅社區復健中心,其他
13076bcc-4b67-4a7a-a6d3-3c0416675974,復健機構_蓮心康復之家,其他
36d611a0-c95d-4ee5-928f-48a70f30a3a0,復健機構_衛生福利部八里療養院附設中和社區復健中心,其他
bbef7aca-8d11-4fa9-9146-b07ed1b7e25d,復健機構_衛生福利部八里療養院附設八里康復之家,其他
84f109c5-c95a-4ec3-bd74-36933db20484,復健機構_衛生福利部八里療養院附設第二所康復之家,其他
9cd6b128-5b51-4a23-b688-106d560e5824,復健機構_衛生福利部嘉南療養院附設樂禾康復之家,其他
fc293a66-f821-4044-93c5-e5ff285c73a5,復健機構_衛生福利部桃園療養院附設康復之家,其他
c096db09-821c-4d26-9020-f51d303bd7c8,復健機構_衛生福利部桃園療養院附設社區復健中心,其他
32a9cf49-230f-449d-820e-1e570fef3426,復健機構_衛生福利部草屯療養院附設易居康復之家,其他
9aa2f5f9-ec48-438c-b755-2e30effb3cab,復健機構_衛生福利部草屯療養院附設生活旗艦店社區復健中心,其他
cd043fb8-86c0-4650-b2c0-40423eba3c2b,復健機構_衛生福利部草屯療養院附設草屯復健中心,其他
ead4a40c-65fc-46a6-8d5e-54a06b43bf0c,復健機構_靜安康復之家,其他
5a237adc-d877-44ce-9c2e-b1908b234b6a,復健機構_靜宜社區復健中心,其他
e94c7361-655d-43ec-a209-80dd6799642b,復健機構_靜心康復之家,其他
f95a6a09-39cf-44a5-bc15-46888c27a725,復健機構_龍華康復之家,其他
c51e309e-d5b8-413f-9321-73464d94ea68,復健機構_鴻安康復之家,其他
7af6ddc2-cac5-4cc0-917e-122fb937ece0,復健機構_馨田社區復健中心,其他
a72ec129-2672-4bf3-b6f2-418c3744bd17,復健機構_護祐康復之家,其他
bc1c2828-1769-4892-bc2a-b7e56ab871f2,復健機構_湳雅康復之家,其他
fd4564cd-5c91-423d-aa1f-6452613387d3,復健機構_世豪禮立物理治療所,其他
382b5973-7bb5-4d4c-9c70-183d868bcd6a,復健機構_仕安物理治療所,其他
a436fdd4-0293-4bd0-aee1-12e23180a67a,復健機構_欣暘物理治療所,其他
f97a79e6-87e8-4605-a74a-ea243c600046,復健機構_康悅物理治療所,其他
e8998327-5c9d-4dc7-9914-db47db0570a2,復健機構_康柏物理治療所,其他
b922e3c1-8cff-4b9e-9acc-f60de066f75f,復健機構_慈安物理治療所,其他
03f59326-64aa-4660-9448-a60086b32b2f,復盛應用科技股份有限公司_復盛應用科技股份有限公司,其他
8bb539db-9ba6-4447-b1d5-d6ae2c8d7df3,復盛精密工業股份有限公司_復盛精密工業股份有限公司,其他
558254dc-fec4-45ed-8c62-7790127494ff,復盛股份有限公司_復盛股份有限公司,其他
8a73d578-0294-432e-a48e-eed62a7e759e,復興醫院_復興醫院,其他
977f1a35-bb02-4dad-a41d-9c8bf09635fc,惠仁醫院_惠仁醫院,其他
078a6e5e-cbad-4af3-b6d6-189a31608dcd,惠光營造股份有限公司_惠光營造股份有限公司,其他
938abfc6-c2c3-41ee-bc84-c0bf1799a2fd,惠川醫院_惠川醫院,其他
114eb328-a656-4656-9ba3-f70727810b33,惠德慈善協會_惠德慈善協會,其他
89f512f8-b2f2-4dcf-9c20-229d64131bc1,惠德醫院_惠德醫院,其他
cfaf6a2d-d2e0-4e76-915f-e4f4bded6e5d,惠民診所_惠民診所,其他
a1d3fb86-5467-4920-a8e9-ef79a84885a0,惠聖診所_惠聖診所,其他
1bf5af00-06ef-4af0-87c4-ab0073c538b0,惠腎診所-新竹縣_惠腎診所-新竹縣,其他
bc1277b4-ff20-4a12-bc07-e389aadbf9e5,惠腎診所-雲林縣_惠腎診所-雲林縣,其他
73b89555-e38d-4f9d-9135-4bfc06ceffec,惠華社區式日照服務中心_惠華社區式日照服務中心,其他
d9fa5fa6-e67c-4e79-8700-0f884855f1b7,揚博科技股份有限公司_揚博科技股份有限公司,其他
449b8a27-fdbf-49d8-bbca-55e6a97062fe,揚明光學股份有限公司_揚明光學股份有限公司,其他
653054ad-7ca8-463c-80f4-6f4b1a641112,揚智科技股份有限公司_揚智科技股份有限公司,其他
f6bc37f3-a228-4474-bafc-542964821458,敦南科技股份有限公司_敦南科技股份有限公司,其他
769c66f4-c3b8-47dd-9c80-129c0cd3d694,敦泰電子股份有限公司_敦泰電子股份有限公司,其他
895b6cf6-aa33-4a4a-b68b-9364bc93df30,敦遠國際有限公司_敦遠國際有限公司,其他
495c3b40-f854-4e32-a37f-3a37c454940f,普仁健康診所_普仁健康診所,其他
acf4f5a8-2801-4f8a-b3ac-f4ac49e004bb,普樂長照_普樂長照,其他
302e28ab-7c10-4f06-a843-986dae724020,晶元光電股份有限公司_晶元光電股份有限公司,其他
97f58f60-aba5-4c48-b5f5-bf4b440b4a02,晶睿通訊股份有限公司_晶睿通訊股份有限公司,其他
a80b01d2-0273-40b3-a4bd-dae177a6f052,晶美應用材料股份有限公司_晶美應用材料股份有限公司,其他
ec8d1ff0-6332-40eb-a51c-27fd75ee18c7,晶豪科技股份有限公司_晶豪科技股份有限公司,其他
6f3b9e7a-8a6f-4ad0-ab5b-7d9ca613acce,晶鈿社區長照機構_晶鈿社區長照機構,其他
e6b6e242-f927-45c5-85de-96dcca6d4051,景安診所_景安診所,其他
d4e5da7f-be3f-4470-b259-5ec7d0b14e3c,景智電子股份有限公司_景智電子股份有限公司,其他
1a5677d6-2469-4f0c-b5c1-0551011d9a92,景碩科技股份有限公司_景碩科技股份有限公司,其他
403dd46c-ac83-401a-a302-2ba76c50fd37,智伸科技股份有限公司_智伸科技股份有限公司,其他
ff2aa2f8-3a42-4b36-a943-cc1b8f58a94e,智原科技股份有限公司_智原科技股份有限公司,其他
aa02bcd7-6e93-4424-a916-5ea9ea2e2b9f,智易科技股份有限公司_智易科技股份有限公司,其他
936ca232-e0d3-4ccd-982b-9d28f1f0be68,智邦科技股份有限公司_智邦科技股份有限公司,其他
30704d57-407c-4eec-83e6-f4f96959b9fd,朝友工業股份有限公司_朝友工業股份有限公司,其他
e66afe85-5fe7-48b9-80a0-47a978b23d68,森鉅科技材料股份有限公司_森鉅科技材料股份有限公司,其他
d11b83a8-a88c-40cf-a61c-abbd813ee7e9,湧德電子股份有限公司_湧德電子股份有限公司,其他
8f616f80-47f9-4a47-b381-73170f7060a3,湖口仁慈醫院_湖口仁慈醫院,其他
b1cc98cf-fc41-4b8a-be9b-d59825b4dda1,湖康診所_湖康診所,其他
744bc0d3-776e-4b3a-aa66-922e7d76c548,無子西瓜基金會_無籽西瓜,其他
b5f1582f-abff-4209-b94c-ca635586e039,程泰機械股份有限公司_程泰機械股份有限公司,其他
a0bc539b-0dd2-43e4-8a34-a762ea792758,童庭基金會_童庭基金會,其他
4e53d1d2-8149-4dfc-aa04-69f9b13deb99,童綜合醫療社團法人童綜合醫院梧棲院區_童綜合醫療社團法人童綜合醫院梧棲院區,其他
1dfb775e-bbf0-479a-8e06-f4451a00b3ad,童綜合醫療社團法人童綜合醫院沙鹿院區_童綜合醫療社團法人童綜合醫院沙鹿院區,其他
3ab08eb6-a5c3-475f-af67-f626b68c29cc,童綜合醫院梧棲院區_童綜合醫院梧棲院區,其他
66b7a7a2-77a8-4357-a9cd-435e4fdd7bbb,童綜合醫院沙鹿院區_童綜合醫院沙鹿院區,其他
8828bb5d-a243-4ca9-aac4-6a03b2cccce5,結進材料科技股份有限公司_結進材料科技股份有限公司,其他
bb5fc5ae-b6e2-47d0-80ad-fb2d0fe44edf,善福居家長照機構_善福居家長照機構,其他
aeed2719-8364-4c28-b67f-746b0922a390,善美得綜合長照機構_善美得綜合長照機構,其他
4e394d40-de57-4434-a6b6-9578ff0aab4c,善美德長照機構_善美德長照機構,其他
b7de8905-b7db-4928-8043-f82730a43a8d,翔新診所 太平_翔新診所 太平,其他
7bae235a-7db2-4490-af32-cfdd26f5049e,腎安診所_腎安診所,其他
afa30201-c3cc-41ef-9364-dd1363a7b63a,腎心診所_腎心診所,其他
df4b5ad9-3c8d-42fd-968d-98489a191fd7,菩提林長照_菩提林長照,其他
a584c9aa-af59-4365-80dd-9f83b2548fc3,華亞科技股份有限公司_華亞科技股份有限公司,其他
ceceab1f-7d1a-43a4-a8b9-df21a2384cec,華仁基金會_華仁,其他
c3a8b671-5de0-4809-bce0-b8acf6677bb3,華仁基金會_華仁基金會,其他
b1425a6e-9814-4d22-9e2e-5d4a98d30cd9,華仁基金會七股_華仁基金會七股,其他
02a3901c-3f51-4001-8e04-7f6bda117e2c,華冠通訊股份有限公司_華冠通訊股份有限公司,其他
2832ce30-f5a4-4031-99fe-184ef45b4525,華創車電技術中心股份有限公司_華創車電技術中心股份有限公司,其他
3f6094a1-de31-4c4c-bd5e-287019d716cb,華城電機股份有限公司_華城電機股份有限公司,其他
b5376562-f2a0-4db2-af07-d6d1fd8991da,華夏海灣塑膠股份有限公司_華夏海灣塑膠股份有限公司,其他
4d25e76f-45b4-4afb-b33e-366acdf4a388,華夏玻璃股份有限公司_華夏玻璃股份有限公司,其他
d1b52b94-d42f-4b8a-8e30-36a4b2ea2635,華孚科技股份有限公司_華孚科技股份有限公司,其他
7ba97fc0-d136-4b60-9cef-e51a4bd32dd2,華宏新技股份有限公司_華宏新技股份有限公司,其他
a3332b72-2bb3-4da2-87df-633a84951b9e,華康內科診所_華康內科診所,其他
053dd22e-36b2-4003-9bcb-37aedded70dd,華德光電材料科技股份有限公司_華德光電材料科技股份有限公司,其他
f3c6bd8e-71c9-4fa8-ac95-f13d6eb620ff,華成電子股份有限公司_華成電子股份有限公司,其他
9785f7c8-eeb5-4f32-aba4-3b1791c8c1a1,華擎科技股份有限公司_華擎科技股份有限公司,其他
217d6001-b528-4532-90c1-2fe26e6c4c3a,華新科技股份有限公司_華新科技股份有限公司,其他
a0d92fd8-a013-46ab-a186-0dc7323233ae,華新麗華股份有限公司_華新麗華股份有限公司,其他
f7766d1e-3053-4001-8c2d-8cdba79ea3fb,華星光通科技股份有限公司_華星光通科技股份有限公司,其他
e8352fed-a6bb-4527-b630-3e3bf7468552,華晶科技股份有限公司_華晶科技股份有限公司,其他
e992c08e-98e5-4055-abb2-545b31ab136b,華東科技股份有限公司_華東科技股份有限公司,其他
6b417768-79ca-455b-9b14-21f1da05c595,華榮診所_華榮診所,其他
6d07227b-8e24-4f51-9916-e3ef37e4787c,華榮電線電纜股份有限公司_華榮電線電纜股份有限公司,其他
ef76db16-e3ed-49ac-9ad9-753600c61288,華泰電子股份有限公司_華泰電子股份有限公司,其他
04f84527-12dd-48dd-8b4e-2e5dd844109a,華淵電機工業股份有限公司_華淵電機工業股份有限公司,其他
bc380def-20b7-461c-a58b-2b3e2f2beb33,華濟醫院_華濟醫院,其他
b4800232-954b-4304-8c8b-ac192f0b5429,華祺工業股份有限公司_華祺工業股份有限公司,其他
95b1780f-9ac6-417a-ade3-faa2c4f9885a,華美電子股份有限公司_華美電子股份有限公司,其他
8a27515a-0ed8-4522-aad5-8299ea26877e,華豐橡膠工業股份有限公司_華豐橡膠工業股份有限公司,其他
d7e7f5c9-9775-43d0-b4f7-17c3cdca052b,華通電腦股份有限公司_華通電腦股份有限公司,其他
9c250eec-6d03-4438-91c9-f9935f286f79,華邦電子股份有限公司_華邦電子股份有限公司,其他
582a7147-53d2-449c-a81c-a5022f806552,華騰國際科技股份有限公司_華騰國際科技股份有限公司,其他
2cde5b47-47eb-41bd-b529-25b616fc55b5,菱光科技股份有限公司_菱光科技股份有限公司,其他
5951ed27-2943-4665-a3de-230544215e09,菱生精密股份有限公司_菱生精密股份有限公司,其他
64a5074b-e3cc-43fe-b74e-a406a3d71d80,菲力工業股份有限公司_菲力工業股份有限公司,其他
5fbce97f-e5ff-4873-b1ed-f0600d42e94c,詠嘉科技股份有限公司_詠嘉科技股份有限公司,其他
2197b9cf-d466-43a4-8da2-a0f4c3de55e8,詠星企業股份有限公司_詠星企業股份有限公司,其他
4ef7ad5c-ba1b-4da9-81de-e9ed6a26355f,診所_三禾,其他
3d68c36d-c397-4150-b270-5eee7f3741bb,診所_土城廣泉診所,其他
8e1841a8-41cf-4981-8adb-7348db4c3f60,診所_禾安診所,其他
43f9ace1-1b1e-4176-8f45-8822de2adcb6,診所_安庚診所,其他
d0eb1bb3-6ad6-46ed-9d07-b11813f62d36,診所_宏明診所,其他
d62c73f8-8d17-4f2e-9ba9-9165d61f371c,診所_東晨診所,其他
1c824517-96ff-4290-aea0-31f61d5e3656,診所_皇泰診所,其他
765e8936-3bbb-4dc4-8769-445288f4cf47,診所_陳尚志診所,其他
8c76bd67-2de7-478b-a7ef-10fcb77eff7c,診所_逸原診所,其他
e3ca61fc-893d-41ea-80a9-1f6db13d8920,診所_誠康診所,其他
f8d855d9-5adb-45dc-8910-b180e954c4ea,診所_慧安診所,其他
1f2cde17-6c8f-41e3-9ad9-1efdf6c7835b,診所_寶和復健科診所,其他
118d79ae-2623-4d23-af38-784363849b93,貿聯控股公司股份有限公司_貿聯控股公司股份有限公司,其他
4077485b-6391-4b8c-a699-98e84bd83216,越峰電子材料股份有限公司_越峰電子材料股份有限公司,其他
2a9b5c92-bd92-4b9c-ad04-ffcef931c32d,超眾科技股份有限公司_超眾科技股份有限公司,其他
2e2d27ff-9180-4e64-89c4-9b6a800c3aab,超秦企業股份有限公司_超秦企業股份有限公司,其他
057986d4-19be-459d-9602-1c9702ce9cc0,超豐電子股份有限公司_超豐電子股份有限公司,其他
88f1751e-448a-4ea5-86cf-5c2e08b5cc79,逸全診所_逸全診所,其他
be843cca-fc18-4cf9-8e94-58dba063db4d,逸園安養中心_逸園安養中心,其他
403f4b40-40fa-47bc-a36d-48a6aa1ec581,逸安診所_逸安診所,其他
db02c62d-8063-4dd1-b23d-d820e64ce5d9,郵政醫院_郵政醫院,其他
9b91e98f-0a57-4319-b1dd-fd5f42649c4e,開曼東明控股股份有限公司_開曼東明控股股份有限公司,其他
c0ea7bbb-923a-4e0b-a61c-2f7bd6c27569,閎暉實業股份有限公司_閎暉實業股份有限公司,其他
e236f471-9630-409a-be32-18abf2033229,陽光能源控股股份有限公司_陽光能源控股股份有限公司,其他
8750498c-b251-4183-ab66-71e94fedee4f,陽大醫院新民區_陽大醫院新民區,其他
c7c46bb3-888b-45f6-9702-3c400f92e193,陽明復健科診所_陽明復健科診所,其他
540235f6-7054-449e-b4f5-19b411ca9f50,陽明醫院嘉義_陽明醫院嘉義,其他
a7e9a992-8de4-48a5-9952-206fe92c0230,陽程科技股份有限公司_陽程科技股份有限公司,其他
a4542184-ff4a-46b8-b6c5-2f09b3019864,隆達電子股份有限公司_隆達電子股份有限公司,其他
250afc0d-01d6-43b2-874c-d7fee841adb3,雅博股份有限公司_雅博股份有限公司,其他
34875632-4c06-47f2-8b89-6d8bc4430bef,雅林診所_雅林診所,其他
f1af3091-711f-4968-b4ea-514d2f804b70,集盛實業股份有限公司_集盛實業股份有限公司,其他
cde39676-6556-469e-b1e7-5d1c8113e31d,集賢內科診所_集賢內科診所,其他
a3a5a3b3-424d-4f21-81ba-480dc753e4a3,雲林媽祖醫院_雲林媽祖醫院,其他
58c0f50c-b22d-475d-b8bf-2188382f2f7f,雲林小天使發展協會_雲林小天使發展協會,其他
84b614b5-2551-4e9b-901d-bdf3311c71c3,雲林廖寶全診所_雲林廖寶全診所,其他
c119e26b-2acb-4510-95b0-790dc7038528,雲林縣斗六市崙峰社區發展協會_雲林縣斗六市崙峰社區發展協會,其他
47a7a2f3-4dfd-4f2f-9077-e8ebc4a71912,雲林縣東勢鄉東南社區發展協會_雲林縣東勢鄉東南社區發展協會,其他
66fa6e86-f77f-4d77-b072-436d56ab0d46,雲林縣老人長期照護協會_雲林縣老人長期照護協會,其他
f509e340-96e5-4abd-b1c8-2f4edf6634f3,雲林老人福利保護_雲林老人福利保護,其他
aa699955-2e29-40b1-8ac1-7f6461d74465,雲林長庚紀念醫院_雲林長庚紀念醫院,其他
fcf425e1-d146-44d3-a41d-d0cc88bda6c9,雲林長照_雲林長照,其他
449356a1-4a31-411c-9457-d37164cb9222,雲盧社區長照機構_雲盧社區長照機構,其他
aa6d1ddc-93f3-46ae-8791-4d14a8fbe5f8,雲鵬長照中心_雲鵬長照中心,其他
22a1c610-c86d-4ca7-b39d-b7123ea01389,順天綜合醫院_順天綜合醫院,其他
3fbb6df8-e037-45d8-9b19-af70f14e5f0f,順安老人長期照顧中心_順安老人長期照顧中心,其他
013e8607-49d8-4a1d-ac62-a35bbd3baf40,順德工業股份有限公司_順德工業股份有限公司,其他
ae3aa7d3-9255-44cd-9a57-82251e29ab69,順捷股份有限公司_順捷股份有限公司,其他
5cea5c11-2cbb-410b-be11-b55135b4237a,順昶塑膠股份有限公司_順昶塑膠股份有限公司,其他
97e9eda7-54b7-409f-892e-3eeb00c55750,順泰診所_順泰診所,其他
b26e7abc-5b39-4f16-9541-97e9957b7f81,順達科技股份有限公司_順達科技股份有限公司,其他
0390a3b9-03da-4035-8298-c3285c7ee44e,黃循武圓環東聯合診所_黃循武圓環東聯合診所,其他
2e1aaece-d02d-4036-b1a3-ffdddb3b7215,黑松股份有限公司_黑松股份有限公司,其他
d1449be1-c3f7-4ffc-8c35-183b5a344160,勤美股份有限公司_勤美股份有限公司,其他
fa37de72-b0f0-4701-8a09-7620ca43ae9e,勤誠興業股份有限公司_勤誠興業股份有限公司,其他
e4b685d7-c45c-4f22-b110-978a281b7444,勢能大里社區長照機構_勢能大里社區長照機構,其他
ee920f96-6bce-4597-a348-77d7855f8203,匯安診所_匯安診所,其他
801a3c21-7212-4ca0-968e-84fb2af19fa5,匯康內科診所_匯康內科診所,其他
daf986af-2035-4eb9-91cc-319236c33407,圓環東聯合診所_圓環東聯合診所,其他
3a642531-13b8-409f-9c93-e2bb95da2071,微星科技股份有限公司_微星科技股份有限公司,其他
ca2caee7-045f-424b-97e5-81ffe902be9b,慈健診所_慈健診所,其他
3e080220-ae8c-40a8-bfff-9e450d52b177,慈元診所_慈元診所,其他
a5f78caf-97f1-448b-b254-5a52ac5e1f69,慈光護理之家附設日間照護_慈光護理之家附設日間照護,其他
859fce29-1ad7-41fd-850c-fe8f2d7d94f8,慈安老人長期照顧中心_慈安老人長期照顧中心,其他
ce887ade-4c84-4ba0-9e24-526743f4154c,慈濟媽祖基金會_慈濟媽祖基金會,其他
9b235012-a17d-487e-a1a5-87773d93d6be,慈濟綜合醫院_慈濟綜合醫院,其他
9c9d2541-d3aa-4421-94d0-8115ae51a85d,慈濟綜合醫院大林分院_慈濟綜合醫院大林分院,其他
193f8686-7088-4eae-a3e2-d0b79c09fea7,慈濟醫院台中分院_慈濟醫院台中分院,其他
01d9b189-4581-4166-a28f-1cc2aa5101d7,慈濟醫院斗六門診部_慈濟醫院斗六門診部,其他
0c6bf7f8-34c3-4904-8011-5f67c61b0ef3,慈祐醫院_慈祐醫院,其他
c4f84cfa-fb76-4b5e-b0e5-b4a97caf13ae,愛之味股份有限公司_愛之味股份有限公司,其他
c4148a49-0dc0-4cf2-87f0-807458e2fe3b,愛地雅工業股份有限公司_愛地雅工業股份有限公司,其他
c1abc692-1b5d-4bfc-9f62-4290a6b54bc5,愛德爾老人福利機構_愛德爾老人福利機構,其他
3f93f664-ee2c-4a10-8ea1-b29174146dd0,愛愛院東明住宿長照機構_愛愛院東明住宿長照機構,其他
67d648fe-8c94-41d9-bb75-b9ab25684912,愛鄰復健診所_愛鄰復健診所,其他
89761b6a-3694-468f-9353-d35d92965734,敬德護理之家_敬德護理之家,其他
fde210e3-e2d8-4f7a-a375-cc20a953a9c7,敬鵬工業股份有限公司_敬鵬工業股份有限公司,其他
42bf7db6-7ea5-4006-a967-8974f11d49a3,新世紀光電股份有限公司_新世紀光電股份有限公司,其他
b567374e-9a4b-43f3-954e-ac761fda4f46,新亞東醫院_新亞東醫院,其他
55177efc-9300-4157-aac1-c739e461204f,新仁內科診所_新仁內科診所,其他
4fe873e8-21e3-41ad-8484-93f3696abb20,新佳源護理之家_新佳源護理之家,其他
baca5dae-6ace-4530-b2dd-c6c68d15c671,新光合成纖維股份有限公司_新光合成纖維股份有限公司,其他
492c9200-235a-4378-8113-94e960d2979c,新光紀念醫院_新光紀念醫院,其他
7e3a9d66-d83d-4dfa-aaa3-6e4c9bb501b9,新光鋼添澄慈善事業基金會_新光鋼添澄慈善事業基金會,其他
25dcfbeb-35a1-4bd5-9cec-5532e42b703b,新光鋼鐵股份有限公司_新光鋼鐵股份有限公司,其他
23f77477-8d88-4fee-9753-6cdd5b4610be,新北市五股區更新社區發展協會_新北市五股區更新社區發展協會,其他
ebdcf8ad-bb2f-4f55-88da-3fa73674c7ce,新北市新店區北宜社區發展協會_新北市新店區北宜社區發展協會,其他
cd820f40-17a8-4bca-9cf1-a87d7f0845cf,新北市新莊區牡丹心社區發展協會_新北市新莊區牡丹心社區發展協會,其他
9643ce6e-8336-4f44-bead-be7539f9e97b,新北市歡樂銀髮協會_新北市歡樂銀髮協會,其他
f14ec3eb-298f-4548-aeab-6d4a5c990190,新北市泰山睦鄰協會_新北市泰山睦鄰協會,其他
f56f627f-0d79-4b94-b5b2-5a69d83d7abe,新北市烏來區原住民溫馨勞動合作社_新北市烏來區原住民溫馨勞動合作社,其他
d48aa413-8a83-444a-9330-a1aa9808e169,新北市聯合醫院三重院區_新北市聯合醫院三重院區,其他
b78dc3a6-7525-419b-b313-2ba754914bbc,新北市聯合醫院板橋院區_新北市聯合醫院板橋院區,其他
517c825b-3427-454d-8f5a-8c5ffbb5613f,新北身障協會_新北身障協會,其他
9fcf3d31-069b-4714-9836-11bc4b38cd89,新唐科技股份有限公司_新唐科技股份有限公司,其他
8621aeae-e66d-4728-8f9a-81ce188e6da7,新國民綜合醫院_新國民綜合醫院,其他
1dec9dfa-4cb0-46a3-a43b-96ee54203baa,新寶元鋼鐵股份有限公司_新寶元鋼鐵股份有限公司,其他
b24ef6d4-0be8-4898-9c7a-8bfff78ac894,新巨企業股份有限公司_新巨企業股份有限公司,其他
728508fc-9143-4050-8ee9-9fbb21c685b2,新店慈濟醫院_新店慈濟醫院,其他
6f9490bf-de3d-45f8-a148-77846b09aa00,新庚聯合診所_新庚聯合診所,其他
f8aceac2-317f-4603-af74-4765c647d58a,新庚診所_新庚診所,其他
72b9933e-2f2d-41fb-8875-5885b56e32f6,新文欽五金企業股份有限公司_新文欽五金企業股份有限公司,其他
837d9147-eb47-4eda-b9f5-ed50a067fde0,新日光能源科技股份有限公司_新日光能源科技股份有限公司,其他
d6b2a16a-e97d-416b-a06c-f79dde9ec493,新日興股份有限公司_新日興股份有限公司,其他
8af4321d-1710-4009-8a4c-12c01e55b66a,新普科技股份有限公司_新普科技股份有限公司,其他
04d4c233-4da8-4938-a66c-f40c7c8957ef,新東亞微電子股份有限公司_新東亞微電子股份有限公司,其他
9191b702-c584-44dc-90d1-c54ffe7ae136,新格發企業股份有限公司_新格發企業股份有限公司,其他
8b6524b2-2610-4386-82bc-2d313cbb6e16,新樓醫療財團法人台南新樓醫院_新樓醫療財團法人台南新樓醫院,其他
f9623148-4a0b-4afa-be93-69e01b181f70,新樓醫療財團法人麻豆院區_新樓醫療財團法人麻豆院區,其他
aa3116e4-8e84-49ac-83e1-24647624e6f9,新橋實業股份有限公司_新橋實業股份有限公司,其他
bd6fc459-7394-42dc-9c08-d1831ec0f38b,新泰綜合醫院_新泰綜合醫院,其他
0d97a963-f2a2-448e-8c02-43e4226901d1,新湖復健科診所_新湖復健科診所,其他
80042fd6-0f64-4264-98c3-4e66646deb32,新漢電腦股份有限公司_新漢電腦股份有限公司,其他
153adf88-a78a-427e-be8a-c99a9a349e04,新焦點汽車技術控股股份有限公司_新焦點汽車技術控股股份有限公司,其他
9aebb447-5004-48b3-8924-4ced52bcec94,新生醫院_新生醫院,其他
e4249714-94ae-4148-8b45-7c08549c3b5c,新福星診所_新福星診所,其他
b74ed41c-9bf4-4a70-97e1-51cd5f4cd1d0,新科光電材料股份有限公司_新科光電材料股份有限公司,其他
c6fa589b-93f5-4037-906e-8411f7706da1,新竹市東區立功社區發展協會_新竹市東區立功社區發展協會,其他
ff45c5d6-224f-4763-8340-f423983709f3,新竹市香山區香山社區發展協會(香山社區照顧關懷據點)_新竹市香山區香山社區發展協會(香山社區照顧關懷據點),其他
385461c9-1fe5-4d0f-9455-d5017f936a8f,新竹生命連線基金會_新竹生命連線基金會,其他
e63323c5-c6b5-423e-8fcd-d88c116c30b7,新竹縣蒲公英關懷弱勢權益促進協會_新竹縣蒲公英關懷弱勢權益促進協會,其他
4f700a1e-c762-433b-807a-15ec1969525c,新竹養護中心_新竹養護中心,其他
8bd20510-6a41-468e-96c5-6f15f9ef992c,新至陞科技股份有限公司_新至陞科技股份有限公司,其他
171c6677-7971-4abc-a6df-daf32fac0548,新興醫療社團法人新興醫院_新興醫療社團法人新興醫院,其他
903d373a-26f8-44ad-824d-c6e032239c35,新莊安庚內科診所_新莊安庚內科診所,其他
c4eb3070-8e64-4289-8cb7-9b9ae71258d2,新莊新仁醫院_新莊新仁醫院,其他
f7aa5712-6414-4747-97d0-e4d8dde35cc5,新莊牡丹心社區社區發展協會_新莊牡丹心日照,其他
e387bbe5-d485-43c2-91e5-9943437def85,新菩提醫院_新菩提醫院,其他
a4f13aea-4ca3-4bf6-bb5a-a6c9a6a4538f,新菩提醫院_新菩提醫院,其他
6bbc7a47-1add-4fd0-9cf9-2b735cb4f89a,新華田內科診所_新華田內科診所,其他
b88550d1-a7cd-4ade-9657-daf48abb1480,新鉅科技股份有限公司_新鉅科技股份有限公司,其他
1a9bf386-5642-4ddf-987b-80435268f0bb,新鋼工業股份有限公司_新鋼工業股份有限公司,其他
5c7de03a-03e8-4d07-aa09-d5bbbc5f4733,新鑫茶葉有限公司_新鑫茶葉有限公司,其他
f61ad6ec-ddf4-47f3-836e-be9529f897f9,新麗企業股份有限公司_新麗企業股份有限公司,其他
a3745d4f-e089-48e6-976b-80d5efb731bc,新麥企業股份有限公司_新麥企業股份有限公司,其他
9304adc2-8509-4866-b013-d5665be93f1d,業強科技股份有限公司_業強科技股份有限公司,其他
0c91e197-0c61-4483-8c61-2a8fd442618f,楠梓電子股份有限公司_楠梓電子股份有限公司,其他
4c72013e-54f1-41da-9d17-b9d73c23fc96,楠華診所_楠華診所,其他
0099ad43-e431-4b17-a837-0b8a4575ec2f,楊啟坤診所_楊啟坤診所,其他
531a960d-5d38-40e1-92d4-ec8814001a33,楊啟坤診所_楊啟坤診所,其他
30266d22-6f04-444f-8bb3-90c2f28431cc,楊子江船業股份有限公司_楊子江船業股份有限公司,其他
8c224ef4-02d5-4e9d-93e4-d760dd3d6436,源泉社區發展協會_源泉社區發展協會,其他
27c1cc97-a4e2-4b77-a415-18fd8bd698c5,溫建益醫院_溫建益醫院,其他
fbc67aeb-84e9-4939-bd38-64fb3c5f0f6f,瑞傳科技股份有限公司_瑞傳科技股份有限公司,其他
7d525800-9753-410a-a78d-dae8cb38136a,瑞儀光電股份有限公司_瑞儀光電股份有限公司,其他
464b05a5-1701-4803-a669-b60752ac7422,瑞利企業股份有限公司_瑞利企業股份有限公司,其他
eae989e1-3c09-4318-a11e-c560c29e6508,瑞士遠東股份有限公司_瑞士遠東股份有限公司,其他
7e4546cd-10e0-47de-a21f-10a424873f4a,瑞昱半導體股份有限公司_瑞昱半導體股份有限公司,其他
c6717efc-bfec-4669-a107-748ccd0ed996,瑞晶電子股份有限公司_瑞晶電子股份有限公司,其他
3f5dbd83-2e0c-4746-b29e-e99b674ae1b5,瑞智精密股份有限公司_瑞智精密股份有限公司,其他
fd06d060-c0e5-460f-a04f-9014239ac152,瑞林診所_瑞林診所,其他
fe0d8fd3-fd2f-4377-895e-f5f93db0def1,瑞泰基金會_瑞泰,其他
eb4b09e0-de0f-4708-a5e7-10d5e4b8069c,瑞祥護理之家_瑞祥護理之家,其他
b6f2f93f-f1dd-4287-ae6a-40dc876036ba,瑞軒科技股份有限公司_瑞軒科技股份有限公司,其他
446895d0-eab3-4051-9bf7-66372baaf694,瑞鼎科技股份有限公司_瑞鼎科技股份有限公司,其他
ecd0b9a0-257d-4e10-a10f-ee641e1daff3,盟立自動化股份有限公司_盟立自動化股份有限公司,其他
6d3ab9d6-808f-4dec-9725-1b611abd4f7c,萬國科技股份有限公司_萬國科技股份有限公司,其他
afbe491c-de15-4971-8228-96fb4ae0cab2,萬國通路股份有限公司_萬國通路股份有限公司,其他
66e45078-6965-4bd8-a971-17f0d86b5b3d,萬安社區發展協會_萬安社區發展協會,其他
2da6d93b-e775-463d-9342-0851a4cadb63,萬旭電業股份有限公司_萬旭電業股份有限公司,其他
b1f7e977-6904-4110-b918-366f193af4b6,萬泰科技股份有限公司_萬泰科技股份有限公司,其他
4820a03f-556e-46f2-8ebc-e632f935bccf,萬洲化學股份有限公司_萬洲化學股份有限公司,其他
ed711930-64aa-4b4f-9803-8520355c8b49,萬澤內科診所_萬澤內科診所,其他
1ad304e4-2d97-49a9-812d-0400d8502ca1,萬進居家長照機構_萬進居家長照機構,其他
de1cd66a-9c17-4348-84e4-36d9419a2969,經立老人長期照顧中心_經立老人長期照顧中心,其他
495c1188-8757-4150-81a4-86080e798892,經立老人長期照顧中心_經立老人長期照顧中心,其他
139bd930-6aaf-409d-9d3c-862810532b25,經立老人長期照顧中心_經立老人長期照顧中心,其他
de4ee633-aebe-4698-8e49-085684a80912,義隆電子股份有限公司_義隆電子股份有限公司,其他
c4f125a3-2674-43e7-b286-a2320c62cd04,群光電子股份有限公司_群光電子股份有限公司,其他
82683d1a-3023-4335-afcd-0524aafeb212,群光電能科技股份有限公司_群光電能科技股份有限公司,其他
fe4264ef-ba7c-4aea-81eb-8be0c67d6bd5,群創光電股份有限公司_群創光電股份有限公司,其他
2dea96c0-6190-4043-bf29-1aba476a7dc5,群聯電子股份有限公司_群聯電子股份有限公司,其他
b5cfdf61-87a4-422b-8d2b-de441dfa78c8,群豐資訊科技股份有限公司_群豐資訊科技股份有限公司,其他
f423c070-0f74-4f00-a1be-a4c0b4462942,聖保祿醫院_聖保祿醫院,其他
ecbdbfcc-d51a-4bb7-840e-934a20decbe6,聖公護理之家附設日間照護_聖公護理之家附設日間照護,其他
6abed113-923a-4875-8347-060471de7d78,聖功醫院附設失智老人日間照顧中心_聖功醫院附設失智老人日間照顧中心,其他
b7d36756-a642-46f6-82c6-25c0693b12e3,聖安診所_聖安診所,其他
f2e5110e-4758-45cd-ab26-808f477fb6d2,聖文內科診所_聖文內科診所,其他
d5438abc-0f4c-403d-80c3-c9f997a261d6,聖母醫院附設聖母老人日間照顧中心_聖母醫院附設聖母老人日間照顧中心,其他
d6319bd5-970d-4296-9ada-bfe47c0f3365,葡萄王生技股份有限公司_葡萄王生技股份有限公司,其他
3f0cddb9-a020-4dd4-8e40-f72bdd950640,裕力機械股份有限公司_裕力機械股份有限公司,其他
52fe66ad-0e58-444a-a1f3-718864336b7d,裕挺工業股份有限公司_裕挺工業股份有限公司,其他
82998d42-9f06-4d69-8d35-e9e7a58a215d,裕笙工業股份有限公司_裕笙工業股份有限公司,其他
a8f0820c-2a83-45e2-bc00-7c90a5071970,裕鐵企業股份有限公司_裕鐵企業股份有限公司,其他
d314e095-a689-48ac-8c69-b77185179480,裕隆集團股份有限公司_裕隆集團股份有限公司,其他
fae32b00-e344-428a-b2af-e4556df0c828,誠恩長照機構_誠恩長照機構,其他
bbef80f2-1410-477b-bac1-3ab96753bce3,誠研科技股份有限公司_誠研科技股份有限公司,其他
c4c46baa-c1cf-44d7-ba4e-9c8edf5f8588,詮欣股份有限公司_詮欣股份有限公司,其他
0ca33d2d-d804-4422-ace1-d54d2f227bae,路竹新益工廠股份有限公司_路竹新益工廠股份有限公司,其他
7680fe00-e856-4dc8-a56c-b3a230c87980,路竹診所_路竹診所,其他
9de01f63-3cf4-47dd-aac5-7e67f64bd482,農世股份有限公司_農世股份有限公司,其他
511b89b8-2c99-4283-9726-16678733ff8c,道周醫院_道周醫院,其他
17fde6d9-84f2-4e22-b4f2-3f21fa872aa1,道周醫院_道周醫院,其他
486f1ec2-0ce0-46f1-a65a-87c3bf1a6e2b,道周醫院_道周醫院,其他
5bd59b3d-e571-4bc6-bf22-a92d438fdc20,達佛羅企業股份有限公司_達佛羅企業股份有限公司,其他
70627906-438e-4850-ab2a-58529addf2ca,達成聚化股份有限公司_達成聚化股份有限公司,其他
cf3ed179-df31-4cde-93c3-0c618ac00bd8,達新工業股份有限公司_達新工業股份有限公司,其他
d62fc66e-09da-4960-8f90-7e8f67552002,達方電子股份有限公司_達方電子股份有限公司,其他
05c9f023-63b5-49f9-8d94-325cce7f641c,達興材料股份有限公司_達興材料股份有限公司,其他
e7bcb188-480e-4c74-8717-8bb2dd0d9cb4,達輝光電股份有限公司_達輝光電股份有限公司,其他
55be7de6-7b07-40aa-a798-e46bf0961b1c,達關社區發展協會_達關社區發展協會,其他
a317cd8e-4d30-4160-b3fd-8f6ac29de9fe,達鴻先進科技股份有限公司_達鴻先進科技股份有限公司,其他
a6b315d2-4ece-4901-ae2b-b75a7f5d5beb,鉅明營造股份有限公司_鉅明營造股份有限公司,其他
b34cc4f5-1768-4ae9-8d0d-d88c84f3c4c1,鉅明股份有限公司_鉅明股份有限公司,其他
cdfed382-0a01-4b85-aeb8-9abf9ef515aa,鉅祥企業股份有限公司_鉅祥企業股份有限公司,其他
55f9d79d-9e6d-4011-9ed2-28396b96bff9,雷科股份有限公司_雷科股份有限公司,其他
2f75b77c-41a8-40b9-8c17-bbbdd4667834,鼎傳慈善協會_鼎傳慈善協會,其他
32709d5d-4bc3-45ad-95be-d1e227d34f4f,鼎元光電科技股份有限公司_鼎元光電科技股份有限公司,其他
e5a991b2-a04a-483e-a07a-45aa35559500,鼎翰科技股份有限公司_鼎翰科技股份有限公司,其他
c407ae72-1556-46fd-ba88-1d6e6506227b,僑威科技股份有限公司_僑威科技股份有限公司,其他
0856e695-9d61-440b-ac7b-b0b56026fa43,僑愛居家長照機構_僑愛居家長照機構,其他
e8d14299-01a7-4f76-8ffd-5c64cffda761,嘉彰股份有限公司_嘉彰股份有限公司,其他
804ec5f5-76f9-4019-a12d-18ebb9da362c,嘉恩診所_嘉恩診所,其他
2d05b510-a286-4c61-963f-80d0991c3c7a,嘉捷科技企業股份有限公司_嘉捷科技企業股份有限公司,其他
b170e699-e5fa-495a-9874-9126b39cab00,嘉新水泥股份有限公司_嘉新水泥股份有限公司,其他
9c710eb8-d372-429b-85db-1b3090d626e1,嘉澤端子工業股份有限公司_嘉澤端子工業股份有限公司,其他
2ab0d56f-69d0-40dd-b2f1-6a991cb1bab0,嘉美診所_嘉美診所,其他
8d94bdef-1e80-438b-9a68-780ff45036ac,嘉義慶昇醫院_嘉義慶昇醫院,其他
395f3c91-7bb2-46e6-b757-9d3fc63c8923,嘉義東石弘道基金會_嘉義東石弘道基金會,其他
44d8eab9-1180-471a-a837-1a2e819deef4,嘉義東石弘道基金會_嘉義東石弘道基金會,其他
3a3c482e-c6df-41b0-9006-dd3fc82fb819,嘉義榮民醫院_嘉義榮民醫院,其他
40561465-7a5d-4fb8-bd4c-1a474a741f16,嘉義瑞泰長照_嘉義瑞泰長照,其他
5e712d0d-f5af-4255-80c3-bf4546f3b2ff,嘉義縣健康促進照顧協會_嘉義縣健康促進照顧協會,其他
ad562968-bfcc-4c1f-b0e7-43f458b1f32b,嘉義縣阿里山鄉樂野村社區發展協會_嘉義縣阿里山鄉樂野村社區發展協會,其他
554ee64c-6197-4b1c-a243-e1c2c0f9be42,嘉義長庚醫院_嘉義長庚醫院,其他
c3c0de0a-5a37-4357-a404-eca68344731d,嘉聯益科技股份有限公司_嘉聯益科技股份有限公司,其他
2c627627-90f0-49a9-906f-0b5f4fecd884,嘉裕股份有限公司_嘉裕股份有限公司,其他
bdf3da58-13db-4fa2-8412-82dea491667d,嘉豐海洋國際股份有限公司_嘉豐海洋國際股份有限公司,其他
de451160-d3f7-44fa-8750-a8ccfb0af083,實盈股份有限公司_實盈股份有限公司,其他
c4e961a3-92ff-487a-a022-5ca88656b032,彰化傷殘協會_彰化傷殘協會,其他
c7746f4b-22e4-41b6-b731-a03397572101,彰化喜樂關懷協會_彰化喜樂關懷協會,其他
30f0db14-06bd-4f27-8d00-b48c821ed6e9,彰化基督教醫療財團法人鹿東基督教醫院-中正路_彰化基督教醫療財團法人鹿東基督教醫院-中正路,其他
fa65d7df-9163-4166-9cb9-e92a9ca80c20,彰化基督教醫療財團法人鹿東基督教醫院-鹿東路_彰化基督教醫療財團法人鹿東基督教醫院-鹿東路,其他
9b92b48d-4eb4-4c35-917f-ce77eab439bb,彰化基督教醫院鹿基分院_彰化基督教醫院鹿基分院,其他
59011ec2-2c35-4df3-b3b3-faa8d0cb76a2,彰化慈心護理之家_彰化慈心護理之家,其他
749ee35b-a616-4f63-a6b8-3839eb67804f,彰化慈心養護中心_彰化慈心養護中心,其他
adaa3b18-a518-4639-8276-f45149b9873d,彰化東明養護中心_彰化東明養護中心,其他
df007bc6-6bc2-4aa1-942c-b1c93929d1a3,彰化玉樹診所_彰化玉樹診所,其他
f20ada35-6dc1-4d0a-adb8-fae2a493e730,彰化秀傳醫院_彰化秀傳醫院,其他
785dcd5c-ed2e-46f8-89dd-841a73eed44f,彰化縣彰化市磚磘社區發展協會_彰化縣彰化市磚磘社區發展協會,其他
7c2f81c6-61ab-4d28-9241-32f458639c03,彰化縣溪湖鎮媽厝社區發展協會_彰化縣溪湖鎮媽厝社區發展協會,其他
10aba1b6-7659-4e63-a0a3-06e8c199b270,彰化縣長照協會_彰化縣長照協會,其他
161552f2-a571-402c-ba59-6402c71746ed,彰化老人養護_彰化老人養護,其他
2290fc99-249a-4952-8c1e-7539bda142cd,彰化老人養護中心_彰化老人養護中心,其他
d3fa5abc-8eb8-4ed6-8074-00b1b7e621d4,彰化葳群養護中心_彰化葳群養護中心,其他
b9585e9a-62f1-414b-b512-d9689129d18a,彰化醫院_彰化醫院,其他
85342705-8867-43c0-b609-8eaaaca46fec,彰化醫院_彰化醫院,其他
f504b94f-7270-4125-be7f-03bcbd29b503,彰源企業股份有限公司_彰源企業股份有限公司,其他
e011ac55-e61d-4a67-9075-7f383082667d,旗勝科技股份有限公司_旗勝科技股份有限公司,其他
85c4bda5-fa5c-4527-93ea-3163b6f1f5f1,旗山醫院日間照顧中心_旗山醫院日間照顧中心,其他
bdef56d6-8a9d-4c62-96b5-ca25f640e053,旗津醫院_旗津醫院,其他
96904b00-3eb5-47e6-b29d-548208929d7d,榮元診所_榮元診所,其他
eb4ad192-8cff-4290-af33-9593777d9107,榮元診所_榮元診所,其他
799bf8db-6330-40f7-9360-b9f96e38b98f,榮剛材料科技股份有限公司_榮剛材料科技股份有限公司,其他
3c0231f7-3b0f-4a8a-9293-08b6a9f0b2cb,榮創能源科技股份有限公司_榮創能源科技股份有限公司,其他
d1b9ba70-f0f8-45fe-bcb1-eba543549fc8,榮平診所_榮平診所,其他
c2de5b53-0727-4e15-8d38-a42b1c4539dc,榮成紙業股份有限公司_榮成紙業股份有限公司,其他
ccdf8b7a-15a2-409c-aacd-8971ec41dd2d,榮星電線工業股份有限公司_榮星電線工業股份有限公司,其他
99858d55-ba69-4d26-95e8-8af82f479b4d,榮曜診所_榮曜診所,其他
ac6b5938-b850-484d-a7ba-f3747f056ef1,榮欣社會福利基金會_榮欣社會福利基金會,其他
029f299b-6a89-4523-9dc6-58d1dec1f09b,榮欣社會福利基金會_榮欣社會福利基金會,其他
e7a6df3e-6e1c-413f-9a1e-42c78dda7a76,榮輪科技股份有限公司_榮輪科技股份有限公司,其他
9fb74c20-beba-464a-887e-9958c4e53203,榮銘內科診所_榮銘內科診所,其他
24ccbfd6-a5df-4b5a-9186-401ec523c262,構年青居家長照機構_構年青日照,其他
11c7bed3-ba22-47d3-a1d4-ae1bc83bdc7e,漳怡診所_漳怡診所,其他
24422e27-04e8-4eea-8a3f-33a29fb588eb,漢平電子工業股份有限公司_漢平電子工業股份有限公司,其他
348ef23a-8832-42c5-a33f-874235c21327,漢忠骨科醫院_漢忠骨科醫院,其他
cb10e012-6469-437e-8aba-0cb8167c0f66,漢民微測科技股份有限公司_漢民微測科技股份有限公司,其他
5c80cc3e-924d-4482-8568-a72436f76f10,漢泰鋼鐵廠股份有限公司_漢泰鋼鐵廠股份有限公司,其他
11eb975a-a1a5-4835-a048-faa97584f63c,漢磊科技股份有限公司_漢磊科技股份有限公司,其他
51d2b569-8d1a-4cdd-be37-17a869439a1f,漢翔航空工業股份有限公司_漢翔航空工業股份有限公司,其他
733d1ad9-cec3-4962-aafd-7a8030470cba,漢銘醫院_漢銘醫院,其他
ae6c4eb7-b1b4-4db6-84cd-aa79e908b3a9,漢鐘精機股份有限公司_漢鐘精機股份有限公司,其他
86f2cc6f-5f7c-426f-8fd7-3e2281e9b483,漢陽內科診所_漢陽內科診所,其他
37fc7514-24cf-4b22-a1a7-9f8a00437d5a,滿福診所_滿福診所,其他
3c0a0755-eddd-4233-8583-d00ad53655e7,熊幸福居家長照機構_熊幸福居家長照機構,其他
bb373dce-cda1-49de-b941-9f7f690e8157,熒茂光學股份有限公司_熒茂光學股份有限公司,其他
22e59552-77e3-4130-8484-c8d6eaf893e8,睿康診所_睿康診所,其他
7f0c659d-405f-4adb-adc9-a882b27b4773,碩天科技股份有限公司_碩天科技股份有限公司,其他
133201d0-4864-4de7-88f3-e6f136da21dd,碩禾電子材料股份有限公司_碩禾電子材料股份有限公司,其他
d5517b41-8ea9-43f8-919f-bec328ca9670,碩達科技股份有限公司_碩達科技股份有限公司,其他
eeace300-d0bc-4077-aaf1-6b6a42801832,福全醫院_福全醫院,其他
6441cd2a-aff0-4c39-b33e-358f5f91ff3c,福壽實業股份有限公司_福壽實業股份有限公司,其他
9ea1cb90-bb67-41e8-ac67-8af0e97c8057,福安老人長期照顧中心_福安老人長期照顧中心,其他
942288eb-2204-48ab-8a85-82b3e7957226,福安醫院_福安醫院,其他
f7d50702-3f23-4145-bd68-383d942e1dc0,福平醫院_福平醫院,其他
ad984aba-c08a-4bc3-838b-5f5e3d659f77,福慧基金會附設大同之家_福慧,其他
a0a8bf0d-666a-48d1-8931-533258569916,福懋油脂股份有限公司_福懋油脂股份有限公司,其他
35d29567-3d77-4140-8cb1-fb06a32ed7e4,福懋科技股份有限公司_福懋科技股份有限公司,其他
57e5d368-231e-4107-bb71-dfa42ead8d27,福懋興業股份有限公司_福懋興業股份有限公司,其他
d6f6f572-990e-4485-9e3b-fea545f2f447,福旺堂長照機構_福旺堂長照機構,其他
d7106706-ebcb-4380-9cec-592fef6203d4,福林診所_福林診所,其他
35d92857-d710-42f0-ac7f-7a9262eb9e0c,福民內科診所_福民內科診所,其他
f891b306-9ab7-4678-8602-8eb194c18276,福氣安康長照機構_福氣安康長照機構,其他
1a1a5698-21cf-49e0-af93-6addf2a05e7d,福特六和汽車股份有限公司_福特六和汽車股份有限公司,其他
c7bab72a-763d-441d-a133-6a2b10ca6688,福田慈善會_李鴻章,其他
59a39281-c2d1-4401-8ff9-0ab041a7e391,福祿貝老老人養護中心_福祿貝老老人養護中心,其他
278d9ce8-9bc4-4bdf-9ade-1df142c2e98c,福華電子股份有限公司_福華電子股份有限公司,其他
9f5f18c1-fff1-415b-a4c9-4a7deb9333c0,福裕事業股份有限公司_福裕事業股份有限公司,其他
d26ba7d4-041f-4413-8867-88f896166fc5,精元電腦股份有限公司_精元電腦股份有限公司,其他
ea032b1e-8b6c-4829-aaaa-f5905a3da35d,精成科技股份有限公司_精成科技股份有限公司,其他
8ac1f74d-37c1-4a5c-830a-c79bb95453e6,精材科技股份有限公司_精材科技股份有限公司,其他
cf56059d-6a32-46e7-9396-92f546505a96,精聯電子股份有限公司_精聯電子股份有限公司,其他
809e5f2a-2882-4723-9fc7-f7a81566b357,精英電腦股份有限公司_精英電腦股份有限公司,其他
62cea684-711b-48a3-a18f-4ff7a4c3761d,精華光學股份有限公司_精華光學股份有限公司,其他
c0697db4-f7fd-41fb-ae8b-ae41b2e45540,綠河股份有限公司_綠河股份有限公司,其他
303c540a-bcd9-45e3-a3ea-0a7a454baaa2,綠能科技股份有限公司_綠能科技股份有限公司,其他
e4577063-4fa2-4274-ae3e-add0c07f1be2,綿春纖維工業股份有限公司_綿春纖維工業股份有限公司,其他
d5ad5059-8ec5-4358-9dfb-a4117976dbff,維他露基金會_維他露基金會,其他
ce00f0c1-6b9b-45f0-9416-332b997bda5f,維力食品工業股份有限公司_維力食品工業股份有限公司,其他
9b76f494-271b-4baf-bc2d-c1497d30bd85,維弘診所_維弘診所,其他
756c4b3b-e77c-49db-a3b6-2220b9d0165d,維熹科技股份有限公司_維熹科技股份有限公司,其他
bd3b743f-f1e9-4f9c-8908-b9035d1a7eaf,維翰實業股份有限公司_維翰實業股份有限公司,其他
9eda7ec6-2c89-4565-bf54-64e27357e8c6,維輪實業股份有限公司_維輪實業股份有限公司,其他
d3224fe3-6b3c-4d44-8e39-964a25fd8504,聚亨企業股份有限公司_聚亨企業股份有限公司,其他
26af48c9-af89-4949-bc87-a90e32a6cf84,聚亨企業集團(泰國)大眾股份有限公司_聚亨企業集團(泰國)大眾股份有限公司,其他
44b3afd8-44e0-48bf-9eb1-6082411244b6,聚和國際股份有限公司_聚和國際股份有限公司,其他
f11ae332-4861-4fb5-b2aa-2ce6c840762f,聚積科技股份有限公司_聚積科技股份有限公司,其他
5f148bb7-f806-44fc-9a7f-34c59fde2898,聚陽實業股份有限公司_聚陽實業股份有限公司,其他
00588809-2050-4ccc-b883-9620668972d2,聚隆纖維股份有限公司_聚隆纖維股份有限公司,其他
a631dc75-380d-44fe-b75a-8c10c6441a7c,臺中市和平區佳陽社區發展協會_臺中市和平區佳陽社區發展協會,其他
674a71d4-e430-4ff4-9244-c4e423c7c382,臺中市和平區德芙蘭原住民文化經濟協會_臺中市和平區德芙蘭原住民文化經濟協會,其他
d41542ea-fe2a-490e-909c-b3069775ff12,臺中市山海屯脊髓損傷協會_臺中市山海屯脊髓損傷協會,其他
6a5a3a83-4a02-4fba-951d-183539f388ca,臺中市私立向陽綜合長照機構_臺中市私立向陽綜合長照機構,其他
3ba09c35-28e7-48dc-b24e-36d9416f6023,臺中市霧峰區五福社區發展協會_臺中市霧峰區五福社區發展協會,其他
b5fe1249-001f-40e6-91cd-0f0febc1e28b,臺中榮民總醫院嘉義分院附設住宿型機構_臺中榮民總醫院嘉義分院附設住宿型機構,其他
470e96ca-cb84-41e9-8011-45b90a396301,臺中榮民總醫院嘉義分院附設日間型機構_臺中榮民總醫院嘉義分院附設日間型機構,其他
e466d6cb-e0b2-4fc7-af93-aaafae4885c0,臺中榮民總醫院臺中總院_臺中榮民總醫院臺中總院,其他
3cd320ab-ebcb-42e1-ac26-81fee5428656,臺中護理之家_臺中護理之家,其他
2c660eee-b60b-4419-913a-8861ce829019,臺北市大安區安東社區發展協會_臺北市大安區安東社區發展協會,其他
03903e55-434a-4dc1-938a-d2a12692e0ab,臺北市大安區錦華社區發展協會_臺北市大安區錦華社區發展協會,其他
28c0909b-df71-4c3f-8fb6-9348573cd0d4,臺北市文山區明興社區發展協會_臺北市文山區明興社區發展協會,其他
16fff5f0-6a21-4033-b57a-29cb7ae29198,臺北市文山老人服務中心-委託財團法人臺北市私立恆安老人長期照顧中心(長期照護型)辦理_臺北市文山老人服務中心-委託財團法人臺北市私立恆安老人長期照顧中心(長期照護型)辦理,其他
f1121d44-c7bf-4a5e-bc72-ede15ad408b0,臺北市立聯合醫院心湖職能工作坊_臺北市立聯合醫院心湖職能工作坊,其他
0b5fdaf5-a4e0-4720-b816-57ca3840fb94,臺北市立聯合醫院文山職能工作坊_臺北市立聯合醫院文山職能工作坊,其他
26003aa7-d545-4a19-9951-942eac6ab89e,臺北市立聯合醫院福中職能工作坊_臺北市立聯合醫院福中職能工作坊,其他
b8f102ce-df34-4d14-9907-9ec2f64d6a07,臺北市立聯合醫院陽明院區_臺北市立聯合醫院陽明院區,其他
23e47ec9-3bb4-4658-a1e2-1d0e4b305f45,臺北市立萬芳醫院_臺北市立萬芳醫院,其他
02c9f287-34ed-4dba-94bd-a39504b6f823,臺北榮民總醫院員山分院附設社區復健中心_臺北榮民總醫院員山分院附設社區復健中心,其他
c532eecb-58c7-4058-bfea-78ebb63ff968,臺北榮民總醫院員山分院附設鑄夢別苑康復之家_臺北榮民總醫院員山分院附設鑄夢別苑康復之家,其他
a28411c3-884e-4d3f-bfa0-397b818cb88c,臺北榮民總醫院玉里分院附設康復之家_臺北榮民總醫院玉里分院附設康復之家,其他
947a5c83-aede-4d2a-b3a6-af3448d01885,臺北榮民總醫院玉里分院附設璞石學苑社區復建中心_臺北榮民總醫院玉里分院附設璞石學苑社區復建中心,其他
f376f50e-c046-475c-8cc2-49c97f18b32b,臺南市佳里區民安社區發展協會_臺南市佳里區民安社區發展協會,其他
cffd3818-cbbb-4e7a-a659-87629223174c,臺南市北區大港社區發展協會_臺南市北區大港社區發展協會,其他
d705719c-802d-474f-90df-d38087862223,臺南市玉井區天埔社區發展協會_臺南市玉井區天埔社區發展協會,其他
566b1dbb-88d5-40e5-b14f-de639bd1b936,臺南市玉井區望明社區發展協會_臺南市玉井區望明社區發展協會,其他
3704a39b-9f33-4da4-853e-867d9d5f61ac,臺南市玉井區竹圍社區發展協會_臺南市玉井區竹圍社區發展協會,其他
20602802-086f-4c9a-a500-766f688e91df,臺南市玉井區豐里社區發展協會_臺南市玉井區豐里社區發展協會,其他
5ed875f2-a98e-4940-a5c2-ba2c98d0ffba,臺南市私立泰安老人養護中心_臺南市私立泰安老人養護中心,其他
dda12ab6-a91a-467c-aaa5-57e0080776f2,臺南市立醫院委託秀傳醫療法人經營_臺南市立醫院委託秀傳醫療法人經營,其他
1f8c84c8-cd8a-4b2d-acd0-d7a49f401054,臺灣中華化學工業股份有限公司_臺灣中華化學工業股份有限公司,其他
0b856160-5d83-4572-9bc9-39cf6cba8bf8,臺灣杜邦股份有限公司_臺灣杜邦股份有限公司,其他
505cd110-69d2-4071-919a-48fd25534d8c,臺灣永光化學工業股份有限公司_臺灣永光化學工業股份有限公司,其他
3c280f06-894f-4470-b0dd-5e2432edfbdd,臺龍電子股份有限公司_臺龍電子股份有限公司,其他
d3945cf9-d7e0-4d86-80f1-8801da221e8b,輔大醫院_輔大,其他
69fff05c-8122-44d8-803f-db569df020f3,輔德高分子股份有限公司_輔德高分子股份有限公司,其他
d57eecff-cc71-4669-b4d3-5d8af3f4e9c2,輔祥實業股份有限公司_輔祥實業股份有限公司,其他
734ec81c-bfe4-4f80-bf88-9866a0fd5e24,輔英科技大學附設醫院_輔英科技大學附設醫院,其他
576554db-4ccd-4e7b-a33e-bb5649776ccd,輔英科技大學附設醫院_輔英科技大學附設醫院,其他
61f84a8a-416f-40b7-8829-36dc70215084,輔英醫護專校附設醫院_輔英醫護專校附設醫院,其他
07b0df90-510e-4cb2-8f1f-bbde7085086b,遠東新世紀股份有限公司_遠東新世紀股份有限公司,其他
4ad4177e-806e-4f92-bc33-604eac545cce,遠東機械工業股份有限公司_遠東機械工業股份有限公司,其他
1a67c70d-4e75-471f-a768-60349da0f160,遠東聯合診所_遠東聯合診所,其他
d3719a55-76a1-4796-9880-39d190486c01,遠東金士頓科技股份有限公司_遠東金士頓科技股份有限公司,其他
33e9c602-0761-4c3a-b513-e90fd358054a,遠龍不銹鋼股份有限公司_遠龍不銹鋼股份有限公司,其他
407aafde-2ab7-4052-be6a-c6b9deaafcb3,銘旺實業股份有限公司_銘旺實業股份有限公司,其他
f1117740-7129-4330-af94-efc023eaa285,銘異科技股份有限公司_銘異科技股份有限公司,其他
9cb1876c-f039-4ca0-b561-0ebaae758deb,銘鈺精密工業股份有限公司_銘鈺精密工業股份有限公司,其他
7dbe43fd-4682-45c6-b58c-041272108f26,鳳勝實業股份有限公司_鳳勝實業股份有限公司,其他
9af08d60-b675-40b1-8fda-8d2ee38a77b8,鳳林榮民醫院_鳳林榮民醫院,其他
4056c110-b48e-487f-bae1-4ed8bfb08ff4,億光電子股份有限公司_億光電子股份有限公司,其他
077a2eac-d435-49be-8792-4e5047ccd728,億泰電線電纜股份有限公司_億泰電線電纜股份有限公司,其他
08a49438-9b18-4c6e-b520-1823a026edfe,億眾實業股份有限公司_億眾實業股份有限公司,其他
10992f75-1baa-4da1-94f9-fa5b47e35a74,劉內兒科診所_劉內兒科診所,其他
a0c288f4-b917-4531-b011-bce209b119c6,劍麟股份有限公司_劍麟股份有限公司,其他
75428895-52f1-46b4-862a-5ca34f4610d1,廣宇科技股份有限公司_廣宇科技股份有限公司,其他
b82b7fcc-9196-458c-9ff9-e167aa661698,廣明光電股份有限公司_廣明光電股份有限公司,其他
95406c32-80c0-4cee-b43c-b86322912e4f,廣泉診所_廣泉診所,其他
37e4816b-42eb-40cf-9ea7-ec6a4d1778be,廣泰金屬工業股份有限公司_廣泰金屬工業股份有限公司,其他
74fd7972-c1d1-4e92-b7fb-2fb908fe47d2,廣源造紙股份有限公司_廣源造紙股份有限公司,其他
a52ba8c1-9d62-4a46-a4de-576b757b0e6e,廣積科技股份有限公司_廣積科技股份有限公司,其他
e96fb069-811c-476d-92d2-8c8612e95242,廣穎電通股份有限公司_廣穎電通股份有限公司,其他
9529a80f-6cae-4944-b0b7-0b4e0bda7e6d,廣聖醫院_廣聖醫院,其他
40876778-0239-49b8-b938-c3bf740abd30,廣華控股股份有限公司_廣華控股股份有限公司,其他
e1dec0c8-7964-4ae5-9ed1-0b46f772e29d,廣越企業股份有限公司_廣越企業股份有限公司,其他
f9e0284a-203e-4e5d-b87d-1d20b22ad77e,廣運機械工程股份有限公司_廣運機械工程股份有限公司,其他
f8615d83-19d2-43ce-8377-1f380b7b2fc2,廣達老人長照_廣達老人長照,其他
2ef98d36-5cc7-471a-b9d9-4fe7d8020ddc,廣達電腦股份有限公司_廣達電腦股份有限公司,其他
b09dac37-5a71-4cfb-9955-fd7b8bf06465,廣隆光電科技股份有限公司_廣隆光電科技股份有限公司,其他
9f2628cd-025a-4a2a-999b-a46cc720b7f8,德仁醫院_德仁醫院,其他
2e932704-4a62-4c63-9422-39ef42ee851a,德全醫院_德全醫院,其他
6e81b18e-071a-4716-9c14-50fc9dd0da8a,德埔診所_德埔診所,其他
d20af005-5f30-4f7d-8ae7-967dc325b0c3,德宏工業股份有限公司_德宏工業股份有限公司,其他
2e2e5b80-37e1-4f45-9c36-964622815961,德寶光學儀器股份有限公司_德寶光學儀器股份有限公司,其他
7548cb21-06d2-4d32-8bdf-29b106788a4b,德州儀器工業股份有限公司_德州儀器工業股份有限公司,其他
d456829b-1a61-4bc4-8cf4-68a48c3ccce2,德律科技股份有限公司_德律科技股份有限公司,其他
d49634e2-5d3a-477e-93e9-bf087cba5f9e,德恩診所_德恩診所,其他
42329e65-c5d3-42cf-b971-5059c47904ff,德昌皮革製品股份有限公司_德昌皮革製品股份有限公司,其他
7767e0a8-c540-4619-92b4-f2c3dedefcab,德淵企業股份有限公司_德淵企業股份有限公司,其他
a6022677-bea1-4223-963e-c34dd2341b65,德澤診所_德澤診所,其他
3b4d1fdb-b33b-4bee-ac50-ecba0186fb0e,德麥食品股份有限公司_德麥食品股份有限公司,其他
6d6d73aa-b1a6-4aa9-8011-d9cba4fd8aab,慶如診所_慶如診所,其他
837a9960-73da-446f-9898-62b12aa7c918,慶安診所_慶安診所,其他
b0f104b1-d3e2-4a8d-aa7f-35447e1626af,慶華診所_慶華診所,其他
ebc46cf5-3903-47f9-93ac-e27bb10c211e,慶豐富實業股份有限公司_慶豐富實業股份有限公司,其他
f8ec82ab-9730-4093-8032-f52bdf21ee4d,慧友電子股份有限公司_慧友電子股份有限公司,其他
21a7e645-5203-4bc8-a38c-884646e81f7d,慧國工業股份有限公司_慧國工業股份有限公司,其他
12485382-75d4-40b4-890f-80fafe5806a0,慧榮科技股份有限公司_慧榮科技股份有限公司,其他
b31b9bf7-5af7-4248-b83a-f330cc9276cc,樁萱長青管理顧問有限公司_樁萱長青管理顧問有限公司,其他
7f7ed1f8-d41c-4e4e-be1a-60794b118a4e,樂耋社區式長照機構_樂耋社區式長照機構,其他
a12299ba-3976-487d-8bf7-de93aef081ee,樂齡衛道社區式日間照顧服務中心_樂齡衛道社區式日間照顧服務中心,其他
bb9016e1-eb40-429d-b98e-297cd02efecc,毅嘉科技股份有限公司_毅嘉科技股份有限公司,其他
5df587e3-19fd-483f-9638-6ecbfc8fce81,澄清綜合醫院中港院區_澄清綜合醫院中港院區,其他
1421d515-7eb9-487f-bdf8-06ba5dc35985,澄清醫院中港院區_澄清醫院中港院區,其他
fd2a529b-4b70-4d18-9cdd-7d9e80a995a6,澄清醫院：中港院區_澄清醫院：中港院區,其他
359dec2e-1fad-4802-a448-57b82aba0bd7,澄清醫院：平等院區_澄清醫院：平等院區,其他
55b1caae-cca7-4c5c-bd12-d3c28f81cf59,澄清醫院：復健醫院_澄清醫院：復健醫院,其他
232bff5b-a80b-4e7f-8754-a1e70115b0fc,澄清醫院：敬德園區_澄清醫院：敬德園區,其他
0f5c8dbd-a5a6-492b-8cf8-7b86e7473b35,潭子家興診所_潭子家興診所,其他
f777f1fe-5b3e-4d0d-805a-3b4da69660b0,潭子獅子會_利茗機械股份有限公司,其他
c67f4edd-9c8f-44a9-bde0-1f5a2b4b4334,潤泰精密材料股份有限公司_潤泰精密材料股份有限公司,其他
cc96e999-c1b3-4a82-83a3-fd83269753e6,璋釔鋼鐵廠股份有限公司_璋釔鋼鐵廠股份有限公司,其他
0e51f256-b884-49b8-974c-0e5d2a7fcf42,盤石基金會_盤石基金會,其他
492591a5-e17f-430f-b14f-7fedeaa712b8,磐亞股份有限公司_磐亞股份有限公司,其他
dc6fd7df-2245-4e1f-a1fb-d1725b4b0d38,緯創資通股份有限公司_緯創資通股份有限公司,其他
690c134c-f5a3-441a-a0fa-4334a8108e85,蔗廍社區發展協會_蔗廍社區發展協會,其他
ab246ac2-900e-4835-848d-d8da697a8ad4,蔣榮福診所_蔣榮福診所,其他
25022134-4a7c-4e78-904a-e3e075d3b199,蔡精龍診所_蔡精龍診所,其他
a2bf7e06-8f9f-4db2-a9f7-60b3768613ab,衛生福利部台中醫院_衛生福利部台中醫院,其他
fb3cb846-4c61-4144-b66e-42cf32758f81,衛生福利部台北醫院_衛生福利部台北醫院,其他
653d573e-635e-4415-86c1-65e2d3458192,衛生福利部台東醫院_衛生福利部台東醫院,其他
31bce5db-3e61-44ad-ba74-3ca6ed26c786,衛生福利部基隆醫院附設社區復健中心_衛生福利部基隆醫院附設社區復健中心,其他
6134dc27-5ec2-4ef9-b62f-95ae089661bd,衛生福利部恒春旅遊醫院_衛生福利部恒春旅遊醫院,其他
eb010f28-0365-444a-b8d3-fe519f299813,衛生福利部恒春旅遊醫院_衛生福利部恒春旅遊醫院,其他
888bcc79-2d6d-4b86-a0d1-c1680d516cbe,衛生福利部樂生療養院附設居家護理所_衛生福利部樂生療養院附設居家護理所,其他
a6d341d8-386a-4d57-8f2d-07f0ebde5d04,衛生福利部玉里醫院洗腎室_衛生福利部玉里醫院洗腎室,其他
f6774d61-c734-4baa-b17e-cd103db773dc,衛生福利部玉里醫院附設社區復健中心_衛生福利部玉里醫院附設社區復健中心,其他
b7b23788-c228-46fb-bd6d-dd379ba9a953,衛生福利部臺南醫院附設社區復健中心_衛生福利部臺南醫院附設社區復健中心,其他
1c952e83-41e8-4ba7-acfa-3a0d21774c13,衛生福利部臺南醫院：新化分院_衛生福利部臺南醫院：新化分院,其他
73de5c93-2683-4f2c-8a8a-8ce884d8ae02,衛生福利部臺南醫院：臺南總院_衛生福利部臺南醫院：臺南總院,其他
a7703f25-b80f-496d-9d00-7af6863ba8c4,衛生福利部臺東醫院附設精神復健康復之家_衛生福利部臺東醫院附設精神復健康復之家,其他
d5ee9f6a-b2b4-4940-bfed-40577cc28366,衛生福利部雙和醫院委託台北醫學大學經營管理_衛生福利部雙和醫院委託台北醫學大學經營管理,其他
f1058046-a4b2-44f2-bf67-08c1e595548b,衛福部屏東醫院附設失智症日間照顧中心_衛福部屏東醫院附設失智症日間照顧中心,其他
add58df0-3fd9-44f7-a357-cfbee104d831,衛福部桃園醫院_桃園醫院,其他
22176bde-338d-47fe-bcc8-6121f0dd4e48,衛福部花蓮醫院護理之家附設日間照顧中心_衛福部花蓮醫院護理之家附設日間照顧中心,其他
79ca932e-9a0d-44ab-be7d-0e6fd83461d8,賢德醫院_賢德醫院,其他
3e07d694-ce37-4e2d-9473-fbb1f5d338ac,賢德醫院_賢德醫院,其他
2e7f84bb-5847-44a2-ba18-d4fb5561b52c,輝德診所_輝德診所,其他
a2c30527-31c3-4fbd-b3f2-a7c373402019,儒億科技股份有限公司_儒億科技股份有限公司,其他
29492a24-059f-4b0f-9664-3c3fdbf00ba3,儒鴻企業股份有限公司_儒鴻企業股份有限公司,其他
710533f4-de5f-44bf-8437-73e60ee66950,憲安診所_憲安診所,其他
dd513545-c11f-4daa-9f10-393cdd9976d4,憶聲電子股份有限公司_憶聲電子股份有限公司,其他
f4b4b534-811a-4db6-af70-9bc8a5f20fb3,撼訊科技股份有限公司_撼訊科技股份有限公司,其他
7a2b8ab3-580e-4a95-b054-8788619173fd,樸源全球股份有限公司_樸源全球股份有限公司,其他
0c50551d-ef9c-4cfd-9d54-33fdb330b357,樺晟電子股份有限公司_樺晟電子股份有限公司,其他
59ede5c8-b90c-484c-9aae-abccefdf5555,樺漢科技股份有限公司_樺漢科技股份有限公司,其他
d421ab07-982b-4653-a0e2-4649650ea5ea,樹林仁愛醫院_樹林仁愛醫院,其他
fccad9ce-98f5-4494-ba43-60fdc75d5c53,樹林松禾診所_樹林松禾診所,其他
3590f9f6-66c0-4c5f-8caf-6cd1f6640c90,橋椿金屬股份有限公司_橋椿金屬股份有限公司,其他
61d5a013-7e08-4221-9f2c-ec28c01f8c95,穎台科技股份有限公司_穎台科技股份有限公司,其他
a28af226-2bfb-4f87-b153-4ca442e34947,縣市政府_三星衛生所,其他
4629008a-a4d8-4fa3-9519-a320c3b5289e,縣市政府_屏東縣政府長照中心,其他
0a06d675-8aa0-4904-a6b8-f15d3c15e8d9,縣市政府_高雄市政府長照科,其他
e967da2a-dfb2-48e3-9075-08fbfbb9013a,縣市政府_公共運輸處,其他
a5c5fb29-25a7-4a90-98fd-c95f75fbc41f,縣市政府_公運處北投,其他
397610eb-5f6c-4c2f-861f-68e609e7fed2,縣市政府_台中市政府,其他
f0a60be3-6461-4168-8825-ba44362877b4,縣市政府_台北市政府,其他
a9d86edb-9d3f-4035-a483-044db6a2c639,縣市政府_台東縣政府社會處,其他
35def0ab-91b2-47e8-8299-48755a6d822a,縣市政府_宜蘭社會局,其他
0faabfe3-60a8-48eb-b810-01d8cecbce33,縣市政府_宜蘭縣政府,其他
005d2e71-8c65-4689-b5c0-ee27889b57c5,縣市政府_宜蘭衛生局,其他
43e3f992-434b-4acf-8407-6d8b93eaed28,縣市政府_屏東縣政府身障科,其他
c1f16fa8-95e2-4fb3-9ccc-baeb66f5bba7,縣市政府_屏東縣衛生局,其他
18e257e2-c7ea-48d0-9b0e-101c92c383b9,縣市政府_桃園市政府,其他
0623390b-decd-4bb8-b838-dc15500c1cac,縣市政府_高雄巿副市長辦公室,其他
74fc5956-589c-4631-a617-e7b3c6c68be0,縣市政府_高雄市政府,其他
59f11f0b-6b08-4e35-86cd-88faa1f243ee,縣市政府_高雄市政府交通局,其他
8f25cd84-243a-4f90-8fc1-9a4fe76cc2c0,縣市政府_高雄市政府人民團體科,其他
b1b515cb-45f7-4b89-bd20-595f79374c9a,縣市政府_高雄市政府無障礙之家,其他
e804b955-29c1-4191-8a06-64c5e6b2cd4c,縣市政府_高雄市桃源區公所,其他
398a91f0-e1ef-44b1-ac2b-1363faf9391e,縣市政府_基隆市政府,其他
5c9be6cf-c80c-49f6-94d0-40014761ce8d,縣市政府_雲林縣政府,其他
c877e68d-a14f-41f5-8797-2fe199744434,縣市政府_新竹縣政府,其他
8304cf50-da22-4ef3-b4a3-f5a8b9ac7ac1,縣市政府_新竹縣政府,其他
9a2356ad-5890-4822-8809-9b420328ec4d,縣市政府_嘉義市政府,其他
140d1199-90bf-486f-8b99-973bc761f38c,臻鼎科技股份有限公司_臻鼎科技股份有限公司,其他
85a3c036-63b7-4d8c-8a0f-2551963f3fd6,興中台股份有限公司_興中台股份有限公司,其他
a5ebcf2a-ac5d-4911-9a54-a4fca8c08652,興勤電子工業股份有限公司_興勤電子工業股份有限公司,其他
b7998d2d-9003-48aa-9fbb-93de7b5ad334,興義診所_興義診所,其他
ffa7851e-6f62-4dd3-aa45-7a1fc45f0efb,興豐內科診所_興豐內科診所,其他
85ad6152-57ad-417e-90f0-ad47a0753718,興農股份有限公司_興農股份有限公司,其他
6fe4e232-a460-4811-89df-6fbacc6f7aac,諾貝爾社區長照機構_諾貝爾社區長照機構,其他
60c3e8b5-d4d1-45cd-93b5-db2dc6c2d52c,錫和診所_錫和診所,其他
45202a5c-37a2-4910-9723-bfecfe9af4fa,錦明實業股份有限公司_錦明實業股份有限公司,其他
baedc5e3-b80d-4641-b617-111d69aeb3c9,頻光半導體股份有限公司_頻光半導體股份有限公司,其他
fb8ca2b9-6602-41f5-a7e5-f68a0d4b6535,龍慶鋼鐵股份有限公司_龍慶鋼鐵股份有限公司,其他
87495eb8-90b1-4cf6-9617-b11f800e4859,龍泉榮民醫院_龍泉榮民醫院,其他
ce1225c6-fd8d-492d-a4d1-8a41b9fa4bfb,龍生工業股份有限公司_龍生工業股份有限公司,其他
58f62127-1d4c-4546-a39b-154b5f0e5503,龍眼林基金會_龍眼林基金會,其他
d19c187a-9f98-4b28-89cf-2e82e1429b8c,龍華診所_龍華診所,其他
732c9f98-8c38-4239-aacd-540a35ddfdd2,龍門有限公司_龍門有限公司,其他
a0c01602-e0a7-4a6c-ace8-e4250babb3b5,龜山吳木同養護中心_龜山吳木同養護中心,其他
ab3bc9bb-8c4b-4ef0-97a8-40a522e1edc5,優盛醫學科技股份有限公司_優盛醫學科技股份有限公司,其他
1a2d8664-4950-4f35-ab7c-a28cd2be4ad4,應華精密科技股份有限公司_應華精密科技股份有限公司,其他
970bc310-c0b0-4b2f-8c35-403f2db7cd62,戴德森醫療財團法人嘉義基督教醫院-再耕園_戴德森醫療財團法人嘉義基督教醫院-再耕園,其他
d0b180d0-ac36-4c93-a2d5-8076ad3ebe18,戴德森醫療財團法人嘉義基督教醫院-拾智園_戴德森醫療財團法人嘉義基督教醫院-拾智園,其他
0366320c-5342-4b77-9025-ec12e71bcc3e,戴德森醫療財團法人嘉義基督教醫院-新港鄉_戴德森醫療財團法人嘉義基督教醫院-新港鄉,其他
f3b748b2-d69b-4103-8e61-c9663365c496,戴德森醫療財團法人嘉義基督教醫院-民雄鄉_戴德森醫療財團法人嘉義基督教醫院-民雄鄉,其他
b4e7cd9c-5472-4fa7-82f2-b34bb88d120a,戴德森醫療財團法人嘉義基督教醫院-祈樂園_戴德森醫療財團法人嘉義基督教醫院-祈樂園,其他
0c00e6c6-a9c8-4cb9-aa51-67925e3aa47f,戴德森醫療財團法人嘉義基督教醫院-阿里山鄉_戴德森醫療財團法人嘉義基督教醫院-阿里山鄉,其他
cf713fc6-cd7e-425e-8478-ee49926d6253,戴良恭診所_戴良恭診所,其他
946dfac4-5457-4c00-b10c-e24d1fa6a389,濱川企業股份有限公司_濱川企業股份有限公司,其他
8bed82e6-5a48-4318-a86d-a79631b9205e,濟興長青園老人長期照顧中心_濟興長青園老人長期照顧中心,其他
360e2315-747a-4a6c-ad39-ed189b3617be,營邦企業股份有限公司_營邦企業股份有限公司,其他
dd6b37c3-17e7-4de4-bfa8-130f5babe42a,燦星網通股份有限公司_燦星網通股份有限公司,其他
c9d14d6b-4c01-4c14-93d3-9e05007ea712,環友電子股份有限公司_環友電子股份有限公司,其他
1fbef8f5-bf18-463d-af1a-a480aa2ae819,環泰企業股份有限公司_環泰企業股份有限公司,其他
fac336b8-8b4c-434e-afa4-8799b93ef633,環球水泥股份有限公司_環球水泥股份有限公司,其他
570c7bf4-edaa-47db-82a5-a363bdd1469c,環隆科技股份有限公司_環隆科技股份有限公司,其他
64a4d32c-c50e-4dd0-8230-6d897d56d143,環隆電氣股份有限公司_環隆電氣股份有限公司,其他
61287c57-5ffa-448b-a1f7-2818dbb5c8e3,璨圓光電股份有限公司_璨圓光電股份有限公司,其他
bceabb80-fe63-400b-8e1e-c5746811646e,聲寶股份有限公司_聲寶股份有限公司,其他
0d035c0e-f2b7-4f71-adc2-01512a709976,聯亞科技股份有限公司_聯亞科技股份有限公司,其他
b2a19705-b2ff-4bc2-ba4e-ff3c5655f446,聯德電子股份有限公司-台北_聯德電子股份有限公司-台北,其他
0458925a-83f4-451d-bc7f-cc2eb0e601b1,聯德電子股份有限公司-嘉義_聯德電子股份有限公司-嘉義,其他
402b6031-3448-4b92-a17e-4a16227907e7,聯成化學科技股份有限公司_聯成化學科技股份有限公司,其他
5790dccc-1e15-417c-97d4-8ca6912764c8,聯昌電子企業股份有限公司_聯昌電子企業股份有限公司,其他
d99d4245-310e-4949-ac1c-5452273de26e,聯發科技股份有限公司_聯發科技股份有限公司,其他
a078ca27-6630-463e-8489-b626b4bdc51a,聯發紡織纖維股份有限公司_聯發紡織纖維股份有限公司,其他
7f8e5bd5-3d3f-4670-b657-091f2ede1a14,聯穎科技股份有限公司_聯穎科技股份有限公司,其他
5577f7ec-9d99-4cf9-9581-0152560ebad6,聯茂電子股份有限公司_聯茂電子股份有限公司,其他
a7a7c6cd-3baf-40c3-8b6d-21b1bf18417f,聯華實業股份有限公司_聯華實業股份有限公司,其他
7e48249c-8336-486c-b882-cfd79aa35934,聯華氣體股份有限公司_聯華氣體股份有限公司,其他
87bc4595-39a1-41a2-8868-f7b795704424,聯華電子股份有限公司_聯華電子股份有限公司,其他
8457a552-0a32-4886-ae69-a502830b84fc,聯華食品工業股份有限公司_聯華食品工業股份有限公司,其他
27888708-4b67-4f5c-8838-d61882cd09f0,聯詠科技股份有限公司_聯詠科技股份有限公司,其他
2dacef86-b01e-452f-ab98-ebecfebb797c,聯超實業股份有限公司_聯超實業股份有限公司,其他
e9b28105-d63d-4495-b4b4-c07495d20afa,聯鈞光電股份有限公司_聯鈞光電股份有限公司,其他
58784a04-2264-4068-bd1a-db9c0104d701,聯鐵企業股份有限公司_聯鐵企業股份有限公司,其他
ce2895ee-6be4-4a73-866b-80c7aefd3fa1,聯陽半導體股份有限公司_聯陽半導體股份有限公司,其他
bb8d8c8a-6753-44de-a193-1f4705fa4031,聯順居家護理所_聯順居家護理所,其他
81276f12-e923-418a-9fc9-19fabda12abb,薛恒興彈性纖維工業股份有限公司_薛恒興彈性纖維工業股份有限公司,其他
045580c6-3373-4faa-b144-90498e4749b0,謝智超達恩診所_謝智超達恩診所,其他
da55384e-dc90-4678-a9f6-42bc2ba65cf8,鴻佰科技股份有限公司_鴻佰科技股份有限公司,其他
28c46ce8-e25f-4280-a652-102c266ac3f9,鴻德養護，_鴻德養護，,其他
4f66e3fa-582e-49c9-9554-ed6673365643,鴻海精密股份有限公司_鴻海精密股份有限公司,其他
6cc8f626-e39b-4d6c-9d17-9ef1bceaacc0,鴻源診所_鴻源診所,其他
378693b9-5f0b-405a-8d92-db5a89272c94,鴻準精密工業股份有限公司_鴻準精密工業股份有限公司,其他
67e54872-b503-49a5-8195-68722b56d744,鴻禾軒資產管理有限公司_鴻禾軒資產管理有限公司,其他
a4b6b62c-984d-43eb-b6ce-8dfa861f18eb,鴻立鋼鐵股份有限公司_鴻立鋼鐵股份有限公司,其他
6efa8297-c13b-41fe-8f1b-12b78f4a23a1,鴻遠診所_鴻遠診所,其他
da2bb107-0a38-403a-8f91-b0e6a2d2909f,曜廷診所_曜廷診所,其他
140a5614-e388-445a-9054-54efbb2333a3,曜越科技股份有限公司_曜越科技股份有限公司,其他
82906802-3997-4795-b94b-6a5e74b8f011,藍天電腦股份有限公司_藍天電腦股份有限公司,其他
773b7bff-a424-46cb-9a88-bd06244bf505,豐原信望愛協會_豐原信望愛協會,其他
1b36bea2-30fe-4f5d-9e52-fc2794d323f0,豐原杏豐醫院_豐原杏豐醫院,其他
0753d9b4-531a-440a-8169-1f91c54d3e86,豐原祥恩醫院_豐原祥恩醫院,其他
ffe4256d-5d04-4459-9831-4b2bb23a1ad0,豐安醫院_豐安醫院,其他
afa0c935-fee9-425b-a35b-eebf8991946e,豐年豐和企業股份有限公司_豐年豐和企業股份有限公司,其他
a90c1cb0-e575-49f8-916a-374712c7dad7,豐泰企業股份有限公司_豐泰企業股份有限公司,其他
6f866d80-e511-4b8f-88fc-e9584524514c,豐盛老人養護中心_豐盛老人養護中心,其他
4a5bb9f2-f870-450a-a889-69060cdf33f0,豐盛護理之家_豐盛護理之家,其他
5fb4e46c-3a68-4c56-904b-8768bbc4d459,豐興鋼鐵股份有限公司_豐興鋼鐵股份有限公司,其他
ba2c1640-aff5-477c-8af5-c4dc8e14b13e,醫療單位_聖馬爾定醫院,其他
249e1ec3-d70b-4c04-bd73-448e31f1b57e,醫療單位_達仁鄉衛生所,其他
e397d853-ca24-40ba-bd09-3890b260a93f,醫療單位_僾彼醫療股份有限公司,其他
9503d922-c939-4a31-95b0-84ef8645a4d9,醫療財團法人辜公亮基金會和信治癌中心醫院_醫療財團法人辜公亮基金會和信治癌中心醫院,其他
ec2e5791-6870-43de-9b82-a93a1a0285db,醫院_三軍總醫院松山分院附設民眾診療服務處,其他
b03adb0f-b413-4e34-883d-257b3687a629,醫院_三軍總醫院附設基隆民眾診療服務處：孝二院區,其他
bebba91d-7a49-4577-851b-91ddcbd1961b,醫院_三軍總醫院附設基隆民眾診療服務處：正榮院區,其他
acace2f5-75db-49b4-bc61-40641c81a3dd,醫院_中國醫藥大學 北港附設醫院,其他
b5a02f90-7081-41bf-b565-589b9fc9d946,醫院_中國醫藥大學北港附設醫院,其他
dc188164-cfc0-4e2c-af00-6b5bc5230042,醫院_中心診所醫療財團法人中心綜合醫院,其他
9d6f2a21-1b00-4a96-a643-c4cb492eebe0,醫院_仁愛醫療財團法人台中仁愛醫院：大里院區,其他
318a967c-f842-4065-a2ef-d86a0bd0251b,醫院_仁愛醫療財團法人台中仁愛醫院：臺中院區,其他
69be5965-8953-459a-85f0-1fec45ac869b,醫院_天主教中華聖母修女會醫療財團法人天主教聖馬爾定醫院,其他
8b8069ba-1c29-4fbc-a825-d5c4f6b88fc5,醫院_天主教耕莘醫療財團法人耕莘醫院,其他
d0a47782-07bf-4d89-8462-e0aa1990cf79,醫院_天主教若瑟醫療財團法人若瑟醫院,其他
c6585018-2df4-44c9-a54b-d1801e1e0faa,醫院_天主教若瑟醫院,其他
0daa6a92-cbfe-41e3-ae51-9e5db8a031d7,醫院_台中榮總合作員生醫院,其他
d51e3217-066e-4bb8-9e12-448587b8c826,醫院_台北慈濟,其他
bcad70f1-9828-4896-8717-8e159ff88a0d,醫院_台北陽明醫院,其他
51019192-c98f-44a4-a15c-3cc0761d0a08,醫院_台南市安南醫院,其他
c95d09df-acd5-4418-bb5a-e1f33f80739c,醫院_台南市立醫院,其他
82e48416-7e77-45f7-94b6-6fbcf2af8eda,醫院_台東基督教醫院,其他
6feb8928-0e97-4d2b-9e8d-e1f09218508b,醫院_台灣基督長老教會新樓醫療財團法人麻豆新樓醫院,其他
4a7f95a5-e468-424e-bd97-4bdf2b948221,醫院_玉樹診所,其他
3a1fbd3b-23bf-4b02-be09-edeccdabda8f,醫院_光田醫療社團法人光田綜合醫院：大甲分院,其他
55765c96-61e3-4640-8f66-b3056dee52d7,醫院_光田醫療社團法人光田綜合醫院：沙鹿總院,其他
76c45042-260b-4dfc-b34f-935138506c89,醫院_吉安醫院,其他
4e4cfefb-80d6-4f4d-a14d-ac00773a4d8e,醫院_安和醫療社團法人安和醫院,其他
da402859-30c7-4fe0-8929-cd91d4bfab3b,醫院_安基診所,其他
ea807562-3124-444e-be4c-1190ce6ce432,醫院_安泰醫療社團法人安泰醫院,其他
e1e7248e-c96c-44b4-8f4a-c79fc61c5a85,醫院_竹山秀傳醫院,其他
bb8a6e5d-ed39-4154-9907-8ede08e0d855,醫院_竹東榮總,其他
853fcacf-2b2e-4d97-a9d3-d8bb7be1f03b,醫院_行天宮醫療志業醫療財團法人恩主公醫院,其他
0bdd458c-ba78-49aa-b0ea-af45e8a04c08,醫院_佛教慈濟醫療財團法人台中慈濟醫院,其他
19919249-dcb8-461d-9e57-95d9a2412259,醫院_佛教慈濟醫療財團法人大林慈濟醫院,其他
09f11317-21f5-4f60-9149-a785b63b2229,醫院_佑民醫療社團法人佑民醫院,其他
e5f31626-af74-4603-9b97-2b1b37d92a56,醫院_李綜合醫療社團法人李綜合醫院,其他
df10ce5d-4a91-424a-b600-93585b27aab4,醫院_沙爾德聖保祿修女會醫療財團法人聖保祿醫院,其他
a287741a-ec0e-4c4b-9e2c-bf1d9d49c219,醫院_秀傳醫療社團法人秀傳紀念醫院,其他
5534f2d7-0495-462f-be51-8bc8542c9a8d,醫院_秀傳醫療財團法人彰濱秀傳紀念醫院,其他
241df807-316f-4f9e-a5a4-8ff8d7d9791a,醫院_阮綜合醫療社團法人阮綜合醫院,其他
1ac79478-5efe-4ea7-8e0d-3fc48e9da797,醫院_亞東醫院,其他
4e6a877a-769e-4277-be3d-eec3a26720c0,醫院_和平醫院,其他
a511f507-89c2-424a-b7ad-1a575eed32d5,醫院_宜蘭陽明醫院,其他
431cba36-b15c-487d-b436-297a917a19a7,醫院_東元綜合醫院,其他
5c7d5b5a-3049-46bb-978d-9f1b3bd21c51,醫院_林口長庚醫院,其他
2815539f-45bc-4224-bcdd-1f743c5f2705,醫院_林新醫療社團法人林新醫院,其他
68fb8172-5a40-4e7e-8320-f5a669373c9e,醫院_長庚林口,其他
e1bf4ee6-1470-4516-a44e-94c4d063500a,醫院_長庚醫療財團法人嘉義長庚紀念醫院,其他
3d3fd8c9-8ee3-49d5-a6b2-93d8c2384684,醫院_長庚醫療財團法人基隆長庚紀念醫院,其他
0d62424f-871d-410c-88b3-33f3fcb50bd2,醫院_長庚醫療財團法人雲林長庚紀念醫院,其他
4d293e3e-675e-49ae-ba38-d872aa0623e7,醫院_南基醫院,其他
161cad11-3f89-4bda-bbd6-2e37e8af1b65,醫院_南門綜合醫院,其他
8db09fb5-baa8-4e27-b986-5bf97e55aa17,醫院_屏基醫療財團法人屏東基督教醫院,其他
367fad88-af05-44a4-8030-bf155c0d544b,醫院_屏東民眾醫院,其他
84f9855e-68c8-4909-ae02-8cf616cede0b,醫院_恆基醫療財團法人恆春基督教醫院,其他
c87d0313-ea68-4949-96f3-d5a462d8b871,醫院_員林基督教醫院,其他
51cc30cb-bb8f-4282-9b4d-219e19839ae3,醫院_員郭醫院,其他
fd9842ae-8c30-4e3a-a276-aaea8c2b0c2e,醫院_振興醫療財團法人振興醫院,其他
357e4656-4158-4bd9-a55a-a2d578ad1cae,醫院_財團法人天主教靈醫會羅東聖母醫院,其他
98efc47c-95f3-4dbe-bcf6-a0e2c881fc50,醫院_財團法人為恭紀念醫院,其他
99189327-d6dd-433f-8ccc-7fa97fa7c1ae,醫院_財團法人私立高雄醫學大學附設中和紀念醫院,其他
ad5d902a-5b47-4cf7-bfb5-eac5971ccb43,醫院_財團法人羅許基金會羅東博愛醫院,其他
105d367f-6dde-420e-a664-c58f3bc5cf54,醫院_馬偕紀念醫院新竹分院,其他
7a7afc06-0965-40bc-aa18-3786a49896ef,醫院_馬偕紀念醫院臺東分院,其他
83d85c7e-d21a-4b9a-a00d-1d8a359a314f,醫院_高雄市立大同醫院,其他
a4a6d004-23a9-4c65-a164-80cb238acd94,醫院_高雄市立小港醫院,其他
a8545570-f6ab-499c-8de1-1a1cd9268cfb,醫院_高雄市立聯合醫院,其他
7a397788-5feb-4a60-87d7-f812031a5b0c,醫院_高雄榮民總醫院,其他
d5fe01de-2fc6-4db6-a0f5-f660a7c39919,醫院_高雄榮民總醫院台南分院,其他
96f7a1f1-2180-459e-b52e-d76db18b3e59,醫院_國泰醫院新竹分院,其他
8fd8d683-b061-432f-ab1c-26f924d76b1a,醫院_國立臺灣大學醫學院附設醫院新竹分院,其他
ad68dd5c-fef0-4707-828f-e8f330e4ce86,醫院_國立臺灣大學醫學院附設醫院雲林分院：斗六院區,其他
39ea1e87-cd13-4633-8e9e-0b1cb506249e,醫院_國立臺灣大學醫學院附設醫院雲林分院：虎尾院區,其他
faa63e97-5b3d-4d12-889b-8befcb513756,醫院_國軍台中總醫院附設民眾診療服務處,其他
263806bf-d869-4b6e-8736-d4d77faf7543,醫院_國軍新竹醫院,其他
f98c6e11-81e5-4dc6-abac-de00b6316ae0,醫院_國軍桃園總醫院附設民眾診療服務處,其他
410e85a3-0a0b-43c3-85c3-c1067eabe02d,醫院_國軍花蓮總醫院附設民眾診療服務處,其他
cb468d45-3479-419f-aa26-ecc7030f842b,醫院_國軍高雄總醫院左營分院附設民眾診療服務處,其他
e26cc604-16a1-459d-a3e6-66159018a888,醫院_基督復臨安息日會醫療財團法人臺安醫院,其他
ce345026-d5b1-4d30-87a3-27b7b00a1a6c,醫院_敏盛綜合醫院,其他
72d8791c-f706-4201-9611-892af0a18c88,醫院_郭綜合醫院,其他
c43a22ed-7184-403f-b4ba-41d1080bf98e,醫院_麻豆新樓醫院,其他
fe371f81-edca-4f76-a1c5-6fd8e5870c3f,醫院_童綜合醫療社團法人童綜合醫院,其他
da5f9f91-373a-4b3f-abce-a6b44a6ff2c9,醫院_童綜合醫療社團法人童綜合醫院梧棲院區,其他
92b6c794-a7ca-480b-8d60-6871dc38fa2c,醫院_童綜合醫療社團法人童綜合醫院沙鹿院區,其他
4f645eaf-a767-4aae-98ba-8176e0853796,醫院_陽大醫院新民區,其他
14f77e9e-4dc8-4d30-ac43-f4f3cc65280a,醫院_陽明醫院,其他
b51000f3-97f4-4c5c-a117-7e23bca3e6fa,醫院_陽明醫院嘉義,其他
52c1d92d-ce6a-4b53-bdea-d8cce0a6d8b5,醫院_義大醫療財團法人義大醫院,其他
7790262d-965a-431f-a6f8-3ac13adc81c6,醫院_嘉義慶昇醫院,其他
b096dbc8-c3d6-4dea-bdd9-6a7b138708c6,醫院_彰化基督教醫療財團法人二林基督教醫院,其他
574ca2db-b2b5-4f0b-b6a3-ecb83224a2b9,醫院_彰化基督教醫療財團法人鹿東基督教醫院-中正路,其他
8581fd8d-994d-4d0f-9f81-95ce2ce45bf1,醫院_彰化基督教醫療財團法人鹿東基督教醫院-鹿東路,其他
bfd4dedf-de1e-4930-9f0d-4fbbbfb07019,醫院_彰化基督教醫院雲林分院,其他
ba28219a-2e37-4355-816b-5263439a407b,醫院_榮民員山分院,其他
0d6a6d6a-6bb6-46f7-926c-1f32cc886f9e,醫院_臺中榮民總醫院臺中總院,其他
be1591c1-dab6-42b5-ab89-b273cf49d0f7,醫院_臺北市立聯合醫院,其他
ad5b9b1e-2d40-4322-9236-c4c6ec4987ac,醫院_臺北榮民總醫院新竹分院,其他
a3a172fd-84e0-42b1-b904-c3d68aa8141f,醫院_臺北榮民總醫院桃園分院,其他
e9e18ea6-6d46-428b-9a29-adf42e8424c3,醫院_臺北醫學大學附設醫院,其他
16652ed7-562c-40e0-ac75-041e466effcd,醫院_臺南市立醫院委託秀傳醫療法人經營,其他
7055f877-bda1-4d90-a565-45413ee63211,醫院_臺灣基督教門諾會醫療財團法人門諾醫院,其他
7fb7f894-0167-43f3-8326-9df56cac8fa2,醫院_輔英科技大學附設醫院,其他
54148d57-bd0a-4104-9c3c-9e4436d09aae,醫院_廣川醫院,其他
24d234cd-a9f7-4fd5-8b66-62dbb21dc5aa,醫院_澄清醫院：中港院區,其他
7764777b-3dc8-4e46-aeeb-fac887720c63,醫院_澄清醫院：平等院區,其他
e03ea084-f063-4c0a-ab50-d3f9ada87451,醫院_澄清醫院：復健醫院,其他
7c150476-042e-4ff6-bb19-702c14d8502e,醫院_澄清醫院：敬德園區,其他
165eef11-f6a3-4394-a2e7-48d221999570,醫院_衛生福利部基隆醫院,其他
b7e16bb1-81a0-4df1-9924-90b9b8b9cdc6,醫院_衛生福利部屏東醫院,其他
f1639927-fa0b-4791-81ce-2d10d664d948,醫院_衛生福利部桃園醫院,其他
39a475b3-5862-456a-8e1e-d5408bacb3b1,醫院_衛生福利部臺中醫院,其他
5d057b3c-262d-4cfe-a757-d5ddebcca01b,醫院_衛生福利部臺北醫院,其他
ba4f2838-6019-4f8b-a9fd-23470b489ec1,醫院_衛生福利部臺南醫院：新化分院,其他
86e730cf-6621-4ae5-a932-4ce353c4c98b,醫院_衛生福利部臺南醫院：臺南總院,其他
eb7b9512-6b9e-46be-94f1-a8c026d16ee2,醫院_衛生福利部花蓮醫院,其他
dd27d771-4fb6-4fda-8005-eecd8308d3ca,醫院_衛生福利部苗栗醫院,其他
b8148a97-6f67-4780-9db7-71c5c340bafa,醫院_衛生福利部豐原醫院,其他
947b4130-0c94-4fd4-ba3a-0cfc9d3276e1,醫院_衛生福利部雙和醫院委託台北醫學大學經營管理,其他
35fe0d73-f9cc-4068-ba45-ec25f4d4f914,醫院_戴德森醫療財團法人嘉義基督教醫院,其他
33e71880-699f-45f8-a850-15fcaf4afbca,醫院_聯安醫院,其他
dd17eb74-90b2-4fe3-b65d-d593509dad42,醫院_醫療財團法人辜公亮基金會和信治癌中心醫院,其他
17d85b05-325e-4df9-b39f-fcdc70ea9af6,醫院_壢新醫院,其他
825b0063-8f7b-4993-b71e-0fcbe4c3297e,醫院_關山慈濟醫院,其他
592665d7-3d3e-43f5-aaae-3623056d76c9,醫院_寶建醫療社團法人寶建醫院,其他
794ede50-ec8e-4ce9-8f3d-86036fab9591,醫院_為恭紀念醫院,其他
eb872275-b10a-42c2-9f72-1f2d0fdac6a0,鎰勝工業股份有限公司_鎰勝工業股份有限公司,其他
cd076d9f-2053-4f6a-8a13-9c3b4e8536ad,雙鴻科技股份有限公司_雙鴻科技股份有限公司,其他
623e9bae-3fdc-48f8-8844-3f2903984b58,顏大翔內科診所_顏大翔內科診所,其他
06eecbf3-ad1b-4181-98e1-d49732054d0b,懷仁內科診所_懷仁內科診所,其他
9dd7d24a-89d7-43e2-ae41-1886458e6272,懷仁內科診所_懷仁內科診所,其他
4365c8d1-596d-46a1-a918-9150c4e46dda,懷仁基金會_懷仁,其他
070c46c6-0632-452b-849a-a6210896a6c4,懷寧內科診所_懷寧內科診所,其他
767c9b64-fece-4e0a-b40f-60d116113a72,懷德內科診所_懷德內科診所,其他
1a1d070f-cfb5-494b-b8bd-fec6e1e4ec65,懷德診所_懷德診所,其他
98e33be6-51de-4098-b21f-384a53b617d8,瀚宇博德股份有限公司_瀚宇博德股份有限公司,其他
6efec4d7-47bf-41ed-90ce-91c8d38cf3fc,瀚宇彩晶股份有限公司_瀚宇彩晶股份有限公司,其他
22ea1798-8e84-4da2-940c-9c9873697542,瀚荃股份有限公司_瀚荃股份有限公司,其他
b6c11b20-7e31-4157-a54c-6ec7ba6824a6,穩懋半導體股份有限公司_穩懋半導體股份有限公司,其他
db70b3ba-eca9-42b0-9d2d-732ba2d5acf9,穩鼎石化股份有限公司_穩鼎石化股份有限公司,其他
89dc0033-e901-4ec7-b028-6af2090aa92e,羅斯福內科診所_羅斯福內科診所,其他
831afda9-3d0a-44cd-9a2b-3e35ec18aef8,羅東博愛醫院_羅東博愛醫院,其他
69d1f5a7-4e06-4fac-8722-36af9730740a,羅東聖母醫院_聖母醫院,其他
96f0b000-2e30-4c40-87a9-8ffc4c556de6,羅東聖母醫院_羅東聖母醫院,其他
4d522750-3fa9-41c3-8596-e683c273ca98,羅東鋼鐵廠股份有限公司_羅東鋼鐵廠股份有限公司,其他
071f6caf-8f2b-4dbf-a6fb-835455dd725b,羅騰園身障協會_羅騰園身障協會,其他
28afe2e4-8a38-49c6-8edb-9fbf865f3d7a,譁裕實業股份有限公司_譁裕實業股份有限公司,其他
2c7564d9-792d-428b-8cd3-d8448b707c27,譜瑞科技股份有限公司_譜瑞科技股份有限公司,其他
3d590016-1c5c-4a5a-b01a-89afc344ed39,關子嶺社區發展協會_關子嶺社區發展協會,其他
a48b9322-569d-4267-8617-5bfc887651b3,關愛基金會-中和_關愛基金會-中和,其他
0dfa1b6f-99ed-436e-9875-0975d535e716,關渡醫院_關渡醫院,其他
43548c0a-5c62-49ee-9b15-bd3b77c90df7,麗臺科技股份有限公司_麗臺科技股份有限公司,其他
3a1da350-1698-46a5-997d-deedce2e5e02,寶和復健科診所_寶和復健科診所,其他
e44e5050-13be-440c-9443-21ee5392eb41,寶島長照_寶島長照,其他
6a067516-d21e-44ce-a486-6b3e792ebf96,寶建醫療社團法人寶建醫院_寶建醫療社團法人寶建醫院,其他
37da3cf6-01eb-401a-8526-17751c3e63b8,寶徠建設股份有限公司_寶徠建設股份有限公司,其他
0384ad7f-7099-4e79-8d16-9363b88b0e21,寶成工業股份有限公司_寶成工業股份有限公司,其他
cb805a23-fa65-4115-9811-e02b0ab546c0,競國實業股份有限公司_競國實業股份有限公司,其他
a405256c-2a84-47a5-b290-c18eccf1181a,耀億工業股份有限公司_耀億工業股份有限公司,其他
83a1614f-95a0-48b5-8a69-35fb4af857d4,蘇澳榮民醫院_蘇澳榮民醫院,其他
d47d9d39-563e-4575-a662-f82ec68a088b,蘇炳文內科診所_蘇炳文內科診所,其他
decefdaa-72c6-41b1-9403-b9c32312528b,蘇義華內科小兒科診所_蘇義華內科小兒科診所,其他
f015ddfc-450b-4baa-80de-9d7211d5106a,蘇育諒聯合診所_蘇育諒聯合診所,其他
442f8a95-11ed-4708-83de-e331ac0e1b89,馨盛汽車企業股份有限公司_馨盛汽車企業股份有限公司,其他
94ecd5c9-ceda-4402-b0fd-151da13d9260,蘭潭家福護理之家_蘭潭家福護理之家,其他
745267bf-110d-4a4b-8a91-daaae1afaae7,蘭潭護理之家_蘭潭護理之家,其他
2a1ab4af-2df3-49ce-bbee-815088adcbd8,蘭雨社福協會_蘭雨社福協會,其他
cd8be2fc-e60b-407f-afbd-f3928a53031d,蘭馨文教基金會_蘭馨,其他
5ff7f288-21ca-40e7-88a2-3851af54fe7c,蘭馨餐廳_蘭心中華婦女基金會,其他
0c868031-2b91-444f-8d1e-0d04eea3e3cb,護理之家_土城護理之家,其他
d03e530a-d3f7-42e8-91d0-146c6365e580,護理之家_台中護理之家,其他
a5cc66f1-14bb-4ac6-b0fa-768939185812,護理之家_台南仁愛護理之家,其他
10a881be-46e5-4117-b6d6-c5b6e1e8803a,護理之家_享溫心護理之家,其他
22aeeef3-6295-4c13-8473-903e6ce0a587,護理之家_和春護理之家,其他
b256824d-3428-4036-b4e8-c9cf0b34b545,護理之家_和欣護理之家,其他
615e3c61-4765-447d-b86b-025b9c0aef78,護理之家_健德護理之家,其他
ab7b4176-509a-490f-ba7e-7a1360308736,護理之家_勤英護理之家,其他
0eb31043-aa18-44ab-b44d-4c926b6b4a40,護理之家_寶仁護理之家,其他
93cb8d63-9f1f-4672-94c8-d9a784bc577b,護理之家_蘭亭居護理之家,其他
6eba6958-1c5a-4446-a1d8-51df52c6974a,護理之家_杏福護理之家,其他
5d80b6fa-32cb-4f8a-a3b8-d7b0bf39eca6,護理之家_陽光護理之家,其他
365dc133-c8dd-4ed2-a41b-69599afd6892,觀海住宿長照機構_觀海住宿長照機構,其他
56091545-b056-494f-b80e-4db2b07d1404,觀音愛心家園_鄭紹可,其他
b3e2e69d-02fe-4e61-888e-14eb9940eb49,觀音愛心家園_鄭紹可,其他
d29fce86-6207-402f-9e2a-17ea39804aaf,觀音愛心家園_觀音愛心家園,其他
d5f188c5-c918-4a66-a625-b8dd0bdd1296,鑽全實業股份有限公司_鑽全實業股份有限公司,其他
a8149c3a-b655-4a5b-baa2-ad063a145368,芃昕興業有限公司_芃昕興業有限公司,其他
0a364c95-cc63-4b29-af35-20624eab6d99,昶昕實業股份有限公司_昶昕實業股份有限公司,其他
81667b84-0dee-4592-a0dd-6e11632e01ae,宬心居家長照機構_宬心居家長照機構,其他
4ccdbed6-20df-4fe0-9a03-32504798eec7,晟銘電子科技股份有限公司_晟銘電子科技股份有限公司,其他
42517238-fe15-4541-a94f-a1aafdb8bdc1,葳群老人長照中心_葳群老人長照中心,其他
48e68630-3e60-48e2-8e2c-d07fe7782dcd,鈺創科技股份有限公司_鈺創科技股份有限公司,其他
8893534d-773c-4dcf-b3f1-97145c5e94d4,鈺陞有限公司_鈺陞有限公司,其他
fd232c78-3cd9-4a15-accc-53647259383a,鈺齊國際股份有限公司_鈺齊國際股份有限公司,其他
99595745-777f-4a4f-80f5-e8dc56842605,頎邦科技股份有限公司_頎邦科技股份有限公司,其他
2eb083bf-861f-442c-8996-f0f38be3bfe6,僾彼醫療股份有限公司_僾彼醫療股份有限公司,其他
7d13834d-d24e-46c7-9e50-7d835a6f8fcb,燁聯鋼鐵股份有限公司_燁聯鋼鐵股份有限公司,其他
e210ac66-04c3-463f-b64e-be201ede0aa4,燁興企業股份有限公司_燁興企業股份有限公司,其他
dd81d294-4a07-439e-8e0d-68af70ba159e,燁茂實業股份有限公司_燁茂實業股份有限公司,其他
91190175-ea9d-49f1-8de9-16c9c35ff7a9,燁輝企業股份有限公司_燁輝企業股份有限公司,其他
c4473cb4-8852-470b-bc54-05d6a55f3135,錸德科技股份有限公司_錸德科技股份有限公司,其他
3d73bde6-a3e1-49e6-9f73-14f9c8f9cc10,燿華電子股份有限公司_燿華電子股份有限公司,其他
cb387ef1-05a1-4b8a-a7a8-f7410a11de5a,鎧勝控股股份有限公司_鎧勝控股股份有限公司,其他
0743bdfe-da1f-4e44-85d3-1bb20073f2f6,驊陞科技股份有限公司_驊陞科技股份有限公司,其他
d2f898bd-a5fc-42d6-911f-8520a80836d3,鑫威汽車工業有限公司_鑫威汽車工業有限公司,其他
7796c840-2b8d-430d-b9b9-d976d44f5143,鑫庚內科診所_鑫庚內科診所,其他
a7622a0c-6f04-47fb-86c9-06d384072b2d,鑫洲汽車企業股份有限公司_鑫洲汽車企業股份有限公司,其他
925ad71d-c8b5-41bf-b082-9f16f3fff884,鑫禾科技股份有限公司_鑫禾科技股份有限公司,其他
cf88e0bb-3805-4ee6-bd48-1d9dad51c03d,鑫科材料科技股份有限公司_鑫科材料科技股份有限公司,其他
f5c15457-4a78-41a2-bbf1-96bd4012904f,碁富食品股份有限公司_碁富食品股份有限公司,其他
5ded4e7f-0312-45b5-804d-ae1180aa3a15,恒耀工業股份有限公司_恒耀工業股份有限公司,其他
fe4fb58c-6a84-438d-afb1-c01190722ecb,土城醫院旁停車場_土城醫院旁停車場,其他
834bc6f9-f817-4d58-a375-c8694400bfc6,大虹投資有限公司_大虹投資有限公司,其他
b1154f93-8665-4e96-b618-c48850867bb2,大里仁愛醫院_大里仁愛醫院,其他
7493d437-6d60-4a6e-ba50-9bdf9764ae41,川祥營造有限公司_川祥營造有限公司,其他
0667f445-1a45-4397-b889-49d471411689,中勤實業股份有限公司_中勤實業股份有限公司,其他
e3d70d59-fa6e-43f7-9f47-63cfcacbf499,中國醫藥大學醫院台中東區分院_中國醫藥大學醫院台中東區分院,其他
c226e7f3-fed5-4863-992c-a6f07b9cc158,中華民國長期照顧推廣協會_中華民國長期照顧推廣協會,其他
62ee0e10-aad9-4017-81f1-b279a4c7dd6c,仁和 養護中心_仁和 養護中心,其他
f0f2ae9e-ac03-477a-b3ac-6356f2e067a5,內科診所_兆信診所,其他
1fb7a4f8-eebc-48e7-9208-69de5a789a5d,內科診所_杏福內科診所,其他
293b36e3-a87a-439e-a448-87b2fbb4e24a,天主教光仁基金會_天主教光仁基金會,其他
1b45799b-3086-49e9-910b-af9668ba9a4b,天主教若瑟醫院_天主教若瑟醫院,其他
57803801-ca54-478f-8926-091aea23820d,天工企業社_天工企業社,其他
8d88854c-cf64-494f-88b9-cf5144ea7ad1,太平 長安醫院_太平 長安醫院,其他
08223e63-f005-4d3c-a8a3-2ab83433d7a8,主恩福老人長期照顧中心_主恩福老人長期照顧中心,其他
9c0c9b41-538e-462a-a005-bcaca3c14221,北區 信望愛養護中心_北區 信望愛養護中心,其他
a2e83ed5-729a-4684-983a-da49627edb0e,北區 慈恩安養中心_北區 慈恩安養中心,其他
d7fc8c0f-a6c9-4975-afc3-e71ed0bd65cc,北區 永和安養中心_北區 永和安養中心,其他
165ba264-fa7f-4677-8e04-3ab25bf856d8,北區 長生安養機構_北區 長生安養機構,其他
5be32a11-4a5a-4da9-8522-dca1338a7ab4,北投教會_北投教會,其他
64f4b02b-440f-4e12-ac87-ab63c512df55,北智捷汽車股份有限公司_北智捷汽車股份有限公司,其他
d59e6841-6361-4126-b0b4-df41fba41426,台中久立居家護理所(居家服務)_台中久立居家護理所(居家服務),其他
31cc812f-bb91-4230-9f26-3e0fce8d5e13,台中護理之家_台中護理之家,其他
c4748725-e0d6-435a-8288-afab2b3e0b4d,台南奇安診所_台南奇安診所,其他
eeaa1f11-9e64-4367-b5a3-261ada8aff8e,台南長照_大慶養護中心,其他
e388d549-4b19-4624-be32-029aadc51a0a,台南長照_中華老人養護,其他
6aafa615-904c-4f18-83b3-60f8a1f50b9b,台南長照_仁仁護理之家,其他
777bbda8-dfce-4413-94f3-701ae90e9190,台南長照_仁仁護理之家,其他
1999df45-5ec4-4bb5-8861-21c90452137d,台南長照_仁仁護理之家,其他
88943e0f-f71a-4d56-a3e2-637feefe7996,台南長照_仁田照顧中心,其他
ac4377d0-577a-49df-b5bb-ed7876a0f946,台南長照_允泰護理之家,其他
7dace0b7-2064-4f61-92a5-e605bee0aec3,台南長照_友廉養護中心,其他
7f609aa1-8f2e-4c13-97cf-1ba67297a138,台南長照_天慈養護中心,其他
cdc260c5-3f74-4772-ba31-3279ddfd37fc,台南長照_台南仁愛之家,其他
45d48e01-11d3-4493-b239-e80e743f3b07,台南長照_台南仁愛之家,其他
1cfc4ca8-fecd-4e46-a5ee-fb6b768f672a,台南長照_台南仁愛之家行政部,其他
bf5c8369-77cb-425c-bbc2-11287bd25132,台南長照_台南市私立老吾老院,其他
14e7d603-2715-4fc7-83e9-5b18881d81da,台南長照_台南市立仁愛之家,其他
bf808278-7f29-4e7e-b61f-bded07cee092,台南長照_正覺老人養護,其他
fd648d3d-6212-40df-b92f-13147db16529,台南長照_永保安康護理之家,其他
c1f3903e-9b67-4e16-bc65-a2c58afe5129,台南長照_永康慈善養護之家,其他
4cc6722e-d3ab-47e7-90bf-529212f6805c,台南長照_永新護理之家,其他
1db92674-3478-4c00-9ded-44ecf6027d4a,台南長照_永春護理之家,其他
efc49e1b-fd3f-4188-8ff2-2f09280b4d2e,台南長照_同安長照中心,其他
94e147a2-2669-45bc-acfe-0316457af9d1,台南長照_合信長照,其他
8e51224c-e71e-427b-b40b-4341eed79c6f,台南長照_如新護理之家,其他
c1af10c1-ed84-4cfe-899f-389541285c82,台南長照_成功養護,其他
06b225e6-2a36-47a1-a3cf-052d6b327954,台南長照_佑安長照中心,其他
6ce273b3-f91b-4b31-b01a-e10e915ee8b2,台南長照_佑惠老人養護中心,其他
be270abf-8b29-48c0-9c8f-cc7fa3d9ea65,台南長照_吾愛吾家養護,其他
2ed19e0c-2b1b-42e1-af67-24b016aced8b,台南長照_均安護理之家,其他
92743fe6-8432-4b1c-89ca-7baf5ae75c0b,台南長照_宏瑋養護院,其他
7b097a8b-e641-47e2-9786-cea1931721f5,台南長照_宏祐養護之家,其他
f5b1de63-4166-4819-8211-a882d0569532,台南長照_佳和老人長照中心,其他
0b9bc1cd-60e4-473b-971c-44f70d5dd4bb,台南長照_佳園護理之家,其他
a8835e91-30d7-4442-aee5-0fe9dd2f0321,台南長照_佳暘長期照護中心,其他
5a22a484-f551-4a3e-b4d2-57aa0e9e3667,台南長照_和豐園養護,其他
54a192b5-c1cb-401e-968d-f4084fe7f9fe,台南長照_宜家養護,其他
bd424d2a-86c1-4041-ab4c-19399c845bde,台南長照_宜福養護中心,其他
0ce2096d-fab3-480d-b0b1-5f902f536f18,台南長照_尚美養護中心,其他
c2b209d4-4a99-4a01-a76a-78bf7575a73d,台南長照_欣園長照中心,其他
03196b31-1d3c-4a28-b222-fd0c5a30519c,台南長照_長佳養護中心,其他
6e9f4da6-35fe-4700-a43d-aeaf5f58ea0b,台南長照_長和長照中心,其他
cbf1061b-fb30-4300-b317-6047f12430af,台南長照_長泰護理之家,其他
3ce6cb1e-3611-4479-9d69-aaf77c8971dd,台南長照_保健長照中心,其他
70326469-4c9d-434c-97af-403f2e64a8e8,台南長照_為仁長照中心,其他
5d31364d-9c07-4ecc-aa4d-f4557619fd60,台南長照_美麗園長照中心,其他
1c54bd92-b5d7-4208-9252-4e1a5a212a97,台南長照_香格里拉護理之家,其他
8b98d168-135f-4ec6-85c4-44d6f55592c4,台南長照_家園養護,其他
88cdd287-a2dd-4110-93f8-3e8f3e059cd9,台南長照_恩欣老人養護中心,其他
31fc1d82-1f35-473a-9fd6-ac18cd19a84c,台南長照_祐健老人長期養護,其他
9d79f084-71d2-459b-bf30-9a42303a3d55,台南長照_健麗醫護理之家,其他
bb68b34b-65f3-4f14-8307-795cd467bf17,台南長照_國欣護理之家,其他
c079886e-54e5-493b-b08e-9ef8b6e205d2,台南長照_康寧園養護中心,其他
3e3240e7-a742-4f73-94a9-f7e81a7af4db,台南長照_悠然山莊安養中心,其他
59f128f3-4f98-45d7-a8e1-4daa2a260014,台南長照_悠然綠園,其他
d1405cb8-aac0-4f20-ba01-e3cf55fb9a03,台南長照_祥安護理之家,其他
3c51c821-ef79-45b7-aef8-209cd7042f7b,台南長照_惠山長照機構,其他
14b6dcef-2881-42f3-a621-b751443a3d91,台南長照_順園養護中心,其他
868a5b1c-f326-4ddd-bd7b-5e3dfab61827,台南長照_順康護理之家,其他
7ae11721-9867-4647-95b0-c224d04afa0d,台南長照_媽廟養護,其他
2c1fe066-c509-4f9e-96e9-2929888805cb,台南長照_慈善長照中心,其他
bff75e50-0331-46d7-8d44-1a5378e83586,台南長照_慈惠養護中心,其他
bb1dc369-3e38-4477-ad6f-53d827d38d29,台南長照_愛和養護,其他
813800ab-9c86-4d69-b7c1-e1ae514a7979,台南長照_愛惠老人養護,其他
bc52d591-938f-420e-9cf3-00294025d514,台南長照_新化養護中心,其他
160912e4-0dd6-4958-91e0-9d1fc5a729c2,台南長照_瑞園護理之家,其他
39688f23-86d4-405e-b2af-a3e394b11661,台南長照_裕康美長照中心,其他
201ac10e-ca72-4693-b5f9-3fc84f295daa,台南長照_詮恩長照中心,其他
fac38c51-1299-4650-8614-4018e59697c5,台南長照_維康養護,其他
320b0edd-8f23-40aa-be40-1d83bcbcd7c3,台南長照_廣恩養護中心,其他
8119257b-e7ea-4c77-8c80-86642b777173,台南長照_德光護理之家,其他
e3a22354-45c4-49df-8513-42d94f15904e,台南長照_樂活屋長照,其他
db4c83f5-af95-4999-94b8-82161da5c629,台南長照_蕭彩娥居家護理所,其他
dbac05f5-4761-49e3-a61f-2a2008bef771,台南長照_濟安護理之家,其他
6185e2db-ff62-4938-9e9a-5da21ac7bf67,台南長照_歸仁愛心養護,其他
71dc0083-bfef-4d80-8dd1-2912f0a17072,台南長照_藤澤養護之家,其他
ed7ceeff-7989-4fa9-a1fe-78632d8aa643,台南長照_麗新養護,其他
b98e1c05-e0ba-4f49-9ef9-cc199942177c,台東聖母醫院_台東聖母醫院,其他
ed2aba8a-5432-4361-a7b2-ea9fdc7be2f1,台東醫院_台東醫院,其他
3c3f15dc-5e44-4304-b27a-25ffa85a1909,台東醫院 成功分院_台東醫院 成功分院,其他
97c0aa51-71b4-4bc2-a0bb-b14d09cc623e,本堂養護之家_本堂養護之家,其他
6573c333-4505-4f20-aace-78bdf599300a,永安護理之家_永安護理之家,其他
a3acd840-f5d6-45b0-9ab2-ed43767c11be,永耕基金會附設 老人養護中心_永耕基金會附設 老人養護中心,其他
ec86c6c9-eb59-4b51-b616-5f13e127ed92,玉里醫院_玉里醫院,其他
94b81bc7-6c5c-4932-a85b-71c06db9d45a,生生光老人養護_生生光老人養護,其他
fbe1d90d-a294-44ef-a4a0-f415d5ee0b08,田中仁和醫院_田中仁和醫院,其他
a6da918d-fc88-4d3f-9f24-797c19882637,白永恩神父社福基金會_白永恩神父社福基金會,其他
fefccbe9-30c4-40ea-af0a-8fdab174d371,伊甸基金會（總會）_伊甸基金會（總會）,其他
1264ef15-62cb-4767-936c-c9c7d9e7f254,任林基金會_任林基金會,其他
4b95a892-945d-4b88-834d-5bda7b2600b4,全佑聯合診所_全佑聯合診所,其他
be68de53-e265-4bb0-a1d1-3d1cbdcd638f,全家養護中心_全家養護中心,其他
db479e4b-f30b-4ba4-b423-d041d5cf1fcb,好耆長照中心_好耆長照中心,其他
1bceb17b-966d-4d97-adc4-bfd0b6b33206,安欣居家長照_安欣居家長照,其他
188f611c-dc1a-4504-8a34-8856026f6936,西區 大墩養護中心_西區 大墩養護中心,其他
ab251506-ebbf-44d2-9121-79b4d17d7112,利茗機械股份有限公司_利茗機械股份有限公司,其他
466af1b5-e2bb-44a0-9c91-26fe4a1063b8,杏安藥局_杏安藥局,其他
6560fc1e-52d3-49e4-bcae-a5c321311d43,宜蘭_慶陽通運有限公司,其他
05a10803-83e8-428f-9483-3f3c181beb0e,宜蘭博愛醫院_宜蘭博愛醫院,其他
1fdd7adb-7a1f-40aa-b0ac-1206ad5a7f7c,宜蘭慈愛養護_宜蘭慈愛養護,其他
afa2643a-50fe-4fe2-b9ab-90e751fb702c,房日美室內裝修有限公司_房日美室內裝修有限公司,其他
485d6930-2aa8-43e4-9d1f-7316784aa742,東區 翔新診所_東區 翔新診所,其他
a78dc449-be71-4f96-bca6-7efee35d2d66,林口長庚醫院_林口長庚醫院,其他
0b54fea7-f5a0-47d8-ab03-1824df659e0e,社團法人臺灣58金融仕家協會_社團法人臺灣58金融仕家協會,其他
083413db-5f22-48d5-9537-aff2e8431e7c,社團法人臺灣計程車學院協會_社團法人臺灣計程車學院協會,其他
7a320d33-1469-41c2-a840-274c59e03328,花蓮老人關懷協會_花蓮老人關懷協會,其他
00080da6-3f87-4996-88b1-19cb7fdaa5d2,花蓮醫院_花蓮醫院,其他
aff97b70-04f5-407a-9d5e-f9d525fb7428,長庚醫院_長庚醫院,其他
08e04949-ae1f-4bcf-b444-37a322f73f96,門諾醫院-壽豐分院_門諾醫院-壽豐分院,其他
0ae90fd9-951d-47d5-9f3d-108630c2497a,南區維修_永凱企業社,其他
00f3d22e-881c-4341-a008-fa81ea8e6a1f,南投 新媳婦關懷協會_南投 新媳婦關懷協會,其他
f0a507e5-57d8-4005-9dd6-8f5903d29924,南投市 慈善宮_南投市 慈善宮,其他
2f787416-1614-4dc3-b72c-ef6d18170f82,屏東南門醫院_屏東南門醫院,其他
670120f4-1b6c-4f45-a195-59c5810baec8,屏東恆春基督教醫院_屏東恆春基督教醫院,其他
f6cffcba-592f-4e99-b3fe-24b2c13f5e90,屏東牡丹長照協會_屏東牡丹長照協會,其他
f8bb29cd-6442-4349-92c6-2f2b346c673e,科明儀器有限公司_科明儀器有限公司,其他
ffb06213-1726-44d5-9f8b-fd5625807b81,員林 伍倫惠來 安養機構_員林 伍倫惠來 安養機構,其他
54ee9789-0f74-4be1-bdc0-c9ca2e3c886a,員林 廣成 長照機構_員林 廣成 長照機構,其他
aa35e19e-b9a9-4591-9c16-d42d1f8605f0,員林 惠親 養護中心_員林 惠親 養護中心,其他
d9037d2c-060a-45d6-b7ec-502608e2513b,桃園大溪照顧協會_桃園大溪照顧協會,其他
0245917d-618d-40ca-ad55-74710618653b,桃園榮總醫院_桃園榮總醫院,其他
caa73040-7f1b-489b-b568-7953c063591d,烏日 昇柏 養護中心_烏日 昇柏 養護中心,其他
a4e67faa-e479-4b2b-8913-f05439fffd95,烏日 昇柏養護中心_烏日 昇柏養護中心,其他
6c1fe9bc-3514-40be-8cee-093a849f9922,烏日 林新醫院_烏日 林新醫院,其他
5605cad1-ee44-479b-ab8c-e527b4da8033,烏日 福碩護理之家_烏日 福碩護理之家,其他
aa45c5c6-7099-4b2a-a6e9-812a12e14b1f,烏日 青松安養_烏日 青松安養,其他
bc00f6aa-00fa-48ec-a7fb-5eabf73e84f1,財團法人嘉義市修緣育幼院_修緣育幼院,其他
1086de58-bb7c-4178-934c-ce8a9dd5d9bc,財團法人宜蘭縣私立宏仁老人長期照顧中心_財團法人宜蘭縣私立宏仁老人長期照顧中心,其他
1f409b23-1c34-4284-a2f8-20b68a522ca6,財團法人新北市私立樂山園社會福利慈善事業基金會_財團法人新北市私立樂山園社會福利慈善事業基金會,其他
ea3001d7-3fba-41bd-9c42-055c6140e926,骨科診所_中正脊椎骨科醫院,其他
dca1fa6d-69c8-4485-b9f3-1bf55f57b1b0,骨科診所_張文瑞骨科診所,其他
d93b87c1-f10d-4c32-a853-c0f92c9aed8b,骨科診所_鈞達骨科診所,其他
1e83a02c-49ae-4580-bc9a-11c55dfb4c59,骨科診所_開元骨外科診所,其他
78f10c44-fabf-4077-8f3a-11c492b2b82c,高雄壬禾診所_高雄壬禾診所,其他
048d0f4f-fbb5-4ef7-9c68-71cc22c9451a,高雄榮民總醫院台南分院_高雄榮民總醫院台南分院,其他
4236d18d-18e6-4db1-a794-8d4ab5ae451b,健德護理之家_健德護理之家,其他
964d3ddd-535e-4be2-b842-e327de0013a5,健豐居家長照(健豐藥局)_健豐居家長照(健豐藥局),其他
d12900fd-c6cb-42d1-9a18-115eba9cffef,健順安養中心_健順安養中心,其他
cf6acea0-cf8d-486d-8299-ecb715025590,國廣機械工程有限公司_國廣機械工程有限公司,其他
38502f4f-0d4a-410b-8011-6aad95fa1600,捷仕特科技有限公司_捷仕特科技有限公司,其他
016ca554-9e5d-440f-92f5-0a1f7c265333,清心養護中心_清心養護中心,其他
0efa786a-4c3f-4709-99a1-3dc466fbe90b,祥和養護中心_祥和養護中心,其他
7535f143-1f42-402d-b415-239116d08435,頂行貿易有限公司_頂行貿易有限公司,其他
f7289ebc-5e13-43b3-8ca6-694378026ac6,傑瑞安養中心_傑瑞安養中心,其他
d54c425d-9fb5-4948-8bb9-ab2f3ad162b9,惠群長照中心_惠群長照中心,其他
bbb27bbe-30c7-4cf7-8747-db492d79b956,雅峰小客車租賃有限公司_雅峰小客車租賃有限公司,其他
e1121c7e-fb69-46d6-8f05-3a88f98c89b8,雲林老人福利_雲林老人福利,其他
818a4bba-42d0-4a14-bc4a-e7995633754b,雲林若瑟醫院_雲林若瑟醫院,其他
9cf25aca-ca39-48c9-aecc-2c7a73c46609,慈慧居家式長照_慈慧居家式長照,其他
f08e8055-badb-45e0-b89a-212a4b8bb562,敬馨長照機構_敬馨長照機構,其他
78fd4d8b-2b30-416e-91fc-41e66586eacd,新北市華藝世界華人工商婦女企管協會_新北市華藝世界華人工商婦女企管協會,其他
1e657f8c-0135-42d3-ac05-280a7b5becca,新台塑膠工業股份有限公司_新台塑膠工業股份有限公司,其他
8723ebfa-56cb-4135-826f-9a80ce2484db,新媳婦關懷協會_新媳婦關懷協會,其他
c516c641-fa04-40f6-a1fa-c568d7db019d,新竹-國軍醫院_新竹-國軍醫院,其他
9a6bb9c1-b112-4641-a521-658e06606038,毓得基金會_毓得基金會,其他
cadff455-14f8-4716-a17f-a7206d50efa0,毓祥安養機構_毓祥安養機構,其他
b57239cd-dd42-4464-b29e-d1753fbc3f40,溫興長照中心_溫興長照中心,其他
a83ac01e-4f25-4bfd-b286-4461785839b8,誠康診所_誠康診所,其他
e33bbfc6-e99f-4510-941a-df44369db751,道生院基督教老人長照院照顧中心_道生院基督教老人長照院照顧中心,其他
178e3b01-61bb-40f8-b021-3c7bb3cf7925,嘉義安道基金會_嘉義安道基金會,其他
f4d3fd82-5955-489e-b89f-12bd4825c480,嘉義市殘障者服務協會_嘉義市殘障者服務協會,其他
d17ca97c-dde2-43cf-add3-33a0329c36d5,寧園安養院_寧園安養院,其他
98e4f7f6-ff38-4c73-9e22-fed36c3516cb,彰化仁和醫院_彰化仁和醫院,其他
ef0b28c4-4242-4865-81e5-bd1fd452cec4,彰化員基醫院_彰化員基醫院,其他
b5d4c0df-9c71-4144-9684-e96588d1b35e,彰化慈光護理之家_彰化慈光護理之家,其他
1bedf41c-7feb-4e6a-8615-c3ae74cdb70c,彰化笑瞇瞇協會_彰化笑瞇瞇協會,其他
8b292ce7-2f24-474a-9772-755d166f96f4,福興實業股份有限公司_福興實業股份有限公司,其他
6bbaea73-4a7e-4c78-a052-f30d9d44b3af,輔康企業有限公司_輔康企業有限公司,其他
2b847019-c751-427f-9932-73cc2f960dee,億利汽車有限公司_億利汽車有限公司,其他
50d4e7b2-6467-426f-b985-b506fa560c7a,寬逸儀器有限公司_寬逸儀器有限公司,其他
3c177b18-b1db-46a9-ac2a-0926ca4b1d80,德安養護中心_德安養護中心,其他
9b64ba43-79e2-4e14-898e-985ec1044245,德康長照中心_德康長照中心,其他
7d2750b7-4547-42bd-a9ec-86808062db9c,摩克動力資訊股份有限公司_摩克動力資訊股份有限公司,其他
a1d50495-0d45-48a6-b7fb-b4a777199669,澎湖照顧協會_澎湖照顧協會,其他
c0a0723e-ea11-4e40-9297-31a7c9aa9556,學術交流基金會_學術交流基金會,其他
af16b9e8-9d3c-4d01-8d64-e1f84dca7bb8,聯晟電子有限公司_聯晟電子有限公司,其他
41290bd5-416b-40e3-9a41-79b7ab12b1a4,聯邦國際租賃股份有限公司_聯邦國際租賃股份有限公司,其他
ea21edea-f92d-48fa-baba-a82c1a7aaa66,豐登實業_豐登實業,其他
d885b55b-e137-4781-a120-1dc4d9db6d28,霧峰亞大醫院_霧峰亞大醫院,其他
70e6a97a-e646-4537-b658-4ce0b5a57b0f,麗安老人長照中心_麗安老人長照中心,其他
c4de67ee-0b6d-47b8-b7aa-67180e1f9ac4,麗新長照中心_麗新長照中心,其他
4627f4b3-49df-4001-bcda-95747404f252,礦工醫院_礦工醫院,其他
dc10223e-4bb6-4231-93c6-474c4b038198,三重區公所_區公所,其他
8558092f-9434-4697-9bff-1163b8c879d8,大同區公所_大同區公所,其他
811b8ed7-64ac-4ba7-a3f5-d1934efa4848,山線社區復健中心_山線社區復健中心,其他
dc27eee4-aecd-45b9-864c-ce44f131d013,五龍發社區復健中心_五龍發社區復健中心,其他
4e5876e6-ff61-42b3-84e1-cd96e21ffa9b,六依職能治療所_六依職能治療所,其他
9bc09307-80e7-476e-94a0-04420275e6cc,心翔社區復健中心_心翔社區復健中心,其他
c4e0a340-3257-4d44-aeeb-a65c9bc07896,水林鄉公所_水林鄉公所,其他
255e6578-f122-4924-adfe-d671ababc6c3,台中市政府消防局第一大隊_台中市政府消防局第一大隊,其他
06d5e142-0998-4ab5-aa12-c27da430529a,台中市政府消防局第二大隊和平分隊_台中市政府消防局第二大隊和平分隊,其他
4f2a6e2b-b8b8-4098-9175-c4bd7e6b4e71,台中市政府特教科_台中市政府特教科,其他
9f6b702b-08de-4db3-9b62-60df69de1760,台中市政府陽明大樓_台中市政府陽明大樓,其他
8c43c660-7605-482b-9e57-701c4e995fdd,台中石岡區公所_台中石岡區公所,其他
487c3346-7c12-42d6-af02-71e37d672dcb,台北市不動產公會_不動產公會,其他
5156ff5a-a472-45f1-be86-9ab8f4cce4dc,台南市小客車租賃商業同業公會_台南市小客車租賃商業同業公會,其他
0b4539e0-0f90-46dc-bd7e-35e30b72f935,台南市政府照管中心_台南市政府照管中心,其他
1dc5d7a3-1b33-4439-b0ea-67b95f7c4fd2,台西鄉公所_台西,其他
ebe14e50-caff-43c9-8bcb-d22f01725bbd,台西鄉公所_台西,其他
4200b2cd-b1ba-4fda-a3a9-d2dd2be0a060,台西鄉公所_鄉公所,其他
193a4f33-250a-4e6b-9f59-7a920a8d0df4,台鐵公會_台鐵公會,其他
f968165b-a08c-48e9-b356-60acbfa2adc6,永康社區復健中心_永康社區復健中心,其他
630e1c79-6151-4041-8a30-9ebe1e40ae3b,同心圓社區復健中心_同心圓社區復健中心,其他
921719af-af2b-4d27-b987-aa15a4dcb6f3,名恩療養院附設社區復健中心_名恩療養院附設社區復健中心,其他
4ccbe293-bcef-4df7-8db5-128fa7fe8d66,行健社區復健中心_行健社區復健中心,其他
ec7bd9a8-064e-4aec-9710-981aa1024a1d,佛明社區復健中心_佛明社區復健中心,其他
655957da-06e9-4749-b77a-6931696bf35c,私立呈泰日間型精神復健機構_私立呈泰日間型精神復健機構,其他
4b4a9fdf-8239-4c25-a874-865fb7d644c4,私立均仁坊社區復健中心_私立均仁坊社區復健中心,其他
bc16448f-067d-4ccd-8245-19b544e6ee77,私立希望日間型精神復健機構_私立希望日間型精神復健機構,其他
23299678-1e9e-4662-98de-251dc9c78ebf,私立恩心社區復健中心_私立恩心社區復健中心,其他
547e8027-c8e6-4542-99c7-f8c5fd1c14e2,私立福德社區復健中心_私立福德社區復健中心,其他
53ae4ad6-d43c-449d-b043-53d3cbb26526,私立金山社區復健中心_私立金山社區復健中心,其他
ba60dc5a-5ded-45cf-b5ca-e3f0aa1e0bd7,宜蘭縣私立培德社區復健中心_宜蘭縣私立培德社區復健中心,其他
e9818654-530f-4882-8993-fab6c5719319,幸福社區復健中心_幸福社區復健中心,其他
757adc0a-c56e-4306-a9de-f847aa8892bf,東寧農村復健機構_東寧農村復健機構,其他
0f062680-9006-4541-badf-1671cf426796,林園區公所_林園區公所,其他
a05b5b1d-3a1c-4d0f-b15e-66fba949bdae,林淑惠職能治療所_林淑惠職能治療所,其他
059dc7f3-d176-469e-b449-1c21e1c1c527,欣馨社區復健中心_欣馨社區復健中心,其他
f74cd0f4-62b7-40c5-b651-43b349119a5c,芳苑會所社區復健中心_芳苑會所社區復健中心,其他
c2232b91-9831-4722-a4d4-30260ad81748,虎尾鎮公所_虎尾鎮公所,其他
7ec270fb-ecc5-4989-8a42-74290d8545ee,信德社區復健中心_信德社區復健中心,其他
c9fbf7ce-598e-46ed-99c9-ff23b06b8eaf,信義鄉公所_信義鄉公所,其他
085e9da6-48bd-415f-aeb9-487a90d8abb2,南投仁愛鄉公所_南投仁愛鄉公所,其他
1c2d2556-63f0-43c6-823e-41ad8cad606f,南投縣政府消防局_南投縣政府消防局,其他
82486928-5cad-40d2-a557-f2375e1985ee,屏東縣政府教育處_屏東縣政府教育處,其他
56324383-98bd-4141-97c8-7c4c979b3ceb,屏東縣政府身障科_屏東縣政府身障科,其他
bbdbd545-d125-418c-8134-cd1941b72ba8,後龍鎮公所_後龍鎮公所,其他
3f6d7dc1-ae43-4fbd-8f49-2a0a8b213a71,春暉社區復健中心_春暉社區復健中心,其他
da6d5689-c8c5-43d9-b2b5-d3d46b57da13,活力滿分社區復健中心_活力滿分社區復健中心,其他
8d38c878-3a8d-4a44-b23b-1578607af9a9,美麗境界社區復健中心_美麗境界社區復健中心,其他
237a1c57-f945-43c7-a2ff-2972ebc2b65c,苑裡鎮公所_苑裡鎮公所,其他
7024df6a-b2f7-4642-a3af-b62ea9dc71eb,迦惠社區復健中心_迦惠社區復健中心,其他
c542304a-1fe3-4d9e-b97e-14e1fc152639,迦美社區復健中心_迦美社區復健中心,其他
b32493e2-2004-4f5e-b0f8-c6621c2c9550,香草山社區復健中心_香草山社區復健中心,其他
a41472dc-cec1-481f-bbfa-f70bf2cc1d3a,桃園市政府程瀧德._桃園市政府,其他
cde6a397-2cd5-4171-99b1-0ac6d0af2f3f,益華社區復健中心_益華社區復健中心,其他
76741c62-ac9a-4bd3-b1ba-26293f8bb88e,草鞋墩社區復健中心_草鞋墩社區復健中心,其他
1a9a56c2-38dc-45b2-a40f-e7916612cf83,高醫第二社區復健中心_高醫第二社區復健中心,其他
9459feac-bc57-4fc1-85db-5c51d4e721e1,高醫築夢安生社區復健中心_高醫築夢安生社區復健中心,其他
21944f92-ffb8-4946-a6cc-f38d66e908b6,高雄市小客車租賃同業公會_高雄市小客車租賃同業公會,其他
4f04bdba-5312-4bef-9088-b863ffc8646c,高雄市政府交通局_高雄市政府交通局,其他
a9a41f67-4fa6-4896-bb74-42b5d6351dec,高雄市政府人民團體科_高雄市政府人民團體科,其他
951dc118-6854-4ea0-9038-41b3435fc004,高雄市政府無障礙之家_高雄市政府無障礙之家,其他
09382e68-f6ed-41a7-842d-cf3b12fa1327,高雄市桃源區公所_高雄市桃源區公所,其他
908b088f-1956-4e2c-8d17-c547f4abd951,晨曦社區復健中心_晨曦社區復健中心,其他
f8180669-3095-4381-9328-99d9860fd54a,喜樂社區復健中心_喜樂社區復健中心,其他
485f0702-59d8-4db9-8b56-ee3e51ad86a6,湖日社區復健中心_湖日社區復健中心,其他
c352dafb-055c-49d9-8c0b-f19a943d1eff,華陀物理治療所_華陀物理治療所,其他
509eeb9a-4f72-44b8-8632-31230a6885ca,雲林復健青年_雲林復健青年,其他
f577162b-1864-4f26-b149-00edcc46b86d,雲林莿桐鄉公所_雲林莿桐鄉公所,其他
16d900fb-bc0a-4aad-bc86-212d46133ac6,新生社區復健中心_新生社區復健中心,其他
65b178e5-c905-4377-a891-57cf45ea8f7b,蜂巢社區復健中心_蜂巢社區復健中心,其他
ea021834-ae85-411c-b6ef-acdcfd159d2f,慷欣社區復健中心_慷欣社區復健中心,其他
e6c9dd90-dc6a-4e91-acad-c8804294d9dc,慶沅社區復健中心_慶沅社區復健中心,其他
f8ccfe4c-d172-4fff-b45b-059a67e55559,衛生福利部八里療養院附設中和社區復健中心_衛生福利部八里療養院附設中和社區復健中心,其他
a49adb02-f565-401a-a970-f99195219c8e,衛生福利部桃園療養院附設社區復健中心_衛生福利部桃園療養院附設社區復健中心,其他
77a26425-102a-4258-bb33-3cb1bd8c54c0,衛生福利部草屯療養院附設生活旗艦店社區復健中心_衛生福利部草屯療養院附設生活旗艦店社區復健中心,其他
902e1a65-c788-4d36-bef9-4059b176af3a,衛生福利部草屯療養院附設草屯復健中心_衛生福利部草屯療養院附設草屯復健中心,其他
5a8da1c5-082b-4f65-a06c-7474789d7d34,縣政府_桃園市政府,其他
0e6493c3-cb33-4b40-a585-454592d05f76,靜宜社區復健中心_靜宜社區復健中心,其他
b0356820-d3fc-4d6e-924a-6f3b000bf337,龍崎區公所_龍崎區公所,其他
2ddebc10-f6d8-4af4-af69-f6d8188d9163,馨田社區復健中心_馨田社區復健中心,其他
bf43df61-0c8a-474d-8675-080a5f4210d0,台南西港區公所_台南西港區公所,其他
2b82c40a-7652-4d3e-af67-3225529512cc,四湖鄉公所_四湖鄉公所,其他
b3fbb7fa-aeda-4e4e-94fd-d4b6c26dce35,成功鎮公所_成功鎮公所,其他
8fb66e96-0303-44d4-8c00-95760bfc3496,沙鹿區公所_沙鹿區公所,其他
1dfc0013-c73b-4fbd-b533-761237c9cc21,雲林四湖鄉公所_雲林四湖鄉公所,其他
cef4ede4-8010-48d2-8360-1592e42e3395,彰化康合復健_彰化康合復健,其他
5a68429d-4c86-4389-8451-e4a162342688,士林老人服務中心附設日間照顧_士林老人服務中心附設日間照顧,其他
872ea240-906c-4d92-8a7c-cef812780c04,不老坣台西日間照顧服務中心_不老坣台西日間照顧服務中心,其他
c7effcb4-df67-44aa-816f-181f647dc89c,中南客運_中南客運,其他
27d9f881-69ea-45eb-b281-b58881e11090,中壢客運_中壢客運,其他
dab0d549-109e-44ee-8c8e-002943495a5f,中山老人住宅暨服務中心_中山老人住宅暨服務中心,其他
97986659-e7aa-4a0d-8b93-32737d03235e,中鹿客運_中鹿客運,其他
5d7c4dc5-3f3d-4436-b599-f16a881b6807,仁友客運_仁友客運,其他
d840a440-7fa2-4f6e-a837-be4be8ceb325,太魯閣客運_太魯閣客運,其他
e1b9bd72-2f11-4eab-8624-c70a84d70605,心圓寶日間照顧服務中心_心圓寶日間照顧服務中心,其他
cf6e3dd3-6c54-4963-9120-a074fe9d4303,日安照顧服務中心_日安照顧服務中心,其他
efc4f591-542a-4d0c-b658-af4388f657af,日統客運_日統客運,其他
0b299308-a5a2-41bd-a004-f44406c14f89,台中南區福平里辦公處_台中南區福平里辦公處,其他
21eadc50-0e84-422c-9ab9-aacded8f7149,台中客運_台中客運龍井,其他
1a35dd7a-357e-42ff-9a35-a7a3db687f21,台中客運高鐵站_台中客運高鐵站,其他
7d658890-e13d-4559-8822-92a9d3f1bf39,台北客運_中華站,其他
dea7c3b0-870c-4831-8ec5-4e48fdc09eb2,台聯客運_台聯客運,其他
5ee0d530-4a7e-4a6f-924f-f96383eed839,台西客運_台西客運,其他
3baaa503-4f19-4a01-aee7-83b9ec0370de,台西客運_台西客運,其他
a6345e2d-6316-4630-95bd-e9e4403a9cbd,全航客運_全航客運,其他
0b9554d4-7749-44f2-b268-398b568a55eb,全豪小客車租賃_全豪,其他
5c31ba71-d5ad-4024-9861-56529a71579b,西大墩社區老人照顧服務中心_西大墩社區老人照顧服務中心,其他
b02f8390-d5b8-4ce1-b634-c24ec2f6ae04,西方日間照顧服務中心_西方日間照顧服務中心,其他
538aa1cd-0af4-4a79-8242-7bf226253aad,林佳計程車客運._林佳計程車,其他
162e1ee3-a984-425c-a6d6-33c61df02e59,信義老人服務中心附設日間照顧_信義老人服務中心附設日間照顧,其他
15b5f3ef-26d8-4c6a-a993-7d44798e1e3d,南投國光客運_南投國光客運,其他
2386e76a-df90-445b-8e49-4bcf0b9310ca,南港老人服務中心附設日間照顧_南港老人服務中心附設日間照顧,其他
2ac7433f-9565-45f9-9920-3be5598db5ef,首督客運蘆洲廠辦_首督客運蘆洲廠辦,其他
5274980f-278b-4b53-ac93-e4b522403571,首都客運_首度客運,其他
3c5c947a-02d2-4442-a467-3c7dec4756af,首都客運_首都五結羅東站,其他
83cb795e-36cc-488b-9683-c8de245f40d3,首都客運_首都客運,其他
3168a85a-e225-437f-85bb-aa29485afb6d,首都客運_首都客運羅東站,其他
c0b8d50e-d325-42a6-805b-850cb578fc20,首都客運僑中站_首都僑中站,其他
b25bf8b9-16c8-45cc-8679-2754b90ab63d,首都客運碧砂魚港_首都客運,其他
a228f94b-526f-4a98-bfa1-59ffa914579a,首都客運羅東站_首都客運羅東站,其他
765f9a33-c718-4edf-90ba-0b634773e828,高雄國光客運_高雄國光客運,其他
18f8d8cd-4c2f-4757-b029-3d79051b3b52,高雄客運_高客,其他
6d50aac1-eb70-44f8-b920-f98d080afe88,高雄市長青服務中心日照中心_高雄市長青服務中心日照中心,其他
cb489675-5c18-40ae-baa8-52c455a2617e,國光客運羅東站_國光客運羅東站,其他
af2d8891-6920-46e3-a96b-6a0cee0078f1,博愛小客車租賃_博愛小客車租賃,其他
f1f802db-eaa4-4aab-9eb5-3d6d5209727e,惠華日間照顧服務中心_惠華日間照顧服務中心,其他
b6a65900-e32f-4eef-8888-3f32b1655784,港都客運_港都客運,其他
c150504d-f05c-4573-ac1c-b30eacb5718a,貴族老人長期照護中心_貴族老人長期照護中心,其他
d7ec641c-53c4-4745-9b35-f378a8afb624,順風小客車租賃_順風小客車租賃,其他
b38f32c4-4ba2-489e-bb8e-a3cbc49bb4f7,新北市土城區清化里辦公處_新北市土城區清化里辦公處,其他
7d8abf6f-8f41-4b71-843d-462cc7b49872,新北市土城區祖田里辦公處_新北市土城區祖田里辦公處,其他
9f0ae317-5c61-449d-8a8c-7188611287d5,新竹縣湖口老人會_新竹縣湖口老人會,其他
e90d6d32-a932-4504-9507-7d191ae4d472,群倫日照三民服務中心_群倫日照三民服務中心,其他
26ad7593-6e65-4a41-8683-42d8b3381294,鼎東(東台灣)客運_鼎東,其他
38f22694-0fb9-4a45-8585-11ff492e342b,彰化客運_駿豐,其他
a08ec64c-b752-4c5e-acf5-42238d6c5b6f,彰化縣二林鎮梅芳里辦公處_彰化縣二林鎮梅芳里辦公處,其他
fcb7829d-bdd0-4ac6-adf8-284d61a96c74,彰化縣二林鎮萬興里辦公處_彰化縣二林鎮萬興里辦公處,其他
82f7277a-ec62-4be6-a0b3-218cd5655352,彰化縣溪湖鎮西勢里辦公處_彰化縣溪湖鎮西勢里辦公處,其他
7f9f8de0-6c62-4f31-a695-4c2c68e3b209,臺北市士林區富洲里辦公處_臺北市士林區富洲里辦公處,其他
bb4afd80-5ef2-4a33-a68a-b9276515d8e0,臺南市新營區三仙里辦公處_臺南市新營區三仙里辦公處,其他
6d90db59-7103-4eb0-a95d-d95ac27064ab,臺南市新營區姑爺里辦公處_臺南市新營區姑爺里辦公處,其他
807a04e8-8c24-4cdb-91fd-7763ec7a2c67,臺南市新營區新東里辦公處_臺南市新營區新東里辦公處,其他
935d19b9-3e65-45e4-9c18-d4ad8d17ae9c,臺南市麻豆區油車里辦公處_臺南市麻豆區油車里辦公處,其他
0d913207-2175-425b-a13a-caa1eb128b05,樂格適小客車租賃_樂格適小客車租賃,其他
161c00d3-a891-4eea-82a5-a562d8097e6d,龍山老人服務中心附設日間照顧_龍山老人服務中心附設日間照顧,其他
e026aa27-9d0a-4a66-945b-827042f6fc94,鹽行客運站_統聯和欣,其他
00e0cab4-aba4-43c3-a77e-2b3c6349cdfd,大都會客運-蘇澳站_大都會客運-蘇澳站,其他
b91efa80-82fd-4517-b37e-fe73ff3e35d5,不老坣東勢日間照顧服務中心_不老坣東勢日間照顧服務中心,其他
e1c92b69-666f-4f3c-b3c4-1a2245007b13,台南和欣客運_台南和欣客運,其他
ad921533-19fc-43a7-b8dd-b5af593a5551,京華小客車租賃_京華小客車租賃,其他
a51b6d37-ece6-458a-a02b-c7fd8e08252d,屏東國光客運_屏東國光客運,其他
b7789505-4576-4370-9aa8-3ebdb292a321,屏東客運-維修廠_屏東客運-維修廠,其他
4f8a8a9f-62fb-4fd9-820c-036383346930,高雄客運-鳳山維修廠_高雄客運-鳳山維修廠,其他
26ab1893-3c32-4493-9ef9-43cec8bcc3dd,國光客運-中壢_國光客運-中壢,其他
1a6f644a-5aff-4c74-b57b-f9879f27537e,國光客運-羅東_國光客運-羅東,其他
7024a649-8dc2-46f2-bb27-162ee9f63ae3,彰化縣身心障礙福利服務中心_彰化縣身心障礙福利服務中心,其他
f4d123b3-297e-443f-bda6-68324e534ede,又新康復之家_又新康復之家,其他
59ed7d4b-4597-4da4-82ea-d1e19df6321e,大同康復之家_大同康復之家,其他
8f8597e3-5fcd-47f7-97e3-4ea654d5050b,大和康復之家_大和康復之家,其他
a532a0fa-fd8c-4df3-8c1c-0869c778e3c3,大忠耳鼻喉科_大忠耳鼻喉科,其他
4cebec6c-193a-45d1-89ca-6c7a6521d819,山水居康復之家_山水居康復之家,其他
2489c762-b816-4b61-bd25-09daf80b6300,中和欣禾洗腎中心_中和欣禾洗腎中心,其他
e5f1ff9f-ea41-4e88-ac1e-b7010ae7c1d2,元氣康復之家_元氣康復之家,其他
c05e449a-4674-4596-92d7-5259ed3067a2,心元康復之家_心元康復之家,其他
8bdbc049-9ef1-4661-a7f0-668fe5d42eee,心園康復之家_心園康復之家,其他
89a53286-b597-452f-8035-e9befac43ddf,心心康復之家_心心康復之家,其他
b3979abb-0304-4c56-85d1-c10b0858991c,台南市私立安和康復之家_台南市私立安和康復之家,其他
5ee3cf36-4599-47bc-84f9-58f4f0684e3e,永全康復之家_永全康復之家,其他
0782870e-2990-46d5-86f1-a325be7ba30b,永吉康復之家_永吉康復之家,其他
1ec17565-e885-4c4f-afb8-f170dfb61a42,立恩康復之家_立恩康復之家,其他
b829002e-c8e6-4d7d-b9e2-22cac1e80953,光宏康復之家_光宏康復之家,其他
f28031a9-9275-4c83-82fc-ea4013af2133,全民康復之家_全民康復之家,其他
e4aadc2b-77b8-4bb5-b2e3-8b2db490f026,向日葵康復之家_向日葵康復之家,其他
bc549494-8f0b-4934-96e4-20d8ce15f3da,合安洗腎中心_合安洗腎中心,其他
f3d3a02a-8712-4aef-9f3b-a31dbffaaafa,如中康復之家_如中康復之家,其他
d6079b05-8516-4525-9f74-047fcccfed01,如佳康復之家_如佳康復之家,其他
67abb993-e1ff-4715-b179-af2e3187694e,旭祐康復之家_旭祐康復之家,其他
30451161-485c-4b7a-99f1-a85b6b1772fb,自立康復之家_自立康復之家,其他
65f292f5-a51f-435d-b3c5-8c1f03625dd1,宏苑康復之家_宏苑康復之家,其他
10dfcf02-b196-4bcf-a0fb-7bdb9439c273,李采霓中醫_李采霓中醫,其他
73942240-2a5c-413b-8153-2c90636c3163,私立中和康復之家_私立中和康復之家,其他
9ced4f99-cf34-4ffa-ade4-f9a3b698f757,私立中華康復之家_私立中華康復之家,其他
600cf97f-b62f-4219-9754-006cde1611f0,私立五股康復之家_私立五股康復之家,其他
886357d5-7593-43a7-a24f-1e4edcc38e8d,私立佳安康復之家_私立佳安康復之家,其他
11e7decd-53a5-4562-b574-fb6a3fe5d01e,私立佳樺康復之家_私立佳樺康復之家,其他
b311610c-e6ab-4b39-bf1f-00caea30ca41,私立佳瑩康復之家_私立佳瑩康復之家,其他
cc66db31-918b-45ba-83bb-8af00fba33b4,私立修德康復之家_私立修德康復之家,其他
9eb9dd9b-9155-4a97-ae73-24e898bc9f8d,私立內湖康復之家_私立內湖康復之家,其他
39d6a021-bebc-4e0b-970d-8d478e515163,私立全人康復之家_私立全人康復之家,其他
2bb30647-478e-4907-b636-89a9618ce72c,私立全安康復之家_私立全安康復之家,其他
c887662a-3c40-42b2-80d0-d7f6ef610df0,私立勝安康復之家_私立勝安康復之家,其他
69c09b78-3ce4-434f-bb60-6a50be9bca80,私立協和康復之家_私立協和康復之家,其他
a7d1b8fc-acda-4e2c-8919-c69fa57b9b13,私立南海康復之家_私立南海康復之家,其他
7f2dc06b-9263-4fc8-8446-274468511fa3,私立南港康復之家_私立南港康復之家,其他
7f55481c-e311-4616-8a07-e5fb490100c7,私立双連康復之家_私立双連康復之家,其他
e4440326-aabc-47f5-89f0-d903a3ec719e,私立吉田康復之家_私立吉田康復之家,其他
eb1ddf88-af7b-440a-b8f5-65fb32d0337b,私立員山康復之家_私立員山康復之家,其他
b6b63ccf-b28a-44b5-bbd2-7133ca5c3d9e,私立員山康復之家_私立員山康復之家,其他
9dcaa8e1-4bca-4677-b1b5-d84b0fa9d6b1,私立嘉仁康復之家_私立嘉仁康復之家,其他
f8410832-f886-451b-ad77-e21b54b1eebb,私立圓心康復之家_私立圓心康復之家,其他
27a69ec0-87ed-4068-8276-3fe2a9965eeb,私立均德康復之家_私立均德康復之家,其他
9852056c-acbe-4d96-9743-2dc1ddbb7191,私立均怡康復之家_私立均怡康復之家,其他
9b76e70e-6561-4090-b803-135237a95cb8,私立奇岩康復之家_私立奇岩康復之家,其他
d0a0cab6-3069-4230-947d-2e7373bfe008,私立如意康復之家_私立如意康復之家,其他
bbf13719-6ec1-4d50-ab40-2620700936bd,私立安如康復之家_私立安如康復之家,其他
522de772-0e71-4108-9a45-abc7e333fbf9,私立安溪康復之家_私立安溪康復之家,其他
ebf8b4d3-429d-4c0f-a387-54ca882d230f,私立崇生康復之家_私立崇生康復之家,其他
360904be-c8e3-4dca-8fd1-8b62ae4d5021,私立平安康復之家_私立平安康復之家,其他
20e8c952-0da8-4de1-a867-4b3125b41db6,私立康怡康復之家_私立康怡康復之家,其他
9d3ecf7d-0d09-46d1-b17f-44e4c582d3f5,私立廣福居康復之家_私立廣福居康復之家,其他
a20dbe32-4641-4e80-a40d-559aac28c765,私立弘光康復之家_私立弘光康復之家,其他
50af53a3-e6b2-4519-a63a-c0f4aa985722,私立德安康復之家_私立德安康復之家,其他
ff3c4cdf-1682-4a33-8dd1-b9a4f3e257c5,私立德瑞康復之家_私立德瑞康復之家,其他
afaaebf4-77f2-4891-80b5-90ee20f8677b,私立心閤康復之家_私立心閤康復之家,其他
bd8642eb-6ba5-43ed-905d-b0516d4f1cea,私立恩哲康復之家_私立恩哲康復之家,其他
6877e93b-ccdb-4947-960e-36a358d5aef6,私立慈誠康復之家_私立慈誠康復之家,其他
b4d6309f-9731-4d57-b415-8bde0d161cdc,私立承安康復之家_私立承安康復之家,其他
e8a0fc3f-304e-499c-b0a7-78f7a55f4040,私立承宏康復之家_私立承宏康復之家,其他
48806596-80c0-4147-b673-13ddfa3ba7ec,私立文德康復之家_私立文德康復之家,其他
454f625d-657f-4e25-b36a-5dd2302c30a7,私立新店怡園康復之家_私立新店怡園康復之家,其他
c0a6abcf-1026-453b-a439-4b90ae8c3431,私立木柵康復之家_私立木柵康復之家,其他
8fedb293-b8a7-4fba-9bcd-dfc5f0f2db14,私立杏和康復之家_私立杏和康復之家,其他
0e357b76-5501-4f0f-b650-293149421730,私立永丞康復之家_私立永丞康復之家,其他
5117d9ef-1f1d-446c-9e9c-4b1b2cb7ea0f,私立永享康復之家_私立永享康復之家,其他
e3bde8a8-b149-40b0-8069-717078e79f97,私立永芯康復之家_私立永芯康復之家,其他
189d91e6-2504-407c-8fab-c969befebb0d,私立永青康復之家_私立永青康復之家,其他
435469bb-9951-44ab-a5a9-323912583168,私立汐止康復之家_私立汐止康復之家,其他
dad7493d-c890-46a1-85bc-8397fcae1fc4,私立涵宇康復之家_私立涵宇康復之家,其他
3bb1594b-5ca5-4a15-8923-93dd9380b5b3,私立源芃康復之家_私立源芃康復之家,其他
3c9514ce-7673-4bda-80cd-7e6fe6b7659c,私立演慈康復之家_私立演慈康復之家,其他
df4c20ca-85f5-447c-ab91-22194124c23e,私立濟安康復之家_私立濟安康復之家,其他
a6c449d2-4eab-4f46-b071-840b2d3fe7fe,私立瑞安康復之家_私立瑞安康復之家,其他
33632e1d-08eb-4e33-aa33-0fc2d823506a,私立禾康康復之家_私立禾康康復之家,其他
b2f0585d-f557-4e14-9c55-d208965799ea,私立竹安康復之家_私立竹安康復之家,其他
755cc98f-af21-4066-9cd5-2182d39c2d45,私立良居康復之家_私立良居康復之家,其他
9f97a8f7-04bf-4c84-ae02-7ead73548608,私立詠康康復之家_私立詠康康復之家,其他
ba3dd13b-d089-46f9-9550-be9e26c69c9a,私立采虹康復之家_私立采虹康復之家,其他
69077733-09ae-4f2e-9b08-8ff09ecee88a,私立長安康復之家_私立長安康復之家,其他
168d1130-c915-479a-a264-cd37a55b8978,私立長德康復之家_私立長德康復之家,其他
edfc4ba3-b965-42e8-be65-706f2953d6d5,私立長育康復之家_私立長育康復之家,其他
7c92f8e8-0fc9-4233-99dc-33d85965e1ee,私立青松康復之家_私立青松康復之家,其他
4c7b516a-a0c2-48fc-9096-c479daf16db3,私立鹽光康復之家_私立鹽光康復之家,其他
cd81ebd6-a6d7-4305-9fbe-951fe29ccee9,亞葵小鎮康復之家_亞葵小鎮康復之家,其他
9395d4a1-25d5-4dbf-b358-508a44d558ad,佳園康復之家_佳園康復之家,其他
301c51a8-e78b-46b3-8bc0-19de3e27743a,佳立健康復之家_佳立健康復之家,其他
55ba4b3a-4d7f-4f81-a750-5ef9b890faef,尚安康復之家_尚安康復之家,其他
51a263bc-4bc8-4d0f-9d25-c59a51985c59,怡欣康復之家_怡欣康復之家,其他
c107cb45-1a7f-402e-bb9c-2ce327c4f13a,東涵康復之家_東涵康復之家,其他
40dabd8c-6216-4ab1-982c-6e29c8ccc240,林緣康復之家_林緣康復之家,其他
884c2c84-c722-42bf-8d89-195d0b9a6961,花蓮縣牛根草社區發展促進會_花蓮縣牛根草社區發展促進會,其他
1df9e18d-da87-4676-abf4-c2dc291ae342,花蓮縣脊髓損傷福利協進會_花蓮縣脊髓損傷福利協進會,其他
f725f3f2-8ea2-4fa1-9acb-7d6395c7f1b8,南投迦南康復之家_南投迦南康復之家,其他
a31cabf3-d680-4788-a35b-419dcbaa9d02,故鄉康復之家_故鄉康復之家,其他
469c5376-b4a0-42fa-bdbc-93da172bcb48,柏拉圖康復之家_柏拉圖康復之家,其他
25099270-89a9-4b91-8d92-d78800a03aeb,皇泰洗腎中心_皇泰洗腎中心,其他
075d078c-7dae-4be4-b00e-0cc28dc31e19,迦南康復之家_迦南康復之家,其他
8839eebb-491d-442d-bc0b-94fea140051f,宸荃康復之家_宸荃康復之家,其他
936f5c5c-790d-4bdc-9339-a936c60500d5,桃園縣私立怡安康復之家_桃園縣私立怡安康復之家,其他
ba23b6c6-4a3a-492b-9722-1656d8c82a92,桃園縣私立龍潭康復之家_桃園縣私立龍潭康復之家,其他
bd8ae3ac-4a1a-4bc7-b163-6fddffe11ef3,祐成康復之家_祐成康復之家,其他
5b3c771b-1adb-4557-b097-8cd497d5b947,荃閤康復之家_荃閤康復之家,其他
0d943479-a434-43a6-8b8f-efcb60b4e861,唯仁康復之家_唯仁康復之家,其他
5a070ec3-5110-4a5f-99d5-7017c1bf8c30,唯心康復之家_唯心康復之家,其他
255c9567-6ea4-4abb-91b1-7f31ba2c692f,康新康復之家_康新康復之家,其他
dff83126-21e2-438d-99ee-8063d3847bfa,淨心康復之家_淨心康復之家,其他
9c2a8991-b245-4d9e-9d29-e65e9b36fd20,敦仁康復之家_敦仁康復之家,其他
a2a03f7d-8083-452c-a1e7-247c78140931,晴光康復之家_晴光康復之家,其他
74a293bf-d26e-484b-82cc-e19a31a1cfce,紫竹林康復之家_紫竹林康復之家,其他
9359389b-01a9-42ea-bba4-15a216381a5c,陽光康復之家_陽光康復之家,其他
b4ae5e39-0293-49ce-9f0e-9187a0446417,微笑家園康復之家_微笑家園康復之家,其他
6bac153e-bccd-463b-86ed-28eedc2abff5,暘基康復之家_暘基康復之家,其他
ffe58ffd-a911-4255-8187-4a6ab2f26975,瑞恩康復之家_瑞恩康復之家,其他
31c5b1cf-0cdc-4601-a3b1-4e13ed32c79f,群力康復之家_群力康復之家,其他
52c66ed0-b912-4555-a91c-ebc773c47f80,彰化縣忎本快樂協進會_彰化縣忎本快樂協進會,其他
7edd8e9f-528c-45cc-9eaa-51004b92fd65,彰化肢體傷殘協進會_彰化肢體傷殘協進會,其他
8eb09608-6d2f-45f8-ae11-25e5c3207343,蓮心康復之家_蓮心康復之家,其他
60c00d6a-bb7d-477e-b33a-1867dbcfd329,衛生福利部八里療養院附設八里康復之家_衛生福利部八里療養院附設八里康復之家,其他
aff39a40-c8e2-44af-a76b-f721569331a8,衛生福利部八里療養院附設第二所康復之家_衛生福利部八里療養院附設第二所康復之家,其他
d49d0cc6-da4f-48ae-b19e-e62ea7833595,衛生福利部嘉南療養院附設樂禾康復之家_衛生福利部嘉南療養院附設樂禾康復之家,其他
9b70d4ee-b5a3-49e5-bd8f-f142834614aa,衛生福利部桃園療養院附設康復之家_衛生福利部桃園療養院附設康復之家,其他
b02f9f2c-354f-4111-bf4f-d00276355964,衛生福利部草屯療養院附設易居康復之家_衛生福利部草屯療養院附設易居康復之家,其他
c659c624-f2bc-480c-a80d-d1ca6146c7ca,興豐洗腎中心_興豐洗腎中心,其他
30b4821b-d64b-4e96-baaa-659dd418ec70,靜安康復之家_靜安康復之家,其他
2e5f8043-e978-47e1-aa1f-9f7b8e293d2d,靜心康復之家_靜心康復之家,其他
3d9e078d-b9b6-46ca-b7c6-6f8ea4d4f29b,龍華康復之家_龍華康復之家,其他
a10799ac-5b94-4628-96f9-ad85442c4295,鴻安康復之家_鴻安康復之家,其他
a530df17-ec8e-4ffa-bbd7-21122a4694c1,護祐康復之家_護祐康復之家,其他
872b00bd-b5b6-4f86-a870-70bc4f9f5dc4,湳雅康復之家_湳雅康復之家,其他
09d73a67-631d-4c39-90a1-d7e0d9368371,宜蘭縣社區照顧促進會_宜蘭縣社區照顧促進會,其他
b0a35e3c-b317-4be5-a768-374ced3f6ca6,測試機構-更新,其他
